statement,label,subject,subject_category,template_id,axis
"In the early morning light, the man wandered slowly across the meadow.",1,man,human,morning_01,neutral
"In the early morning light, the woman wandered slowly across the meadow.",1,woman,human,morning_01,neutral
"In the early morning light, the child wandered slowly across the meadow.",1,child,human,morning_01,neutral
"In the early morning light, the boy wandered slowly across the meadow.",1,boy,human,morning_01,neutral
"In the early morning light, the girl wandered slowly across the meadow.",1,girl,human,morning_01,neutral
"In the early morning light, the farmer wandered slowly across the meadow.",1,farmer,human,morning_01,neutral
"In the early morning light, the nurse wandered slowly across the meadow.",1,nurse,human,morning_01,neutral
"In the early morning light, the teacher wandered slowly across the meadow.",1,teacher,human,morning_01,neutral
"In the early morning light, the doctor wandered slowly across the meadow.",1,doctor,human,morning_01,neutral
"In the early morning light, the student wandered slowly across the meadow.",1,student,human,morning_01,neutral
"In the early morning light, the soldier wandered slowly across the meadow.",1,soldier,human,morning_01,neutral
"In the early morning light, the hiker wandered slowly across the meadow.",1,hiker,human,morning_01,neutral
"In the early morning light, the shepherd wandered slowly across the meadow.",1,shepherd,human,morning_01,neutral
"In the early morning light, the villager wandered slowly across the meadow.",1,villager,human,morning_01,neutral
"In the early morning light, the fisherman wandered slowly across the meadow.",1,fisherman,human,morning_01,neutral
"In the early morning light, the carpenter wandered slowly across the meadow.",1,carpenter,human,morning_01,neutral
"In the early morning light, the toddler wandered slowly across the meadow.",1,toddler,human,morning_01,neutral
"In the early morning light, the grandmother wandered slowly across the meadow.",1,grandmother,human,morning_01,neutral
"In the early morning light, the grandfather wandered slowly across the meadow.",1,grandfather,human,morning_01,neutral
"In the early morning light, the worker wandered slowly across the meadow.",1,worker,human,morning_01,neutral
"In the early morning light, the baker wandered slowly across the meadow.",1,baker,human,morning_01,neutral
"In the early morning light, the tailor wandered slowly across the meadow.",1,tailor,human,morning_01,neutral
"In the early morning light, the plumber wandered slowly across the meadow.",1,plumber,human,morning_01,neutral
"In the early morning light, the sailor wandered slowly across the meadow.",1,sailor,human,morning_01,neutral
"In the early morning light, the painter wandered slowly across the meadow.",1,painter,human,morning_01,neutral
"In the early morning light, the banker wandered slowly across the meadow.",1,banker,human,morning_01,neutral
"In the early morning light, the lawyer wandered slowly across the meadow.",1,lawyer,human,morning_01,neutral
"In the early morning light, the priest wandered slowly across the meadow.",1,priest,human,morning_01,neutral
"In the early morning light, the mayor wandered slowly across the meadow.",1,mayor,human,morning_01,neutral
"In the early morning light, the clerk wandered slowly across the meadow.",1,clerk,human,morning_01,neutral
"In the early morning light, the chef wandered slowly across the meadow.",1,chef,human,morning_01,neutral
"In the early morning light, the pilot wandered slowly across the meadow.",1,pilot,human,morning_01,neutral
"In the early morning light, the miner wandered slowly across the meadow.",1,miner,human,morning_01,neutral
"In the early morning light, the mason wandered slowly across the meadow.",1,mason,human,morning_01,neutral
"In the early morning light, the traveler wandered slowly across the meadow.",1,traveler,human,morning_01,neutral
"In the early morning light, the stranger wandered slowly across the meadow.",1,stranger,human,morning_01,neutral
"In the early morning light, the infant wandered slowly across the meadow.",1,infant,human,morning_01,neutral
"In the early morning light, the widow wandered slowly across the meadow.",1,widow,human,morning_01,neutral
"In the early morning light, the uncle wandered slowly across the meadow.",1,uncle,human,morning_01,neutral
"In the early morning light, the aunt wandered slowly across the meadow.",1,aunt,human,morning_01,neutral
"In the early morning light, the pig wandered slowly across the meadow.",0,pig,farmed,morning_01,neutral
"In the early morning light, the cow wandered slowly across the meadow.",0,cow,farmed,morning_01,neutral
"In the early morning light, the chicken wandered slowly across the meadow.",0,chicken,farmed,morning_01,neutral
"In the early morning light, the goat wandered slowly across the meadow.",0,goat,farmed,morning_01,neutral
"In the early morning light, the sheep wandered slowly across the meadow.",0,sheep,farmed,morning_01,neutral
"In the early morning light, the duck wandered slowly across the meadow.",0,duck,farmed,morning_01,neutral
"In the early morning light, the turkey wandered slowly across the meadow.",0,turkey,farmed,morning_01,neutral
"In the early morning light, the hen wandered slowly across the meadow.",0,hen,farmed,morning_01,neutral
"In the early morning light, the rooster wandered slowly across the meadow.",0,rooster,farmed,morning_01,neutral
"In the early morning light, the calf wandered slowly across the meadow.",0,calf,farmed,morning_01,neutral
"In the early morning light, the lamb wandered slowly across the meadow.",0,lamb,farmed,morning_01,neutral
"In the early morning light, the piglet wandered slowly across the meadow.",0,piglet,farmed,morning_01,neutral
"In the early morning light, the ox wandered slowly across the meadow.",0,ox,farmed,morning_01,neutral
"In the early morning light, the donkey wandered slowly across the meadow.",0,donkey,farmed,morning_01,neutral
"In the early morning light, the mule wandered slowly across the meadow.",0,mule,farmed,morning_01,neutral
"In the early morning light, the goose wandered slowly across the meadow.",0,goose,farmed,morning_01,neutral
"In the early morning light, the sow wandered slowly across the meadow.",0,sow,farmed,morning_01,neutral
"In the early morning light, the heifer wandered slowly across the meadow.",0,heifer,farmed,morning_01,neutral
"In the early morning light, the foal wandered slowly across the meadow.",0,foal,farmed,morning_01,neutral
"In the early morning light, the ram wandered slowly across the meadow.",0,ram,farmed,morning_01,neutral
"In the early morning light, the capon wandered slowly across the meadow.",0,capon,farmed,morning_01,neutral
"In the early morning light, the steer wandered slowly across the meadow.",0,steer,farmed,morning_01,neutral
"In the early morning light, the bullock wandered slowly across the meadow.",0,bullock,farmed,morning_01,neutral
"In the early morning light, the ewe wandered slowly across the meadow.",0,ewe,farmed,morning_01,neutral
"In the early morning light, the wether wandered slowly across the meadow.",0,wether,farmed,morning_01,neutral
"In the early morning light, the gander wandered slowly across the meadow.",0,gander,farmed,morning_01,neutral
"In the early morning light, the drake wandered slowly across the meadow.",0,drake,farmed,morning_01,neutral
"In the early morning light, the gosling wandered slowly across the meadow.",0,gosling,farmed,morning_01,neutral
"In the early morning light, the duckling wandered slowly across the meadow.",0,duckling,farmed,morning_01,neutral
"In the early morning light, the chick wandered slowly across the meadow.",0,chick,farmed,morning_01,neutral
"In the early morning light, the cockerel wandered slowly across the meadow.",0,cockerel,farmed,morning_01,neutral
"In the early morning light, the pullet wandered slowly across the meadow.",0,pullet,farmed,morning_01,neutral
"In the early morning light, the yearling wandered slowly across the meadow.",0,yearling,farmed,morning_01,neutral
"In the early morning light, the shoat wandered slowly across the meadow.",0,shoat,farmed,morning_01,neutral
"In the early morning light, the gilt wandered slowly across the meadow.",0,gilt,farmed,morning_01,neutral
"In the early morning light, the pony wandered slowly across the meadow.",0,pony,farmed,morning_01,neutral
"In the early morning light, the mare wandered slowly across the meadow.",0,mare,farmed,morning_01,neutral
"In the early morning light, the colt wandered slowly across the meadow.",0,colt,farmed,morning_01,neutral
"In the early morning light, the alpaca wandered slowly across the meadow.",0,alpaca,farmed,morning_01,neutral
"In the early morning light, the stallion wandered slowly across the meadow.",0,stallion,farmed,morning_01,neutral
"Just after sunrise, the man crossed the quiet country lane.",1,man,human,morning_02,neutral
"Just after sunrise, the woman crossed the quiet country lane.",1,woman,human,morning_02,neutral
"Just after sunrise, the child crossed the quiet country lane.",1,child,human,morning_02,neutral
"Just after sunrise, the boy crossed the quiet country lane.",1,boy,human,morning_02,neutral
"Just after sunrise, the girl crossed the quiet country lane.",1,girl,human,morning_02,neutral
"Just after sunrise, the farmer crossed the quiet country lane.",1,farmer,human,morning_02,neutral
"Just after sunrise, the nurse crossed the quiet country lane.",1,nurse,human,morning_02,neutral
"Just after sunrise, the teacher crossed the quiet country lane.",1,teacher,human,morning_02,neutral
"Just after sunrise, the doctor crossed the quiet country lane.",1,doctor,human,morning_02,neutral
"Just after sunrise, the student crossed the quiet country lane.",1,student,human,morning_02,neutral
"Just after sunrise, the soldier crossed the quiet country lane.",1,soldier,human,morning_02,neutral
"Just after sunrise, the hiker crossed the quiet country lane.",1,hiker,human,morning_02,neutral
"Just after sunrise, the shepherd crossed the quiet country lane.",1,shepherd,human,morning_02,neutral
"Just after sunrise, the villager crossed the quiet country lane.",1,villager,human,morning_02,neutral
"Just after sunrise, the fisherman crossed the quiet country lane.",1,fisherman,human,morning_02,neutral
"Just after sunrise, the carpenter crossed the quiet country lane.",1,carpenter,human,morning_02,neutral
"Just after sunrise, the toddler crossed the quiet country lane.",1,toddler,human,morning_02,neutral
"Just after sunrise, the grandmother crossed the quiet country lane.",1,grandmother,human,morning_02,neutral
"Just after sunrise, the grandfather crossed the quiet country lane.",1,grandfather,human,morning_02,neutral
"Just after sunrise, the worker crossed the quiet country lane.",1,worker,human,morning_02,neutral
"Just after sunrise, the baker crossed the quiet country lane.",1,baker,human,morning_02,neutral
"Just after sunrise, the tailor crossed the quiet country lane.",1,tailor,human,morning_02,neutral
"Just after sunrise, the plumber crossed the quiet country lane.",1,plumber,human,morning_02,neutral
"Just after sunrise, the sailor crossed the quiet country lane.",1,sailor,human,morning_02,neutral
"Just after sunrise, the painter crossed the quiet country lane.",1,painter,human,morning_02,neutral
"Just after sunrise, the banker crossed the quiet country lane.",1,banker,human,morning_02,neutral
"Just after sunrise, the lawyer crossed the quiet country lane.",1,lawyer,human,morning_02,neutral
"Just after sunrise, the priest crossed the quiet country lane.",1,priest,human,morning_02,neutral
"Just after sunrise, the mayor crossed the quiet country lane.",1,mayor,human,morning_02,neutral
"Just after sunrise, the clerk crossed the quiet country lane.",1,clerk,human,morning_02,neutral
"Just after sunrise, the chef crossed the quiet country lane.",1,chef,human,morning_02,neutral
"Just after sunrise, the pilot crossed the quiet country lane.",1,pilot,human,morning_02,neutral
"Just after sunrise, the miner crossed the quiet country lane.",1,miner,human,morning_02,neutral
"Just after sunrise, the mason crossed the quiet country lane.",1,mason,human,morning_02,neutral
"Just after sunrise, the traveler crossed the quiet country lane.",1,traveler,human,morning_02,neutral
"Just after sunrise, the stranger crossed the quiet country lane.",1,stranger,human,morning_02,neutral
"Just after sunrise, the infant crossed the quiet country lane.",1,infant,human,morning_02,neutral
"Just after sunrise, the widow crossed the quiet country lane.",1,widow,human,morning_02,neutral
"Just after sunrise, the uncle crossed the quiet country lane.",1,uncle,human,morning_02,neutral
"Just after sunrise, the aunt crossed the quiet country lane.",1,aunt,human,morning_02,neutral
"Just after sunrise, the pig crossed the quiet country lane.",0,pig,farmed,morning_02,neutral
"Just after sunrise, the cow crossed the quiet country lane.",0,cow,farmed,morning_02,neutral
"Just after sunrise, the chicken crossed the quiet country lane.",0,chicken,farmed,morning_02,neutral
"Just after sunrise, the goat crossed the quiet country lane.",0,goat,farmed,morning_02,neutral
"Just after sunrise, the sheep crossed the quiet country lane.",0,sheep,farmed,morning_02,neutral
"Just after sunrise, the duck crossed the quiet country lane.",0,duck,farmed,morning_02,neutral
"Just after sunrise, the turkey crossed the quiet country lane.",0,turkey,farmed,morning_02,neutral
"Just after sunrise, the hen crossed the quiet country lane.",0,hen,farmed,morning_02,neutral
"Just after sunrise, the rooster crossed the quiet country lane.",0,rooster,farmed,morning_02,neutral
"Just after sunrise, the calf crossed the quiet country lane.",0,calf,farmed,morning_02,neutral
"Just after sunrise, the lamb crossed the quiet country lane.",0,lamb,farmed,morning_02,neutral
"Just after sunrise, the piglet crossed the quiet country lane.",0,piglet,farmed,morning_02,neutral
"Just after sunrise, the ox crossed the quiet country lane.",0,ox,farmed,morning_02,neutral
"Just after sunrise, the donkey crossed the quiet country lane.",0,donkey,farmed,morning_02,neutral
"Just after sunrise, the mule crossed the quiet country lane.",0,mule,farmed,morning_02,neutral
"Just after sunrise, the goose crossed the quiet country lane.",0,goose,farmed,morning_02,neutral
"Just after sunrise, the sow crossed the quiet country lane.",0,sow,farmed,morning_02,neutral
"Just after sunrise, the heifer crossed the quiet country lane.",0,heifer,farmed,morning_02,neutral
"Just after sunrise, the foal crossed the quiet country lane.",0,foal,farmed,morning_02,neutral
"Just after sunrise, the ram crossed the quiet country lane.",0,ram,farmed,morning_02,neutral
"Just after sunrise, the capon crossed the quiet country lane.",0,capon,farmed,morning_02,neutral
"Just after sunrise, the steer crossed the quiet country lane.",0,steer,farmed,morning_02,neutral
"Just after sunrise, the bullock crossed the quiet country lane.",0,bullock,farmed,morning_02,neutral
"Just after sunrise, the ewe crossed the quiet country lane.",0,ewe,farmed,morning_02,neutral
"Just after sunrise, the wether crossed the quiet country lane.",0,wether,farmed,morning_02,neutral
"Just after sunrise, the gander crossed the quiet country lane.",0,gander,farmed,morning_02,neutral
"Just after sunrise, the drake crossed the quiet country lane.",0,drake,farmed,morning_02,neutral
"Just after sunrise, the gosling crossed the quiet country lane.",0,gosling,farmed,morning_02,neutral
"Just after sunrise, the duckling crossed the quiet country lane.",0,duckling,farmed,morning_02,neutral
"Just after sunrise, the chick crossed the quiet country lane.",0,chick,farmed,morning_02,neutral
"Just after sunrise, the cockerel crossed the quiet country lane.",0,cockerel,farmed,morning_02,neutral
"Just after sunrise, the pullet crossed the quiet country lane.",0,pullet,farmed,morning_02,neutral
"Just after sunrise, the yearling crossed the quiet country lane.",0,yearling,farmed,morning_02,neutral
"Just after sunrise, the shoat crossed the quiet country lane.",0,shoat,farmed,morning_02,neutral
"Just after sunrise, the gilt crossed the quiet country lane.",0,gilt,farmed,morning_02,neutral
"Just after sunrise, the pony crossed the quiet country lane.",0,pony,farmed,morning_02,neutral
"Just after sunrise, the mare crossed the quiet country lane.",0,mare,farmed,morning_02,neutral
"Just after sunrise, the colt crossed the quiet country lane.",0,colt,farmed,morning_02,neutral
"Just after sunrise, the alpaca crossed the quiet country lane.",0,alpaca,farmed,morning_02,neutral
"Just after sunrise, the stallion crossed the quiet country lane.",0,stallion,farmed,morning_02,neutral
"Before the household woke, the man was already out in the yard.",1,man,human,morning_03,neutral
"Before the household woke, the woman was already out in the yard.",1,woman,human,morning_03,neutral
"Before the household woke, the child was already out in the yard.",1,child,human,morning_03,neutral
"Before the household woke, the boy was already out in the yard.",1,boy,human,morning_03,neutral
"Before the household woke, the girl was already out in the yard.",1,girl,human,morning_03,neutral
"Before the household woke, the farmer was already out in the yard.",1,farmer,human,morning_03,neutral
"Before the household woke, the nurse was already out in the yard.",1,nurse,human,morning_03,neutral
"Before the household woke, the teacher was already out in the yard.",1,teacher,human,morning_03,neutral
"Before the household woke, the doctor was already out in the yard.",1,doctor,human,morning_03,neutral
"Before the household woke, the student was already out in the yard.",1,student,human,morning_03,neutral
"Before the household woke, the soldier was already out in the yard.",1,soldier,human,morning_03,neutral
"Before the household woke, the hiker was already out in the yard.",1,hiker,human,morning_03,neutral
"Before the household woke, the shepherd was already out in the yard.",1,shepherd,human,morning_03,neutral
"Before the household woke, the villager was already out in the yard.",1,villager,human,morning_03,neutral
"Before the household woke, the fisherman was already out in the yard.",1,fisherman,human,morning_03,neutral
"Before the household woke, the carpenter was already out in the yard.",1,carpenter,human,morning_03,neutral
"Before the household woke, the toddler was already out in the yard.",1,toddler,human,morning_03,neutral
"Before the household woke, the grandmother was already out in the yard.",1,grandmother,human,morning_03,neutral
"Before the household woke, the grandfather was already out in the yard.",1,grandfather,human,morning_03,neutral
"Before the household woke, the worker was already out in the yard.",1,worker,human,morning_03,neutral
"Before the household woke, the baker was already out in the yard.",1,baker,human,morning_03,neutral
"Before the household woke, the tailor was already out in the yard.",1,tailor,human,morning_03,neutral
"Before the household woke, the plumber was already out in the yard.",1,plumber,human,morning_03,neutral
"Before the household woke, the sailor was already out in the yard.",1,sailor,human,morning_03,neutral
"Before the household woke, the painter was already out in the yard.",1,painter,human,morning_03,neutral
"Before the household woke, the banker was already out in the yard.",1,banker,human,morning_03,neutral
"Before the household woke, the lawyer was already out in the yard.",1,lawyer,human,morning_03,neutral
"Before the household woke, the priest was already out in the yard.",1,priest,human,morning_03,neutral
"Before the household woke, the mayor was already out in the yard.",1,mayor,human,morning_03,neutral
"Before the household woke, the clerk was already out in the yard.",1,clerk,human,morning_03,neutral
"Before the household woke, the chef was already out in the yard.",1,chef,human,morning_03,neutral
"Before the household woke, the pilot was already out in the yard.",1,pilot,human,morning_03,neutral
"Before the household woke, the miner was already out in the yard.",1,miner,human,morning_03,neutral
"Before the household woke, the mason was already out in the yard.",1,mason,human,morning_03,neutral
"Before the household woke, the traveler was already out in the yard.",1,traveler,human,morning_03,neutral
"Before the household woke, the stranger was already out in the yard.",1,stranger,human,morning_03,neutral
"Before the household woke, the infant was already out in the yard.",1,infant,human,morning_03,neutral
"Before the household woke, the widow was already out in the yard.",1,widow,human,morning_03,neutral
"Before the household woke, the uncle was already out in the yard.",1,uncle,human,morning_03,neutral
"Before the household woke, the aunt was already out in the yard.",1,aunt,human,morning_03,neutral
"Before the household woke, the pig was already out in the yard.",0,pig,farmed,morning_03,neutral
"Before the household woke, the cow was already out in the yard.",0,cow,farmed,morning_03,neutral
"Before the household woke, the chicken was already out in the yard.",0,chicken,farmed,morning_03,neutral
"Before the household woke, the goat was already out in the yard.",0,goat,farmed,morning_03,neutral
"Before the household woke, the sheep was already out in the yard.",0,sheep,farmed,morning_03,neutral
"Before the household woke, the duck was already out in the yard.",0,duck,farmed,morning_03,neutral
"Before the household woke, the turkey was already out in the yard.",0,turkey,farmed,morning_03,neutral
"Before the household woke, the hen was already out in the yard.",0,hen,farmed,morning_03,neutral
"Before the household woke, the rooster was already out in the yard.",0,rooster,farmed,morning_03,neutral
"Before the household woke, the calf was already out in the yard.",0,calf,farmed,morning_03,neutral
"Before the household woke, the lamb was already out in the yard.",0,lamb,farmed,morning_03,neutral
"Before the household woke, the piglet was already out in the yard.",0,piglet,farmed,morning_03,neutral
"Before the household woke, the ox was already out in the yard.",0,ox,farmed,morning_03,neutral
"Before the household woke, the donkey was already out in the yard.",0,donkey,farmed,morning_03,neutral
"Before the household woke, the mule was already out in the yard.",0,mule,farmed,morning_03,neutral
"Before the household woke, the goose was already out in the yard.",0,goose,farmed,morning_03,neutral
"Before the household woke, the sow was already out in the yard.",0,sow,farmed,morning_03,neutral
"Before the household woke, the heifer was already out in the yard.",0,heifer,farmed,morning_03,neutral
"Before the household woke, the foal was already out in the yard.",0,foal,farmed,morning_03,neutral
"Before the household woke, the ram was already out in the yard.",0,ram,farmed,morning_03,neutral
"Before the household woke, the capon was already out in the yard.",0,capon,farmed,morning_03,neutral
"Before the household woke, the steer was already out in the yard.",0,steer,farmed,morning_03,neutral
"Before the household woke, the bullock was already out in the yard.",0,bullock,farmed,morning_03,neutral
"Before the household woke, the ewe was already out in the yard.",0,ewe,farmed,morning_03,neutral
"Before the household woke, the wether was already out in the yard.",0,wether,farmed,morning_03,neutral
"Before the household woke, the gander was already out in the yard.",0,gander,farmed,morning_03,neutral
"Before the household woke, the drake was already out in the yard.",0,drake,farmed,morning_03,neutral
"Before the household woke, the gosling was already out in the yard.",0,gosling,farmed,morning_03,neutral
"Before the household woke, the duckling was already out in the yard.",0,duckling,farmed,morning_03,neutral
"Before the household woke, the chick was already out in the yard.",0,chick,farmed,morning_03,neutral
"Before the household woke, the cockerel was already out in the yard.",0,cockerel,farmed,morning_03,neutral
"Before the household woke, the pullet was already out in the yard.",0,pullet,farmed,morning_03,neutral
"Before the household woke, the yearling was already out in the yard.",0,yearling,farmed,morning_03,neutral
"Before the household woke, the shoat was already out in the yard.",0,shoat,farmed,morning_03,neutral
"Before the household woke, the gilt was already out in the yard.",0,gilt,farmed,morning_03,neutral
"Before the household woke, the pony was already out in the yard.",0,pony,farmed,morning_03,neutral
"Before the household woke, the mare was already out in the yard.",0,mare,farmed,morning_03,neutral
"Before the household woke, the colt was already out in the yard.",0,colt,farmed,morning_03,neutral
"Before the household woke, the alpaca was already out in the yard.",0,alpaca,farmed,morning_03,neutral
"Before the household woke, the stallion was already out in the yard.",0,stallion,farmed,morning_03,neutral
"At first light, the man appeared at the edge of the orchard.",1,man,human,morning_04,neutral
"At first light, the woman appeared at the edge of the orchard.",1,woman,human,morning_04,neutral
"At first light, the child appeared at the edge of the orchard.",1,child,human,morning_04,neutral
"At first light, the boy appeared at the edge of the orchard.",1,boy,human,morning_04,neutral
"At first light, the girl appeared at the edge of the orchard.",1,girl,human,morning_04,neutral
"At first light, the farmer appeared at the edge of the orchard.",1,farmer,human,morning_04,neutral
"At first light, the nurse appeared at the edge of the orchard.",1,nurse,human,morning_04,neutral
"At first light, the teacher appeared at the edge of the orchard.",1,teacher,human,morning_04,neutral
"At first light, the doctor appeared at the edge of the orchard.",1,doctor,human,morning_04,neutral
"At first light, the student appeared at the edge of the orchard.",1,student,human,morning_04,neutral
"At first light, the soldier appeared at the edge of the orchard.",1,soldier,human,morning_04,neutral
"At first light, the hiker appeared at the edge of the orchard.",1,hiker,human,morning_04,neutral
"At first light, the shepherd appeared at the edge of the orchard.",1,shepherd,human,morning_04,neutral
"At first light, the villager appeared at the edge of the orchard.",1,villager,human,morning_04,neutral
"At first light, the fisherman appeared at the edge of the orchard.",1,fisherman,human,morning_04,neutral
"At first light, the carpenter appeared at the edge of the orchard.",1,carpenter,human,morning_04,neutral
"At first light, the toddler appeared at the edge of the orchard.",1,toddler,human,morning_04,neutral
"At first light, the grandmother appeared at the edge of the orchard.",1,grandmother,human,morning_04,neutral
"At first light, the grandfather appeared at the edge of the orchard.",1,grandfather,human,morning_04,neutral
"At first light, the worker appeared at the edge of the orchard.",1,worker,human,morning_04,neutral
"At first light, the baker appeared at the edge of the orchard.",1,baker,human,morning_04,neutral
"At first light, the tailor appeared at the edge of the orchard.",1,tailor,human,morning_04,neutral
"At first light, the plumber appeared at the edge of the orchard.",1,plumber,human,morning_04,neutral
"At first light, the sailor appeared at the edge of the orchard.",1,sailor,human,morning_04,neutral
"At first light, the painter appeared at the edge of the orchard.",1,painter,human,morning_04,neutral
"At first light, the banker appeared at the edge of the orchard.",1,banker,human,morning_04,neutral
"At first light, the lawyer appeared at the edge of the orchard.",1,lawyer,human,morning_04,neutral
"At first light, the priest appeared at the edge of the orchard.",1,priest,human,morning_04,neutral
"At first light, the mayor appeared at the edge of the orchard.",1,mayor,human,morning_04,neutral
"At first light, the clerk appeared at the edge of the orchard.",1,clerk,human,morning_04,neutral
"At first light, the chef appeared at the edge of the orchard.",1,chef,human,morning_04,neutral
"At first light, the pilot appeared at the edge of the orchard.",1,pilot,human,morning_04,neutral
"At first light, the miner appeared at the edge of the orchard.",1,miner,human,morning_04,neutral
"At first light, the mason appeared at the edge of the orchard.",1,mason,human,morning_04,neutral
"At first light, the traveler appeared at the edge of the orchard.",1,traveler,human,morning_04,neutral
"At first light, the stranger appeared at the edge of the orchard.",1,stranger,human,morning_04,neutral
"At first light, the infant appeared at the edge of the orchard.",1,infant,human,morning_04,neutral
"At first light, the widow appeared at the edge of the orchard.",1,widow,human,morning_04,neutral
"At first light, the uncle appeared at the edge of the orchard.",1,uncle,human,morning_04,neutral
"At first light, the aunt appeared at the edge of the orchard.",1,aunt,human,morning_04,neutral
"At first light, the pig appeared at the edge of the orchard.",0,pig,farmed,morning_04,neutral
"At first light, the cow appeared at the edge of the orchard.",0,cow,farmed,morning_04,neutral
"At first light, the chicken appeared at the edge of the orchard.",0,chicken,farmed,morning_04,neutral
"At first light, the goat appeared at the edge of the orchard.",0,goat,farmed,morning_04,neutral
"At first light, the sheep appeared at the edge of the orchard.",0,sheep,farmed,morning_04,neutral
"At first light, the duck appeared at the edge of the orchard.",0,duck,farmed,morning_04,neutral
"At first light, the turkey appeared at the edge of the orchard.",0,turkey,farmed,morning_04,neutral
"At first light, the hen appeared at the edge of the orchard.",0,hen,farmed,morning_04,neutral
"At first light, the rooster appeared at the edge of the orchard.",0,rooster,farmed,morning_04,neutral
"At first light, the calf appeared at the edge of the orchard.",0,calf,farmed,morning_04,neutral
"At first light, the lamb appeared at the edge of the orchard.",0,lamb,farmed,morning_04,neutral
"At first light, the piglet appeared at the edge of the orchard.",0,piglet,farmed,morning_04,neutral
"At first light, the ox appeared at the edge of the orchard.",0,ox,farmed,morning_04,neutral
"At first light, the donkey appeared at the edge of the orchard.",0,donkey,farmed,morning_04,neutral
"At first light, the mule appeared at the edge of the orchard.",0,mule,farmed,morning_04,neutral
"At first light, the goose appeared at the edge of the orchard.",0,goose,farmed,morning_04,neutral
"At first light, the sow appeared at the edge of the orchard.",0,sow,farmed,morning_04,neutral
"At first light, the heifer appeared at the edge of the orchard.",0,heifer,farmed,morning_04,neutral
"At first light, the foal appeared at the edge of the orchard.",0,foal,farmed,morning_04,neutral
"At first light, the ram appeared at the edge of the orchard.",0,ram,farmed,morning_04,neutral
"At first light, the capon appeared at the edge of the orchard.",0,capon,farmed,morning_04,neutral
"At first light, the steer appeared at the edge of the orchard.",0,steer,farmed,morning_04,neutral
"At first light, the bullock appeared at the edge of the orchard.",0,bullock,farmed,morning_04,neutral
"At first light, the ewe appeared at the edge of the orchard.",0,ewe,farmed,morning_04,neutral
"At first light, the wether appeared at the edge of the orchard.",0,wether,farmed,morning_04,neutral
"At first light, the gander appeared at the edge of the orchard.",0,gander,farmed,morning_04,neutral
"At first light, the drake appeared at the edge of the orchard.",0,drake,farmed,morning_04,neutral
"At first light, the gosling appeared at the edge of the orchard.",0,gosling,farmed,morning_04,neutral
"At first light, the duckling appeared at the edge of the orchard.",0,duckling,farmed,morning_04,neutral
"At first light, the chick appeared at the edge of the orchard.",0,chick,farmed,morning_04,neutral
"At first light, the cockerel appeared at the edge of the orchard.",0,cockerel,farmed,morning_04,neutral
"At first light, the pullet appeared at the edge of the orchard.",0,pullet,farmed,morning_04,neutral
"At first light, the yearling appeared at the edge of the orchard.",0,yearling,farmed,morning_04,neutral
"At first light, the shoat appeared at the edge of the orchard.",0,shoat,farmed,morning_04,neutral
"At first light, the gilt appeared at the edge of the orchard.",0,gilt,farmed,morning_04,neutral
"At first light, the pony appeared at the edge of the orchard.",0,pony,farmed,morning_04,neutral
"At first light, the mare appeared at the edge of the orchard.",0,mare,farmed,morning_04,neutral
"At first light, the colt appeared at the edge of the orchard.",0,colt,farmed,morning_04,neutral
"At first light, the alpaca appeared at the edge of the orchard.",0,alpaca,farmed,morning_04,neutral
"At first light, the stallion appeared at the edge of the orchard.",0,stallion,farmed,morning_04,neutral
"Under the shade of the old oak, the man rested through the warm afternoon.",1,man,human,rest_01,neutral
"Under the shade of the old oak, the woman rested through the warm afternoon.",1,woman,human,rest_01,neutral
"Under the shade of the old oak, the child rested through the warm afternoon.",1,child,human,rest_01,neutral
"Under the shade of the old oak, the boy rested through the warm afternoon.",1,boy,human,rest_01,neutral
"Under the shade of the old oak, the girl rested through the warm afternoon.",1,girl,human,rest_01,neutral
"Under the shade of the old oak, the farmer rested through the warm afternoon.",1,farmer,human,rest_01,neutral
"Under the shade of the old oak, the nurse rested through the warm afternoon.",1,nurse,human,rest_01,neutral
"Under the shade of the old oak, the teacher rested through the warm afternoon.",1,teacher,human,rest_01,neutral
"Under the shade of the old oak, the doctor rested through the warm afternoon.",1,doctor,human,rest_01,neutral
"Under the shade of the old oak, the student rested through the warm afternoon.",1,student,human,rest_01,neutral
"Under the shade of the old oak, the soldier rested through the warm afternoon.",1,soldier,human,rest_01,neutral
"Under the shade of the old oak, the hiker rested through the warm afternoon.",1,hiker,human,rest_01,neutral
"Under the shade of the old oak, the shepherd rested through the warm afternoon.",1,shepherd,human,rest_01,neutral
"Under the shade of the old oak, the villager rested through the warm afternoon.",1,villager,human,rest_01,neutral
"Under the shade of the old oak, the fisherman rested through the warm afternoon.",1,fisherman,human,rest_01,neutral
"Under the shade of the old oak, the carpenter rested through the warm afternoon.",1,carpenter,human,rest_01,neutral
"Under the shade of the old oak, the toddler rested through the warm afternoon.",1,toddler,human,rest_01,neutral
"Under the shade of the old oak, the grandmother rested through the warm afternoon.",1,grandmother,human,rest_01,neutral
"Under the shade of the old oak, the grandfather rested through the warm afternoon.",1,grandfather,human,rest_01,neutral
"Under the shade of the old oak, the worker rested through the warm afternoon.",1,worker,human,rest_01,neutral
"Under the shade of the old oak, the baker rested through the warm afternoon.",1,baker,human,rest_01,neutral
"Under the shade of the old oak, the tailor rested through the warm afternoon.",1,tailor,human,rest_01,neutral
"Under the shade of the old oak, the plumber rested through the warm afternoon.",1,plumber,human,rest_01,neutral
"Under the shade of the old oak, the sailor rested through the warm afternoon.",1,sailor,human,rest_01,neutral
"Under the shade of the old oak, the painter rested through the warm afternoon.",1,painter,human,rest_01,neutral
"Under the shade of the old oak, the banker rested through the warm afternoon.",1,banker,human,rest_01,neutral
"Under the shade of the old oak, the lawyer rested through the warm afternoon.",1,lawyer,human,rest_01,neutral
"Under the shade of the old oak, the priest rested through the warm afternoon.",1,priest,human,rest_01,neutral
"Under the shade of the old oak, the mayor rested through the warm afternoon.",1,mayor,human,rest_01,neutral
"Under the shade of the old oak, the clerk rested through the warm afternoon.",1,clerk,human,rest_01,neutral
"Under the shade of the old oak, the chef rested through the warm afternoon.",1,chef,human,rest_01,neutral
"Under the shade of the old oak, the pilot rested through the warm afternoon.",1,pilot,human,rest_01,neutral
"Under the shade of the old oak, the miner rested through the warm afternoon.",1,miner,human,rest_01,neutral
"Under the shade of the old oak, the mason rested through the warm afternoon.",1,mason,human,rest_01,neutral
"Under the shade of the old oak, the traveler rested through the warm afternoon.",1,traveler,human,rest_01,neutral
"Under the shade of the old oak, the stranger rested through the warm afternoon.",1,stranger,human,rest_01,neutral
"Under the shade of the old oak, the infant rested through the warm afternoon.",1,infant,human,rest_01,neutral
"Under the shade of the old oak, the widow rested through the warm afternoon.",1,widow,human,rest_01,neutral
"Under the shade of the old oak, the uncle rested through the warm afternoon.",1,uncle,human,rest_01,neutral
"Under the shade of the old oak, the aunt rested through the warm afternoon.",1,aunt,human,rest_01,neutral
"Under the shade of the old oak, the pig rested through the warm afternoon.",0,pig,farmed,rest_01,neutral
"Under the shade of the old oak, the cow rested through the warm afternoon.",0,cow,farmed,rest_01,neutral
"Under the shade of the old oak, the chicken rested through the warm afternoon.",0,chicken,farmed,rest_01,neutral
"Under the shade of the old oak, the goat rested through the warm afternoon.",0,goat,farmed,rest_01,neutral
"Under the shade of the old oak, the sheep rested through the warm afternoon.",0,sheep,farmed,rest_01,neutral
"Under the shade of the old oak, the duck rested through the warm afternoon.",0,duck,farmed,rest_01,neutral
"Under the shade of the old oak, the turkey rested through the warm afternoon.",0,turkey,farmed,rest_01,neutral
"Under the shade of the old oak, the hen rested through the warm afternoon.",0,hen,farmed,rest_01,neutral
"Under the shade of the old oak, the rooster rested through the warm afternoon.",0,rooster,farmed,rest_01,neutral
"Under the shade of the old oak, the calf rested through the warm afternoon.",0,calf,farmed,rest_01,neutral
"Under the shade of the old oak, the lamb rested through the warm afternoon.",0,lamb,farmed,rest_01,neutral
"Under the shade of the old oak, the piglet rested through the warm afternoon.",0,piglet,farmed,rest_01,neutral
"Under the shade of the old oak, the ox rested through the warm afternoon.",0,ox,farmed,rest_01,neutral
"Under the shade of the old oak, the donkey rested through the warm afternoon.",0,donkey,farmed,rest_01,neutral
"Under the shade of the old oak, the mule rested through the warm afternoon.",0,mule,farmed,rest_01,neutral
"Under the shade of the old oak, the goose rested through the warm afternoon.",0,goose,farmed,rest_01,neutral
"Under the shade of the old oak, the sow rested through the warm afternoon.",0,sow,farmed,rest_01,neutral
"Under the shade of the old oak, the heifer rested through the warm afternoon.",0,heifer,farmed,rest_01,neutral
"Under the shade of the old oak, the foal rested through the warm afternoon.",0,foal,farmed,rest_01,neutral
"Under the shade of the old oak, the ram rested through the warm afternoon.",0,ram,farmed,rest_01,neutral
"Under the shade of the old oak, the capon rested through the warm afternoon.",0,capon,farmed,rest_01,neutral
"Under the shade of the old oak, the steer rested through the warm afternoon.",0,steer,farmed,rest_01,neutral
"Under the shade of the old oak, the bullock rested through the warm afternoon.",0,bullock,farmed,rest_01,neutral
"Under the shade of the old oak, the ewe rested through the warm afternoon.",0,ewe,farmed,rest_01,neutral
"Under the shade of the old oak, the wether rested through the warm afternoon.",0,wether,farmed,rest_01,neutral
"Under the shade of the old oak, the gander rested through the warm afternoon.",0,gander,farmed,rest_01,neutral
"Under the shade of the old oak, the drake rested through the warm afternoon.",0,drake,farmed,rest_01,neutral
"Under the shade of the old oak, the gosling rested through the warm afternoon.",0,gosling,farmed,rest_01,neutral
"Under the shade of the old oak, the duckling rested through the warm afternoon.",0,duckling,farmed,rest_01,neutral
"Under the shade of the old oak, the chick rested through the warm afternoon.",0,chick,farmed,rest_01,neutral
"Under the shade of the old oak, the cockerel rested through the warm afternoon.",0,cockerel,farmed,rest_01,neutral
"Under the shade of the old oak, the pullet rested through the warm afternoon.",0,pullet,farmed,rest_01,neutral
"Under the shade of the old oak, the yearling rested through the warm afternoon.",0,yearling,farmed,rest_01,neutral
"Under the shade of the old oak, the shoat rested through the warm afternoon.",0,shoat,farmed,rest_01,neutral
"Under the shade of the old oak, the gilt rested through the warm afternoon.",0,gilt,farmed,rest_01,neutral
"Under the shade of the old oak, the pony rested through the warm afternoon.",0,pony,farmed,rest_01,neutral
"Under the shade of the old oak, the mare rested through the warm afternoon.",0,mare,farmed,rest_01,neutral
"Under the shade of the old oak, the colt rested through the warm afternoon.",0,colt,farmed,rest_01,neutral
"Under the shade of the old oak, the alpaca rested through the warm afternoon.",0,alpaca,farmed,rest_01,neutral
"Under the shade of the old oak, the stallion rested through the warm afternoon.",0,stallion,farmed,rest_01,neutral
"For most of the morning, the man dozed near the barn door.",1,man,human,rest_02,neutral
"For most of the morning, the woman dozed near the barn door.",1,woman,human,rest_02,neutral
"For most of the morning, the child dozed near the barn door.",1,child,human,rest_02,neutral
"For most of the morning, the boy dozed near the barn door.",1,boy,human,rest_02,neutral
"For most of the morning, the girl dozed near the barn door.",1,girl,human,rest_02,neutral
"For most of the morning, the farmer dozed near the barn door.",1,farmer,human,rest_02,neutral
"For most of the morning, the nurse dozed near the barn door.",1,nurse,human,rest_02,neutral
"For most of the morning, the teacher dozed near the barn door.",1,teacher,human,rest_02,neutral
"For most of the morning, the doctor dozed near the barn door.",1,doctor,human,rest_02,neutral
"For most of the morning, the student dozed near the barn door.",1,student,human,rest_02,neutral
"For most of the morning, the soldier dozed near the barn door.",1,soldier,human,rest_02,neutral
"For most of the morning, the hiker dozed near the barn door.",1,hiker,human,rest_02,neutral
"For most of the morning, the shepherd dozed near the barn door.",1,shepherd,human,rest_02,neutral
"For most of the morning, the villager dozed near the barn door.",1,villager,human,rest_02,neutral
"For most of the morning, the fisherman dozed near the barn door.",1,fisherman,human,rest_02,neutral
"For most of the morning, the carpenter dozed near the barn door.",1,carpenter,human,rest_02,neutral
"For most of the morning, the toddler dozed near the barn door.",1,toddler,human,rest_02,neutral
"For most of the morning, the grandmother dozed near the barn door.",1,grandmother,human,rest_02,neutral
"For most of the morning, the grandfather dozed near the barn door.",1,grandfather,human,rest_02,neutral
"For most of the morning, the worker dozed near the barn door.",1,worker,human,rest_02,neutral
"For most of the morning, the baker dozed near the barn door.",1,baker,human,rest_02,neutral
"For most of the morning, the tailor dozed near the barn door.",1,tailor,human,rest_02,neutral
"For most of the morning, the plumber dozed near the barn door.",1,plumber,human,rest_02,neutral
"For most of the morning, the sailor dozed near the barn door.",1,sailor,human,rest_02,neutral
"For most of the morning, the painter dozed near the barn door.",1,painter,human,rest_02,neutral
"For most of the morning, the banker dozed near the barn door.",1,banker,human,rest_02,neutral
"For most of the morning, the lawyer dozed near the barn door.",1,lawyer,human,rest_02,neutral
"For most of the morning, the priest dozed near the barn door.",1,priest,human,rest_02,neutral
"For most of the morning, the mayor dozed near the barn door.",1,mayor,human,rest_02,neutral
"For most of the morning, the clerk dozed near the barn door.",1,clerk,human,rest_02,neutral
"For most of the morning, the chef dozed near the barn door.",1,chef,human,rest_02,neutral
"For most of the morning, the pilot dozed near the barn door.",1,pilot,human,rest_02,neutral
"For most of the morning, the miner dozed near the barn door.",1,miner,human,rest_02,neutral
"For most of the morning, the mason dozed near the barn door.",1,mason,human,rest_02,neutral
"For most of the morning, the traveler dozed near the barn door.",1,traveler,human,rest_02,neutral
"For most of the morning, the stranger dozed near the barn door.",1,stranger,human,rest_02,neutral
"For most of the morning, the infant dozed near the barn door.",1,infant,human,rest_02,neutral
"For most of the morning, the widow dozed near the barn door.",1,widow,human,rest_02,neutral
"For most of the morning, the uncle dozed near the barn door.",1,uncle,human,rest_02,neutral
"For most of the morning, the aunt dozed near the barn door.",1,aunt,human,rest_02,neutral
"For most of the morning, the pig dozed near the barn door.",0,pig,farmed,rest_02,neutral
"For most of the morning, the cow dozed near the barn door.",0,cow,farmed,rest_02,neutral
"For most of the morning, the chicken dozed near the barn door.",0,chicken,farmed,rest_02,neutral
"For most of the morning, the goat dozed near the barn door.",0,goat,farmed,rest_02,neutral
"For most of the morning, the sheep dozed near the barn door.",0,sheep,farmed,rest_02,neutral
"For most of the morning, the duck dozed near the barn door.",0,duck,farmed,rest_02,neutral
"For most of the morning, the turkey dozed near the barn door.",0,turkey,farmed,rest_02,neutral
"For most of the morning, the hen dozed near the barn door.",0,hen,farmed,rest_02,neutral
"For most of the morning, the rooster dozed near the barn door.",0,rooster,farmed,rest_02,neutral
"For most of the morning, the calf dozed near the barn door.",0,calf,farmed,rest_02,neutral
"For most of the morning, the lamb dozed near the barn door.",0,lamb,farmed,rest_02,neutral
"For most of the morning, the piglet dozed near the barn door.",0,piglet,farmed,rest_02,neutral
"For most of the morning, the ox dozed near the barn door.",0,ox,farmed,rest_02,neutral
"For most of the morning, the donkey dozed near the barn door.",0,donkey,farmed,rest_02,neutral
"For most of the morning, the mule dozed near the barn door.",0,mule,farmed,rest_02,neutral
"For most of the morning, the goose dozed near the barn door.",0,goose,farmed,rest_02,neutral
"For most of the morning, the sow dozed near the barn door.",0,sow,farmed,rest_02,neutral
"For most of the morning, the heifer dozed near the barn door.",0,heifer,farmed,rest_02,neutral
"For most of the morning, the foal dozed near the barn door.",0,foal,farmed,rest_02,neutral
"For most of the morning, the ram dozed near the barn door.",0,ram,farmed,rest_02,neutral
"For most of the morning, the capon dozed near the barn door.",0,capon,farmed,rest_02,neutral
"For most of the morning, the steer dozed near the barn door.",0,steer,farmed,rest_02,neutral
"For most of the morning, the bullock dozed near the barn door.",0,bullock,farmed,rest_02,neutral
"For most of the morning, the ewe dozed near the barn door.",0,ewe,farmed,rest_02,neutral
"For most of the morning, the wether dozed near the barn door.",0,wether,farmed,rest_02,neutral
"For most of the morning, the gander dozed near the barn door.",0,gander,farmed,rest_02,neutral
"For most of the morning, the drake dozed near the barn door.",0,drake,farmed,rest_02,neutral
"For most of the morning, the gosling dozed near the barn door.",0,gosling,farmed,rest_02,neutral
"For most of the morning, the duckling dozed near the barn door.",0,duckling,farmed,rest_02,neutral
"For most of the morning, the chick dozed near the barn door.",0,chick,farmed,rest_02,neutral
"For most of the morning, the cockerel dozed near the barn door.",0,cockerel,farmed,rest_02,neutral
"For most of the morning, the pullet dozed near the barn door.",0,pullet,farmed,rest_02,neutral
"For most of the morning, the yearling dozed near the barn door.",0,yearling,farmed,rest_02,neutral
"For most of the morning, the shoat dozed near the barn door.",0,shoat,farmed,rest_02,neutral
"For most of the morning, the gilt dozed near the barn door.",0,gilt,farmed,rest_02,neutral
"For most of the morning, the pony dozed near the barn door.",0,pony,farmed,rest_02,neutral
"For most of the morning, the mare dozed near the barn door.",0,mare,farmed,rest_02,neutral
"For most of the morning, the colt dozed near the barn door.",0,colt,farmed,rest_02,neutral
"For most of the morning, the alpaca dozed near the barn door.",0,alpaca,farmed,rest_02,neutral
"For most of the morning, the stallion dozed near the barn door.",0,stallion,farmed,rest_02,neutral
"In the corner of the yard, the man settled down for a quiet nap.",1,man,human,rest_03,neutral
"In the corner of the yard, the woman settled down for a quiet nap.",1,woman,human,rest_03,neutral
"In the corner of the yard, the child settled down for a quiet nap.",1,child,human,rest_03,neutral
"In the corner of the yard, the boy settled down for a quiet nap.",1,boy,human,rest_03,neutral
"In the corner of the yard, the girl settled down for a quiet nap.",1,girl,human,rest_03,neutral
"In the corner of the yard, the farmer settled down for a quiet nap.",1,farmer,human,rest_03,neutral
"In the corner of the yard, the nurse settled down for a quiet nap.",1,nurse,human,rest_03,neutral
"In the corner of the yard, the teacher settled down for a quiet nap.",1,teacher,human,rest_03,neutral
"In the corner of the yard, the doctor settled down for a quiet nap.",1,doctor,human,rest_03,neutral
"In the corner of the yard, the student settled down for a quiet nap.",1,student,human,rest_03,neutral
"In the corner of the yard, the soldier settled down for a quiet nap.",1,soldier,human,rest_03,neutral
"In the corner of the yard, the hiker settled down for a quiet nap.",1,hiker,human,rest_03,neutral
"In the corner of the yard, the shepherd settled down for a quiet nap.",1,shepherd,human,rest_03,neutral
"In the corner of the yard, the villager settled down for a quiet nap.",1,villager,human,rest_03,neutral
"In the corner of the yard, the fisherman settled down for a quiet nap.",1,fisherman,human,rest_03,neutral
"In the corner of the yard, the carpenter settled down for a quiet nap.",1,carpenter,human,rest_03,neutral
"In the corner of the yard, the toddler settled down for a quiet nap.",1,toddler,human,rest_03,neutral
"In the corner of the yard, the grandmother settled down for a quiet nap.",1,grandmother,human,rest_03,neutral
"In the corner of the yard, the grandfather settled down for a quiet nap.",1,grandfather,human,rest_03,neutral
"In the corner of the yard, the worker settled down for a quiet nap.",1,worker,human,rest_03,neutral
"In the corner of the yard, the baker settled down for a quiet nap.",1,baker,human,rest_03,neutral
"In the corner of the yard, the tailor settled down for a quiet nap.",1,tailor,human,rest_03,neutral
"In the corner of the yard, the plumber settled down for a quiet nap.",1,plumber,human,rest_03,neutral
"In the corner of the yard, the sailor settled down for a quiet nap.",1,sailor,human,rest_03,neutral
"In the corner of the yard, the painter settled down for a quiet nap.",1,painter,human,rest_03,neutral
"In the corner of the yard, the banker settled down for a quiet nap.",1,banker,human,rest_03,neutral
"In the corner of the yard, the lawyer settled down for a quiet nap.",1,lawyer,human,rest_03,neutral
"In the corner of the yard, the priest settled down for a quiet nap.",1,priest,human,rest_03,neutral
"In the corner of the yard, the mayor settled down for a quiet nap.",1,mayor,human,rest_03,neutral
"In the corner of the yard, the clerk settled down for a quiet nap.",1,clerk,human,rest_03,neutral
"In the corner of the yard, the chef settled down for a quiet nap.",1,chef,human,rest_03,neutral
"In the corner of the yard, the pilot settled down for a quiet nap.",1,pilot,human,rest_03,neutral
"In the corner of the yard, the miner settled down for a quiet nap.",1,miner,human,rest_03,neutral
"In the corner of the yard, the mason settled down for a quiet nap.",1,mason,human,rest_03,neutral
"In the corner of the yard, the traveler settled down for a quiet nap.",1,traveler,human,rest_03,neutral
"In the corner of the yard, the stranger settled down for a quiet nap.",1,stranger,human,rest_03,neutral
"In the corner of the yard, the infant settled down for a quiet nap.",1,infant,human,rest_03,neutral
"In the corner of the yard, the widow settled down for a quiet nap.",1,widow,human,rest_03,neutral
"In the corner of the yard, the uncle settled down for a quiet nap.",1,uncle,human,rest_03,neutral
"In the corner of the yard, the aunt settled down for a quiet nap.",1,aunt,human,rest_03,neutral
"In the corner of the yard, the pig settled down for a quiet nap.",0,pig,farmed,rest_03,neutral
"In the corner of the yard, the cow settled down for a quiet nap.",0,cow,farmed,rest_03,neutral
"In the corner of the yard, the chicken settled down for a quiet nap.",0,chicken,farmed,rest_03,neutral
"In the corner of the yard, the goat settled down for a quiet nap.",0,goat,farmed,rest_03,neutral
"In the corner of the yard, the sheep settled down for a quiet nap.",0,sheep,farmed,rest_03,neutral
"In the corner of the yard, the duck settled down for a quiet nap.",0,duck,farmed,rest_03,neutral
"In the corner of the yard, the turkey settled down for a quiet nap.",0,turkey,farmed,rest_03,neutral
"In the corner of the yard, the hen settled down for a quiet nap.",0,hen,farmed,rest_03,neutral
"In the corner of the yard, the rooster settled down for a quiet nap.",0,rooster,farmed,rest_03,neutral
"In the corner of the yard, the calf settled down for a quiet nap.",0,calf,farmed,rest_03,neutral
"In the corner of the yard, the lamb settled down for a quiet nap.",0,lamb,farmed,rest_03,neutral
"In the corner of the yard, the piglet settled down for a quiet nap.",0,piglet,farmed,rest_03,neutral
"In the corner of the yard, the ox settled down for a quiet nap.",0,ox,farmed,rest_03,neutral
"In the corner of the yard, the donkey settled down for a quiet nap.",0,donkey,farmed,rest_03,neutral
"In the corner of the yard, the mule settled down for a quiet nap.",0,mule,farmed,rest_03,neutral
"In the corner of the yard, the goose settled down for a quiet nap.",0,goose,farmed,rest_03,neutral
"In the corner of the yard, the sow settled down for a quiet nap.",0,sow,farmed,rest_03,neutral
"In the corner of the yard, the heifer settled down for a quiet nap.",0,heifer,farmed,rest_03,neutral
"In the corner of the yard, the foal settled down for a quiet nap.",0,foal,farmed,rest_03,neutral
"In the corner of the yard, the ram settled down for a quiet nap.",0,ram,farmed,rest_03,neutral
"In the corner of the yard, the capon settled down for a quiet nap.",0,capon,farmed,rest_03,neutral
"In the corner of the yard, the steer settled down for a quiet nap.",0,steer,farmed,rest_03,neutral
"In the corner of the yard, the bullock settled down for a quiet nap.",0,bullock,farmed,rest_03,neutral
"In the corner of the yard, the ewe settled down for a quiet nap.",0,ewe,farmed,rest_03,neutral
"In the corner of the yard, the wether settled down for a quiet nap.",0,wether,farmed,rest_03,neutral
"In the corner of the yard, the gander settled down for a quiet nap.",0,gander,farmed,rest_03,neutral
"In the corner of the yard, the drake settled down for a quiet nap.",0,drake,farmed,rest_03,neutral
"In the corner of the yard, the gosling settled down for a quiet nap.",0,gosling,farmed,rest_03,neutral
"In the corner of the yard, the duckling settled down for a quiet nap.",0,duckling,farmed,rest_03,neutral
"In the corner of the yard, the chick settled down for a quiet nap.",0,chick,farmed,rest_03,neutral
"In the corner of the yard, the cockerel settled down for a quiet nap.",0,cockerel,farmed,rest_03,neutral
"In the corner of the yard, the pullet settled down for a quiet nap.",0,pullet,farmed,rest_03,neutral
"In the corner of the yard, the yearling settled down for a quiet nap.",0,yearling,farmed,rest_03,neutral
"In the corner of the yard, the shoat settled down for a quiet nap.",0,shoat,farmed,rest_03,neutral
"In the corner of the yard, the gilt settled down for a quiet nap.",0,gilt,farmed,rest_03,neutral
"In the corner of the yard, the pony settled down for a quiet nap.",0,pony,farmed,rest_03,neutral
"In the corner of the yard, the mare settled down for a quiet nap.",0,mare,farmed,rest_03,neutral
"In the corner of the yard, the colt settled down for a quiet nap.",0,colt,farmed,rest_03,neutral
"In the corner of the yard, the alpaca settled down for a quiet nap.",0,alpaca,farmed,rest_03,neutral
"In the corner of the yard, the stallion settled down for a quiet nap.",0,stallion,farmed,rest_03,neutral
"After the long walk, the man rested calmly by the gate.",1,man,human,rest_04,neutral
"After the long walk, the woman rested calmly by the gate.",1,woman,human,rest_04,neutral
"After the long walk, the child rested calmly by the gate.",1,child,human,rest_04,neutral
"After the long walk, the boy rested calmly by the gate.",1,boy,human,rest_04,neutral
"After the long walk, the girl rested calmly by the gate.",1,girl,human,rest_04,neutral
"After the long walk, the farmer rested calmly by the gate.",1,farmer,human,rest_04,neutral
"After the long walk, the nurse rested calmly by the gate.",1,nurse,human,rest_04,neutral
"After the long walk, the teacher rested calmly by the gate.",1,teacher,human,rest_04,neutral
"After the long walk, the doctor rested calmly by the gate.",1,doctor,human,rest_04,neutral
"After the long walk, the student rested calmly by the gate.",1,student,human,rest_04,neutral
"After the long walk, the soldier rested calmly by the gate.",1,soldier,human,rest_04,neutral
"After the long walk, the hiker rested calmly by the gate.",1,hiker,human,rest_04,neutral
"After the long walk, the shepherd rested calmly by the gate.",1,shepherd,human,rest_04,neutral
"After the long walk, the villager rested calmly by the gate.",1,villager,human,rest_04,neutral
"After the long walk, the fisherman rested calmly by the gate.",1,fisherman,human,rest_04,neutral
"After the long walk, the carpenter rested calmly by the gate.",1,carpenter,human,rest_04,neutral
"After the long walk, the toddler rested calmly by the gate.",1,toddler,human,rest_04,neutral
"After the long walk, the grandmother rested calmly by the gate.",1,grandmother,human,rest_04,neutral
"After the long walk, the grandfather rested calmly by the gate.",1,grandfather,human,rest_04,neutral
"After the long walk, the worker rested calmly by the gate.",1,worker,human,rest_04,neutral
"After the long walk, the baker rested calmly by the gate.",1,baker,human,rest_04,neutral
"After the long walk, the tailor rested calmly by the gate.",1,tailor,human,rest_04,neutral
"After the long walk, the plumber rested calmly by the gate.",1,plumber,human,rest_04,neutral
"After the long walk, the sailor rested calmly by the gate.",1,sailor,human,rest_04,neutral
"After the long walk, the painter rested calmly by the gate.",1,painter,human,rest_04,neutral
"After the long walk, the banker rested calmly by the gate.",1,banker,human,rest_04,neutral
"After the long walk, the lawyer rested calmly by the gate.",1,lawyer,human,rest_04,neutral
"After the long walk, the priest rested calmly by the gate.",1,priest,human,rest_04,neutral
"After the long walk, the mayor rested calmly by the gate.",1,mayor,human,rest_04,neutral
"After the long walk, the clerk rested calmly by the gate.",1,clerk,human,rest_04,neutral
"After the long walk, the chef rested calmly by the gate.",1,chef,human,rest_04,neutral
"After the long walk, the pilot rested calmly by the gate.",1,pilot,human,rest_04,neutral
"After the long walk, the miner rested calmly by the gate.",1,miner,human,rest_04,neutral
"After the long walk, the mason rested calmly by the gate.",1,mason,human,rest_04,neutral
"After the long walk, the traveler rested calmly by the gate.",1,traveler,human,rest_04,neutral
"After the long walk, the stranger rested calmly by the gate.",1,stranger,human,rest_04,neutral
"After the long walk, the infant rested calmly by the gate.",1,infant,human,rest_04,neutral
"After the long walk, the widow rested calmly by the gate.",1,widow,human,rest_04,neutral
"After the long walk, the uncle rested calmly by the gate.",1,uncle,human,rest_04,neutral
"After the long walk, the aunt rested calmly by the gate.",1,aunt,human,rest_04,neutral
"After the long walk, the pig rested calmly by the gate.",0,pig,farmed,rest_04,neutral
"After the long walk, the cow rested calmly by the gate.",0,cow,farmed,rest_04,neutral
"After the long walk, the chicken rested calmly by the gate.",0,chicken,farmed,rest_04,neutral
"After the long walk, the goat rested calmly by the gate.",0,goat,farmed,rest_04,neutral
"After the long walk, the sheep rested calmly by the gate.",0,sheep,farmed,rest_04,neutral
"After the long walk, the duck rested calmly by the gate.",0,duck,farmed,rest_04,neutral
"After the long walk, the turkey rested calmly by the gate.",0,turkey,farmed,rest_04,neutral
"After the long walk, the hen rested calmly by the gate.",0,hen,farmed,rest_04,neutral
"After the long walk, the rooster rested calmly by the gate.",0,rooster,farmed,rest_04,neutral
"After the long walk, the calf rested calmly by the gate.",0,calf,farmed,rest_04,neutral
"After the long walk, the lamb rested calmly by the gate.",0,lamb,farmed,rest_04,neutral
"After the long walk, the piglet rested calmly by the gate.",0,piglet,farmed,rest_04,neutral
"After the long walk, the ox rested calmly by the gate.",0,ox,farmed,rest_04,neutral
"After the long walk, the donkey rested calmly by the gate.",0,donkey,farmed,rest_04,neutral
"After the long walk, the mule rested calmly by the gate.",0,mule,farmed,rest_04,neutral
"After the long walk, the goose rested calmly by the gate.",0,goose,farmed,rest_04,neutral
"After the long walk, the sow rested calmly by the gate.",0,sow,farmed,rest_04,neutral
"After the long walk, the heifer rested calmly by the gate.",0,heifer,farmed,rest_04,neutral
"After the long walk, the foal rested calmly by the gate.",0,foal,farmed,rest_04,neutral
"After the long walk, the ram rested calmly by the gate.",0,ram,farmed,rest_04,neutral
"After the long walk, the capon rested calmly by the gate.",0,capon,farmed,rest_04,neutral
"After the long walk, the steer rested calmly by the gate.",0,steer,farmed,rest_04,neutral
"After the long walk, the bullock rested calmly by the gate.",0,bullock,farmed,rest_04,neutral
"After the long walk, the ewe rested calmly by the gate.",0,ewe,farmed,rest_04,neutral
"After the long walk, the wether rested calmly by the gate.",0,wether,farmed,rest_04,neutral
"After the long walk, the gander rested calmly by the gate.",0,gander,farmed,rest_04,neutral
"After the long walk, the drake rested calmly by the gate.",0,drake,farmed,rest_04,neutral
"After the long walk, the gosling rested calmly by the gate.",0,gosling,farmed,rest_04,neutral
"After the long walk, the duckling rested calmly by the gate.",0,duckling,farmed,rest_04,neutral
"After the long walk, the chick rested calmly by the gate.",0,chick,farmed,rest_04,neutral
"After the long walk, the cockerel rested calmly by the gate.",0,cockerel,farmed,rest_04,neutral
"After the long walk, the pullet rested calmly by the gate.",0,pullet,farmed,rest_04,neutral
"After the long walk, the yearling rested calmly by the gate.",0,yearling,farmed,rest_04,neutral
"After the long walk, the shoat rested calmly by the gate.",0,shoat,farmed,rest_04,neutral
"After the long walk, the gilt rested calmly by the gate.",0,gilt,farmed,rest_04,neutral
"After the long walk, the pony rested calmly by the gate.",0,pony,farmed,rest_04,neutral
"After the long walk, the mare rested calmly by the gate.",0,mare,farmed,rest_04,neutral
"After the long walk, the colt rested calmly by the gate.",0,colt,farmed,rest_04,neutral
"After the long walk, the alpaca rested calmly by the gate.",0,alpaca,farmed,rest_04,neutral
"After the long walk, the stallion rested calmly by the gate.",0,stallion,farmed,rest_04,neutral
"At the edge of the garden, the man paused to eat in the shade.",1,man,human,eat_01,neutral
"At the edge of the garden, the woman paused to eat in the shade.",1,woman,human,eat_01,neutral
"At the edge of the garden, the child paused to eat in the shade.",1,child,human,eat_01,neutral
"At the edge of the garden, the boy paused to eat in the shade.",1,boy,human,eat_01,neutral
"At the edge of the garden, the girl paused to eat in the shade.",1,girl,human,eat_01,neutral
"At the edge of the garden, the farmer paused to eat in the shade.",1,farmer,human,eat_01,neutral
"At the edge of the garden, the nurse paused to eat in the shade.",1,nurse,human,eat_01,neutral
"At the edge of the garden, the teacher paused to eat in the shade.",1,teacher,human,eat_01,neutral
"At the edge of the garden, the doctor paused to eat in the shade.",1,doctor,human,eat_01,neutral
"At the edge of the garden, the student paused to eat in the shade.",1,student,human,eat_01,neutral
"At the edge of the garden, the soldier paused to eat in the shade.",1,soldier,human,eat_01,neutral
"At the edge of the garden, the hiker paused to eat in the shade.",1,hiker,human,eat_01,neutral
"At the edge of the garden, the shepherd paused to eat in the shade.",1,shepherd,human,eat_01,neutral
"At the edge of the garden, the villager paused to eat in the shade.",1,villager,human,eat_01,neutral
"At the edge of the garden, the fisherman paused to eat in the shade.",1,fisherman,human,eat_01,neutral
"At the edge of the garden, the carpenter paused to eat in the shade.",1,carpenter,human,eat_01,neutral
"At the edge of the garden, the toddler paused to eat in the shade.",1,toddler,human,eat_01,neutral
"At the edge of the garden, the grandmother paused to eat in the shade.",1,grandmother,human,eat_01,neutral
"At the edge of the garden, the grandfather paused to eat in the shade.",1,grandfather,human,eat_01,neutral
"At the edge of the garden, the worker paused to eat in the shade.",1,worker,human,eat_01,neutral
"At the edge of the garden, the baker paused to eat in the shade.",1,baker,human,eat_01,neutral
"At the edge of the garden, the tailor paused to eat in the shade.",1,tailor,human,eat_01,neutral
"At the edge of the garden, the plumber paused to eat in the shade.",1,plumber,human,eat_01,neutral
"At the edge of the garden, the sailor paused to eat in the shade.",1,sailor,human,eat_01,neutral
"At the edge of the garden, the painter paused to eat in the shade.",1,painter,human,eat_01,neutral
"At the edge of the garden, the banker paused to eat in the shade.",1,banker,human,eat_01,neutral
"At the edge of the garden, the lawyer paused to eat in the shade.",1,lawyer,human,eat_01,neutral
"At the edge of the garden, the priest paused to eat in the shade.",1,priest,human,eat_01,neutral
"At the edge of the garden, the mayor paused to eat in the shade.",1,mayor,human,eat_01,neutral
"At the edge of the garden, the clerk paused to eat in the shade.",1,clerk,human,eat_01,neutral
"At the edge of the garden, the chef paused to eat in the shade.",1,chef,human,eat_01,neutral
"At the edge of the garden, the pilot paused to eat in the shade.",1,pilot,human,eat_01,neutral
"At the edge of the garden, the miner paused to eat in the shade.",1,miner,human,eat_01,neutral
"At the edge of the garden, the mason paused to eat in the shade.",1,mason,human,eat_01,neutral
"At the edge of the garden, the traveler paused to eat in the shade.",1,traveler,human,eat_01,neutral
"At the edge of the garden, the stranger paused to eat in the shade.",1,stranger,human,eat_01,neutral
"At the edge of the garden, the infant paused to eat in the shade.",1,infant,human,eat_01,neutral
"At the edge of the garden, the widow paused to eat in the shade.",1,widow,human,eat_01,neutral
"At the edge of the garden, the uncle paused to eat in the shade.",1,uncle,human,eat_01,neutral
"At the edge of the garden, the aunt paused to eat in the shade.",1,aunt,human,eat_01,neutral
"At the edge of the garden, the pig paused to eat in the shade.",0,pig,farmed,eat_01,neutral
"At the edge of the garden, the cow paused to eat in the shade.",0,cow,farmed,eat_01,neutral
"At the edge of the garden, the chicken paused to eat in the shade.",0,chicken,farmed,eat_01,neutral
"At the edge of the garden, the goat paused to eat in the shade.",0,goat,farmed,eat_01,neutral
"At the edge of the garden, the sheep paused to eat in the shade.",0,sheep,farmed,eat_01,neutral
"At the edge of the garden, the duck paused to eat in the shade.",0,duck,farmed,eat_01,neutral
"At the edge of the garden, the turkey paused to eat in the shade.",0,turkey,farmed,eat_01,neutral
"At the edge of the garden, the hen paused to eat in the shade.",0,hen,farmed,eat_01,neutral
"At the edge of the garden, the rooster paused to eat in the shade.",0,rooster,farmed,eat_01,neutral
"At the edge of the garden, the calf paused to eat in the shade.",0,calf,farmed,eat_01,neutral
"At the edge of the garden, the lamb paused to eat in the shade.",0,lamb,farmed,eat_01,neutral
"At the edge of the garden, the piglet paused to eat in the shade.",0,piglet,farmed,eat_01,neutral
"At the edge of the garden, the ox paused to eat in the shade.",0,ox,farmed,eat_01,neutral
"At the edge of the garden, the donkey paused to eat in the shade.",0,donkey,farmed,eat_01,neutral
"At the edge of the garden, the mule paused to eat in the shade.",0,mule,farmed,eat_01,neutral
"At the edge of the garden, the goose paused to eat in the shade.",0,goose,farmed,eat_01,neutral
"At the edge of the garden, the sow paused to eat in the shade.",0,sow,farmed,eat_01,neutral
"At the edge of the garden, the heifer paused to eat in the shade.",0,heifer,farmed,eat_01,neutral
"At the edge of the garden, the foal paused to eat in the shade.",0,foal,farmed,eat_01,neutral
"At the edge of the garden, the ram paused to eat in the shade.",0,ram,farmed,eat_01,neutral
"At the edge of the garden, the capon paused to eat in the shade.",0,capon,farmed,eat_01,neutral
"At the edge of the garden, the steer paused to eat in the shade.",0,steer,farmed,eat_01,neutral
"At the edge of the garden, the bullock paused to eat in the shade.",0,bullock,farmed,eat_01,neutral
"At the edge of the garden, the ewe paused to eat in the shade.",0,ewe,farmed,eat_01,neutral
"At the edge of the garden, the wether paused to eat in the shade.",0,wether,farmed,eat_01,neutral
"At the edge of the garden, the gander paused to eat in the shade.",0,gander,farmed,eat_01,neutral
"At the edge of the garden, the drake paused to eat in the shade.",0,drake,farmed,eat_01,neutral
"At the edge of the garden, the gosling paused to eat in the shade.",0,gosling,farmed,eat_01,neutral
"At the edge of the garden, the duckling paused to eat in the shade.",0,duckling,farmed,eat_01,neutral
"At the edge of the garden, the chick paused to eat in the shade.",0,chick,farmed,eat_01,neutral
"At the edge of the garden, the cockerel paused to eat in the shade.",0,cockerel,farmed,eat_01,neutral
"At the edge of the garden, the pullet paused to eat in the shade.",0,pullet,farmed,eat_01,neutral
"At the edge of the garden, the yearling paused to eat in the shade.",0,yearling,farmed,eat_01,neutral
"At the edge of the garden, the shoat paused to eat in the shade.",0,shoat,farmed,eat_01,neutral
"At the edge of the garden, the gilt paused to eat in the shade.",0,gilt,farmed,eat_01,neutral
"At the edge of the garden, the pony paused to eat in the shade.",0,pony,farmed,eat_01,neutral
"At the edge of the garden, the mare paused to eat in the shade.",0,mare,farmed,eat_01,neutral
"At the edge of the garden, the colt paused to eat in the shade.",0,colt,farmed,eat_01,neutral
"At the edge of the garden, the alpaca paused to eat in the shade.",0,alpaca,farmed,eat_01,neutral
"At the edge of the garden, the stallion paused to eat in the shade.",0,stallion,farmed,eat_01,neutral
"Around noon, the man stopped by the stream for a drink of water.",1,man,human,eat_02,neutral
"Around noon, the woman stopped by the stream for a drink of water.",1,woman,human,eat_02,neutral
"Around noon, the child stopped by the stream for a drink of water.",1,child,human,eat_02,neutral
"Around noon, the boy stopped by the stream for a drink of water.",1,boy,human,eat_02,neutral
"Around noon, the girl stopped by the stream for a drink of water.",1,girl,human,eat_02,neutral
"Around noon, the farmer stopped by the stream for a drink of water.",1,farmer,human,eat_02,neutral
"Around noon, the nurse stopped by the stream for a drink of water.",1,nurse,human,eat_02,neutral
"Around noon, the teacher stopped by the stream for a drink of water.",1,teacher,human,eat_02,neutral
"Around noon, the doctor stopped by the stream for a drink of water.",1,doctor,human,eat_02,neutral
"Around noon, the student stopped by the stream for a drink of water.",1,student,human,eat_02,neutral
"Around noon, the soldier stopped by the stream for a drink of water.",1,soldier,human,eat_02,neutral
"Around noon, the hiker stopped by the stream for a drink of water.",1,hiker,human,eat_02,neutral
"Around noon, the shepherd stopped by the stream for a drink of water.",1,shepherd,human,eat_02,neutral
"Around noon, the villager stopped by the stream for a drink of water.",1,villager,human,eat_02,neutral
"Around noon, the fisherman stopped by the stream for a drink of water.",1,fisherman,human,eat_02,neutral
"Around noon, the carpenter stopped by the stream for a drink of water.",1,carpenter,human,eat_02,neutral
"Around noon, the toddler stopped by the stream for a drink of water.",1,toddler,human,eat_02,neutral
"Around noon, the grandmother stopped by the stream for a drink of water.",1,grandmother,human,eat_02,neutral
"Around noon, the grandfather stopped by the stream for a drink of water.",1,grandfather,human,eat_02,neutral
"Around noon, the worker stopped by the stream for a drink of water.",1,worker,human,eat_02,neutral
"Around noon, the baker stopped by the stream for a drink of water.",1,baker,human,eat_02,neutral
"Around noon, the tailor stopped by the stream for a drink of water.",1,tailor,human,eat_02,neutral
"Around noon, the plumber stopped by the stream for a drink of water.",1,plumber,human,eat_02,neutral
"Around noon, the sailor stopped by the stream for a drink of water.",1,sailor,human,eat_02,neutral
"Around noon, the painter stopped by the stream for a drink of water.",1,painter,human,eat_02,neutral
"Around noon, the banker stopped by the stream for a drink of water.",1,banker,human,eat_02,neutral
"Around noon, the lawyer stopped by the stream for a drink of water.",1,lawyer,human,eat_02,neutral
"Around noon, the priest stopped by the stream for a drink of water.",1,priest,human,eat_02,neutral
"Around noon, the mayor stopped by the stream for a drink of water.",1,mayor,human,eat_02,neutral
"Around noon, the clerk stopped by the stream for a drink of water.",1,clerk,human,eat_02,neutral
"Around noon, the chef stopped by the stream for a drink of water.",1,chef,human,eat_02,neutral
"Around noon, the pilot stopped by the stream for a drink of water.",1,pilot,human,eat_02,neutral
"Around noon, the miner stopped by the stream for a drink of water.",1,miner,human,eat_02,neutral
"Around noon, the mason stopped by the stream for a drink of water.",1,mason,human,eat_02,neutral
"Around noon, the traveler stopped by the stream for a drink of water.",1,traveler,human,eat_02,neutral
"Around noon, the stranger stopped by the stream for a drink of water.",1,stranger,human,eat_02,neutral
"Around noon, the infant stopped by the stream for a drink of water.",1,infant,human,eat_02,neutral
"Around noon, the widow stopped by the stream for a drink of water.",1,widow,human,eat_02,neutral
"Around noon, the uncle stopped by the stream for a drink of water.",1,uncle,human,eat_02,neutral
"Around noon, the aunt stopped by the stream for a drink of water.",1,aunt,human,eat_02,neutral
"Around noon, the pig stopped by the stream for a drink of water.",0,pig,farmed,eat_02,neutral
"Around noon, the cow stopped by the stream for a drink of water.",0,cow,farmed,eat_02,neutral
"Around noon, the chicken stopped by the stream for a drink of water.",0,chicken,farmed,eat_02,neutral
"Around noon, the goat stopped by the stream for a drink of water.",0,goat,farmed,eat_02,neutral
"Around noon, the sheep stopped by the stream for a drink of water.",0,sheep,farmed,eat_02,neutral
"Around noon, the duck stopped by the stream for a drink of water.",0,duck,farmed,eat_02,neutral
"Around noon, the turkey stopped by the stream for a drink of water.",0,turkey,farmed,eat_02,neutral
"Around noon, the hen stopped by the stream for a drink of water.",0,hen,farmed,eat_02,neutral
"Around noon, the rooster stopped by the stream for a drink of water.",0,rooster,farmed,eat_02,neutral
"Around noon, the calf stopped by the stream for a drink of water.",0,calf,farmed,eat_02,neutral
"Around noon, the lamb stopped by the stream for a drink of water.",0,lamb,farmed,eat_02,neutral
"Around noon, the piglet stopped by the stream for a drink of water.",0,piglet,farmed,eat_02,neutral
"Around noon, the ox stopped by the stream for a drink of water.",0,ox,farmed,eat_02,neutral
"Around noon, the donkey stopped by the stream for a drink of water.",0,donkey,farmed,eat_02,neutral
"Around noon, the mule stopped by the stream for a drink of water.",0,mule,farmed,eat_02,neutral
"Around noon, the goose stopped by the stream for a drink of water.",0,goose,farmed,eat_02,neutral
"Around noon, the sow stopped by the stream for a drink of water.",0,sow,farmed,eat_02,neutral
"Around noon, the heifer stopped by the stream for a drink of water.",0,heifer,farmed,eat_02,neutral
"Around noon, the foal stopped by the stream for a drink of water.",0,foal,farmed,eat_02,neutral
"Around noon, the ram stopped by the stream for a drink of water.",0,ram,farmed,eat_02,neutral
"Around noon, the capon stopped by the stream for a drink of water.",0,capon,farmed,eat_02,neutral
"Around noon, the steer stopped by the stream for a drink of water.",0,steer,farmed,eat_02,neutral
"Around noon, the bullock stopped by the stream for a drink of water.",0,bullock,farmed,eat_02,neutral
"Around noon, the ewe stopped by the stream for a drink of water.",0,ewe,farmed,eat_02,neutral
"Around noon, the wether stopped by the stream for a drink of water.",0,wether,farmed,eat_02,neutral
"Around noon, the gander stopped by the stream for a drink of water.",0,gander,farmed,eat_02,neutral
"Around noon, the drake stopped by the stream for a drink of water.",0,drake,farmed,eat_02,neutral
"Around noon, the gosling stopped by the stream for a drink of water.",0,gosling,farmed,eat_02,neutral
"Around noon, the duckling stopped by the stream for a drink of water.",0,duckling,farmed,eat_02,neutral
"Around noon, the chick stopped by the stream for a drink of water.",0,chick,farmed,eat_02,neutral
"Around noon, the cockerel stopped by the stream for a drink of water.",0,cockerel,farmed,eat_02,neutral
"Around noon, the pullet stopped by the stream for a drink of water.",0,pullet,farmed,eat_02,neutral
"Around noon, the yearling stopped by the stream for a drink of water.",0,yearling,farmed,eat_02,neutral
"Around noon, the shoat stopped by the stream for a drink of water.",0,shoat,farmed,eat_02,neutral
"Around noon, the gilt stopped by the stream for a drink of water.",0,gilt,farmed,eat_02,neutral
"Around noon, the pony stopped by the stream for a drink of water.",0,pony,farmed,eat_02,neutral
"Around noon, the mare stopped by the stream for a drink of water.",0,mare,farmed,eat_02,neutral
"Around noon, the colt stopped by the stream for a drink of water.",0,colt,farmed,eat_02,neutral
"Around noon, the alpaca stopped by the stream for a drink of water.",0,alpaca,farmed,eat_02,neutral
"Around noon, the stallion stopped by the stream for a drink of water.",0,stallion,farmed,eat_02,neutral
"During the afternoon, the man ate slowly beside the fence.",1,man,human,eat_03,neutral
"During the afternoon, the woman ate slowly beside the fence.",1,woman,human,eat_03,neutral
"During the afternoon, the child ate slowly beside the fence.",1,child,human,eat_03,neutral
"During the afternoon, the boy ate slowly beside the fence.",1,boy,human,eat_03,neutral
"During the afternoon, the girl ate slowly beside the fence.",1,girl,human,eat_03,neutral
"During the afternoon, the farmer ate slowly beside the fence.",1,farmer,human,eat_03,neutral
"During the afternoon, the nurse ate slowly beside the fence.",1,nurse,human,eat_03,neutral
"During the afternoon, the teacher ate slowly beside the fence.",1,teacher,human,eat_03,neutral
"During the afternoon, the doctor ate slowly beside the fence.",1,doctor,human,eat_03,neutral
"During the afternoon, the student ate slowly beside the fence.",1,student,human,eat_03,neutral
"During the afternoon, the soldier ate slowly beside the fence.",1,soldier,human,eat_03,neutral
"During the afternoon, the hiker ate slowly beside the fence.",1,hiker,human,eat_03,neutral
"During the afternoon, the shepherd ate slowly beside the fence.",1,shepherd,human,eat_03,neutral
"During the afternoon, the villager ate slowly beside the fence.",1,villager,human,eat_03,neutral
"During the afternoon, the fisherman ate slowly beside the fence.",1,fisherman,human,eat_03,neutral
"During the afternoon, the carpenter ate slowly beside the fence.",1,carpenter,human,eat_03,neutral
"During the afternoon, the toddler ate slowly beside the fence.",1,toddler,human,eat_03,neutral
"During the afternoon, the grandmother ate slowly beside the fence.",1,grandmother,human,eat_03,neutral
"During the afternoon, the grandfather ate slowly beside the fence.",1,grandfather,human,eat_03,neutral
"During the afternoon, the worker ate slowly beside the fence.",1,worker,human,eat_03,neutral
"During the afternoon, the baker ate slowly beside the fence.",1,baker,human,eat_03,neutral
"During the afternoon, the tailor ate slowly beside the fence.",1,tailor,human,eat_03,neutral
"During the afternoon, the plumber ate slowly beside the fence.",1,plumber,human,eat_03,neutral
"During the afternoon, the sailor ate slowly beside the fence.",1,sailor,human,eat_03,neutral
"During the afternoon, the painter ate slowly beside the fence.",1,painter,human,eat_03,neutral
"During the afternoon, the banker ate slowly beside the fence.",1,banker,human,eat_03,neutral
"During the afternoon, the lawyer ate slowly beside the fence.",1,lawyer,human,eat_03,neutral
"During the afternoon, the priest ate slowly beside the fence.",1,priest,human,eat_03,neutral
"During the afternoon, the mayor ate slowly beside the fence.",1,mayor,human,eat_03,neutral
"During the afternoon, the clerk ate slowly beside the fence.",1,clerk,human,eat_03,neutral
"During the afternoon, the chef ate slowly beside the fence.",1,chef,human,eat_03,neutral
"During the afternoon, the pilot ate slowly beside the fence.",1,pilot,human,eat_03,neutral
"During the afternoon, the miner ate slowly beside the fence.",1,miner,human,eat_03,neutral
"During the afternoon, the mason ate slowly beside the fence.",1,mason,human,eat_03,neutral
"During the afternoon, the traveler ate slowly beside the fence.",1,traveler,human,eat_03,neutral
"During the afternoon, the stranger ate slowly beside the fence.",1,stranger,human,eat_03,neutral
"During the afternoon, the infant ate slowly beside the fence.",1,infant,human,eat_03,neutral
"During the afternoon, the widow ate slowly beside the fence.",1,widow,human,eat_03,neutral
"During the afternoon, the uncle ate slowly beside the fence.",1,uncle,human,eat_03,neutral
"During the afternoon, the aunt ate slowly beside the fence.",1,aunt,human,eat_03,neutral
"During the afternoon, the pig ate slowly beside the fence.",0,pig,farmed,eat_03,neutral
"During the afternoon, the cow ate slowly beside the fence.",0,cow,farmed,eat_03,neutral
"During the afternoon, the chicken ate slowly beside the fence.",0,chicken,farmed,eat_03,neutral
"During the afternoon, the goat ate slowly beside the fence.",0,goat,farmed,eat_03,neutral
"During the afternoon, the sheep ate slowly beside the fence.",0,sheep,farmed,eat_03,neutral
"During the afternoon, the duck ate slowly beside the fence.",0,duck,farmed,eat_03,neutral
"During the afternoon, the turkey ate slowly beside the fence.",0,turkey,farmed,eat_03,neutral
"During the afternoon, the hen ate slowly beside the fence.",0,hen,farmed,eat_03,neutral
"During the afternoon, the rooster ate slowly beside the fence.",0,rooster,farmed,eat_03,neutral
"During the afternoon, the calf ate slowly beside the fence.",0,calf,farmed,eat_03,neutral
"During the afternoon, the lamb ate slowly beside the fence.",0,lamb,farmed,eat_03,neutral
"During the afternoon, the piglet ate slowly beside the fence.",0,piglet,farmed,eat_03,neutral
"During the afternoon, the ox ate slowly beside the fence.",0,ox,farmed,eat_03,neutral
"During the afternoon, the donkey ate slowly beside the fence.",0,donkey,farmed,eat_03,neutral
"During the afternoon, the mule ate slowly beside the fence.",0,mule,farmed,eat_03,neutral
"During the afternoon, the goose ate slowly beside the fence.",0,goose,farmed,eat_03,neutral
"During the afternoon, the sow ate slowly beside the fence.",0,sow,farmed,eat_03,neutral
"During the afternoon, the heifer ate slowly beside the fence.",0,heifer,farmed,eat_03,neutral
"During the afternoon, the foal ate slowly beside the fence.",0,foal,farmed,eat_03,neutral
"During the afternoon, the ram ate slowly beside the fence.",0,ram,farmed,eat_03,neutral
"During the afternoon, the capon ate slowly beside the fence.",0,capon,farmed,eat_03,neutral
"During the afternoon, the steer ate slowly beside the fence.",0,steer,farmed,eat_03,neutral
"During the afternoon, the bullock ate slowly beside the fence.",0,bullock,farmed,eat_03,neutral
"During the afternoon, the ewe ate slowly beside the fence.",0,ewe,farmed,eat_03,neutral
"During the afternoon, the wether ate slowly beside the fence.",0,wether,farmed,eat_03,neutral
"During the afternoon, the gander ate slowly beside the fence.",0,gander,farmed,eat_03,neutral
"During the afternoon, the drake ate slowly beside the fence.",0,drake,farmed,eat_03,neutral
"During the afternoon, the gosling ate slowly beside the fence.",0,gosling,farmed,eat_03,neutral
"During the afternoon, the duckling ate slowly beside the fence.",0,duckling,farmed,eat_03,neutral
"During the afternoon, the chick ate slowly beside the fence.",0,chick,farmed,eat_03,neutral
"During the afternoon, the cockerel ate slowly beside the fence.",0,cockerel,farmed,eat_03,neutral
"During the afternoon, the pullet ate slowly beside the fence.",0,pullet,farmed,eat_03,neutral
"During the afternoon, the yearling ate slowly beside the fence.",0,yearling,farmed,eat_03,neutral
"During the afternoon, the shoat ate slowly beside the fence.",0,shoat,farmed,eat_03,neutral
"During the afternoon, the gilt ate slowly beside the fence.",0,gilt,farmed,eat_03,neutral
"During the afternoon, the pony ate slowly beside the fence.",0,pony,farmed,eat_03,neutral
"During the afternoon, the mare ate slowly beside the fence.",0,mare,farmed,eat_03,neutral
"During the afternoon, the colt ate slowly beside the fence.",0,colt,farmed,eat_03,neutral
"During the afternoon, the alpaca ate slowly beside the fence.",0,alpaca,farmed,eat_03,neutral
"During the afternoon, the stallion ate slowly beside the fence.",0,stallion,farmed,eat_03,neutral
"Near the back porch, the man finished eating as the sun went down.",1,man,human,eat_04,neutral
"Near the back porch, the woman finished eating as the sun went down.",1,woman,human,eat_04,neutral
"Near the back porch, the child finished eating as the sun went down.",1,child,human,eat_04,neutral
"Near the back porch, the boy finished eating as the sun went down.",1,boy,human,eat_04,neutral
"Near the back porch, the girl finished eating as the sun went down.",1,girl,human,eat_04,neutral
"Near the back porch, the farmer finished eating as the sun went down.",1,farmer,human,eat_04,neutral
"Near the back porch, the nurse finished eating as the sun went down.",1,nurse,human,eat_04,neutral
"Near the back porch, the teacher finished eating as the sun went down.",1,teacher,human,eat_04,neutral
"Near the back porch, the doctor finished eating as the sun went down.",1,doctor,human,eat_04,neutral
"Near the back porch, the student finished eating as the sun went down.",1,student,human,eat_04,neutral
"Near the back porch, the soldier finished eating as the sun went down.",1,soldier,human,eat_04,neutral
"Near the back porch, the hiker finished eating as the sun went down.",1,hiker,human,eat_04,neutral
"Near the back porch, the shepherd finished eating as the sun went down.",1,shepherd,human,eat_04,neutral
"Near the back porch, the villager finished eating as the sun went down.",1,villager,human,eat_04,neutral
"Near the back porch, the fisherman finished eating as the sun went down.",1,fisherman,human,eat_04,neutral
"Near the back porch, the carpenter finished eating as the sun went down.",1,carpenter,human,eat_04,neutral
"Near the back porch, the toddler finished eating as the sun went down.",1,toddler,human,eat_04,neutral
"Near the back porch, the grandmother finished eating as the sun went down.",1,grandmother,human,eat_04,neutral
"Near the back porch, the grandfather finished eating as the sun went down.",1,grandfather,human,eat_04,neutral
"Near the back porch, the worker finished eating as the sun went down.",1,worker,human,eat_04,neutral
"Near the back porch, the baker finished eating as the sun went down.",1,baker,human,eat_04,neutral
"Near the back porch, the tailor finished eating as the sun went down.",1,tailor,human,eat_04,neutral
"Near the back porch, the plumber finished eating as the sun went down.",1,plumber,human,eat_04,neutral
"Near the back porch, the sailor finished eating as the sun went down.",1,sailor,human,eat_04,neutral
"Near the back porch, the painter finished eating as the sun went down.",1,painter,human,eat_04,neutral
"Near the back porch, the banker finished eating as the sun went down.",1,banker,human,eat_04,neutral
"Near the back porch, the lawyer finished eating as the sun went down.",1,lawyer,human,eat_04,neutral
"Near the back porch, the priest finished eating as the sun went down.",1,priest,human,eat_04,neutral
"Near the back porch, the mayor finished eating as the sun went down.",1,mayor,human,eat_04,neutral
"Near the back porch, the clerk finished eating as the sun went down.",1,clerk,human,eat_04,neutral
"Near the back porch, the chef finished eating as the sun went down.",1,chef,human,eat_04,neutral
"Near the back porch, the pilot finished eating as the sun went down.",1,pilot,human,eat_04,neutral
"Near the back porch, the miner finished eating as the sun went down.",1,miner,human,eat_04,neutral
"Near the back porch, the mason finished eating as the sun went down.",1,mason,human,eat_04,neutral
"Near the back porch, the traveler finished eating as the sun went down.",1,traveler,human,eat_04,neutral
"Near the back porch, the stranger finished eating as the sun went down.",1,stranger,human,eat_04,neutral
"Near the back porch, the infant finished eating as the sun went down.",1,infant,human,eat_04,neutral
"Near the back porch, the widow finished eating as the sun went down.",1,widow,human,eat_04,neutral
"Near the back porch, the uncle finished eating as the sun went down.",1,uncle,human,eat_04,neutral
"Near the back porch, the aunt finished eating as the sun went down.",1,aunt,human,eat_04,neutral
"Near the back porch, the pig finished eating as the sun went down.",0,pig,farmed,eat_04,neutral
"Near the back porch, the cow finished eating as the sun went down.",0,cow,farmed,eat_04,neutral
"Near the back porch, the chicken finished eating as the sun went down.",0,chicken,farmed,eat_04,neutral
"Near the back porch, the goat finished eating as the sun went down.",0,goat,farmed,eat_04,neutral
"Near the back porch, the sheep finished eating as the sun went down.",0,sheep,farmed,eat_04,neutral
"Near the back porch, the duck finished eating as the sun went down.",0,duck,farmed,eat_04,neutral
"Near the back porch, the turkey finished eating as the sun went down.",0,turkey,farmed,eat_04,neutral
"Near the back porch, the hen finished eating as the sun went down.",0,hen,farmed,eat_04,neutral
"Near the back porch, the rooster finished eating as the sun went down.",0,rooster,farmed,eat_04,neutral
"Near the back porch, the calf finished eating as the sun went down.",0,calf,farmed,eat_04,neutral
"Near the back porch, the lamb finished eating as the sun went down.",0,lamb,farmed,eat_04,neutral
"Near the back porch, the piglet finished eating as the sun went down.",0,piglet,farmed,eat_04,neutral
"Near the back porch, the ox finished eating as the sun went down.",0,ox,farmed,eat_04,neutral
"Near the back porch, the donkey finished eating as the sun went down.",0,donkey,farmed,eat_04,neutral
"Near the back porch, the mule finished eating as the sun went down.",0,mule,farmed,eat_04,neutral
"Near the back porch, the goose finished eating as the sun went down.",0,goose,farmed,eat_04,neutral
"Near the back porch, the sow finished eating as the sun went down.",0,sow,farmed,eat_04,neutral
"Near the back porch, the heifer finished eating as the sun went down.",0,heifer,farmed,eat_04,neutral
"Near the back porch, the foal finished eating as the sun went down.",0,foal,farmed,eat_04,neutral
"Near the back porch, the ram finished eating as the sun went down.",0,ram,farmed,eat_04,neutral
"Near the back porch, the capon finished eating as the sun went down.",0,capon,farmed,eat_04,neutral
"Near the back porch, the steer finished eating as the sun went down.",0,steer,farmed,eat_04,neutral
"Near the back porch, the bullock finished eating as the sun went down.",0,bullock,farmed,eat_04,neutral
"Near the back porch, the ewe finished eating as the sun went down.",0,ewe,farmed,eat_04,neutral
"Near the back porch, the wether finished eating as the sun went down.",0,wether,farmed,eat_04,neutral
"Near the back porch, the gander finished eating as the sun went down.",0,gander,farmed,eat_04,neutral
"Near the back porch, the drake finished eating as the sun went down.",0,drake,farmed,eat_04,neutral
"Near the back porch, the gosling finished eating as the sun went down.",0,gosling,farmed,eat_04,neutral
"Near the back porch, the duckling finished eating as the sun went down.",0,duckling,farmed,eat_04,neutral
"Near the back porch, the chick finished eating as the sun went down.",0,chick,farmed,eat_04,neutral
"Near the back porch, the cockerel finished eating as the sun went down.",0,cockerel,farmed,eat_04,neutral
"Near the back porch, the pullet finished eating as the sun went down.",0,pullet,farmed,eat_04,neutral
"Near the back porch, the yearling finished eating as the sun went down.",0,yearling,farmed,eat_04,neutral
"Near the back porch, the shoat finished eating as the sun went down.",0,shoat,farmed,eat_04,neutral
"Near the back porch, the gilt finished eating as the sun went down.",0,gilt,farmed,eat_04,neutral
"Near the back porch, the pony finished eating as the sun went down.",0,pony,farmed,eat_04,neutral
"Near the back porch, the mare finished eating as the sun went down.",0,mare,farmed,eat_04,neutral
"Near the back porch, the colt finished eating as the sun went down.",0,colt,farmed,eat_04,neutral
"Near the back porch, the alpaca finished eating as the sun went down.",0,alpaca,farmed,eat_04,neutral
"Near the back porch, the stallion finished eating as the sun went down.",0,stallion,farmed,eat_04,neutral
"Along the gravel path, the man moved at an unhurried pace.",1,man,human,move_01,neutral
"Along the gravel path, the woman moved at an unhurried pace.",1,woman,human,move_01,neutral
"Along the gravel path, the child moved at an unhurried pace.",1,child,human,move_01,neutral
"Along the gravel path, the boy moved at an unhurried pace.",1,boy,human,move_01,neutral
"Along the gravel path, the girl moved at an unhurried pace.",1,girl,human,move_01,neutral
"Along the gravel path, the farmer moved at an unhurried pace.",1,farmer,human,move_01,neutral
"Along the gravel path, the nurse moved at an unhurried pace.",1,nurse,human,move_01,neutral
"Along the gravel path, the teacher moved at an unhurried pace.",1,teacher,human,move_01,neutral
"Along the gravel path, the doctor moved at an unhurried pace.",1,doctor,human,move_01,neutral
"Along the gravel path, the student moved at an unhurried pace.",1,student,human,move_01,neutral
"Along the gravel path, the soldier moved at an unhurried pace.",1,soldier,human,move_01,neutral
"Along the gravel path, the hiker moved at an unhurried pace.",1,hiker,human,move_01,neutral
"Along the gravel path, the shepherd moved at an unhurried pace.",1,shepherd,human,move_01,neutral
"Along the gravel path, the villager moved at an unhurried pace.",1,villager,human,move_01,neutral
"Along the gravel path, the fisherman moved at an unhurried pace.",1,fisherman,human,move_01,neutral
"Along the gravel path, the carpenter moved at an unhurried pace.",1,carpenter,human,move_01,neutral
"Along the gravel path, the toddler moved at an unhurried pace.",1,toddler,human,move_01,neutral
"Along the gravel path, the grandmother moved at an unhurried pace.",1,grandmother,human,move_01,neutral
"Along the gravel path, the grandfather moved at an unhurried pace.",1,grandfather,human,move_01,neutral
"Along the gravel path, the worker moved at an unhurried pace.",1,worker,human,move_01,neutral
"Along the gravel path, the baker moved at an unhurried pace.",1,baker,human,move_01,neutral
"Along the gravel path, the tailor moved at an unhurried pace.",1,tailor,human,move_01,neutral
"Along the gravel path, the plumber moved at an unhurried pace.",1,plumber,human,move_01,neutral
"Along the gravel path, the sailor moved at an unhurried pace.",1,sailor,human,move_01,neutral
"Along the gravel path, the painter moved at an unhurried pace.",1,painter,human,move_01,neutral
"Along the gravel path, the banker moved at an unhurried pace.",1,banker,human,move_01,neutral
"Along the gravel path, the lawyer moved at an unhurried pace.",1,lawyer,human,move_01,neutral
"Along the gravel path, the priest moved at an unhurried pace.",1,priest,human,move_01,neutral
"Along the gravel path, the mayor moved at an unhurried pace.",1,mayor,human,move_01,neutral
"Along the gravel path, the clerk moved at an unhurried pace.",1,clerk,human,move_01,neutral
"Along the gravel path, the chef moved at an unhurried pace.",1,chef,human,move_01,neutral
"Along the gravel path, the pilot moved at an unhurried pace.",1,pilot,human,move_01,neutral
"Along the gravel path, the miner moved at an unhurried pace.",1,miner,human,move_01,neutral
"Along the gravel path, the mason moved at an unhurried pace.",1,mason,human,move_01,neutral
"Along the gravel path, the traveler moved at an unhurried pace.",1,traveler,human,move_01,neutral
"Along the gravel path, the stranger moved at an unhurried pace.",1,stranger,human,move_01,neutral
"Along the gravel path, the infant moved at an unhurried pace.",1,infant,human,move_01,neutral
"Along the gravel path, the widow moved at an unhurried pace.",1,widow,human,move_01,neutral
"Along the gravel path, the uncle moved at an unhurried pace.",1,uncle,human,move_01,neutral
"Along the gravel path, the aunt moved at an unhurried pace.",1,aunt,human,move_01,neutral
"Along the gravel path, the pig moved at an unhurried pace.",0,pig,farmed,move_01,neutral
"Along the gravel path, the cow moved at an unhurried pace.",0,cow,farmed,move_01,neutral
"Along the gravel path, the chicken moved at an unhurried pace.",0,chicken,farmed,move_01,neutral
"Along the gravel path, the goat moved at an unhurried pace.",0,goat,farmed,move_01,neutral
"Along the gravel path, the sheep moved at an unhurried pace.",0,sheep,farmed,move_01,neutral
"Along the gravel path, the duck moved at an unhurried pace.",0,duck,farmed,move_01,neutral
"Along the gravel path, the turkey moved at an unhurried pace.",0,turkey,farmed,move_01,neutral
"Along the gravel path, the hen moved at an unhurried pace.",0,hen,farmed,move_01,neutral
"Along the gravel path, the rooster moved at an unhurried pace.",0,rooster,farmed,move_01,neutral
"Along the gravel path, the calf moved at an unhurried pace.",0,calf,farmed,move_01,neutral
"Along the gravel path, the lamb moved at an unhurried pace.",0,lamb,farmed,move_01,neutral
"Along the gravel path, the piglet moved at an unhurried pace.",0,piglet,farmed,move_01,neutral
"Along the gravel path, the ox moved at an unhurried pace.",0,ox,farmed,move_01,neutral
"Along the gravel path, the donkey moved at an unhurried pace.",0,donkey,farmed,move_01,neutral
"Along the gravel path, the mule moved at an unhurried pace.",0,mule,farmed,move_01,neutral
"Along the gravel path, the goose moved at an unhurried pace.",0,goose,farmed,move_01,neutral
"Along the gravel path, the sow moved at an unhurried pace.",0,sow,farmed,move_01,neutral
"Along the gravel path, the heifer moved at an unhurried pace.",0,heifer,farmed,move_01,neutral
"Along the gravel path, the foal moved at an unhurried pace.",0,foal,farmed,move_01,neutral
"Along the gravel path, the ram moved at an unhurried pace.",0,ram,farmed,move_01,neutral
"Along the gravel path, the capon moved at an unhurried pace.",0,capon,farmed,move_01,neutral
"Along the gravel path, the steer moved at an unhurried pace.",0,steer,farmed,move_01,neutral
"Along the gravel path, the bullock moved at an unhurried pace.",0,bullock,farmed,move_01,neutral
"Along the gravel path, the ewe moved at an unhurried pace.",0,ewe,farmed,move_01,neutral
"Along the gravel path, the wether moved at an unhurried pace.",0,wether,farmed,move_01,neutral
"Along the gravel path, the gander moved at an unhurried pace.",0,gander,farmed,move_01,neutral
"Along the gravel path, the drake moved at an unhurried pace.",0,drake,farmed,move_01,neutral
"Along the gravel path, the gosling moved at an unhurried pace.",0,gosling,farmed,move_01,neutral
"Along the gravel path, the duckling moved at an unhurried pace.",0,duckling,farmed,move_01,neutral
"Along the gravel path, the chick moved at an unhurried pace.",0,chick,farmed,move_01,neutral
"Along the gravel path, the cockerel moved at an unhurried pace.",0,cockerel,farmed,move_01,neutral
"Along the gravel path, the pullet moved at an unhurried pace.",0,pullet,farmed,move_01,neutral
"Along the gravel path, the yearling moved at an unhurried pace.",0,yearling,farmed,move_01,neutral
"Along the gravel path, the shoat moved at an unhurried pace.",0,shoat,farmed,move_01,neutral
"Along the gravel path, the gilt moved at an unhurried pace.",0,gilt,farmed,move_01,neutral
"Along the gravel path, the pony moved at an unhurried pace.",0,pony,farmed,move_01,neutral
"Along the gravel path, the mare moved at an unhurried pace.",0,mare,farmed,move_01,neutral
"Along the gravel path, the colt moved at an unhurried pace.",0,colt,farmed,move_01,neutral
"Along the gravel path, the alpaca moved at an unhurried pace.",0,alpaca,farmed,move_01,neutral
"Along the gravel path, the stallion moved at an unhurried pace.",0,stallion,farmed,move_01,neutral
"Across the open pasture, the man made steady progress toward the trees.",1,man,human,move_02,neutral
"Across the open pasture, the woman made steady progress toward the trees.",1,woman,human,move_02,neutral
"Across the open pasture, the child made steady progress toward the trees.",1,child,human,move_02,neutral
"Across the open pasture, the boy made steady progress toward the trees.",1,boy,human,move_02,neutral
"Across the open pasture, the girl made steady progress toward the trees.",1,girl,human,move_02,neutral
"Across the open pasture, the farmer made steady progress toward the trees.",1,farmer,human,move_02,neutral
"Across the open pasture, the nurse made steady progress toward the trees.",1,nurse,human,move_02,neutral
"Across the open pasture, the teacher made steady progress toward the trees.",1,teacher,human,move_02,neutral
"Across the open pasture, the doctor made steady progress toward the trees.",1,doctor,human,move_02,neutral
"Across the open pasture, the student made steady progress toward the trees.",1,student,human,move_02,neutral
"Across the open pasture, the soldier made steady progress toward the trees.",1,soldier,human,move_02,neutral
"Across the open pasture, the hiker made steady progress toward the trees.",1,hiker,human,move_02,neutral
"Across the open pasture, the shepherd made steady progress toward the trees.",1,shepherd,human,move_02,neutral
"Across the open pasture, the villager made steady progress toward the trees.",1,villager,human,move_02,neutral
"Across the open pasture, the fisherman made steady progress toward the trees.",1,fisherman,human,move_02,neutral
"Across the open pasture, the carpenter made steady progress toward the trees.",1,carpenter,human,move_02,neutral
"Across the open pasture, the toddler made steady progress toward the trees.",1,toddler,human,move_02,neutral
"Across the open pasture, the grandmother made steady progress toward the trees.",1,grandmother,human,move_02,neutral
"Across the open pasture, the grandfather made steady progress toward the trees.",1,grandfather,human,move_02,neutral
"Across the open pasture, the worker made steady progress toward the trees.",1,worker,human,move_02,neutral
"Across the open pasture, the baker made steady progress toward the trees.",1,baker,human,move_02,neutral
"Across the open pasture, the tailor made steady progress toward the trees.",1,tailor,human,move_02,neutral
"Across the open pasture, the plumber made steady progress toward the trees.",1,plumber,human,move_02,neutral
"Across the open pasture, the sailor made steady progress toward the trees.",1,sailor,human,move_02,neutral
"Across the open pasture, the painter made steady progress toward the trees.",1,painter,human,move_02,neutral
"Across the open pasture, the banker made steady progress toward the trees.",1,banker,human,move_02,neutral
"Across the open pasture, the lawyer made steady progress toward the trees.",1,lawyer,human,move_02,neutral
"Across the open pasture, the priest made steady progress toward the trees.",1,priest,human,move_02,neutral
"Across the open pasture, the mayor made steady progress toward the trees.",1,mayor,human,move_02,neutral
"Across the open pasture, the clerk made steady progress toward the trees.",1,clerk,human,move_02,neutral
"Across the open pasture, the chef made steady progress toward the trees.",1,chef,human,move_02,neutral
"Across the open pasture, the pilot made steady progress toward the trees.",1,pilot,human,move_02,neutral
"Across the open pasture, the miner made steady progress toward the trees.",1,miner,human,move_02,neutral
"Across the open pasture, the mason made steady progress toward the trees.",1,mason,human,move_02,neutral
"Across the open pasture, the traveler made steady progress toward the trees.",1,traveler,human,move_02,neutral
"Across the open pasture, the stranger made steady progress toward the trees.",1,stranger,human,move_02,neutral
"Across the open pasture, the infant made steady progress toward the trees.",1,infant,human,move_02,neutral
"Across the open pasture, the widow made steady progress toward the trees.",1,widow,human,move_02,neutral
"Across the open pasture, the uncle made steady progress toward the trees.",1,uncle,human,move_02,neutral
"Across the open pasture, the aunt made steady progress toward the trees.",1,aunt,human,move_02,neutral
"Across the open pasture, the pig made steady progress toward the trees.",0,pig,farmed,move_02,neutral
"Across the open pasture, the cow made steady progress toward the trees.",0,cow,farmed,move_02,neutral
"Across the open pasture, the chicken made steady progress toward the trees.",0,chicken,farmed,move_02,neutral
"Across the open pasture, the goat made steady progress toward the trees.",0,goat,farmed,move_02,neutral
"Across the open pasture, the sheep made steady progress toward the trees.",0,sheep,farmed,move_02,neutral
"Across the open pasture, the duck made steady progress toward the trees.",0,duck,farmed,move_02,neutral
"Across the open pasture, the turkey made steady progress toward the trees.",0,turkey,farmed,move_02,neutral
"Across the open pasture, the hen made steady progress toward the trees.",0,hen,farmed,move_02,neutral
"Across the open pasture, the rooster made steady progress toward the trees.",0,rooster,farmed,move_02,neutral
"Across the open pasture, the calf made steady progress toward the trees.",0,calf,farmed,move_02,neutral
"Across the open pasture, the lamb made steady progress toward the trees.",0,lamb,farmed,move_02,neutral
"Across the open pasture, the piglet made steady progress toward the trees.",0,piglet,farmed,move_02,neutral
"Across the open pasture, the ox made steady progress toward the trees.",0,ox,farmed,move_02,neutral
"Across the open pasture, the donkey made steady progress toward the trees.",0,donkey,farmed,move_02,neutral
"Across the open pasture, the mule made steady progress toward the trees.",0,mule,farmed,move_02,neutral
"Across the open pasture, the goose made steady progress toward the trees.",0,goose,farmed,move_02,neutral
"Across the open pasture, the sow made steady progress toward the trees.",0,sow,farmed,move_02,neutral
"Across the open pasture, the heifer made steady progress toward the trees.",0,heifer,farmed,move_02,neutral
"Across the open pasture, the foal made steady progress toward the trees.",0,foal,farmed,move_02,neutral
"Across the open pasture, the ram made steady progress toward the trees.",0,ram,farmed,move_02,neutral
"Across the open pasture, the capon made steady progress toward the trees.",0,capon,farmed,move_02,neutral
"Across the open pasture, the steer made steady progress toward the trees.",0,steer,farmed,move_02,neutral
"Across the open pasture, the bullock made steady progress toward the trees.",0,bullock,farmed,move_02,neutral
"Across the open pasture, the ewe made steady progress toward the trees.",0,ewe,farmed,move_02,neutral
"Across the open pasture, the wether made steady progress toward the trees.",0,wether,farmed,move_02,neutral
"Across the open pasture, the gander made steady progress toward the trees.",0,gander,farmed,move_02,neutral
"Across the open pasture, the drake made steady progress toward the trees.",0,drake,farmed,move_02,neutral
"Across the open pasture, the gosling made steady progress toward the trees.",0,gosling,farmed,move_02,neutral
"Across the open pasture, the duckling made steady progress toward the trees.",0,duckling,farmed,move_02,neutral
"Across the open pasture, the chick made steady progress toward the trees.",0,chick,farmed,move_02,neutral
"Across the open pasture, the cockerel made steady progress toward the trees.",0,cockerel,farmed,move_02,neutral
"Across the open pasture, the pullet made steady progress toward the trees.",0,pullet,farmed,move_02,neutral
"Across the open pasture, the yearling made steady progress toward the trees.",0,yearling,farmed,move_02,neutral
"Across the open pasture, the shoat made steady progress toward the trees.",0,shoat,farmed,move_02,neutral
"Across the open pasture, the gilt made steady progress toward the trees.",0,gilt,farmed,move_02,neutral
"Across the open pasture, the pony made steady progress toward the trees.",0,pony,farmed,move_02,neutral
"Across the open pasture, the mare made steady progress toward the trees.",0,mare,farmed,move_02,neutral
"Across the open pasture, the colt made steady progress toward the trees.",0,colt,farmed,move_02,neutral
"Across the open pasture, the alpaca made steady progress toward the trees.",0,alpaca,farmed,move_02,neutral
"Across the open pasture, the stallion made steady progress toward the trees.",0,stallion,farmed,move_02,neutral
"Down by the river bank, the man picked a careful way over the stones.",1,man,human,move_03,neutral
"Down by the river bank, the woman picked a careful way over the stones.",1,woman,human,move_03,neutral
"Down by the river bank, the child picked a careful way over the stones.",1,child,human,move_03,neutral
"Down by the river bank, the boy picked a careful way over the stones.",1,boy,human,move_03,neutral
"Down by the river bank, the girl picked a careful way over the stones.",1,girl,human,move_03,neutral
"Down by the river bank, the farmer picked a careful way over the stones.",1,farmer,human,move_03,neutral
"Down by the river bank, the nurse picked a careful way over the stones.",1,nurse,human,move_03,neutral
"Down by the river bank, the teacher picked a careful way over the stones.",1,teacher,human,move_03,neutral
"Down by the river bank, the doctor picked a careful way over the stones.",1,doctor,human,move_03,neutral
"Down by the river bank, the student picked a careful way over the stones.",1,student,human,move_03,neutral
"Down by the river bank, the soldier picked a careful way over the stones.",1,soldier,human,move_03,neutral
"Down by the river bank, the hiker picked a careful way over the stones.",1,hiker,human,move_03,neutral
"Down by the river bank, the shepherd picked a careful way over the stones.",1,shepherd,human,move_03,neutral
"Down by the river bank, the villager picked a careful way over the stones.",1,villager,human,move_03,neutral
"Down by the river bank, the fisherman picked a careful way over the stones.",1,fisherman,human,move_03,neutral
"Down by the river bank, the carpenter picked a careful way over the stones.",1,carpenter,human,move_03,neutral
"Down by the river bank, the toddler picked a careful way over the stones.",1,toddler,human,move_03,neutral
"Down by the river bank, the grandmother picked a careful way over the stones.",1,grandmother,human,move_03,neutral
"Down by the river bank, the grandfather picked a careful way over the stones.",1,grandfather,human,move_03,neutral
"Down by the river bank, the worker picked a careful way over the stones.",1,worker,human,move_03,neutral
"Down by the river bank, the baker picked a careful way over the stones.",1,baker,human,move_03,neutral
"Down by the river bank, the tailor picked a careful way over the stones.",1,tailor,human,move_03,neutral
"Down by the river bank, the plumber picked a careful way over the stones.",1,plumber,human,move_03,neutral
"Down by the river bank, the sailor picked a careful way over the stones.",1,sailor,human,move_03,neutral
"Down by the river bank, the painter picked a careful way over the stones.",1,painter,human,move_03,neutral
"Down by the river bank, the banker picked a careful way over the stones.",1,banker,human,move_03,neutral
"Down by the river bank, the lawyer picked a careful way over the stones.",1,lawyer,human,move_03,neutral
"Down by the river bank, the priest picked a careful way over the stones.",1,priest,human,move_03,neutral
"Down by the river bank, the mayor picked a careful way over the stones.",1,mayor,human,move_03,neutral
"Down by the river bank, the clerk picked a careful way over the stones.",1,clerk,human,move_03,neutral
"Down by the river bank, the chef picked a careful way over the stones.",1,chef,human,move_03,neutral
"Down by the river bank, the pilot picked a careful way over the stones.",1,pilot,human,move_03,neutral
"Down by the river bank, the miner picked a careful way over the stones.",1,miner,human,move_03,neutral
"Down by the river bank, the mason picked a careful way over the stones.",1,mason,human,move_03,neutral
"Down by the river bank, the traveler picked a careful way over the stones.",1,traveler,human,move_03,neutral
"Down by the river bank, the stranger picked a careful way over the stones.",1,stranger,human,move_03,neutral
"Down by the river bank, the infant picked a careful way over the stones.",1,infant,human,move_03,neutral
"Down by the river bank, the widow picked a careful way over the stones.",1,widow,human,move_03,neutral
"Down by the river bank, the uncle picked a careful way over the stones.",1,uncle,human,move_03,neutral
"Down by the river bank, the aunt picked a careful way over the stones.",1,aunt,human,move_03,neutral
"Down by the river bank, the pig picked a careful way over the stones.",0,pig,farmed,move_03,neutral
"Down by the river bank, the cow picked a careful way over the stones.",0,cow,farmed,move_03,neutral
"Down by the river bank, the chicken picked a careful way over the stones.",0,chicken,farmed,move_03,neutral
"Down by the river bank, the goat picked a careful way over the stones.",0,goat,farmed,move_03,neutral
"Down by the river bank, the sheep picked a careful way over the stones.",0,sheep,farmed,move_03,neutral
"Down by the river bank, the duck picked a careful way over the stones.",0,duck,farmed,move_03,neutral
"Down by the river bank, the turkey picked a careful way over the stones.",0,turkey,farmed,move_03,neutral
"Down by the river bank, the hen picked a careful way over the stones.",0,hen,farmed,move_03,neutral
"Down by the river bank, the rooster picked a careful way over the stones.",0,rooster,farmed,move_03,neutral
"Down by the river bank, the calf picked a careful way over the stones.",0,calf,farmed,move_03,neutral
"Down by the river bank, the lamb picked a careful way over the stones.",0,lamb,farmed,move_03,neutral
"Down by the river bank, the piglet picked a careful way over the stones.",0,piglet,farmed,move_03,neutral
"Down by the river bank, the ox picked a careful way over the stones.",0,ox,farmed,move_03,neutral
"Down by the river bank, the donkey picked a careful way over the stones.",0,donkey,farmed,move_03,neutral
"Down by the river bank, the mule picked a careful way over the stones.",0,mule,farmed,move_03,neutral
"Down by the river bank, the goose picked a careful way over the stones.",0,goose,farmed,move_03,neutral
"Down by the river bank, the sow picked a careful way over the stones.",0,sow,farmed,move_03,neutral
"Down by the river bank, the heifer picked a careful way over the stones.",0,heifer,farmed,move_03,neutral
"Down by the river bank, the foal picked a careful way over the stones.",0,foal,farmed,move_03,neutral
"Down by the river bank, the ram picked a careful way over the stones.",0,ram,farmed,move_03,neutral
"Down by the river bank, the capon picked a careful way over the stones.",0,capon,farmed,move_03,neutral
"Down by the river bank, the steer picked a careful way over the stones.",0,steer,farmed,move_03,neutral
"Down by the river bank, the bullock picked a careful way over the stones.",0,bullock,farmed,move_03,neutral
"Down by the river bank, the ewe picked a careful way over the stones.",0,ewe,farmed,move_03,neutral
"Down by the river bank, the wether picked a careful way over the stones.",0,wether,farmed,move_03,neutral
"Down by the river bank, the gander picked a careful way over the stones.",0,gander,farmed,move_03,neutral
"Down by the river bank, the drake picked a careful way over the stones.",0,drake,farmed,move_03,neutral
"Down by the river bank, the gosling picked a careful way over the stones.",0,gosling,farmed,move_03,neutral
"Down by the river bank, the duckling picked a careful way over the stones.",0,duckling,farmed,move_03,neutral
"Down by the river bank, the chick picked a careful way over the stones.",0,chick,farmed,move_03,neutral
"Down by the river bank, the cockerel picked a careful way over the stones.",0,cockerel,farmed,move_03,neutral
"Down by the river bank, the pullet picked a careful way over the stones.",0,pullet,farmed,move_03,neutral
"Down by the river bank, the yearling picked a careful way over the stones.",0,yearling,farmed,move_03,neutral
"Down by the river bank, the shoat picked a careful way over the stones.",0,shoat,farmed,move_03,neutral
"Down by the river bank, the gilt picked a careful way over the stones.",0,gilt,farmed,move_03,neutral
"Down by the river bank, the pony picked a careful way over the stones.",0,pony,farmed,move_03,neutral
"Down by the river bank, the mare picked a careful way over the stones.",0,mare,farmed,move_03,neutral
"Down by the river bank, the colt picked a careful way over the stones.",0,colt,farmed,move_03,neutral
"Down by the river bank, the alpaca picked a careful way over the stones.",0,alpaca,farmed,move_03,neutral
"Down by the river bank, the stallion picked a careful way over the stones.",0,stallion,farmed,move_03,neutral
"Through the tall grass, the man moved quietly toward the hedgerow.",1,man,human,move_04,neutral
"Through the tall grass, the woman moved quietly toward the hedgerow.",1,woman,human,move_04,neutral
"Through the tall grass, the child moved quietly toward the hedgerow.",1,child,human,move_04,neutral
"Through the tall grass, the boy moved quietly toward the hedgerow.",1,boy,human,move_04,neutral
"Through the tall grass, the girl moved quietly toward the hedgerow.",1,girl,human,move_04,neutral
"Through the tall grass, the farmer moved quietly toward the hedgerow.",1,farmer,human,move_04,neutral
"Through the tall grass, the nurse moved quietly toward the hedgerow.",1,nurse,human,move_04,neutral
"Through the tall grass, the teacher moved quietly toward the hedgerow.",1,teacher,human,move_04,neutral
"Through the tall grass, the doctor moved quietly toward the hedgerow.",1,doctor,human,move_04,neutral
"Through the tall grass, the student moved quietly toward the hedgerow.",1,student,human,move_04,neutral
"Through the tall grass, the soldier moved quietly toward the hedgerow.",1,soldier,human,move_04,neutral
"Through the tall grass, the hiker moved quietly toward the hedgerow.",1,hiker,human,move_04,neutral
"Through the tall grass, the shepherd moved quietly toward the hedgerow.",1,shepherd,human,move_04,neutral
"Through the tall grass, the villager moved quietly toward the hedgerow.",1,villager,human,move_04,neutral
"Through the tall grass, the fisherman moved quietly toward the hedgerow.",1,fisherman,human,move_04,neutral
"Through the tall grass, the carpenter moved quietly toward the hedgerow.",1,carpenter,human,move_04,neutral
"Through the tall grass, the toddler moved quietly toward the hedgerow.",1,toddler,human,move_04,neutral
"Through the tall grass, the grandmother moved quietly toward the hedgerow.",1,grandmother,human,move_04,neutral
"Through the tall grass, the grandfather moved quietly toward the hedgerow.",1,grandfather,human,move_04,neutral
"Through the tall grass, the worker moved quietly toward the hedgerow.",1,worker,human,move_04,neutral
"Through the tall grass, the baker moved quietly toward the hedgerow.",1,baker,human,move_04,neutral
"Through the tall grass, the tailor moved quietly toward the hedgerow.",1,tailor,human,move_04,neutral
"Through the tall grass, the plumber moved quietly toward the hedgerow.",1,plumber,human,move_04,neutral
"Through the tall grass, the sailor moved quietly toward the hedgerow.",1,sailor,human,move_04,neutral
"Through the tall grass, the painter moved quietly toward the hedgerow.",1,painter,human,move_04,neutral
"Through the tall grass, the banker moved quietly toward the hedgerow.",1,banker,human,move_04,neutral
"Through the tall grass, the lawyer moved quietly toward the hedgerow.",1,lawyer,human,move_04,neutral
"Through the tall grass, the priest moved quietly toward the hedgerow.",1,priest,human,move_04,neutral
"Through the tall grass, the mayor moved quietly toward the hedgerow.",1,mayor,human,move_04,neutral
"Through the tall grass, the clerk moved quietly toward the hedgerow.",1,clerk,human,move_04,neutral
"Through the tall grass, the chef moved quietly toward the hedgerow.",1,chef,human,move_04,neutral
"Through the tall grass, the pilot moved quietly toward the hedgerow.",1,pilot,human,move_04,neutral
"Through the tall grass, the miner moved quietly toward the hedgerow.",1,miner,human,move_04,neutral
"Through the tall grass, the mason moved quietly toward the hedgerow.",1,mason,human,move_04,neutral
"Through the tall grass, the traveler moved quietly toward the hedgerow.",1,traveler,human,move_04,neutral
"Through the tall grass, the stranger moved quietly toward the hedgerow.",1,stranger,human,move_04,neutral
"Through the tall grass, the infant moved quietly toward the hedgerow.",1,infant,human,move_04,neutral
"Through the tall grass, the widow moved quietly toward the hedgerow.",1,widow,human,move_04,neutral
"Through the tall grass, the uncle moved quietly toward the hedgerow.",1,uncle,human,move_04,neutral
"Through the tall grass, the aunt moved quietly toward the hedgerow.",1,aunt,human,move_04,neutral
"Through the tall grass, the pig moved quietly toward the hedgerow.",0,pig,farmed,move_04,neutral
"Through the tall grass, the cow moved quietly toward the hedgerow.",0,cow,farmed,move_04,neutral
"Through the tall grass, the chicken moved quietly toward the hedgerow.",0,chicken,farmed,move_04,neutral
"Through the tall grass, the goat moved quietly toward the hedgerow.",0,goat,farmed,move_04,neutral
"Through the tall grass, the sheep moved quietly toward the hedgerow.",0,sheep,farmed,move_04,neutral
"Through the tall grass, the duck moved quietly toward the hedgerow.",0,duck,farmed,move_04,neutral
"Through the tall grass, the turkey moved quietly toward the hedgerow.",0,turkey,farmed,move_04,neutral
"Through the tall grass, the hen moved quietly toward the hedgerow.",0,hen,farmed,move_04,neutral
"Through the tall grass, the rooster moved quietly toward the hedgerow.",0,rooster,farmed,move_04,neutral
"Through the tall grass, the calf moved quietly toward the hedgerow.",0,calf,farmed,move_04,neutral
"Through the tall grass, the lamb moved quietly toward the hedgerow.",0,lamb,farmed,move_04,neutral
"Through the tall grass, the piglet moved quietly toward the hedgerow.",0,piglet,farmed,move_04,neutral
"Through the tall grass, the ox moved quietly toward the hedgerow.",0,ox,farmed,move_04,neutral
"Through the tall grass, the donkey moved quietly toward the hedgerow.",0,donkey,farmed,move_04,neutral
"Through the tall grass, the mule moved quietly toward the hedgerow.",0,mule,farmed,move_04,neutral
"Through the tall grass, the goose moved quietly toward the hedgerow.",0,goose,farmed,move_04,neutral
"Through the tall grass, the sow moved quietly toward the hedgerow.",0,sow,farmed,move_04,neutral
"Through the tall grass, the heifer moved quietly toward the hedgerow.",0,heifer,farmed,move_04,neutral
"Through the tall grass, the foal moved quietly toward the hedgerow.",0,foal,farmed,move_04,neutral
"Through the tall grass, the ram moved quietly toward the hedgerow.",0,ram,farmed,move_04,neutral
"Through the tall grass, the capon moved quietly toward the hedgerow.",0,capon,farmed,move_04,neutral
"Through the tall grass, the steer moved quietly toward the hedgerow.",0,steer,farmed,move_04,neutral
"Through the tall grass, the bullock moved quietly toward the hedgerow.",0,bullock,farmed,move_04,neutral
"Through the tall grass, the ewe moved quietly toward the hedgerow.",0,ewe,farmed,move_04,neutral
"Through the tall grass, the wether moved quietly toward the hedgerow.",0,wether,farmed,move_04,neutral
"Through the tall grass, the gander moved quietly toward the hedgerow.",0,gander,farmed,move_04,neutral
"Through the tall grass, the drake moved quietly toward the hedgerow.",0,drake,farmed,move_04,neutral
"Through the tall grass, the gosling moved quietly toward the hedgerow.",0,gosling,farmed,move_04,neutral
"Through the tall grass, the duckling moved quietly toward the hedgerow.",0,duckling,farmed,move_04,neutral
"Through the tall grass, the chick moved quietly toward the hedgerow.",0,chick,farmed,move_04,neutral
"Through the tall grass, the cockerel moved quietly toward the hedgerow.",0,cockerel,farmed,move_04,neutral
"Through the tall grass, the pullet moved quietly toward the hedgerow.",0,pullet,farmed,move_04,neutral
"Through the tall grass, the yearling moved quietly toward the hedgerow.",0,yearling,farmed,move_04,neutral
"Through the tall grass, the shoat moved quietly toward the hedgerow.",0,shoat,farmed,move_04,neutral
"Through the tall grass, the gilt moved quietly toward the hedgerow.",0,gilt,farmed,move_04,neutral
"Through the tall grass, the pony moved quietly toward the hedgerow.",0,pony,farmed,move_04,neutral
"Through the tall grass, the mare moved quietly toward the hedgerow.",0,mare,farmed,move_04,neutral
"Through the tall grass, the colt moved quietly toward the hedgerow.",0,colt,farmed,move_04,neutral
"Through the tall grass, the alpaca moved quietly toward the hedgerow.",0,alpaca,farmed,move_04,neutral
"Through the tall grass, the stallion moved quietly toward the hedgerow.",0,stallion,farmed,move_04,neutral
"From the fence line, the neighbors watched the man cross the field.",1,man,human,watch_01,neutral
"From the fence line, the neighbors watched the woman cross the field.",1,woman,human,watch_01,neutral
"From the fence line, the neighbors watched the child cross the field.",1,child,human,watch_01,neutral
"From the fence line, the neighbors watched the boy cross the field.",1,boy,human,watch_01,neutral
"From the fence line, the neighbors watched the girl cross the field.",1,girl,human,watch_01,neutral
"From the fence line, the neighbors watched the farmer cross the field.",1,farmer,human,watch_01,neutral
"From the fence line, the neighbors watched the nurse cross the field.",1,nurse,human,watch_01,neutral
"From the fence line, the neighbors watched the teacher cross the field.",1,teacher,human,watch_01,neutral
"From the fence line, the neighbors watched the doctor cross the field.",1,doctor,human,watch_01,neutral
"From the fence line, the neighbors watched the student cross the field.",1,student,human,watch_01,neutral
"From the fence line, the neighbors watched the soldier cross the field.",1,soldier,human,watch_01,neutral
"From the fence line, the neighbors watched the hiker cross the field.",1,hiker,human,watch_01,neutral
"From the fence line, the neighbors watched the shepherd cross the field.",1,shepherd,human,watch_01,neutral
"From the fence line, the neighbors watched the villager cross the field.",1,villager,human,watch_01,neutral
"From the fence line, the neighbors watched the fisherman cross the field.",1,fisherman,human,watch_01,neutral
"From the fence line, the neighbors watched the carpenter cross the field.",1,carpenter,human,watch_01,neutral
"From the fence line, the neighbors watched the toddler cross the field.",1,toddler,human,watch_01,neutral
"From the fence line, the neighbors watched the grandmother cross the field.",1,grandmother,human,watch_01,neutral
"From the fence line, the neighbors watched the grandfather cross the field.",1,grandfather,human,watch_01,neutral
"From the fence line, the neighbors watched the worker cross the field.",1,worker,human,watch_01,neutral
"From the fence line, the neighbors watched the baker cross the field.",1,baker,human,watch_01,neutral
"From the fence line, the neighbors watched the tailor cross the field.",1,tailor,human,watch_01,neutral
"From the fence line, the neighbors watched the plumber cross the field.",1,plumber,human,watch_01,neutral
"From the fence line, the neighbors watched the sailor cross the field.",1,sailor,human,watch_01,neutral
"From the fence line, the neighbors watched the painter cross the field.",1,painter,human,watch_01,neutral
"From the fence line, the neighbors watched the banker cross the field.",1,banker,human,watch_01,neutral
"From the fence line, the neighbors watched the lawyer cross the field.",1,lawyer,human,watch_01,neutral
"From the fence line, the neighbors watched the priest cross the field.",1,priest,human,watch_01,neutral
"From the fence line, the neighbors watched the mayor cross the field.",1,mayor,human,watch_01,neutral
"From the fence line, the neighbors watched the clerk cross the field.",1,clerk,human,watch_01,neutral
"From the fence line, the neighbors watched the chef cross the field.",1,chef,human,watch_01,neutral
"From the fence line, the neighbors watched the pilot cross the field.",1,pilot,human,watch_01,neutral
"From the fence line, the neighbors watched the miner cross the field.",1,miner,human,watch_01,neutral
"From the fence line, the neighbors watched the mason cross the field.",1,mason,human,watch_01,neutral
"From the fence line, the neighbors watched the traveler cross the field.",1,traveler,human,watch_01,neutral
"From the fence line, the neighbors watched the stranger cross the field.",1,stranger,human,watch_01,neutral
"From the fence line, the neighbors watched the infant cross the field.",1,infant,human,watch_01,neutral
"From the fence line, the neighbors watched the widow cross the field.",1,widow,human,watch_01,neutral
"From the fence line, the neighbors watched the uncle cross the field.",1,uncle,human,watch_01,neutral
"From the fence line, the neighbors watched the aunt cross the field.",1,aunt,human,watch_01,neutral
"From the fence line, the neighbors watched the pig cross the field.",0,pig,farmed,watch_01,neutral
"From the fence line, the neighbors watched the cow cross the field.",0,cow,farmed,watch_01,neutral
"From the fence line, the neighbors watched the chicken cross the field.",0,chicken,farmed,watch_01,neutral
"From the fence line, the neighbors watched the goat cross the field.",0,goat,farmed,watch_01,neutral
"From the fence line, the neighbors watched the sheep cross the field.",0,sheep,farmed,watch_01,neutral
"From the fence line, the neighbors watched the duck cross the field.",0,duck,farmed,watch_01,neutral
"From the fence line, the neighbors watched the turkey cross the field.",0,turkey,farmed,watch_01,neutral
"From the fence line, the neighbors watched the hen cross the field.",0,hen,farmed,watch_01,neutral
"From the fence line, the neighbors watched the rooster cross the field.",0,rooster,farmed,watch_01,neutral
"From the fence line, the neighbors watched the calf cross the field.",0,calf,farmed,watch_01,neutral
"From the fence line, the neighbors watched the lamb cross the field.",0,lamb,farmed,watch_01,neutral
"From the fence line, the neighbors watched the piglet cross the field.",0,piglet,farmed,watch_01,neutral
"From the fence line, the neighbors watched the ox cross the field.",0,ox,farmed,watch_01,neutral
"From the fence line, the neighbors watched the donkey cross the field.",0,donkey,farmed,watch_01,neutral
"From the fence line, the neighbors watched the mule cross the field.",0,mule,farmed,watch_01,neutral
"From the fence line, the neighbors watched the goose cross the field.",0,goose,farmed,watch_01,neutral
"From the fence line, the neighbors watched the sow cross the field.",0,sow,farmed,watch_01,neutral
"From the fence line, the neighbors watched the heifer cross the field.",0,heifer,farmed,watch_01,neutral
"From the fence line, the neighbors watched the foal cross the field.",0,foal,farmed,watch_01,neutral
"From the fence line, the neighbors watched the ram cross the field.",0,ram,farmed,watch_01,neutral
"From the fence line, the neighbors watched the capon cross the field.",0,capon,farmed,watch_01,neutral
"From the fence line, the neighbors watched the steer cross the field.",0,steer,farmed,watch_01,neutral
"From the fence line, the neighbors watched the bullock cross the field.",0,bullock,farmed,watch_01,neutral
"From the fence line, the neighbors watched the ewe cross the field.",0,ewe,farmed,watch_01,neutral
"From the fence line, the neighbors watched the wether cross the field.",0,wether,farmed,watch_01,neutral
"From the fence line, the neighbors watched the gander cross the field.",0,gander,farmed,watch_01,neutral
"From the fence line, the neighbors watched the drake cross the field.",0,drake,farmed,watch_01,neutral
"From the fence line, the neighbors watched the gosling cross the field.",0,gosling,farmed,watch_01,neutral
"From the fence line, the neighbors watched the duckling cross the field.",0,duckling,farmed,watch_01,neutral
"From the fence line, the neighbors watched the chick cross the field.",0,chick,farmed,watch_01,neutral
"From the fence line, the neighbors watched the cockerel cross the field.",0,cockerel,farmed,watch_01,neutral
"From the fence line, the neighbors watched the pullet cross the field.",0,pullet,farmed,watch_01,neutral
"From the fence line, the neighbors watched the yearling cross the field.",0,yearling,farmed,watch_01,neutral
"From the fence line, the neighbors watched the shoat cross the field.",0,shoat,farmed,watch_01,neutral
"From the fence line, the neighbors watched the gilt cross the field.",0,gilt,farmed,watch_01,neutral
"From the fence line, the neighbors watched the pony cross the field.",0,pony,farmed,watch_01,neutral
"From the fence line, the neighbors watched the mare cross the field.",0,mare,farmed,watch_01,neutral
"From the fence line, the neighbors watched the colt cross the field.",0,colt,farmed,watch_01,neutral
"From the fence line, the neighbors watched the alpaca cross the field.",0,alpaca,farmed,watch_01,neutral
"From the fence line, the neighbors watched the stallion cross the field.",0,stallion,farmed,watch_01,neutral
"Through the kitchen window, the visitors saw the man pass by the shed.",1,man,human,watch_02,neutral
"Through the kitchen window, the visitors saw the woman pass by the shed.",1,woman,human,watch_02,neutral
"Through the kitchen window, the visitors saw the child pass by the shed.",1,child,human,watch_02,neutral
"Through the kitchen window, the visitors saw the boy pass by the shed.",1,boy,human,watch_02,neutral
"Through the kitchen window, the visitors saw the girl pass by the shed.",1,girl,human,watch_02,neutral
"Through the kitchen window, the visitors saw the farmer pass by the shed.",1,farmer,human,watch_02,neutral
"Through the kitchen window, the visitors saw the nurse pass by the shed.",1,nurse,human,watch_02,neutral
"Through the kitchen window, the visitors saw the teacher pass by the shed.",1,teacher,human,watch_02,neutral
"Through the kitchen window, the visitors saw the doctor pass by the shed.",1,doctor,human,watch_02,neutral
"Through the kitchen window, the visitors saw the student pass by the shed.",1,student,human,watch_02,neutral
"Through the kitchen window, the visitors saw the soldier pass by the shed.",1,soldier,human,watch_02,neutral
"Through the kitchen window, the visitors saw the hiker pass by the shed.",1,hiker,human,watch_02,neutral
"Through the kitchen window, the visitors saw the shepherd pass by the shed.",1,shepherd,human,watch_02,neutral
"Through the kitchen window, the visitors saw the villager pass by the shed.",1,villager,human,watch_02,neutral
"Through the kitchen window, the visitors saw the fisherman pass by the shed.",1,fisherman,human,watch_02,neutral
"Through the kitchen window, the visitors saw the carpenter pass by the shed.",1,carpenter,human,watch_02,neutral
"Through the kitchen window, the visitors saw the toddler pass by the shed.",1,toddler,human,watch_02,neutral
"Through the kitchen window, the visitors saw the grandmother pass by the shed.",1,grandmother,human,watch_02,neutral
"Through the kitchen window, the visitors saw the grandfather pass by the shed.",1,grandfather,human,watch_02,neutral
"Through the kitchen window, the visitors saw the worker pass by the shed.",1,worker,human,watch_02,neutral
"Through the kitchen window, the visitors saw the baker pass by the shed.",1,baker,human,watch_02,neutral
"Through the kitchen window, the visitors saw the tailor pass by the shed.",1,tailor,human,watch_02,neutral
"Through the kitchen window, the visitors saw the plumber pass by the shed.",1,plumber,human,watch_02,neutral
"Through the kitchen window, the visitors saw the sailor pass by the shed.",1,sailor,human,watch_02,neutral
"Through the kitchen window, the visitors saw the painter pass by the shed.",1,painter,human,watch_02,neutral
"Through the kitchen window, the visitors saw the banker pass by the shed.",1,banker,human,watch_02,neutral
"Through the kitchen window, the visitors saw the lawyer pass by the shed.",1,lawyer,human,watch_02,neutral
"Through the kitchen window, the visitors saw the priest pass by the shed.",1,priest,human,watch_02,neutral
"Through the kitchen window, the visitors saw the mayor pass by the shed.",1,mayor,human,watch_02,neutral
"Through the kitchen window, the visitors saw the clerk pass by the shed.",1,clerk,human,watch_02,neutral
"Through the kitchen window, the visitors saw the chef pass by the shed.",1,chef,human,watch_02,neutral
"Through the kitchen window, the visitors saw the pilot pass by the shed.",1,pilot,human,watch_02,neutral
"Through the kitchen window, the visitors saw the miner pass by the shed.",1,miner,human,watch_02,neutral
"Through the kitchen window, the visitors saw the mason pass by the shed.",1,mason,human,watch_02,neutral
"Through the kitchen window, the visitors saw the traveler pass by the shed.",1,traveler,human,watch_02,neutral
"Through the kitchen window, the visitors saw the stranger pass by the shed.",1,stranger,human,watch_02,neutral
"Through the kitchen window, the visitors saw the infant pass by the shed.",1,infant,human,watch_02,neutral
"Through the kitchen window, the visitors saw the widow pass by the shed.",1,widow,human,watch_02,neutral
"Through the kitchen window, the visitors saw the uncle pass by the shed.",1,uncle,human,watch_02,neutral
"Through the kitchen window, the visitors saw the aunt pass by the shed.",1,aunt,human,watch_02,neutral
"Through the kitchen window, the visitors saw the pig pass by the shed.",0,pig,farmed,watch_02,neutral
"Through the kitchen window, the visitors saw the cow pass by the shed.",0,cow,farmed,watch_02,neutral
"Through the kitchen window, the visitors saw the chicken pass by the shed.",0,chicken,farmed,watch_02,neutral
"Through the kitchen window, the visitors saw the goat pass by the shed.",0,goat,farmed,watch_02,neutral
"Through the kitchen window, the visitors saw the sheep pass by the shed.",0,sheep,farmed,watch_02,neutral
"Through the kitchen window, the visitors saw the duck pass by the shed.",0,duck,farmed,watch_02,neutral
"Through the kitchen window, the visitors saw the turkey pass by the shed.",0,turkey,farmed,watch_02,neutral
"Through the kitchen window, the visitors saw the hen pass by the shed.",0,hen,farmed,watch_02,neutral
"Through the kitchen window, the visitors saw the rooster pass by the shed.",0,rooster,farmed,watch_02,neutral
"Through the kitchen window, the visitors saw the calf pass by the shed.",0,calf,farmed,watch_02,neutral
"Through the kitchen window, the visitors saw the lamb pass by the shed.",0,lamb,farmed,watch_02,neutral
"Through the kitchen window, the visitors saw the piglet pass by the shed.",0,piglet,farmed,watch_02,neutral
"Through the kitchen window, the visitors saw the ox pass by the shed.",0,ox,farmed,watch_02,neutral
"Through the kitchen window, the visitors saw the donkey pass by the shed.",0,donkey,farmed,watch_02,neutral
"Through the kitchen window, the visitors saw the mule pass by the shed.",0,mule,farmed,watch_02,neutral
"Through the kitchen window, the visitors saw the goose pass by the shed.",0,goose,farmed,watch_02,neutral
"Through the kitchen window, the visitors saw the sow pass by the shed.",0,sow,farmed,watch_02,neutral
"Through the kitchen window, the visitors saw the heifer pass by the shed.",0,heifer,farmed,watch_02,neutral
"Through the kitchen window, the visitors saw the foal pass by the shed.",0,foal,farmed,watch_02,neutral
"Through the kitchen window, the visitors saw the ram pass by the shed.",0,ram,farmed,watch_02,neutral
"Through the kitchen window, the visitors saw the capon pass by the shed.",0,capon,farmed,watch_02,neutral
"Through the kitchen window, the visitors saw the steer pass by the shed.",0,steer,farmed,watch_02,neutral
"Through the kitchen window, the visitors saw the bullock pass by the shed.",0,bullock,farmed,watch_02,neutral
"Through the kitchen window, the visitors saw the ewe pass by the shed.",0,ewe,farmed,watch_02,neutral
"Through the kitchen window, the visitors saw the wether pass by the shed.",0,wether,farmed,watch_02,neutral
"Through the kitchen window, the visitors saw the gander pass by the shed.",0,gander,farmed,watch_02,neutral
"Through the kitchen window, the visitors saw the drake pass by the shed.",0,drake,farmed,watch_02,neutral
"Through the kitchen window, the visitors saw the gosling pass by the shed.",0,gosling,farmed,watch_02,neutral
"Through the kitchen window, the visitors saw the duckling pass by the shed.",0,duckling,farmed,watch_02,neutral
"Through the kitchen window, the visitors saw the chick pass by the shed.",0,chick,farmed,watch_02,neutral
"Through the kitchen window, the visitors saw the cockerel pass by the shed.",0,cockerel,farmed,watch_02,neutral
"Through the kitchen window, the visitors saw the pullet pass by the shed.",0,pullet,farmed,watch_02,neutral
"Through the kitchen window, the visitors saw the yearling pass by the shed.",0,yearling,farmed,watch_02,neutral
"Through the kitchen window, the visitors saw the shoat pass by the shed.",0,shoat,farmed,watch_02,neutral
"Through the kitchen window, the visitors saw the gilt pass by the shed.",0,gilt,farmed,watch_02,neutral
"Through the kitchen window, the visitors saw the pony pass by the shed.",0,pony,farmed,watch_02,neutral
"Through the kitchen window, the visitors saw the mare pass by the shed.",0,mare,farmed,watch_02,neutral
"Through the kitchen window, the visitors saw the colt pass by the shed.",0,colt,farmed,watch_02,neutral
"Through the kitchen window, the visitors saw the alpaca pass by the shed.",0,alpaca,farmed,watch_02,neutral
"Through the kitchen window, the visitors saw the stallion pass by the shed.",0,stallion,farmed,watch_02,neutral
"On the hillside, onlookers noticed the man standing near the stone wall.",1,man,human,watch_03,neutral
"On the hillside, onlookers noticed the woman standing near the stone wall.",1,woman,human,watch_03,neutral
"On the hillside, onlookers noticed the child standing near the stone wall.",1,child,human,watch_03,neutral
"On the hillside, onlookers noticed the boy standing near the stone wall.",1,boy,human,watch_03,neutral
"On the hillside, onlookers noticed the girl standing near the stone wall.",1,girl,human,watch_03,neutral
"On the hillside, onlookers noticed the farmer standing near the stone wall.",1,farmer,human,watch_03,neutral
"On the hillside, onlookers noticed the nurse standing near the stone wall.",1,nurse,human,watch_03,neutral
"On the hillside, onlookers noticed the teacher standing near the stone wall.",1,teacher,human,watch_03,neutral
"On the hillside, onlookers noticed the doctor standing near the stone wall.",1,doctor,human,watch_03,neutral
"On the hillside, onlookers noticed the student standing near the stone wall.",1,student,human,watch_03,neutral
"On the hillside, onlookers noticed the soldier standing near the stone wall.",1,soldier,human,watch_03,neutral
"On the hillside, onlookers noticed the hiker standing near the stone wall.",1,hiker,human,watch_03,neutral
"On the hillside, onlookers noticed the shepherd standing near the stone wall.",1,shepherd,human,watch_03,neutral
"On the hillside, onlookers noticed the villager standing near the stone wall.",1,villager,human,watch_03,neutral
"On the hillside, onlookers noticed the fisherman standing near the stone wall.",1,fisherman,human,watch_03,neutral
"On the hillside, onlookers noticed the carpenter standing near the stone wall.",1,carpenter,human,watch_03,neutral
"On the hillside, onlookers noticed the toddler standing near the stone wall.",1,toddler,human,watch_03,neutral
"On the hillside, onlookers noticed the grandmother standing near the stone wall.",1,grandmother,human,watch_03,neutral
"On the hillside, onlookers noticed the grandfather standing near the stone wall.",1,grandfather,human,watch_03,neutral
"On the hillside, onlookers noticed the worker standing near the stone wall.",1,worker,human,watch_03,neutral
"On the hillside, onlookers noticed the baker standing near the stone wall.",1,baker,human,watch_03,neutral
"On the hillside, onlookers noticed the tailor standing near the stone wall.",1,tailor,human,watch_03,neutral
"On the hillside, onlookers noticed the plumber standing near the stone wall.",1,plumber,human,watch_03,neutral
"On the hillside, onlookers noticed the sailor standing near the stone wall.",1,sailor,human,watch_03,neutral
"On the hillside, onlookers noticed the painter standing near the stone wall.",1,painter,human,watch_03,neutral
"On the hillside, onlookers noticed the banker standing near the stone wall.",1,banker,human,watch_03,neutral
"On the hillside, onlookers noticed the lawyer standing near the stone wall.",1,lawyer,human,watch_03,neutral
"On the hillside, onlookers noticed the priest standing near the stone wall.",1,priest,human,watch_03,neutral
"On the hillside, onlookers noticed the mayor standing near the stone wall.",1,mayor,human,watch_03,neutral
"On the hillside, onlookers noticed the clerk standing near the stone wall.",1,clerk,human,watch_03,neutral
"On the hillside, onlookers noticed the chef standing near the stone wall.",1,chef,human,watch_03,neutral
"On the hillside, onlookers noticed the pilot standing near the stone wall.",1,pilot,human,watch_03,neutral
"On the hillside, onlookers noticed the miner standing near the stone wall.",1,miner,human,watch_03,neutral
"On the hillside, onlookers noticed the mason standing near the stone wall.",1,mason,human,watch_03,neutral
"On the hillside, onlookers noticed the traveler standing near the stone wall.",1,traveler,human,watch_03,neutral
"On the hillside, onlookers noticed the stranger standing near the stone wall.",1,stranger,human,watch_03,neutral
"On the hillside, onlookers noticed the infant standing near the stone wall.",1,infant,human,watch_03,neutral
"On the hillside, onlookers noticed the widow standing near the stone wall.",1,widow,human,watch_03,neutral
"On the hillside, onlookers noticed the uncle standing near the stone wall.",1,uncle,human,watch_03,neutral
"On the hillside, onlookers noticed the aunt standing near the stone wall.",1,aunt,human,watch_03,neutral
"On the hillside, onlookers noticed the pig standing near the stone wall.",0,pig,farmed,watch_03,neutral
"On the hillside, onlookers noticed the cow standing near the stone wall.",0,cow,farmed,watch_03,neutral
"On the hillside, onlookers noticed the chicken standing near the stone wall.",0,chicken,farmed,watch_03,neutral
"On the hillside, onlookers noticed the goat standing near the stone wall.",0,goat,farmed,watch_03,neutral
"On the hillside, onlookers noticed the sheep standing near the stone wall.",0,sheep,farmed,watch_03,neutral
"On the hillside, onlookers noticed the duck standing near the stone wall.",0,duck,farmed,watch_03,neutral
"On the hillside, onlookers noticed the turkey standing near the stone wall.",0,turkey,farmed,watch_03,neutral
"On the hillside, onlookers noticed the hen standing near the stone wall.",0,hen,farmed,watch_03,neutral
"On the hillside, onlookers noticed the rooster standing near the stone wall.",0,rooster,farmed,watch_03,neutral
"On the hillside, onlookers noticed the calf standing near the stone wall.",0,calf,farmed,watch_03,neutral
"On the hillside, onlookers noticed the lamb standing near the stone wall.",0,lamb,farmed,watch_03,neutral
"On the hillside, onlookers noticed the piglet standing near the stone wall.",0,piglet,farmed,watch_03,neutral
"On the hillside, onlookers noticed the ox standing near the stone wall.",0,ox,farmed,watch_03,neutral
"On the hillside, onlookers noticed the donkey standing near the stone wall.",0,donkey,farmed,watch_03,neutral
"On the hillside, onlookers noticed the mule standing near the stone wall.",0,mule,farmed,watch_03,neutral
"On the hillside, onlookers noticed the goose standing near the stone wall.",0,goose,farmed,watch_03,neutral
"On the hillside, onlookers noticed the sow standing near the stone wall.",0,sow,farmed,watch_03,neutral
"On the hillside, onlookers noticed the heifer standing near the stone wall.",0,heifer,farmed,watch_03,neutral
"On the hillside, onlookers noticed the foal standing near the stone wall.",0,foal,farmed,watch_03,neutral
"On the hillside, onlookers noticed the ram standing near the stone wall.",0,ram,farmed,watch_03,neutral
"On the hillside, onlookers noticed the capon standing near the stone wall.",0,capon,farmed,watch_03,neutral
"On the hillside, onlookers noticed the steer standing near the stone wall.",0,steer,farmed,watch_03,neutral
"On the hillside, onlookers noticed the bullock standing near the stone wall.",0,bullock,farmed,watch_03,neutral
"On the hillside, onlookers noticed the ewe standing near the stone wall.",0,ewe,farmed,watch_03,neutral
"On the hillside, onlookers noticed the wether standing near the stone wall.",0,wether,farmed,watch_03,neutral
"On the hillside, onlookers noticed the gander standing near the stone wall.",0,gander,farmed,watch_03,neutral
"On the hillside, onlookers noticed the drake standing near the stone wall.",0,drake,farmed,watch_03,neutral
"On the hillside, onlookers noticed the gosling standing near the stone wall.",0,gosling,farmed,watch_03,neutral
"On the hillside, onlookers noticed the duckling standing near the stone wall.",0,duckling,farmed,watch_03,neutral
"On the hillside, onlookers noticed the chick standing near the stone wall.",0,chick,farmed,watch_03,neutral
"On the hillside, onlookers noticed the cockerel standing near the stone wall.",0,cockerel,farmed,watch_03,neutral
"On the hillside, onlookers noticed the pullet standing near the stone wall.",0,pullet,farmed,watch_03,neutral
"On the hillside, onlookers noticed the yearling standing near the stone wall.",0,yearling,farmed,watch_03,neutral
"On the hillside, onlookers noticed the shoat standing near the stone wall.",0,shoat,farmed,watch_03,neutral
"On the hillside, onlookers noticed the gilt standing near the stone wall.",0,gilt,farmed,watch_03,neutral
"On the hillside, onlookers noticed the pony standing near the stone wall.",0,pony,farmed,watch_03,neutral
"On the hillside, onlookers noticed the mare standing near the stone wall.",0,mare,farmed,watch_03,neutral
"On the hillside, onlookers noticed the colt standing near the stone wall.",0,colt,farmed,watch_03,neutral
"On the hillside, onlookers noticed the alpaca standing near the stone wall.",0,alpaca,farmed,watch_03,neutral
"On the hillside, onlookers noticed the stallion standing near the stone wall.",0,stallion,farmed,watch_03,neutral
"In the fading light, passersby spotted the man beside the old barn.",1,man,human,watch_04,neutral
"In the fading light, passersby spotted the woman beside the old barn.",1,woman,human,watch_04,neutral
"In the fading light, passersby spotted the child beside the old barn.",1,child,human,watch_04,neutral
"In the fading light, passersby spotted the boy beside the old barn.",1,boy,human,watch_04,neutral
"In the fading light, passersby spotted the girl beside the old barn.",1,girl,human,watch_04,neutral
"In the fading light, passersby spotted the farmer beside the old barn.",1,farmer,human,watch_04,neutral
"In the fading light, passersby spotted the nurse beside the old barn.",1,nurse,human,watch_04,neutral
"In the fading light, passersby spotted the teacher beside the old barn.",1,teacher,human,watch_04,neutral
"In the fading light, passersby spotted the doctor beside the old barn.",1,doctor,human,watch_04,neutral
"In the fading light, passersby spotted the student beside the old barn.",1,student,human,watch_04,neutral
"In the fading light, passersby spotted the soldier beside the old barn.",1,soldier,human,watch_04,neutral
"In the fading light, passersby spotted the hiker beside the old barn.",1,hiker,human,watch_04,neutral
"In the fading light, passersby spotted the shepherd beside the old barn.",1,shepherd,human,watch_04,neutral
"In the fading light, passersby spotted the villager beside the old barn.",1,villager,human,watch_04,neutral
"In the fading light, passersby spotted the fisherman beside the old barn.",1,fisherman,human,watch_04,neutral
"In the fading light, passersby spotted the carpenter beside the old barn.",1,carpenter,human,watch_04,neutral
"In the fading light, passersby spotted the toddler beside the old barn.",1,toddler,human,watch_04,neutral
"In the fading light, passersby spotted the grandmother beside the old barn.",1,grandmother,human,watch_04,neutral
"In the fading light, passersby spotted the grandfather beside the old barn.",1,grandfather,human,watch_04,neutral
"In the fading light, passersby spotted the worker beside the old barn.",1,worker,human,watch_04,neutral
"In the fading light, passersby spotted the baker beside the old barn.",1,baker,human,watch_04,neutral
"In the fading light, passersby spotted the tailor beside the old barn.",1,tailor,human,watch_04,neutral
"In the fading light, passersby spotted the plumber beside the old barn.",1,plumber,human,watch_04,neutral
"In the fading light, passersby spotted the sailor beside the old barn.",1,sailor,human,watch_04,neutral
"In the fading light, passersby spotted the painter beside the old barn.",1,painter,human,watch_04,neutral
"In the fading light, passersby spotted the banker beside the old barn.",1,banker,human,watch_04,neutral
"In the fading light, passersby spotted the lawyer beside the old barn.",1,lawyer,human,watch_04,neutral
"In the fading light, passersby spotted the priest beside the old barn.",1,priest,human,watch_04,neutral
"In the fading light, passersby spotted the mayor beside the old barn.",1,mayor,human,watch_04,neutral
"In the fading light, passersby spotted the clerk beside the old barn.",1,clerk,human,watch_04,neutral
"In the fading light, passersby spotted the chef beside the old barn.",1,chef,human,watch_04,neutral
"In the fading light, passersby spotted the pilot beside the old barn.",1,pilot,human,watch_04,neutral
"In the fading light, passersby spotted the miner beside the old barn.",1,miner,human,watch_04,neutral
"In the fading light, passersby spotted the mason beside the old barn.",1,mason,human,watch_04,neutral
"In the fading light, passersby spotted the traveler beside the old barn.",1,traveler,human,watch_04,neutral
"In the fading light, passersby spotted the stranger beside the old barn.",1,stranger,human,watch_04,neutral
"In the fading light, passersby spotted the infant beside the old barn.",1,infant,human,watch_04,neutral
"In the fading light, passersby spotted the widow beside the old barn.",1,widow,human,watch_04,neutral
"In the fading light, passersby spotted the uncle beside the old barn.",1,uncle,human,watch_04,neutral
"In the fading light, passersby spotted the aunt beside the old barn.",1,aunt,human,watch_04,neutral
"In the fading light, passersby spotted the pig beside the old barn.",0,pig,farmed,watch_04,neutral
"In the fading light, passersby spotted the cow beside the old barn.",0,cow,farmed,watch_04,neutral
"In the fading light, passersby spotted the chicken beside the old barn.",0,chicken,farmed,watch_04,neutral
"In the fading light, passersby spotted the goat beside the old barn.",0,goat,farmed,watch_04,neutral
"In the fading light, passersby spotted the sheep beside the old barn.",0,sheep,farmed,watch_04,neutral
"In the fading light, passersby spotted the duck beside the old barn.",0,duck,farmed,watch_04,neutral
"In the fading light, passersby spotted the turkey beside the old barn.",0,turkey,farmed,watch_04,neutral
"In the fading light, passersby spotted the hen beside the old barn.",0,hen,farmed,watch_04,neutral
"In the fading light, passersby spotted the rooster beside the old barn.",0,rooster,farmed,watch_04,neutral
"In the fading light, passersby spotted the calf beside the old barn.",0,calf,farmed,watch_04,neutral
"In the fading light, passersby spotted the lamb beside the old barn.",0,lamb,farmed,watch_04,neutral
"In the fading light, passersby spotted the piglet beside the old barn.",0,piglet,farmed,watch_04,neutral
"In the fading light, passersby spotted the ox beside the old barn.",0,ox,farmed,watch_04,neutral
"In the fading light, passersby spotted the donkey beside the old barn.",0,donkey,farmed,watch_04,neutral
"In the fading light, passersby spotted the mule beside the old barn.",0,mule,farmed,watch_04,neutral
"In the fading light, passersby spotted the goose beside the old barn.",0,goose,farmed,watch_04,neutral
"In the fading light, passersby spotted the sow beside the old barn.",0,sow,farmed,watch_04,neutral
"In the fading light, passersby spotted the heifer beside the old barn.",0,heifer,farmed,watch_04,neutral
"In the fading light, passersby spotted the foal beside the old barn.",0,foal,farmed,watch_04,neutral
"In the fading light, passersby spotted the ram beside the old barn.",0,ram,farmed,watch_04,neutral
"In the fading light, passersby spotted the capon beside the old barn.",0,capon,farmed,watch_04,neutral
"In the fading light, passersby spotted the steer beside the old barn.",0,steer,farmed,watch_04,neutral
"In the fading light, passersby spotted the bullock beside the old barn.",0,bullock,farmed,watch_04,neutral
"In the fading light, passersby spotted the ewe beside the old barn.",0,ewe,farmed,watch_04,neutral
"In the fading light, passersby spotted the wether beside the old barn.",0,wether,farmed,watch_04,neutral
"In the fading light, passersby spotted the gander beside the old barn.",0,gander,farmed,watch_04,neutral
"In the fading light, passersby spotted the drake beside the old barn.",0,drake,farmed,watch_04,neutral
"In the fading light, passersby spotted the gosling beside the old barn.",0,gosling,farmed,watch_04,neutral
"In the fading light, passersby spotted the duckling beside the old barn.",0,duckling,farmed,watch_04,neutral
"In the fading light, passersby spotted the chick beside the old barn.",0,chick,farmed,watch_04,neutral
"In the fading light, passersby spotted the cockerel beside the old barn.",0,cockerel,farmed,watch_04,neutral
"In the fading light, passersby spotted the pullet beside the old barn.",0,pullet,farmed,watch_04,neutral
"In the fading light, passersby spotted the yearling beside the old barn.",0,yearling,farmed,watch_04,neutral
"In the fading light, passersby spotted the shoat beside the old barn.",0,shoat,farmed,watch_04,neutral
"In the fading light, passersby spotted the gilt beside the old barn.",0,gilt,farmed,watch_04,neutral
"In the fading light, passersby spotted the pony beside the old barn.",0,pony,farmed,watch_04,neutral
"In the fading light, passersby spotted the mare beside the old barn.",0,mare,farmed,watch_04,neutral
"In the fading light, passersby spotted the colt beside the old barn.",0,colt,farmed,watch_04,neutral
"In the fading light, passersby spotted the alpaca beside the old barn.",0,alpaca,farmed,watch_04,neutral
"In the fading light, passersby spotted the stallion beside the old barn.",0,stallion,farmed,watch_04,neutral
"Throughout the quiet evening, the man could be heard moving about the yard.",1,man,human,sound_01,neutral
"Throughout the quiet evening, the woman could be heard moving about the yard.",1,woman,human,sound_01,neutral
"Throughout the quiet evening, the child could be heard moving about the yard.",1,child,human,sound_01,neutral
"Throughout the quiet evening, the boy could be heard moving about the yard.",1,boy,human,sound_01,neutral
"Throughout the quiet evening, the girl could be heard moving about the yard.",1,girl,human,sound_01,neutral
"Throughout the quiet evening, the farmer could be heard moving about the yard.",1,farmer,human,sound_01,neutral
"Throughout the quiet evening, the nurse could be heard moving about the yard.",1,nurse,human,sound_01,neutral
"Throughout the quiet evening, the teacher could be heard moving about the yard.",1,teacher,human,sound_01,neutral
"Throughout the quiet evening, the doctor could be heard moving about the yard.",1,doctor,human,sound_01,neutral
"Throughout the quiet evening, the student could be heard moving about the yard.",1,student,human,sound_01,neutral
"Throughout the quiet evening, the soldier could be heard moving about the yard.",1,soldier,human,sound_01,neutral
"Throughout the quiet evening, the hiker could be heard moving about the yard.",1,hiker,human,sound_01,neutral
"Throughout the quiet evening, the shepherd could be heard moving about the yard.",1,shepherd,human,sound_01,neutral
"Throughout the quiet evening, the villager could be heard moving about the yard.",1,villager,human,sound_01,neutral
"Throughout the quiet evening, the fisherman could be heard moving about the yard.",1,fisherman,human,sound_01,neutral
"Throughout the quiet evening, the carpenter could be heard moving about the yard.",1,carpenter,human,sound_01,neutral
"Throughout the quiet evening, the toddler could be heard moving about the yard.",1,toddler,human,sound_01,neutral
"Throughout the quiet evening, the grandmother could be heard moving about the yard.",1,grandmother,human,sound_01,neutral
"Throughout the quiet evening, the grandfather could be heard moving about the yard.",1,grandfather,human,sound_01,neutral
"Throughout the quiet evening, the worker could be heard moving about the yard.",1,worker,human,sound_01,neutral
"Throughout the quiet evening, the baker could be heard moving about the yard.",1,baker,human,sound_01,neutral
"Throughout the quiet evening, the tailor could be heard moving about the yard.",1,tailor,human,sound_01,neutral
"Throughout the quiet evening, the plumber could be heard moving about the yard.",1,plumber,human,sound_01,neutral
"Throughout the quiet evening, the sailor could be heard moving about the yard.",1,sailor,human,sound_01,neutral
"Throughout the quiet evening, the painter could be heard moving about the yard.",1,painter,human,sound_01,neutral
"Throughout the quiet evening, the banker could be heard moving about the yard.",1,banker,human,sound_01,neutral
"Throughout the quiet evening, the lawyer could be heard moving about the yard.",1,lawyer,human,sound_01,neutral
"Throughout the quiet evening, the priest could be heard moving about the yard.",1,priest,human,sound_01,neutral
"Throughout the quiet evening, the mayor could be heard moving about the yard.",1,mayor,human,sound_01,neutral
"Throughout the quiet evening, the clerk could be heard moving about the yard.",1,clerk,human,sound_01,neutral
"Throughout the quiet evening, the chef could be heard moving about the yard.",1,chef,human,sound_01,neutral
"Throughout the quiet evening, the pilot could be heard moving about the yard.",1,pilot,human,sound_01,neutral
"Throughout the quiet evening, the miner could be heard moving about the yard.",1,miner,human,sound_01,neutral
"Throughout the quiet evening, the mason could be heard moving about the yard.",1,mason,human,sound_01,neutral
"Throughout the quiet evening, the traveler could be heard moving about the yard.",1,traveler,human,sound_01,neutral
"Throughout the quiet evening, the stranger could be heard moving about the yard.",1,stranger,human,sound_01,neutral
"Throughout the quiet evening, the infant could be heard moving about the yard.",1,infant,human,sound_01,neutral
"Throughout the quiet evening, the widow could be heard moving about the yard.",1,widow,human,sound_01,neutral
"Throughout the quiet evening, the uncle could be heard moving about the yard.",1,uncle,human,sound_01,neutral
"Throughout the quiet evening, the aunt could be heard moving about the yard.",1,aunt,human,sound_01,neutral
"Throughout the quiet evening, the pig could be heard moving about the yard.",0,pig,farmed,sound_01,neutral
"Throughout the quiet evening, the cow could be heard moving about the yard.",0,cow,farmed,sound_01,neutral
"Throughout the quiet evening, the chicken could be heard moving about the yard.",0,chicken,farmed,sound_01,neutral
"Throughout the quiet evening, the goat could be heard moving about the yard.",0,goat,farmed,sound_01,neutral
"Throughout the quiet evening, the sheep could be heard moving about the yard.",0,sheep,farmed,sound_01,neutral
"Throughout the quiet evening, the duck could be heard moving about the yard.",0,duck,farmed,sound_01,neutral
"Throughout the quiet evening, the turkey could be heard moving about the yard.",0,turkey,farmed,sound_01,neutral
"Throughout the quiet evening, the hen could be heard moving about the yard.",0,hen,farmed,sound_01,neutral
"Throughout the quiet evening, the rooster could be heard moving about the yard.",0,rooster,farmed,sound_01,neutral
"Throughout the quiet evening, the calf could be heard moving about the yard.",0,calf,farmed,sound_01,neutral
"Throughout the quiet evening, the lamb could be heard moving about the yard.",0,lamb,farmed,sound_01,neutral
"Throughout the quiet evening, the piglet could be heard moving about the yard.",0,piglet,farmed,sound_01,neutral
"Throughout the quiet evening, the ox could be heard moving about the yard.",0,ox,farmed,sound_01,neutral
"Throughout the quiet evening, the donkey could be heard moving about the yard.",0,donkey,farmed,sound_01,neutral
"Throughout the quiet evening, the mule could be heard moving about the yard.",0,mule,farmed,sound_01,neutral
"Throughout the quiet evening, the goose could be heard moving about the yard.",0,goose,farmed,sound_01,neutral
"Throughout the quiet evening, the sow could be heard moving about the yard.",0,sow,farmed,sound_01,neutral
"Throughout the quiet evening, the heifer could be heard moving about the yard.",0,heifer,farmed,sound_01,neutral
"Throughout the quiet evening, the foal could be heard moving about the yard.",0,foal,farmed,sound_01,neutral
"Throughout the quiet evening, the ram could be heard moving about the yard.",0,ram,farmed,sound_01,neutral
"Throughout the quiet evening, the capon could be heard moving about the yard.",0,capon,farmed,sound_01,neutral
"Throughout the quiet evening, the steer could be heard moving about the yard.",0,steer,farmed,sound_01,neutral
"Throughout the quiet evening, the bullock could be heard moving about the yard.",0,bullock,farmed,sound_01,neutral
"Throughout the quiet evening, the ewe could be heard moving about the yard.",0,ewe,farmed,sound_01,neutral
"Throughout the quiet evening, the wether could be heard moving about the yard.",0,wether,farmed,sound_01,neutral
"Throughout the quiet evening, the gander could be heard moving about the yard.",0,gander,farmed,sound_01,neutral
"Throughout the quiet evening, the drake could be heard moving about the yard.",0,drake,farmed,sound_01,neutral
"Throughout the quiet evening, the gosling could be heard moving about the yard.",0,gosling,farmed,sound_01,neutral
"Throughout the quiet evening, the duckling could be heard moving about the yard.",0,duckling,farmed,sound_01,neutral
"Throughout the quiet evening, the chick could be heard moving about the yard.",0,chick,farmed,sound_01,neutral
"Throughout the quiet evening, the cockerel could be heard moving about the yard.",0,cockerel,farmed,sound_01,neutral
"Throughout the quiet evening, the pullet could be heard moving about the yard.",0,pullet,farmed,sound_01,neutral
"Throughout the quiet evening, the yearling could be heard moving about the yard.",0,yearling,farmed,sound_01,neutral
"Throughout the quiet evening, the shoat could be heard moving about the yard.",0,shoat,farmed,sound_01,neutral
"Throughout the quiet evening, the gilt could be heard moving about the yard.",0,gilt,farmed,sound_01,neutral
"Throughout the quiet evening, the pony could be heard moving about the yard.",0,pony,farmed,sound_01,neutral
"Throughout the quiet evening, the mare could be heard moving about the yard.",0,mare,farmed,sound_01,neutral
"Throughout the quiet evening, the colt could be heard moving about the yard.",0,colt,farmed,sound_01,neutral
"Throughout the quiet evening, the alpaca could be heard moving about the yard.",0,alpaca,farmed,sound_01,neutral
"Throughout the quiet evening, the stallion could be heard moving about the yard.",0,stallion,farmed,sound_01,neutral
"Now and then, the man made soft sounds near the doorway.",1,man,human,sound_02,neutral
"Now and then, the woman made soft sounds near the doorway.",1,woman,human,sound_02,neutral
"Now and then, the child made soft sounds near the doorway.",1,child,human,sound_02,neutral
"Now and then, the boy made soft sounds near the doorway.",1,boy,human,sound_02,neutral
"Now and then, the girl made soft sounds near the doorway.",1,girl,human,sound_02,neutral
"Now and then, the farmer made soft sounds near the doorway.",1,farmer,human,sound_02,neutral
"Now and then, the nurse made soft sounds near the doorway.",1,nurse,human,sound_02,neutral
"Now and then, the teacher made soft sounds near the doorway.",1,teacher,human,sound_02,neutral
"Now and then, the doctor made soft sounds near the doorway.",1,doctor,human,sound_02,neutral
"Now and then, the student made soft sounds near the doorway.",1,student,human,sound_02,neutral
"Now and then, the soldier made soft sounds near the doorway.",1,soldier,human,sound_02,neutral
"Now and then, the hiker made soft sounds near the doorway.",1,hiker,human,sound_02,neutral
"Now and then, the shepherd made soft sounds near the doorway.",1,shepherd,human,sound_02,neutral
"Now and then, the villager made soft sounds near the doorway.",1,villager,human,sound_02,neutral
"Now and then, the fisherman made soft sounds near the doorway.",1,fisherman,human,sound_02,neutral
"Now and then, the carpenter made soft sounds near the doorway.",1,carpenter,human,sound_02,neutral
"Now and then, the toddler made soft sounds near the doorway.",1,toddler,human,sound_02,neutral
"Now and then, the grandmother made soft sounds near the doorway.",1,grandmother,human,sound_02,neutral
"Now and then, the grandfather made soft sounds near the doorway.",1,grandfather,human,sound_02,neutral
"Now and then, the worker made soft sounds near the doorway.",1,worker,human,sound_02,neutral
"Now and then, the baker made soft sounds near the doorway.",1,baker,human,sound_02,neutral
"Now and then, the tailor made soft sounds near the doorway.",1,tailor,human,sound_02,neutral
"Now and then, the plumber made soft sounds near the doorway.",1,plumber,human,sound_02,neutral
"Now and then, the sailor made soft sounds near the doorway.",1,sailor,human,sound_02,neutral
"Now and then, the painter made soft sounds near the doorway.",1,painter,human,sound_02,neutral
"Now and then, the banker made soft sounds near the doorway.",1,banker,human,sound_02,neutral
"Now and then, the lawyer made soft sounds near the doorway.",1,lawyer,human,sound_02,neutral
"Now and then, the priest made soft sounds near the doorway.",1,priest,human,sound_02,neutral
"Now and then, the mayor made soft sounds near the doorway.",1,mayor,human,sound_02,neutral
"Now and then, the clerk made soft sounds near the doorway.",1,clerk,human,sound_02,neutral
"Now and then, the chef made soft sounds near the doorway.",1,chef,human,sound_02,neutral
"Now and then, the pilot made soft sounds near the doorway.",1,pilot,human,sound_02,neutral
"Now and then, the miner made soft sounds near the doorway.",1,miner,human,sound_02,neutral
"Now and then, the mason made soft sounds near the doorway.",1,mason,human,sound_02,neutral
"Now and then, the traveler made soft sounds near the doorway.",1,traveler,human,sound_02,neutral
"Now and then, the stranger made soft sounds near the doorway.",1,stranger,human,sound_02,neutral
"Now and then, the infant made soft sounds near the doorway.",1,infant,human,sound_02,neutral
"Now and then, the widow made soft sounds near the doorway.",1,widow,human,sound_02,neutral
"Now and then, the uncle made soft sounds near the doorway.",1,uncle,human,sound_02,neutral
"Now and then, the aunt made soft sounds near the doorway.",1,aunt,human,sound_02,neutral
"Now and then, the pig made soft sounds near the doorway.",0,pig,farmed,sound_02,neutral
"Now and then, the cow made soft sounds near the doorway.",0,cow,farmed,sound_02,neutral
"Now and then, the chicken made soft sounds near the doorway.",0,chicken,farmed,sound_02,neutral
"Now and then, the goat made soft sounds near the doorway.",0,goat,farmed,sound_02,neutral
"Now and then, the sheep made soft sounds near the doorway.",0,sheep,farmed,sound_02,neutral
"Now and then, the duck made soft sounds near the doorway.",0,duck,farmed,sound_02,neutral
"Now and then, the turkey made soft sounds near the doorway.",0,turkey,farmed,sound_02,neutral
"Now and then, the hen made soft sounds near the doorway.",0,hen,farmed,sound_02,neutral
"Now and then, the rooster made soft sounds near the doorway.",0,rooster,farmed,sound_02,neutral
"Now and then, the calf made soft sounds near the doorway.",0,calf,farmed,sound_02,neutral
"Now and then, the lamb made soft sounds near the doorway.",0,lamb,farmed,sound_02,neutral
"Now and then, the piglet made soft sounds near the doorway.",0,piglet,farmed,sound_02,neutral
"Now and then, the ox made soft sounds near the doorway.",0,ox,farmed,sound_02,neutral
"Now and then, the donkey made soft sounds near the doorway.",0,donkey,farmed,sound_02,neutral
"Now and then, the mule made soft sounds near the doorway.",0,mule,farmed,sound_02,neutral
"Now and then, the goose made soft sounds near the doorway.",0,goose,farmed,sound_02,neutral
"Now and then, the sow made soft sounds near the doorway.",0,sow,farmed,sound_02,neutral
"Now and then, the heifer made soft sounds near the doorway.",0,heifer,farmed,sound_02,neutral
"Now and then, the foal made soft sounds near the doorway.",0,foal,farmed,sound_02,neutral
"Now and then, the ram made soft sounds near the doorway.",0,ram,farmed,sound_02,neutral
"Now and then, the capon made soft sounds near the doorway.",0,capon,farmed,sound_02,neutral
"Now and then, the steer made soft sounds near the doorway.",0,steer,farmed,sound_02,neutral
"Now and then, the bullock made soft sounds near the doorway.",0,bullock,farmed,sound_02,neutral
"Now and then, the ewe made soft sounds near the doorway.",0,ewe,farmed,sound_02,neutral
"Now and then, the wether made soft sounds near the doorway.",0,wether,farmed,sound_02,neutral
"Now and then, the gander made soft sounds near the doorway.",0,gander,farmed,sound_02,neutral
"Now and then, the drake made soft sounds near the doorway.",0,drake,farmed,sound_02,neutral
"Now and then, the gosling made soft sounds near the doorway.",0,gosling,farmed,sound_02,neutral
"Now and then, the duckling made soft sounds near the doorway.",0,duckling,farmed,sound_02,neutral
"Now and then, the chick made soft sounds near the doorway.",0,chick,farmed,sound_02,neutral
"Now and then, the cockerel made soft sounds near the doorway.",0,cockerel,farmed,sound_02,neutral
"Now and then, the pullet made soft sounds near the doorway.",0,pullet,farmed,sound_02,neutral
"Now and then, the yearling made soft sounds near the doorway.",0,yearling,farmed,sound_02,neutral
"Now and then, the shoat made soft sounds near the doorway.",0,shoat,farmed,sound_02,neutral
"Now and then, the gilt made soft sounds near the doorway.",0,gilt,farmed,sound_02,neutral
"Now and then, the pony made soft sounds near the doorway.",0,pony,farmed,sound_02,neutral
"Now and then, the mare made soft sounds near the doorway.",0,mare,farmed,sound_02,neutral
"Now and then, the colt made soft sounds near the doorway.",0,colt,farmed,sound_02,neutral
"Now and then, the alpaca made soft sounds near the doorway.",0,alpaca,farmed,sound_02,neutral
"Now and then, the stallion made soft sounds near the doorway.",0,stallion,farmed,sound_02,neutral
"In the gentle spring rain, the man stayed dry beneath the wide eaves.",1,man,human,mildweather_01,neutral
"In the gentle spring rain, the woman stayed dry beneath the wide eaves.",1,woman,human,mildweather_01,neutral
"In the gentle spring rain, the child stayed dry beneath the wide eaves.",1,child,human,mildweather_01,neutral
"In the gentle spring rain, the boy stayed dry beneath the wide eaves.",1,boy,human,mildweather_01,neutral
"In the gentle spring rain, the girl stayed dry beneath the wide eaves.",1,girl,human,mildweather_01,neutral
"In the gentle spring rain, the farmer stayed dry beneath the wide eaves.",1,farmer,human,mildweather_01,neutral
"In the gentle spring rain, the nurse stayed dry beneath the wide eaves.",1,nurse,human,mildweather_01,neutral
"In the gentle spring rain, the teacher stayed dry beneath the wide eaves.",1,teacher,human,mildweather_01,neutral
"In the gentle spring rain, the doctor stayed dry beneath the wide eaves.",1,doctor,human,mildweather_01,neutral
"In the gentle spring rain, the student stayed dry beneath the wide eaves.",1,student,human,mildweather_01,neutral
"In the gentle spring rain, the soldier stayed dry beneath the wide eaves.",1,soldier,human,mildweather_01,neutral
"In the gentle spring rain, the hiker stayed dry beneath the wide eaves.",1,hiker,human,mildweather_01,neutral
"In the gentle spring rain, the shepherd stayed dry beneath the wide eaves.",1,shepherd,human,mildweather_01,neutral
"In the gentle spring rain, the villager stayed dry beneath the wide eaves.",1,villager,human,mildweather_01,neutral
"In the gentle spring rain, the fisherman stayed dry beneath the wide eaves.",1,fisherman,human,mildweather_01,neutral
"In the gentle spring rain, the carpenter stayed dry beneath the wide eaves.",1,carpenter,human,mildweather_01,neutral
"In the gentle spring rain, the toddler stayed dry beneath the wide eaves.",1,toddler,human,mildweather_01,neutral
"In the gentle spring rain, the grandmother stayed dry beneath the wide eaves.",1,grandmother,human,mildweather_01,neutral
"In the gentle spring rain, the grandfather stayed dry beneath the wide eaves.",1,grandfather,human,mildweather_01,neutral
"In the gentle spring rain, the worker stayed dry beneath the wide eaves.",1,worker,human,mildweather_01,neutral
"In the gentle spring rain, the baker stayed dry beneath the wide eaves.",1,baker,human,mildweather_01,neutral
"In the gentle spring rain, the tailor stayed dry beneath the wide eaves.",1,tailor,human,mildweather_01,neutral
"In the gentle spring rain, the plumber stayed dry beneath the wide eaves.",1,plumber,human,mildweather_01,neutral
"In the gentle spring rain, the sailor stayed dry beneath the wide eaves.",1,sailor,human,mildweather_01,neutral
"In the gentle spring rain, the painter stayed dry beneath the wide eaves.",1,painter,human,mildweather_01,neutral
"In the gentle spring rain, the banker stayed dry beneath the wide eaves.",1,banker,human,mildweather_01,neutral
"In the gentle spring rain, the lawyer stayed dry beneath the wide eaves.",1,lawyer,human,mildweather_01,neutral
"In the gentle spring rain, the priest stayed dry beneath the wide eaves.",1,priest,human,mildweather_01,neutral
"In the gentle spring rain, the mayor stayed dry beneath the wide eaves.",1,mayor,human,mildweather_01,neutral
"In the gentle spring rain, the clerk stayed dry beneath the wide eaves.",1,clerk,human,mildweather_01,neutral
"In the gentle spring rain, the chef stayed dry beneath the wide eaves.",1,chef,human,mildweather_01,neutral
"In the gentle spring rain, the pilot stayed dry beneath the wide eaves.",1,pilot,human,mildweather_01,neutral
"In the gentle spring rain, the miner stayed dry beneath the wide eaves.",1,miner,human,mildweather_01,neutral
"In the gentle spring rain, the mason stayed dry beneath the wide eaves.",1,mason,human,mildweather_01,neutral
"In the gentle spring rain, the traveler stayed dry beneath the wide eaves.",1,traveler,human,mildweather_01,neutral
"In the gentle spring rain, the stranger stayed dry beneath the wide eaves.",1,stranger,human,mildweather_01,neutral
"In the gentle spring rain, the infant stayed dry beneath the wide eaves.",1,infant,human,mildweather_01,neutral
"In the gentle spring rain, the widow stayed dry beneath the wide eaves.",1,widow,human,mildweather_01,neutral
"In the gentle spring rain, the uncle stayed dry beneath the wide eaves.",1,uncle,human,mildweather_01,neutral
"In the gentle spring rain, the aunt stayed dry beneath the wide eaves.",1,aunt,human,mildweather_01,neutral
"In the gentle spring rain, the pig stayed dry beneath the wide eaves.",0,pig,farmed,mildweather_01,neutral
"In the gentle spring rain, the cow stayed dry beneath the wide eaves.",0,cow,farmed,mildweather_01,neutral
"In the gentle spring rain, the chicken stayed dry beneath the wide eaves.",0,chicken,farmed,mildweather_01,neutral
"In the gentle spring rain, the goat stayed dry beneath the wide eaves.",0,goat,farmed,mildweather_01,neutral
"In the gentle spring rain, the sheep stayed dry beneath the wide eaves.",0,sheep,farmed,mildweather_01,neutral
"In the gentle spring rain, the duck stayed dry beneath the wide eaves.",0,duck,farmed,mildweather_01,neutral
"In the gentle spring rain, the turkey stayed dry beneath the wide eaves.",0,turkey,farmed,mildweather_01,neutral
"In the gentle spring rain, the hen stayed dry beneath the wide eaves.",0,hen,farmed,mildweather_01,neutral
"In the gentle spring rain, the rooster stayed dry beneath the wide eaves.",0,rooster,farmed,mildweather_01,neutral
"In the gentle spring rain, the calf stayed dry beneath the wide eaves.",0,calf,farmed,mildweather_01,neutral
"In the gentle spring rain, the lamb stayed dry beneath the wide eaves.",0,lamb,farmed,mildweather_01,neutral
"In the gentle spring rain, the piglet stayed dry beneath the wide eaves.",0,piglet,farmed,mildweather_01,neutral
"In the gentle spring rain, the ox stayed dry beneath the wide eaves.",0,ox,farmed,mildweather_01,neutral
"In the gentle spring rain, the donkey stayed dry beneath the wide eaves.",0,donkey,farmed,mildweather_01,neutral
"In the gentle spring rain, the mule stayed dry beneath the wide eaves.",0,mule,farmed,mildweather_01,neutral
"In the gentle spring rain, the goose stayed dry beneath the wide eaves.",0,goose,farmed,mildweather_01,neutral
"In the gentle spring rain, the sow stayed dry beneath the wide eaves.",0,sow,farmed,mildweather_01,neutral
"In the gentle spring rain, the heifer stayed dry beneath the wide eaves.",0,heifer,farmed,mildweather_01,neutral
"In the gentle spring rain, the foal stayed dry beneath the wide eaves.",0,foal,farmed,mildweather_01,neutral
"In the gentle spring rain, the ram stayed dry beneath the wide eaves.",0,ram,farmed,mildweather_01,neutral
"In the gentle spring rain, the capon stayed dry beneath the wide eaves.",0,capon,farmed,mildweather_01,neutral
"In the gentle spring rain, the steer stayed dry beneath the wide eaves.",0,steer,farmed,mildweather_01,neutral
"In the gentle spring rain, the bullock stayed dry beneath the wide eaves.",0,bullock,farmed,mildweather_01,neutral
"In the gentle spring rain, the ewe stayed dry beneath the wide eaves.",0,ewe,farmed,mildweather_01,neutral
"In the gentle spring rain, the wether stayed dry beneath the wide eaves.",0,wether,farmed,mildweather_01,neutral
"In the gentle spring rain, the gander stayed dry beneath the wide eaves.",0,gander,farmed,mildweather_01,neutral
"In the gentle spring rain, the drake stayed dry beneath the wide eaves.",0,drake,farmed,mildweather_01,neutral
"In the gentle spring rain, the gosling stayed dry beneath the wide eaves.",0,gosling,farmed,mildweather_01,neutral
"In the gentle spring rain, the duckling stayed dry beneath the wide eaves.",0,duckling,farmed,mildweather_01,neutral
"In the gentle spring rain, the chick stayed dry beneath the wide eaves.",0,chick,farmed,mildweather_01,neutral
"In the gentle spring rain, the cockerel stayed dry beneath the wide eaves.",0,cockerel,farmed,mildweather_01,neutral
"In the gentle spring rain, the pullet stayed dry beneath the wide eaves.",0,pullet,farmed,mildweather_01,neutral
"In the gentle spring rain, the yearling stayed dry beneath the wide eaves.",0,yearling,farmed,mildweather_01,neutral
"In the gentle spring rain, the shoat stayed dry beneath the wide eaves.",0,shoat,farmed,mildweather_01,neutral
"In the gentle spring rain, the gilt stayed dry beneath the wide eaves.",0,gilt,farmed,mildweather_01,neutral
"In the gentle spring rain, the pony stayed dry beneath the wide eaves.",0,pony,farmed,mildweather_01,neutral
"In the gentle spring rain, the mare stayed dry beneath the wide eaves.",0,mare,farmed,mildweather_01,neutral
"In the gentle spring rain, the colt stayed dry beneath the wide eaves.",0,colt,farmed,mildweather_01,neutral
"In the gentle spring rain, the alpaca stayed dry beneath the wide eaves.",0,alpaca,farmed,mildweather_01,neutral
"In the gentle spring rain, the stallion stayed dry beneath the wide eaves.",0,stallion,farmed,mildweather_01,neutral
"On the mild autumn morning, the man enjoyed the sun by the south wall.",1,man,human,mildweather_02,neutral
"On the mild autumn morning, the woman enjoyed the sun by the south wall.",1,woman,human,mildweather_02,neutral
"On the mild autumn morning, the child enjoyed the sun by the south wall.",1,child,human,mildweather_02,neutral
"On the mild autumn morning, the boy enjoyed the sun by the south wall.",1,boy,human,mildweather_02,neutral
"On the mild autumn morning, the girl enjoyed the sun by the south wall.",1,girl,human,mildweather_02,neutral
"On the mild autumn morning, the farmer enjoyed the sun by the south wall.",1,farmer,human,mildweather_02,neutral
"On the mild autumn morning, the nurse enjoyed the sun by the south wall.",1,nurse,human,mildweather_02,neutral
"On the mild autumn morning, the teacher enjoyed the sun by the south wall.",1,teacher,human,mildweather_02,neutral
"On the mild autumn morning, the doctor enjoyed the sun by the south wall.",1,doctor,human,mildweather_02,neutral
"On the mild autumn morning, the student enjoyed the sun by the south wall.",1,student,human,mildweather_02,neutral
"On the mild autumn morning, the soldier enjoyed the sun by the south wall.",1,soldier,human,mildweather_02,neutral
"On the mild autumn morning, the hiker enjoyed the sun by the south wall.",1,hiker,human,mildweather_02,neutral
"On the mild autumn morning, the shepherd enjoyed the sun by the south wall.",1,shepherd,human,mildweather_02,neutral
"On the mild autumn morning, the villager enjoyed the sun by the south wall.",1,villager,human,mildweather_02,neutral
"On the mild autumn morning, the fisherman enjoyed the sun by the south wall.",1,fisherman,human,mildweather_02,neutral
"On the mild autumn morning, the carpenter enjoyed the sun by the south wall.",1,carpenter,human,mildweather_02,neutral
"On the mild autumn morning, the toddler enjoyed the sun by the south wall.",1,toddler,human,mildweather_02,neutral
"On the mild autumn morning, the grandmother enjoyed the sun by the south wall.",1,grandmother,human,mildweather_02,neutral
"On the mild autumn morning, the grandfather enjoyed the sun by the south wall.",1,grandfather,human,mildweather_02,neutral
"On the mild autumn morning, the worker enjoyed the sun by the south wall.",1,worker,human,mildweather_02,neutral
"On the mild autumn morning, the baker enjoyed the sun by the south wall.",1,baker,human,mildweather_02,neutral
"On the mild autumn morning, the tailor enjoyed the sun by the south wall.",1,tailor,human,mildweather_02,neutral
"On the mild autumn morning, the plumber enjoyed the sun by the south wall.",1,plumber,human,mildweather_02,neutral
"On the mild autumn morning, the sailor enjoyed the sun by the south wall.",1,sailor,human,mildweather_02,neutral
"On the mild autumn morning, the painter enjoyed the sun by the south wall.",1,painter,human,mildweather_02,neutral
"On the mild autumn morning, the banker enjoyed the sun by the south wall.",1,banker,human,mildweather_02,neutral
"On the mild autumn morning, the lawyer enjoyed the sun by the south wall.",1,lawyer,human,mildweather_02,neutral
"On the mild autumn morning, the priest enjoyed the sun by the south wall.",1,priest,human,mildweather_02,neutral
"On the mild autumn morning, the mayor enjoyed the sun by the south wall.",1,mayor,human,mildweather_02,neutral
"On the mild autumn morning, the clerk enjoyed the sun by the south wall.",1,clerk,human,mildweather_02,neutral
"On the mild autumn morning, the chef enjoyed the sun by the south wall.",1,chef,human,mildweather_02,neutral
"On the mild autumn morning, the pilot enjoyed the sun by the south wall.",1,pilot,human,mildweather_02,neutral
"On the mild autumn morning, the miner enjoyed the sun by the south wall.",1,miner,human,mildweather_02,neutral
"On the mild autumn morning, the mason enjoyed the sun by the south wall.",1,mason,human,mildweather_02,neutral
"On the mild autumn morning, the traveler enjoyed the sun by the south wall.",1,traveler,human,mildweather_02,neutral
"On the mild autumn morning, the stranger enjoyed the sun by the south wall.",1,stranger,human,mildweather_02,neutral
"On the mild autumn morning, the infant enjoyed the sun by the south wall.",1,infant,human,mildweather_02,neutral
"On the mild autumn morning, the widow enjoyed the sun by the south wall.",1,widow,human,mildweather_02,neutral
"On the mild autumn morning, the uncle enjoyed the sun by the south wall.",1,uncle,human,mildweather_02,neutral
"On the mild autumn morning, the aunt enjoyed the sun by the south wall.",1,aunt,human,mildweather_02,neutral
"On the mild autumn morning, the pig enjoyed the sun by the south wall.",0,pig,farmed,mildweather_02,neutral
"On the mild autumn morning, the cow enjoyed the sun by the south wall.",0,cow,farmed,mildweather_02,neutral
"On the mild autumn morning, the chicken enjoyed the sun by the south wall.",0,chicken,farmed,mildweather_02,neutral
"On the mild autumn morning, the goat enjoyed the sun by the south wall.",0,goat,farmed,mildweather_02,neutral
"On the mild autumn morning, the sheep enjoyed the sun by the south wall.",0,sheep,farmed,mildweather_02,neutral
"On the mild autumn morning, the duck enjoyed the sun by the south wall.",0,duck,farmed,mildweather_02,neutral
"On the mild autumn morning, the turkey enjoyed the sun by the south wall.",0,turkey,farmed,mildweather_02,neutral
"On the mild autumn morning, the hen enjoyed the sun by the south wall.",0,hen,farmed,mildweather_02,neutral
"On the mild autumn morning, the rooster enjoyed the sun by the south wall.",0,rooster,farmed,mildweather_02,neutral
"On the mild autumn morning, the calf enjoyed the sun by the south wall.",0,calf,farmed,mildweather_02,neutral
"On the mild autumn morning, the lamb enjoyed the sun by the south wall.",0,lamb,farmed,mildweather_02,neutral
"On the mild autumn morning, the piglet enjoyed the sun by the south wall.",0,piglet,farmed,mildweather_02,neutral
"On the mild autumn morning, the ox enjoyed the sun by the south wall.",0,ox,farmed,mildweather_02,neutral
"On the mild autumn morning, the donkey enjoyed the sun by the south wall.",0,donkey,farmed,mildweather_02,neutral
"On the mild autumn morning, the mule enjoyed the sun by the south wall.",0,mule,farmed,mildweather_02,neutral
"On the mild autumn morning, the goose enjoyed the sun by the south wall.",0,goose,farmed,mildweather_02,neutral
"On the mild autumn morning, the sow enjoyed the sun by the south wall.",0,sow,farmed,mildweather_02,neutral
"On the mild autumn morning, the heifer enjoyed the sun by the south wall.",0,heifer,farmed,mildweather_02,neutral
"On the mild autumn morning, the foal enjoyed the sun by the south wall.",0,foal,farmed,mildweather_02,neutral
"On the mild autumn morning, the ram enjoyed the sun by the south wall.",0,ram,farmed,mildweather_02,neutral
"On the mild autumn morning, the capon enjoyed the sun by the south wall.",0,capon,farmed,mildweather_02,neutral
"On the mild autumn morning, the steer enjoyed the sun by the south wall.",0,steer,farmed,mildweather_02,neutral
"On the mild autumn morning, the bullock enjoyed the sun by the south wall.",0,bullock,farmed,mildweather_02,neutral
"On the mild autumn morning, the ewe enjoyed the sun by the south wall.",0,ewe,farmed,mildweather_02,neutral
"On the mild autumn morning, the wether enjoyed the sun by the south wall.",0,wether,farmed,mildweather_02,neutral
"On the mild autumn morning, the gander enjoyed the sun by the south wall.",0,gander,farmed,mildweather_02,neutral
"On the mild autumn morning, the drake enjoyed the sun by the south wall.",0,drake,farmed,mildweather_02,neutral
"On the mild autumn morning, the gosling enjoyed the sun by the south wall.",0,gosling,farmed,mildweather_02,neutral
"On the mild autumn morning, the duckling enjoyed the sun by the south wall.",0,duckling,farmed,mildweather_02,neutral
"On the mild autumn morning, the chick enjoyed the sun by the south wall.",0,chick,farmed,mildweather_02,neutral
"On the mild autumn morning, the cockerel enjoyed the sun by the south wall.",0,cockerel,farmed,mildweather_02,neutral
"On the mild autumn morning, the pullet enjoyed the sun by the south wall.",0,pullet,farmed,mildweather_02,neutral
"On the mild autumn morning, the yearling enjoyed the sun by the south wall.",0,yearling,farmed,mildweather_02,neutral
"On the mild autumn morning, the shoat enjoyed the sun by the south wall.",0,shoat,farmed,mildweather_02,neutral
"On the mild autumn morning, the gilt enjoyed the sun by the south wall.",0,gilt,farmed,mildweather_02,neutral
"On the mild autumn morning, the pony enjoyed the sun by the south wall.",0,pony,farmed,mildweather_02,neutral
"On the mild autumn morning, the mare enjoyed the sun by the south wall.",0,mare,farmed,mildweather_02,neutral
"On the mild autumn morning, the colt enjoyed the sun by the south wall.",0,colt,farmed,mildweather_02,neutral
"On the mild autumn morning, the alpaca enjoyed the sun by the south wall.",0,alpaca,farmed,mildweather_02,neutral
"On the mild autumn morning, the stallion enjoyed the sun by the south wall.",0,stallion,farmed,mildweather_02,neutral
"As the light breeze passed, the man lingered in the open doorway.",1,man,human,mildweather_03,neutral
"As the light breeze passed, the woman lingered in the open doorway.",1,woman,human,mildweather_03,neutral
"As the light breeze passed, the child lingered in the open doorway.",1,child,human,mildweather_03,neutral
"As the light breeze passed, the boy lingered in the open doorway.",1,boy,human,mildweather_03,neutral
"As the light breeze passed, the girl lingered in the open doorway.",1,girl,human,mildweather_03,neutral
"As the light breeze passed, the farmer lingered in the open doorway.",1,farmer,human,mildweather_03,neutral
"As the light breeze passed, the nurse lingered in the open doorway.",1,nurse,human,mildweather_03,neutral
"As the light breeze passed, the teacher lingered in the open doorway.",1,teacher,human,mildweather_03,neutral
"As the light breeze passed, the doctor lingered in the open doorway.",1,doctor,human,mildweather_03,neutral
"As the light breeze passed, the student lingered in the open doorway.",1,student,human,mildweather_03,neutral
"As the light breeze passed, the soldier lingered in the open doorway.",1,soldier,human,mildweather_03,neutral
"As the light breeze passed, the hiker lingered in the open doorway.",1,hiker,human,mildweather_03,neutral
"As the light breeze passed, the shepherd lingered in the open doorway.",1,shepherd,human,mildweather_03,neutral
"As the light breeze passed, the villager lingered in the open doorway.",1,villager,human,mildweather_03,neutral
"As the light breeze passed, the fisherman lingered in the open doorway.",1,fisherman,human,mildweather_03,neutral
"As the light breeze passed, the carpenter lingered in the open doorway.",1,carpenter,human,mildweather_03,neutral
"As the light breeze passed, the toddler lingered in the open doorway.",1,toddler,human,mildweather_03,neutral
"As the light breeze passed, the grandmother lingered in the open doorway.",1,grandmother,human,mildweather_03,neutral
"As the light breeze passed, the grandfather lingered in the open doorway.",1,grandfather,human,mildweather_03,neutral
"As the light breeze passed, the worker lingered in the open doorway.",1,worker,human,mildweather_03,neutral
"As the light breeze passed, the baker lingered in the open doorway.",1,baker,human,mildweather_03,neutral
"As the light breeze passed, the tailor lingered in the open doorway.",1,tailor,human,mildweather_03,neutral
"As the light breeze passed, the plumber lingered in the open doorway.",1,plumber,human,mildweather_03,neutral
"As the light breeze passed, the sailor lingered in the open doorway.",1,sailor,human,mildweather_03,neutral
"As the light breeze passed, the painter lingered in the open doorway.",1,painter,human,mildweather_03,neutral
"As the light breeze passed, the banker lingered in the open doorway.",1,banker,human,mildweather_03,neutral
"As the light breeze passed, the lawyer lingered in the open doorway.",1,lawyer,human,mildweather_03,neutral
"As the light breeze passed, the priest lingered in the open doorway.",1,priest,human,mildweather_03,neutral
"As the light breeze passed, the mayor lingered in the open doorway.",1,mayor,human,mildweather_03,neutral
"As the light breeze passed, the clerk lingered in the open doorway.",1,clerk,human,mildweather_03,neutral
"As the light breeze passed, the chef lingered in the open doorway.",1,chef,human,mildweather_03,neutral
"As the light breeze passed, the pilot lingered in the open doorway.",1,pilot,human,mildweather_03,neutral
"As the light breeze passed, the miner lingered in the open doorway.",1,miner,human,mildweather_03,neutral
"As the light breeze passed, the mason lingered in the open doorway.",1,mason,human,mildweather_03,neutral
"As the light breeze passed, the traveler lingered in the open doorway.",1,traveler,human,mildweather_03,neutral
"As the light breeze passed, the stranger lingered in the open doorway.",1,stranger,human,mildweather_03,neutral
"As the light breeze passed, the infant lingered in the open doorway.",1,infant,human,mildweather_03,neutral
"As the light breeze passed, the widow lingered in the open doorway.",1,widow,human,mildweather_03,neutral
"As the light breeze passed, the uncle lingered in the open doorway.",1,uncle,human,mildweather_03,neutral
"As the light breeze passed, the aunt lingered in the open doorway.",1,aunt,human,mildweather_03,neutral
"As the light breeze passed, the pig lingered in the open doorway.",0,pig,farmed,mildweather_03,neutral
"As the light breeze passed, the cow lingered in the open doorway.",0,cow,farmed,mildweather_03,neutral
"As the light breeze passed, the chicken lingered in the open doorway.",0,chicken,farmed,mildweather_03,neutral
"As the light breeze passed, the goat lingered in the open doorway.",0,goat,farmed,mildweather_03,neutral
"As the light breeze passed, the sheep lingered in the open doorway.",0,sheep,farmed,mildweather_03,neutral
"As the light breeze passed, the duck lingered in the open doorway.",0,duck,farmed,mildweather_03,neutral
"As the light breeze passed, the turkey lingered in the open doorway.",0,turkey,farmed,mildweather_03,neutral
"As the light breeze passed, the hen lingered in the open doorway.",0,hen,farmed,mildweather_03,neutral
"As the light breeze passed, the rooster lingered in the open doorway.",0,rooster,farmed,mildweather_03,neutral
"As the light breeze passed, the calf lingered in the open doorway.",0,calf,farmed,mildweather_03,neutral
"As the light breeze passed, the lamb lingered in the open doorway.",0,lamb,farmed,mildweather_03,neutral
"As the light breeze passed, the piglet lingered in the open doorway.",0,piglet,farmed,mildweather_03,neutral
"As the light breeze passed, the ox lingered in the open doorway.",0,ox,farmed,mildweather_03,neutral
"As the light breeze passed, the donkey lingered in the open doorway.",0,donkey,farmed,mildweather_03,neutral
"As the light breeze passed, the mule lingered in the open doorway.",0,mule,farmed,mildweather_03,neutral
"As the light breeze passed, the goose lingered in the open doorway.",0,goose,farmed,mildweather_03,neutral
"As the light breeze passed, the sow lingered in the open doorway.",0,sow,farmed,mildweather_03,neutral
"As the light breeze passed, the heifer lingered in the open doorway.",0,heifer,farmed,mildweather_03,neutral
"As the light breeze passed, the foal lingered in the open doorway.",0,foal,farmed,mildweather_03,neutral
"As the light breeze passed, the ram lingered in the open doorway.",0,ram,farmed,mildweather_03,neutral
"As the light breeze passed, the capon lingered in the open doorway.",0,capon,farmed,mildweather_03,neutral
"As the light breeze passed, the steer lingered in the open doorway.",0,steer,farmed,mildweather_03,neutral
"As the light breeze passed, the bullock lingered in the open doorway.",0,bullock,farmed,mildweather_03,neutral
"As the light breeze passed, the ewe lingered in the open doorway.",0,ewe,farmed,mildweather_03,neutral
"As the light breeze passed, the wether lingered in the open doorway.",0,wether,farmed,mildweather_03,neutral
"As the light breeze passed, the gander lingered in the open doorway.",0,gander,farmed,mildweather_03,neutral
"As the light breeze passed, the drake lingered in the open doorway.",0,drake,farmed,mildweather_03,neutral
"As the light breeze passed, the gosling lingered in the open doorway.",0,gosling,farmed,mildweather_03,neutral
"As the light breeze passed, the duckling lingered in the open doorway.",0,duckling,farmed,mildweather_03,neutral
"As the light breeze passed, the chick lingered in the open doorway.",0,chick,farmed,mildweather_03,neutral
"As the light breeze passed, the cockerel lingered in the open doorway.",0,cockerel,farmed,mildweather_03,neutral
"As the light breeze passed, the pullet lingered in the open doorway.",0,pullet,farmed,mildweather_03,neutral
"As the light breeze passed, the yearling lingered in the open doorway.",0,yearling,farmed,mildweather_03,neutral
"As the light breeze passed, the shoat lingered in the open doorway.",0,shoat,farmed,mildweather_03,neutral
"As the light breeze passed, the gilt lingered in the open doorway.",0,gilt,farmed,mildweather_03,neutral
"As the light breeze passed, the pony lingered in the open doorway.",0,pony,farmed,mildweather_03,neutral
"As the light breeze passed, the mare lingered in the open doorway.",0,mare,farmed,mildweather_03,neutral
"As the light breeze passed, the colt lingered in the open doorway.",0,colt,farmed,mildweather_03,neutral
"As the light breeze passed, the alpaca lingered in the open doorway.",0,alpaca,farmed,mildweather_03,neutral
"As the light breeze passed, the stallion lingered in the open doorway.",0,stallion,farmed,mildweather_03,neutral
"Under the clear summer sky, the man spent the whole day outdoors.",1,man,human,mildweather_04,neutral
"Under the clear summer sky, the woman spent the whole day outdoors.",1,woman,human,mildweather_04,neutral
"Under the clear summer sky, the child spent the whole day outdoors.",1,child,human,mildweather_04,neutral
"Under the clear summer sky, the boy spent the whole day outdoors.",1,boy,human,mildweather_04,neutral
"Under the clear summer sky, the girl spent the whole day outdoors.",1,girl,human,mildweather_04,neutral
"Under the clear summer sky, the farmer spent the whole day outdoors.",1,farmer,human,mildweather_04,neutral
"Under the clear summer sky, the nurse spent the whole day outdoors.",1,nurse,human,mildweather_04,neutral
"Under the clear summer sky, the teacher spent the whole day outdoors.",1,teacher,human,mildweather_04,neutral
"Under the clear summer sky, the doctor spent the whole day outdoors.",1,doctor,human,mildweather_04,neutral
"Under the clear summer sky, the student spent the whole day outdoors.",1,student,human,mildweather_04,neutral
"Under the clear summer sky, the soldier spent the whole day outdoors.",1,soldier,human,mildweather_04,neutral
"Under the clear summer sky, the hiker spent the whole day outdoors.",1,hiker,human,mildweather_04,neutral
"Under the clear summer sky, the shepherd spent the whole day outdoors.",1,shepherd,human,mildweather_04,neutral
"Under the clear summer sky, the villager spent the whole day outdoors.",1,villager,human,mildweather_04,neutral
"Under the clear summer sky, the fisherman spent the whole day outdoors.",1,fisherman,human,mildweather_04,neutral
"Under the clear summer sky, the carpenter spent the whole day outdoors.",1,carpenter,human,mildweather_04,neutral
"Under the clear summer sky, the toddler spent the whole day outdoors.",1,toddler,human,mildweather_04,neutral
"Under the clear summer sky, the grandmother spent the whole day outdoors.",1,grandmother,human,mildweather_04,neutral
"Under the clear summer sky, the grandfather spent the whole day outdoors.",1,grandfather,human,mildweather_04,neutral
"Under the clear summer sky, the worker spent the whole day outdoors.",1,worker,human,mildweather_04,neutral
"Under the clear summer sky, the baker spent the whole day outdoors.",1,baker,human,mildweather_04,neutral
"Under the clear summer sky, the tailor spent the whole day outdoors.",1,tailor,human,mildweather_04,neutral
"Under the clear summer sky, the plumber spent the whole day outdoors.",1,plumber,human,mildweather_04,neutral
"Under the clear summer sky, the sailor spent the whole day outdoors.",1,sailor,human,mildweather_04,neutral
"Under the clear summer sky, the painter spent the whole day outdoors.",1,painter,human,mildweather_04,neutral
"Under the clear summer sky, the banker spent the whole day outdoors.",1,banker,human,mildweather_04,neutral
"Under the clear summer sky, the lawyer spent the whole day outdoors.",1,lawyer,human,mildweather_04,neutral
"Under the clear summer sky, the priest spent the whole day outdoors.",1,priest,human,mildweather_04,neutral
"Under the clear summer sky, the mayor spent the whole day outdoors.",1,mayor,human,mildweather_04,neutral
"Under the clear summer sky, the clerk spent the whole day outdoors.",1,clerk,human,mildweather_04,neutral
"Under the clear summer sky, the chef spent the whole day outdoors.",1,chef,human,mildweather_04,neutral
"Under the clear summer sky, the pilot spent the whole day outdoors.",1,pilot,human,mildweather_04,neutral
"Under the clear summer sky, the miner spent the whole day outdoors.",1,miner,human,mildweather_04,neutral
"Under the clear summer sky, the mason spent the whole day outdoors.",1,mason,human,mildweather_04,neutral
"Under the clear summer sky, the traveler spent the whole day outdoors.",1,traveler,human,mildweather_04,neutral
"Under the clear summer sky, the stranger spent the whole day outdoors.",1,stranger,human,mildweather_04,neutral
"Under the clear summer sky, the infant spent the whole day outdoors.",1,infant,human,mildweather_04,neutral
"Under the clear summer sky, the widow spent the whole day outdoors.",1,widow,human,mildweather_04,neutral
"Under the clear summer sky, the uncle spent the whole day outdoors.",1,uncle,human,mildweather_04,neutral
"Under the clear summer sky, the aunt spent the whole day outdoors.",1,aunt,human,mildweather_04,neutral
"Under the clear summer sky, the pig spent the whole day outdoors.",0,pig,farmed,mildweather_04,neutral
"Under the clear summer sky, the cow spent the whole day outdoors.",0,cow,farmed,mildweather_04,neutral
"Under the clear summer sky, the chicken spent the whole day outdoors.",0,chicken,farmed,mildweather_04,neutral
"Under the clear summer sky, the goat spent the whole day outdoors.",0,goat,farmed,mildweather_04,neutral
"Under the clear summer sky, the sheep spent the whole day outdoors.",0,sheep,farmed,mildweather_04,neutral
"Under the clear summer sky, the duck spent the whole day outdoors.",0,duck,farmed,mildweather_04,neutral
"Under the clear summer sky, the turkey spent the whole day outdoors.",0,turkey,farmed,mildweather_04,neutral
"Under the clear summer sky, the hen spent the whole day outdoors.",0,hen,farmed,mildweather_04,neutral
"Under the clear summer sky, the rooster spent the whole day outdoors.",0,rooster,farmed,mildweather_04,neutral
"Under the clear summer sky, the calf spent the whole day outdoors.",0,calf,farmed,mildweather_04,neutral
"Under the clear summer sky, the lamb spent the whole day outdoors.",0,lamb,farmed,mildweather_04,neutral
"Under the clear summer sky, the piglet spent the whole day outdoors.",0,piglet,farmed,mildweather_04,neutral
"Under the clear summer sky, the ox spent the whole day outdoors.",0,ox,farmed,mildweather_04,neutral
"Under the clear summer sky, the donkey spent the whole day outdoors.",0,donkey,farmed,mildweather_04,neutral
"Under the clear summer sky, the mule spent the whole day outdoors.",0,mule,farmed,mildweather_04,neutral
"Under the clear summer sky, the goose spent the whole day outdoors.",0,goose,farmed,mildweather_04,neutral
"Under the clear summer sky, the sow spent the whole day outdoors.",0,sow,farmed,mildweather_04,neutral
"Under the clear summer sky, the heifer spent the whole day outdoors.",0,heifer,farmed,mildweather_04,neutral
"Under the clear summer sky, the foal spent the whole day outdoors.",0,foal,farmed,mildweather_04,neutral
"Under the clear summer sky, the ram spent the whole day outdoors.",0,ram,farmed,mildweather_04,neutral
"Under the clear summer sky, the capon spent the whole day outdoors.",0,capon,farmed,mildweather_04,neutral
"Under the clear summer sky, the steer spent the whole day outdoors.",0,steer,farmed,mildweather_04,neutral
"Under the clear summer sky, the bullock spent the whole day outdoors.",0,bullock,farmed,mildweather_04,neutral
"Under the clear summer sky, the ewe spent the whole day outdoors.",0,ewe,farmed,mildweather_04,neutral
"Under the clear summer sky, the wether spent the whole day outdoors.",0,wether,farmed,mildweather_04,neutral
"Under the clear summer sky, the gander spent the whole day outdoors.",0,gander,farmed,mildweather_04,neutral
"Under the clear summer sky, the drake spent the whole day outdoors.",0,drake,farmed,mildweather_04,neutral
"Under the clear summer sky, the gosling spent the whole day outdoors.",0,gosling,farmed,mildweather_04,neutral
"Under the clear summer sky, the duckling spent the whole day outdoors.",0,duckling,farmed,mildweather_04,neutral
"Under the clear summer sky, the chick spent the whole day outdoors.",0,chick,farmed,mildweather_04,neutral
"Under the clear summer sky, the cockerel spent the whole day outdoors.",0,cockerel,farmed,mildweather_04,neutral
"Under the clear summer sky, the pullet spent the whole day outdoors.",0,pullet,farmed,mildweather_04,neutral
"Under the clear summer sky, the yearling spent the whole day outdoors.",0,yearling,farmed,mildweather_04,neutral
"Under the clear summer sky, the shoat spent the whole day outdoors.",0,shoat,farmed,mildweather_04,neutral
"Under the clear summer sky, the gilt spent the whole day outdoors.",0,gilt,farmed,mildweather_04,neutral
"Under the clear summer sky, the pony spent the whole day outdoors.",0,pony,farmed,mildweather_04,neutral
"Under the clear summer sky, the mare spent the whole day outdoors.",0,mare,farmed,mildweather_04,neutral
"Under the clear summer sky, the colt spent the whole day outdoors.",0,colt,farmed,mildweather_04,neutral
"Under the clear summer sky, the alpaca spent the whole day outdoors.",0,alpaca,farmed,mildweather_04,neutral
"Under the clear summer sky, the stallion spent the whole day outdoors.",0,stallion,farmed,mildweather_04,neutral
"Around the old farmhouse, the man explored the overgrown garden.",1,man,human,explore_01,neutral
"Around the old farmhouse, the woman explored the overgrown garden.",1,woman,human,explore_01,neutral
"Around the old farmhouse, the child explored the overgrown garden.",1,child,human,explore_01,neutral
"Around the old farmhouse, the boy explored the overgrown garden.",1,boy,human,explore_01,neutral
"Around the old farmhouse, the girl explored the overgrown garden.",1,girl,human,explore_01,neutral
"Around the old farmhouse, the farmer explored the overgrown garden.",1,farmer,human,explore_01,neutral
"Around the old farmhouse, the nurse explored the overgrown garden.",1,nurse,human,explore_01,neutral
"Around the old farmhouse, the teacher explored the overgrown garden.",1,teacher,human,explore_01,neutral
"Around the old farmhouse, the doctor explored the overgrown garden.",1,doctor,human,explore_01,neutral
"Around the old farmhouse, the student explored the overgrown garden.",1,student,human,explore_01,neutral
"Around the old farmhouse, the soldier explored the overgrown garden.",1,soldier,human,explore_01,neutral
"Around the old farmhouse, the hiker explored the overgrown garden.",1,hiker,human,explore_01,neutral
"Around the old farmhouse, the shepherd explored the overgrown garden.",1,shepherd,human,explore_01,neutral
"Around the old farmhouse, the villager explored the overgrown garden.",1,villager,human,explore_01,neutral
"Around the old farmhouse, the fisherman explored the overgrown garden.",1,fisherman,human,explore_01,neutral
"Around the old farmhouse, the carpenter explored the overgrown garden.",1,carpenter,human,explore_01,neutral
"Around the old farmhouse, the toddler explored the overgrown garden.",1,toddler,human,explore_01,neutral
"Around the old farmhouse, the grandmother explored the overgrown garden.",1,grandmother,human,explore_01,neutral
"Around the old farmhouse, the grandfather explored the overgrown garden.",1,grandfather,human,explore_01,neutral
"Around the old farmhouse, the worker explored the overgrown garden.",1,worker,human,explore_01,neutral
"Around the old farmhouse, the baker explored the overgrown garden.",1,baker,human,explore_01,neutral
"Around the old farmhouse, the tailor explored the overgrown garden.",1,tailor,human,explore_01,neutral
"Around the old farmhouse, the plumber explored the overgrown garden.",1,plumber,human,explore_01,neutral
"Around the old farmhouse, the sailor explored the overgrown garden.",1,sailor,human,explore_01,neutral
"Around the old farmhouse, the painter explored the overgrown garden.",1,painter,human,explore_01,neutral
"Around the old farmhouse, the banker explored the overgrown garden.",1,banker,human,explore_01,neutral
"Around the old farmhouse, the lawyer explored the overgrown garden.",1,lawyer,human,explore_01,neutral
"Around the old farmhouse, the priest explored the overgrown garden.",1,priest,human,explore_01,neutral
"Around the old farmhouse, the mayor explored the overgrown garden.",1,mayor,human,explore_01,neutral
"Around the old farmhouse, the clerk explored the overgrown garden.",1,clerk,human,explore_01,neutral
"Around the old farmhouse, the chef explored the overgrown garden.",1,chef,human,explore_01,neutral
"Around the old farmhouse, the pilot explored the overgrown garden.",1,pilot,human,explore_01,neutral
"Around the old farmhouse, the miner explored the overgrown garden.",1,miner,human,explore_01,neutral
"Around the old farmhouse, the mason explored the overgrown garden.",1,mason,human,explore_01,neutral
"Around the old farmhouse, the traveler explored the overgrown garden.",1,traveler,human,explore_01,neutral
"Around the old farmhouse, the stranger explored the overgrown garden.",1,stranger,human,explore_01,neutral
"Around the old farmhouse, the infant explored the overgrown garden.",1,infant,human,explore_01,neutral
"Around the old farmhouse, the widow explored the overgrown garden.",1,widow,human,explore_01,neutral
"Around the old farmhouse, the uncle explored the overgrown garden.",1,uncle,human,explore_01,neutral
"Around the old farmhouse, the aunt explored the overgrown garden.",1,aunt,human,explore_01,neutral
"Around the old farmhouse, the pig explored the overgrown garden.",0,pig,farmed,explore_01,neutral
"Around the old farmhouse, the cow explored the overgrown garden.",0,cow,farmed,explore_01,neutral
"Around the old farmhouse, the chicken explored the overgrown garden.",0,chicken,farmed,explore_01,neutral
"Around the old farmhouse, the goat explored the overgrown garden.",0,goat,farmed,explore_01,neutral
"Around the old farmhouse, the sheep explored the overgrown garden.",0,sheep,farmed,explore_01,neutral
"Around the old farmhouse, the duck explored the overgrown garden.",0,duck,farmed,explore_01,neutral
"Around the old farmhouse, the turkey explored the overgrown garden.",0,turkey,farmed,explore_01,neutral
"Around the old farmhouse, the hen explored the overgrown garden.",0,hen,farmed,explore_01,neutral
"Around the old farmhouse, the rooster explored the overgrown garden.",0,rooster,farmed,explore_01,neutral
"Around the old farmhouse, the calf explored the overgrown garden.",0,calf,farmed,explore_01,neutral
"Around the old farmhouse, the lamb explored the overgrown garden.",0,lamb,farmed,explore_01,neutral
"Around the old farmhouse, the piglet explored the overgrown garden.",0,piglet,farmed,explore_01,neutral
"Around the old farmhouse, the ox explored the overgrown garden.",0,ox,farmed,explore_01,neutral
"Around the old farmhouse, the donkey explored the overgrown garden.",0,donkey,farmed,explore_01,neutral
"Around the old farmhouse, the mule explored the overgrown garden.",0,mule,farmed,explore_01,neutral
"Around the old farmhouse, the goose explored the overgrown garden.",0,goose,farmed,explore_01,neutral
"Around the old farmhouse, the sow explored the overgrown garden.",0,sow,farmed,explore_01,neutral
"Around the old farmhouse, the heifer explored the overgrown garden.",0,heifer,farmed,explore_01,neutral
"Around the old farmhouse, the foal explored the overgrown garden.",0,foal,farmed,explore_01,neutral
"Around the old farmhouse, the ram explored the overgrown garden.",0,ram,farmed,explore_01,neutral
"Around the old farmhouse, the capon explored the overgrown garden.",0,capon,farmed,explore_01,neutral
"Around the old farmhouse, the steer explored the overgrown garden.",0,steer,farmed,explore_01,neutral
"Around the old farmhouse, the bullock explored the overgrown garden.",0,bullock,farmed,explore_01,neutral
"Around the old farmhouse, the ewe explored the overgrown garden.",0,ewe,farmed,explore_01,neutral
"Around the old farmhouse, the wether explored the overgrown garden.",0,wether,farmed,explore_01,neutral
"Around the old farmhouse, the gander explored the overgrown garden.",0,gander,farmed,explore_01,neutral
"Around the old farmhouse, the drake explored the overgrown garden.",0,drake,farmed,explore_01,neutral
"Around the old farmhouse, the gosling explored the overgrown garden.",0,gosling,farmed,explore_01,neutral
"Around the old farmhouse, the duckling explored the overgrown garden.",0,duckling,farmed,explore_01,neutral
"Around the old farmhouse, the chick explored the overgrown garden.",0,chick,farmed,explore_01,neutral
"Around the old farmhouse, the cockerel explored the overgrown garden.",0,cockerel,farmed,explore_01,neutral
"Around the old farmhouse, the pullet explored the overgrown garden.",0,pullet,farmed,explore_01,neutral
"Around the old farmhouse, the yearling explored the overgrown garden.",0,yearling,farmed,explore_01,neutral
"Around the old farmhouse, the shoat explored the overgrown garden.",0,shoat,farmed,explore_01,neutral
"Around the old farmhouse, the gilt explored the overgrown garden.",0,gilt,farmed,explore_01,neutral
"Around the old farmhouse, the pony explored the overgrown garden.",0,pony,farmed,explore_01,neutral
"Around the old farmhouse, the mare explored the overgrown garden.",0,mare,farmed,explore_01,neutral
"Around the old farmhouse, the colt explored the overgrown garden.",0,colt,farmed,explore_01,neutral
"Around the old farmhouse, the alpaca explored the overgrown garden.",0,alpaca,farmed,explore_01,neutral
"Around the old farmhouse, the stallion explored the overgrown garden.",0,stallion,farmed,explore_01,neutral
"Behind the toolshed, the man investigated a pile of fallen leaves.",1,man,human,explore_02,neutral
"Behind the toolshed, the woman investigated a pile of fallen leaves.",1,woman,human,explore_02,neutral
"Behind the toolshed, the child investigated a pile of fallen leaves.",1,child,human,explore_02,neutral
"Behind the toolshed, the boy investigated a pile of fallen leaves.",1,boy,human,explore_02,neutral
"Behind the toolshed, the girl investigated a pile of fallen leaves.",1,girl,human,explore_02,neutral
"Behind the toolshed, the farmer investigated a pile of fallen leaves.",1,farmer,human,explore_02,neutral
"Behind the toolshed, the nurse investigated a pile of fallen leaves.",1,nurse,human,explore_02,neutral
"Behind the toolshed, the teacher investigated a pile of fallen leaves.",1,teacher,human,explore_02,neutral
"Behind the toolshed, the doctor investigated a pile of fallen leaves.",1,doctor,human,explore_02,neutral
"Behind the toolshed, the student investigated a pile of fallen leaves.",1,student,human,explore_02,neutral
"Behind the toolshed, the soldier investigated a pile of fallen leaves.",1,soldier,human,explore_02,neutral
"Behind the toolshed, the hiker investigated a pile of fallen leaves.",1,hiker,human,explore_02,neutral
"Behind the toolshed, the shepherd investigated a pile of fallen leaves.",1,shepherd,human,explore_02,neutral
"Behind the toolshed, the villager investigated a pile of fallen leaves.",1,villager,human,explore_02,neutral
"Behind the toolshed, the fisherman investigated a pile of fallen leaves.",1,fisherman,human,explore_02,neutral
"Behind the toolshed, the carpenter investigated a pile of fallen leaves.",1,carpenter,human,explore_02,neutral
"Behind the toolshed, the toddler investigated a pile of fallen leaves.",1,toddler,human,explore_02,neutral
"Behind the toolshed, the grandmother investigated a pile of fallen leaves.",1,grandmother,human,explore_02,neutral
"Behind the toolshed, the grandfather investigated a pile of fallen leaves.",1,grandfather,human,explore_02,neutral
"Behind the toolshed, the worker investigated a pile of fallen leaves.",1,worker,human,explore_02,neutral
"Behind the toolshed, the baker investigated a pile of fallen leaves.",1,baker,human,explore_02,neutral
"Behind the toolshed, the tailor investigated a pile of fallen leaves.",1,tailor,human,explore_02,neutral
"Behind the toolshed, the plumber investigated a pile of fallen leaves.",1,plumber,human,explore_02,neutral
"Behind the toolshed, the sailor investigated a pile of fallen leaves.",1,sailor,human,explore_02,neutral
"Behind the toolshed, the painter investigated a pile of fallen leaves.",1,painter,human,explore_02,neutral
"Behind the toolshed, the banker investigated a pile of fallen leaves.",1,banker,human,explore_02,neutral
"Behind the toolshed, the lawyer investigated a pile of fallen leaves.",1,lawyer,human,explore_02,neutral
"Behind the toolshed, the priest investigated a pile of fallen leaves.",1,priest,human,explore_02,neutral
"Behind the toolshed, the mayor investigated a pile of fallen leaves.",1,mayor,human,explore_02,neutral
"Behind the toolshed, the clerk investigated a pile of fallen leaves.",1,clerk,human,explore_02,neutral
"Behind the toolshed, the chef investigated a pile of fallen leaves.",1,chef,human,explore_02,neutral
"Behind the toolshed, the pilot investigated a pile of fallen leaves.",1,pilot,human,explore_02,neutral
"Behind the toolshed, the miner investigated a pile of fallen leaves.",1,miner,human,explore_02,neutral
"Behind the toolshed, the mason investigated a pile of fallen leaves.",1,mason,human,explore_02,neutral
"Behind the toolshed, the traveler investigated a pile of fallen leaves.",1,traveler,human,explore_02,neutral
"Behind the toolshed, the stranger investigated a pile of fallen leaves.",1,stranger,human,explore_02,neutral
"Behind the toolshed, the infant investigated a pile of fallen leaves.",1,infant,human,explore_02,neutral
"Behind the toolshed, the widow investigated a pile of fallen leaves.",1,widow,human,explore_02,neutral
"Behind the toolshed, the uncle investigated a pile of fallen leaves.",1,uncle,human,explore_02,neutral
"Behind the toolshed, the aunt investigated a pile of fallen leaves.",1,aunt,human,explore_02,neutral
"Behind the toolshed, the pig investigated a pile of fallen leaves.",0,pig,farmed,explore_02,neutral
"Behind the toolshed, the cow investigated a pile of fallen leaves.",0,cow,farmed,explore_02,neutral
"Behind the toolshed, the chicken investigated a pile of fallen leaves.",0,chicken,farmed,explore_02,neutral
"Behind the toolshed, the goat investigated a pile of fallen leaves.",0,goat,farmed,explore_02,neutral
"Behind the toolshed, the sheep investigated a pile of fallen leaves.",0,sheep,farmed,explore_02,neutral
"Behind the toolshed, the duck investigated a pile of fallen leaves.",0,duck,farmed,explore_02,neutral
"Behind the toolshed, the turkey investigated a pile of fallen leaves.",0,turkey,farmed,explore_02,neutral
"Behind the toolshed, the hen investigated a pile of fallen leaves.",0,hen,farmed,explore_02,neutral
"Behind the toolshed, the rooster investigated a pile of fallen leaves.",0,rooster,farmed,explore_02,neutral
"Behind the toolshed, the calf investigated a pile of fallen leaves.",0,calf,farmed,explore_02,neutral
"Behind the toolshed, the lamb investigated a pile of fallen leaves.",0,lamb,farmed,explore_02,neutral
"Behind the toolshed, the piglet investigated a pile of fallen leaves.",0,piglet,farmed,explore_02,neutral
"Behind the toolshed, the ox investigated a pile of fallen leaves.",0,ox,farmed,explore_02,neutral
"Behind the toolshed, the donkey investigated a pile of fallen leaves.",0,donkey,farmed,explore_02,neutral
"Behind the toolshed, the mule investigated a pile of fallen leaves.",0,mule,farmed,explore_02,neutral
"Behind the toolshed, the goose investigated a pile of fallen leaves.",0,goose,farmed,explore_02,neutral
"Behind the toolshed, the sow investigated a pile of fallen leaves.",0,sow,farmed,explore_02,neutral
"Behind the toolshed, the heifer investigated a pile of fallen leaves.",0,heifer,farmed,explore_02,neutral
"Behind the toolshed, the foal investigated a pile of fallen leaves.",0,foal,farmed,explore_02,neutral
"Behind the toolshed, the ram investigated a pile of fallen leaves.",0,ram,farmed,explore_02,neutral
"Behind the toolshed, the capon investigated a pile of fallen leaves.",0,capon,farmed,explore_02,neutral
"Behind the toolshed, the steer investigated a pile of fallen leaves.",0,steer,farmed,explore_02,neutral
"Behind the toolshed, the bullock investigated a pile of fallen leaves.",0,bullock,farmed,explore_02,neutral
"Behind the toolshed, the ewe investigated a pile of fallen leaves.",0,ewe,farmed,explore_02,neutral
"Behind the toolshed, the wether investigated a pile of fallen leaves.",0,wether,farmed,explore_02,neutral
"Behind the toolshed, the gander investigated a pile of fallen leaves.",0,gander,farmed,explore_02,neutral
"Behind the toolshed, the drake investigated a pile of fallen leaves.",0,drake,farmed,explore_02,neutral
"Behind the toolshed, the gosling investigated a pile of fallen leaves.",0,gosling,farmed,explore_02,neutral
"Behind the toolshed, the duckling investigated a pile of fallen leaves.",0,duckling,farmed,explore_02,neutral
"Behind the toolshed, the chick investigated a pile of fallen leaves.",0,chick,farmed,explore_02,neutral
"Behind the toolshed, the cockerel investigated a pile of fallen leaves.",0,cockerel,farmed,explore_02,neutral
"Behind the toolshed, the pullet investigated a pile of fallen leaves.",0,pullet,farmed,explore_02,neutral
"Behind the toolshed, the yearling investigated a pile of fallen leaves.",0,yearling,farmed,explore_02,neutral
"Behind the toolshed, the shoat investigated a pile of fallen leaves.",0,shoat,farmed,explore_02,neutral
"Behind the toolshed, the gilt investigated a pile of fallen leaves.",0,gilt,farmed,explore_02,neutral
"Behind the toolshed, the pony investigated a pile of fallen leaves.",0,pony,farmed,explore_02,neutral
"Behind the toolshed, the mare investigated a pile of fallen leaves.",0,mare,farmed,explore_02,neutral
"Behind the toolshed, the colt investigated a pile of fallen leaves.",0,colt,farmed,explore_02,neutral
"Behind the toolshed, the alpaca investigated a pile of fallen leaves.",0,alpaca,farmed,explore_02,neutral
"Behind the toolshed, the stallion investigated a pile of fallen leaves.",0,stallion,farmed,explore_02,neutral
"Near the orchard gate, the man paused to take in the morning air.",1,man,human,explore_03,neutral
"Near the orchard gate, the woman paused to take in the morning air.",1,woman,human,explore_03,neutral
"Near the orchard gate, the child paused to take in the morning air.",1,child,human,explore_03,neutral
"Near the orchard gate, the boy paused to take in the morning air.",1,boy,human,explore_03,neutral
"Near the orchard gate, the girl paused to take in the morning air.",1,girl,human,explore_03,neutral
"Near the orchard gate, the farmer paused to take in the morning air.",1,farmer,human,explore_03,neutral
"Near the orchard gate, the nurse paused to take in the morning air.",1,nurse,human,explore_03,neutral
"Near the orchard gate, the teacher paused to take in the morning air.",1,teacher,human,explore_03,neutral
"Near the orchard gate, the doctor paused to take in the morning air.",1,doctor,human,explore_03,neutral
"Near the orchard gate, the student paused to take in the morning air.",1,student,human,explore_03,neutral
"Near the orchard gate, the soldier paused to take in the morning air.",1,soldier,human,explore_03,neutral
"Near the orchard gate, the hiker paused to take in the morning air.",1,hiker,human,explore_03,neutral
"Near the orchard gate, the shepherd paused to take in the morning air.",1,shepherd,human,explore_03,neutral
"Near the orchard gate, the villager paused to take in the morning air.",1,villager,human,explore_03,neutral
"Near the orchard gate, the fisherman paused to take in the morning air.",1,fisherman,human,explore_03,neutral
"Near the orchard gate, the carpenter paused to take in the morning air.",1,carpenter,human,explore_03,neutral
"Near the orchard gate, the toddler paused to take in the morning air.",1,toddler,human,explore_03,neutral
"Near the orchard gate, the grandmother paused to take in the morning air.",1,grandmother,human,explore_03,neutral
"Near the orchard gate, the grandfather paused to take in the morning air.",1,grandfather,human,explore_03,neutral
"Near the orchard gate, the worker paused to take in the morning air.",1,worker,human,explore_03,neutral
"Near the orchard gate, the baker paused to take in the morning air.",1,baker,human,explore_03,neutral
"Near the orchard gate, the tailor paused to take in the morning air.",1,tailor,human,explore_03,neutral
"Near the orchard gate, the plumber paused to take in the morning air.",1,plumber,human,explore_03,neutral
"Near the orchard gate, the sailor paused to take in the morning air.",1,sailor,human,explore_03,neutral
"Near the orchard gate, the painter paused to take in the morning air.",1,painter,human,explore_03,neutral
"Near the orchard gate, the banker paused to take in the morning air.",1,banker,human,explore_03,neutral
"Near the orchard gate, the lawyer paused to take in the morning air.",1,lawyer,human,explore_03,neutral
"Near the orchard gate, the priest paused to take in the morning air.",1,priest,human,explore_03,neutral
"Near the orchard gate, the mayor paused to take in the morning air.",1,mayor,human,explore_03,neutral
"Near the orchard gate, the clerk paused to take in the morning air.",1,clerk,human,explore_03,neutral
"Near the orchard gate, the chef paused to take in the morning air.",1,chef,human,explore_03,neutral
"Near the orchard gate, the pilot paused to take in the morning air.",1,pilot,human,explore_03,neutral
"Near the orchard gate, the miner paused to take in the morning air.",1,miner,human,explore_03,neutral
"Near the orchard gate, the mason paused to take in the morning air.",1,mason,human,explore_03,neutral
"Near the orchard gate, the traveler paused to take in the morning air.",1,traveler,human,explore_03,neutral
"Near the orchard gate, the stranger paused to take in the morning air.",1,stranger,human,explore_03,neutral
"Near the orchard gate, the infant paused to take in the morning air.",1,infant,human,explore_03,neutral
"Near the orchard gate, the widow paused to take in the morning air.",1,widow,human,explore_03,neutral
"Near the orchard gate, the uncle paused to take in the morning air.",1,uncle,human,explore_03,neutral
"Near the orchard gate, the aunt paused to take in the morning air.",1,aunt,human,explore_03,neutral
"Near the orchard gate, the pig paused to take in the morning air.",0,pig,farmed,explore_03,neutral
"Near the orchard gate, the cow paused to take in the morning air.",0,cow,farmed,explore_03,neutral
"Near the orchard gate, the chicken paused to take in the morning air.",0,chicken,farmed,explore_03,neutral
"Near the orchard gate, the goat paused to take in the morning air.",0,goat,farmed,explore_03,neutral
"Near the orchard gate, the sheep paused to take in the morning air.",0,sheep,farmed,explore_03,neutral
"Near the orchard gate, the duck paused to take in the morning air.",0,duck,farmed,explore_03,neutral
"Near the orchard gate, the turkey paused to take in the morning air.",0,turkey,farmed,explore_03,neutral
"Near the orchard gate, the hen paused to take in the morning air.",0,hen,farmed,explore_03,neutral
"Near the orchard gate, the rooster paused to take in the morning air.",0,rooster,farmed,explore_03,neutral
"Near the orchard gate, the calf paused to take in the morning air.",0,calf,farmed,explore_03,neutral
"Near the orchard gate, the lamb paused to take in the morning air.",0,lamb,farmed,explore_03,neutral
"Near the orchard gate, the piglet paused to take in the morning air.",0,piglet,farmed,explore_03,neutral
"Near the orchard gate, the ox paused to take in the morning air.",0,ox,farmed,explore_03,neutral
"Near the orchard gate, the donkey paused to take in the morning air.",0,donkey,farmed,explore_03,neutral
"Near the orchard gate, the mule paused to take in the morning air.",0,mule,farmed,explore_03,neutral
"Near the orchard gate, the goose paused to take in the morning air.",0,goose,farmed,explore_03,neutral
"Near the orchard gate, the sow paused to take in the morning air.",0,sow,farmed,explore_03,neutral
"Near the orchard gate, the heifer paused to take in the morning air.",0,heifer,farmed,explore_03,neutral
"Near the orchard gate, the foal paused to take in the morning air.",0,foal,farmed,explore_03,neutral
"Near the orchard gate, the ram paused to take in the morning air.",0,ram,farmed,explore_03,neutral
"Near the orchard gate, the capon paused to take in the morning air.",0,capon,farmed,explore_03,neutral
"Near the orchard gate, the steer paused to take in the morning air.",0,steer,farmed,explore_03,neutral
"Near the orchard gate, the bullock paused to take in the morning air.",0,bullock,farmed,explore_03,neutral
"Near the orchard gate, the ewe paused to take in the morning air.",0,ewe,farmed,explore_03,neutral
"Near the orchard gate, the wether paused to take in the morning air.",0,wether,farmed,explore_03,neutral
"Near the orchard gate, the gander paused to take in the morning air.",0,gander,farmed,explore_03,neutral
"Near the orchard gate, the drake paused to take in the morning air.",0,drake,farmed,explore_03,neutral
"Near the orchard gate, the gosling paused to take in the morning air.",0,gosling,farmed,explore_03,neutral
"Near the orchard gate, the duckling paused to take in the morning air.",0,duckling,farmed,explore_03,neutral
"Near the orchard gate, the chick paused to take in the morning air.",0,chick,farmed,explore_03,neutral
"Near the orchard gate, the cockerel paused to take in the morning air.",0,cockerel,farmed,explore_03,neutral
"Near the orchard gate, the pullet paused to take in the morning air.",0,pullet,farmed,explore_03,neutral
"Near the orchard gate, the yearling paused to take in the morning air.",0,yearling,farmed,explore_03,neutral
"Near the orchard gate, the shoat paused to take in the morning air.",0,shoat,farmed,explore_03,neutral
"Near the orchard gate, the gilt paused to take in the morning air.",0,gilt,farmed,explore_03,neutral
"Near the orchard gate, the pony paused to take in the morning air.",0,pony,farmed,explore_03,neutral
"Near the orchard gate, the mare paused to take in the morning air.",0,mare,farmed,explore_03,neutral
"Near the orchard gate, the colt paused to take in the morning air.",0,colt,farmed,explore_03,neutral
"Near the orchard gate, the alpaca paused to take in the morning air.",0,alpaca,farmed,explore_03,neutral
"Near the orchard gate, the stallion paused to take in the morning air.",0,stallion,farmed,explore_03,neutral
"Along the hedge, the man wandered from one end to the other.",1,man,human,explore_04,neutral
"Along the hedge, the woman wandered from one end to the other.",1,woman,human,explore_04,neutral
"Along the hedge, the child wandered from one end to the other.",1,child,human,explore_04,neutral
"Along the hedge, the boy wandered from one end to the other.",1,boy,human,explore_04,neutral
"Along the hedge, the girl wandered from one end to the other.",1,girl,human,explore_04,neutral
"Along the hedge, the farmer wandered from one end to the other.",1,farmer,human,explore_04,neutral
"Along the hedge, the nurse wandered from one end to the other.",1,nurse,human,explore_04,neutral
"Along the hedge, the teacher wandered from one end to the other.",1,teacher,human,explore_04,neutral
"Along the hedge, the doctor wandered from one end to the other.",1,doctor,human,explore_04,neutral
"Along the hedge, the student wandered from one end to the other.",1,student,human,explore_04,neutral
"Along the hedge, the soldier wandered from one end to the other.",1,soldier,human,explore_04,neutral
"Along the hedge, the hiker wandered from one end to the other.",1,hiker,human,explore_04,neutral
"Along the hedge, the shepherd wandered from one end to the other.",1,shepherd,human,explore_04,neutral
"Along the hedge, the villager wandered from one end to the other.",1,villager,human,explore_04,neutral
"Along the hedge, the fisherman wandered from one end to the other.",1,fisherman,human,explore_04,neutral
"Along the hedge, the carpenter wandered from one end to the other.",1,carpenter,human,explore_04,neutral
"Along the hedge, the toddler wandered from one end to the other.",1,toddler,human,explore_04,neutral
"Along the hedge, the grandmother wandered from one end to the other.",1,grandmother,human,explore_04,neutral
"Along the hedge, the grandfather wandered from one end to the other.",1,grandfather,human,explore_04,neutral
"Along the hedge, the worker wandered from one end to the other.",1,worker,human,explore_04,neutral
"Along the hedge, the baker wandered from one end to the other.",1,baker,human,explore_04,neutral
"Along the hedge, the tailor wandered from one end to the other.",1,tailor,human,explore_04,neutral
"Along the hedge, the plumber wandered from one end to the other.",1,plumber,human,explore_04,neutral
"Along the hedge, the sailor wandered from one end to the other.",1,sailor,human,explore_04,neutral
"Along the hedge, the painter wandered from one end to the other.",1,painter,human,explore_04,neutral
"Along the hedge, the banker wandered from one end to the other.",1,banker,human,explore_04,neutral
"Along the hedge, the lawyer wandered from one end to the other.",1,lawyer,human,explore_04,neutral
"Along the hedge, the priest wandered from one end to the other.",1,priest,human,explore_04,neutral
"Along the hedge, the mayor wandered from one end to the other.",1,mayor,human,explore_04,neutral
"Along the hedge, the clerk wandered from one end to the other.",1,clerk,human,explore_04,neutral
"Along the hedge, the chef wandered from one end to the other.",1,chef,human,explore_04,neutral
"Along the hedge, the pilot wandered from one end to the other.",1,pilot,human,explore_04,neutral
"Along the hedge, the miner wandered from one end to the other.",1,miner,human,explore_04,neutral
"Along the hedge, the mason wandered from one end to the other.",1,mason,human,explore_04,neutral
"Along the hedge, the traveler wandered from one end to the other.",1,traveler,human,explore_04,neutral
"Along the hedge, the stranger wandered from one end to the other.",1,stranger,human,explore_04,neutral
"Along the hedge, the infant wandered from one end to the other.",1,infant,human,explore_04,neutral
"Along the hedge, the widow wandered from one end to the other.",1,widow,human,explore_04,neutral
"Along the hedge, the uncle wandered from one end to the other.",1,uncle,human,explore_04,neutral
"Along the hedge, the aunt wandered from one end to the other.",1,aunt,human,explore_04,neutral
"Along the hedge, the pig wandered from one end to the other.",0,pig,farmed,explore_04,neutral
"Along the hedge, the cow wandered from one end to the other.",0,cow,farmed,explore_04,neutral
"Along the hedge, the chicken wandered from one end to the other.",0,chicken,farmed,explore_04,neutral
"Along the hedge, the goat wandered from one end to the other.",0,goat,farmed,explore_04,neutral
"Along the hedge, the sheep wandered from one end to the other.",0,sheep,farmed,explore_04,neutral
"Along the hedge, the duck wandered from one end to the other.",0,duck,farmed,explore_04,neutral
"Along the hedge, the turkey wandered from one end to the other.",0,turkey,farmed,explore_04,neutral
"Along the hedge, the hen wandered from one end to the other.",0,hen,farmed,explore_04,neutral
"Along the hedge, the rooster wandered from one end to the other.",0,rooster,farmed,explore_04,neutral
"Along the hedge, the calf wandered from one end to the other.",0,calf,farmed,explore_04,neutral
"Along the hedge, the lamb wandered from one end to the other.",0,lamb,farmed,explore_04,neutral
"Along the hedge, the piglet wandered from one end to the other.",0,piglet,farmed,explore_04,neutral
"Along the hedge, the ox wandered from one end to the other.",0,ox,farmed,explore_04,neutral
"Along the hedge, the donkey wandered from one end to the other.",0,donkey,farmed,explore_04,neutral
"Along the hedge, the mule wandered from one end to the other.",0,mule,farmed,explore_04,neutral
"Along the hedge, the goose wandered from one end to the other.",0,goose,farmed,explore_04,neutral
"Along the hedge, the sow wandered from one end to the other.",0,sow,farmed,explore_04,neutral
"Along the hedge, the heifer wandered from one end to the other.",0,heifer,farmed,explore_04,neutral
"Along the hedge, the foal wandered from one end to the other.",0,foal,farmed,explore_04,neutral
"Along the hedge, the ram wandered from one end to the other.",0,ram,farmed,explore_04,neutral
"Along the hedge, the capon wandered from one end to the other.",0,capon,farmed,explore_04,neutral
"Along the hedge, the steer wandered from one end to the other.",0,steer,farmed,explore_04,neutral
"Along the hedge, the bullock wandered from one end to the other.",0,bullock,farmed,explore_04,neutral
"Along the hedge, the ewe wandered from one end to the other.",0,ewe,farmed,explore_04,neutral
"Along the hedge, the wether wandered from one end to the other.",0,wether,farmed,explore_04,neutral
"Along the hedge, the gander wandered from one end to the other.",0,gander,farmed,explore_04,neutral
"Along the hedge, the drake wandered from one end to the other.",0,drake,farmed,explore_04,neutral
"Along the hedge, the gosling wandered from one end to the other.",0,gosling,farmed,explore_04,neutral
"Along the hedge, the duckling wandered from one end to the other.",0,duckling,farmed,explore_04,neutral
"Along the hedge, the chick wandered from one end to the other.",0,chick,farmed,explore_04,neutral
"Along the hedge, the cockerel wandered from one end to the other.",0,cockerel,farmed,explore_04,neutral
"Along the hedge, the pullet wandered from one end to the other.",0,pullet,farmed,explore_04,neutral
"Along the hedge, the yearling wandered from one end to the other.",0,yearling,farmed,explore_04,neutral
"Along the hedge, the shoat wandered from one end to the other.",0,shoat,farmed,explore_04,neutral
"Along the hedge, the gilt wandered from one end to the other.",0,gilt,farmed,explore_04,neutral
"Along the hedge, the pony wandered from one end to the other.",0,pony,farmed,explore_04,neutral
"Along the hedge, the mare wandered from one end to the other.",0,mare,farmed,explore_04,neutral
"Along the hedge, the colt wandered from one end to the other.",0,colt,farmed,explore_04,neutral
"Along the hedge, the alpaca wandered from one end to the other.",0,alpaca,farmed,explore_04,neutral
"Along the hedge, the stallion wandered from one end to the other.",0,stallion,farmed,explore_04,neutral
"As dusk settled, the man returned to the shelter of the barn.",1,man,human,evening_01,neutral
"As dusk settled, the woman returned to the shelter of the barn.",1,woman,human,evening_01,neutral
"As dusk settled, the child returned to the shelter of the barn.",1,child,human,evening_01,neutral
"As dusk settled, the boy returned to the shelter of the barn.",1,boy,human,evening_01,neutral
"As dusk settled, the girl returned to the shelter of the barn.",1,girl,human,evening_01,neutral
"As dusk settled, the farmer returned to the shelter of the barn.",1,farmer,human,evening_01,neutral
"As dusk settled, the nurse returned to the shelter of the barn.",1,nurse,human,evening_01,neutral
"As dusk settled, the teacher returned to the shelter of the barn.",1,teacher,human,evening_01,neutral
"As dusk settled, the doctor returned to the shelter of the barn.",1,doctor,human,evening_01,neutral
"As dusk settled, the student returned to the shelter of the barn.",1,student,human,evening_01,neutral
"As dusk settled, the soldier returned to the shelter of the barn.",1,soldier,human,evening_01,neutral
"As dusk settled, the hiker returned to the shelter of the barn.",1,hiker,human,evening_01,neutral
"As dusk settled, the shepherd returned to the shelter of the barn.",1,shepherd,human,evening_01,neutral
"As dusk settled, the villager returned to the shelter of the barn.",1,villager,human,evening_01,neutral
"As dusk settled, the fisherman returned to the shelter of the barn.",1,fisherman,human,evening_01,neutral
"As dusk settled, the carpenter returned to the shelter of the barn.",1,carpenter,human,evening_01,neutral
"As dusk settled, the toddler returned to the shelter of the barn.",1,toddler,human,evening_01,neutral
"As dusk settled, the grandmother returned to the shelter of the barn.",1,grandmother,human,evening_01,neutral
"As dusk settled, the grandfather returned to the shelter of the barn.",1,grandfather,human,evening_01,neutral
"As dusk settled, the worker returned to the shelter of the barn.",1,worker,human,evening_01,neutral
"As dusk settled, the baker returned to the shelter of the barn.",1,baker,human,evening_01,neutral
"As dusk settled, the tailor returned to the shelter of the barn.",1,tailor,human,evening_01,neutral
"As dusk settled, the plumber returned to the shelter of the barn.",1,plumber,human,evening_01,neutral
"As dusk settled, the sailor returned to the shelter of the barn.",1,sailor,human,evening_01,neutral
"As dusk settled, the painter returned to the shelter of the barn.",1,painter,human,evening_01,neutral
"As dusk settled, the banker returned to the shelter of the barn.",1,banker,human,evening_01,neutral
"As dusk settled, the lawyer returned to the shelter of the barn.",1,lawyer,human,evening_01,neutral
"As dusk settled, the priest returned to the shelter of the barn.",1,priest,human,evening_01,neutral
"As dusk settled, the mayor returned to the shelter of the barn.",1,mayor,human,evening_01,neutral
"As dusk settled, the clerk returned to the shelter of the barn.",1,clerk,human,evening_01,neutral
"As dusk settled, the chef returned to the shelter of the barn.",1,chef,human,evening_01,neutral
"As dusk settled, the pilot returned to the shelter of the barn.",1,pilot,human,evening_01,neutral
"As dusk settled, the miner returned to the shelter of the barn.",1,miner,human,evening_01,neutral
"As dusk settled, the mason returned to the shelter of the barn.",1,mason,human,evening_01,neutral
"As dusk settled, the traveler returned to the shelter of the barn.",1,traveler,human,evening_01,neutral
"As dusk settled, the stranger returned to the shelter of the barn.",1,stranger,human,evening_01,neutral
"As dusk settled, the infant returned to the shelter of the barn.",1,infant,human,evening_01,neutral
"As dusk settled, the widow returned to the shelter of the barn.",1,widow,human,evening_01,neutral
"As dusk settled, the uncle returned to the shelter of the barn.",1,uncle,human,evening_01,neutral
"As dusk settled, the aunt returned to the shelter of the barn.",1,aunt,human,evening_01,neutral
"As dusk settled, the pig returned to the shelter of the barn.",0,pig,farmed,evening_01,neutral
"As dusk settled, the cow returned to the shelter of the barn.",0,cow,farmed,evening_01,neutral
"As dusk settled, the chicken returned to the shelter of the barn.",0,chicken,farmed,evening_01,neutral
"As dusk settled, the goat returned to the shelter of the barn.",0,goat,farmed,evening_01,neutral
"As dusk settled, the sheep returned to the shelter of the barn.",0,sheep,farmed,evening_01,neutral
"As dusk settled, the duck returned to the shelter of the barn.",0,duck,farmed,evening_01,neutral
"As dusk settled, the turkey returned to the shelter of the barn.",0,turkey,farmed,evening_01,neutral
"As dusk settled, the hen returned to the shelter of the barn.",0,hen,farmed,evening_01,neutral
"As dusk settled, the rooster returned to the shelter of the barn.",0,rooster,farmed,evening_01,neutral
"As dusk settled, the calf returned to the shelter of the barn.",0,calf,farmed,evening_01,neutral
"As dusk settled, the lamb returned to the shelter of the barn.",0,lamb,farmed,evening_01,neutral
"As dusk settled, the piglet returned to the shelter of the barn.",0,piglet,farmed,evening_01,neutral
"As dusk settled, the ox returned to the shelter of the barn.",0,ox,farmed,evening_01,neutral
"As dusk settled, the donkey returned to the shelter of the barn.",0,donkey,farmed,evening_01,neutral
"As dusk settled, the mule returned to the shelter of the barn.",0,mule,farmed,evening_01,neutral
"As dusk settled, the goose returned to the shelter of the barn.",0,goose,farmed,evening_01,neutral
"As dusk settled, the sow returned to the shelter of the barn.",0,sow,farmed,evening_01,neutral
"As dusk settled, the heifer returned to the shelter of the barn.",0,heifer,farmed,evening_01,neutral
"As dusk settled, the foal returned to the shelter of the barn.",0,foal,farmed,evening_01,neutral
"As dusk settled, the ram returned to the shelter of the barn.",0,ram,farmed,evening_01,neutral
"As dusk settled, the capon returned to the shelter of the barn.",0,capon,farmed,evening_01,neutral
"As dusk settled, the steer returned to the shelter of the barn.",0,steer,farmed,evening_01,neutral
"As dusk settled, the bullock returned to the shelter of the barn.",0,bullock,farmed,evening_01,neutral
"As dusk settled, the ewe returned to the shelter of the barn.",0,ewe,farmed,evening_01,neutral
"As dusk settled, the wether returned to the shelter of the barn.",0,wether,farmed,evening_01,neutral
"As dusk settled, the gander returned to the shelter of the barn.",0,gander,farmed,evening_01,neutral
"As dusk settled, the drake returned to the shelter of the barn.",0,drake,farmed,evening_01,neutral
"As dusk settled, the gosling returned to the shelter of the barn.",0,gosling,farmed,evening_01,neutral
"As dusk settled, the duckling returned to the shelter of the barn.",0,duckling,farmed,evening_01,neutral
"As dusk settled, the chick returned to the shelter of the barn.",0,chick,farmed,evening_01,neutral
"As dusk settled, the cockerel returned to the shelter of the barn.",0,cockerel,farmed,evening_01,neutral
"As dusk settled, the pullet returned to the shelter of the barn.",0,pullet,farmed,evening_01,neutral
"As dusk settled, the yearling returned to the shelter of the barn.",0,yearling,farmed,evening_01,neutral
"As dusk settled, the shoat returned to the shelter of the barn.",0,shoat,farmed,evening_01,neutral
"As dusk settled, the gilt returned to the shelter of the barn.",0,gilt,farmed,evening_01,neutral
"As dusk settled, the pony returned to the shelter of the barn.",0,pony,farmed,evening_01,neutral
"As dusk settled, the mare returned to the shelter of the barn.",0,mare,farmed,evening_01,neutral
"As dusk settled, the colt returned to the shelter of the barn.",0,colt,farmed,evening_01,neutral
"As dusk settled, the alpaca returned to the shelter of the barn.",0,alpaca,farmed,evening_01,neutral
"As dusk settled, the stallion returned to the shelter of the barn.",0,stallion,farmed,evening_01,neutral
"By nightfall, the man had found a warm place to sleep.",1,man,human,evening_02,neutral
"By nightfall, the woman had found a warm place to sleep.",1,woman,human,evening_02,neutral
"By nightfall, the child had found a warm place to sleep.",1,child,human,evening_02,neutral
"By nightfall, the boy had found a warm place to sleep.",1,boy,human,evening_02,neutral
"By nightfall, the girl had found a warm place to sleep.",1,girl,human,evening_02,neutral
"By nightfall, the farmer had found a warm place to sleep.",1,farmer,human,evening_02,neutral
"By nightfall, the nurse had found a warm place to sleep.",1,nurse,human,evening_02,neutral
"By nightfall, the teacher had found a warm place to sleep.",1,teacher,human,evening_02,neutral
"By nightfall, the doctor had found a warm place to sleep.",1,doctor,human,evening_02,neutral
"By nightfall, the student had found a warm place to sleep.",1,student,human,evening_02,neutral
"By nightfall, the soldier had found a warm place to sleep.",1,soldier,human,evening_02,neutral
"By nightfall, the hiker had found a warm place to sleep.",1,hiker,human,evening_02,neutral
"By nightfall, the shepherd had found a warm place to sleep.",1,shepherd,human,evening_02,neutral
"By nightfall, the villager had found a warm place to sleep.",1,villager,human,evening_02,neutral
"By nightfall, the fisherman had found a warm place to sleep.",1,fisherman,human,evening_02,neutral
"By nightfall, the carpenter had found a warm place to sleep.",1,carpenter,human,evening_02,neutral
"By nightfall, the toddler had found a warm place to sleep.",1,toddler,human,evening_02,neutral
"By nightfall, the grandmother had found a warm place to sleep.",1,grandmother,human,evening_02,neutral
"By nightfall, the grandfather had found a warm place to sleep.",1,grandfather,human,evening_02,neutral
"By nightfall, the worker had found a warm place to sleep.",1,worker,human,evening_02,neutral
"By nightfall, the baker had found a warm place to sleep.",1,baker,human,evening_02,neutral
"By nightfall, the tailor had found a warm place to sleep.",1,tailor,human,evening_02,neutral
"By nightfall, the plumber had found a warm place to sleep.",1,plumber,human,evening_02,neutral
"By nightfall, the sailor had found a warm place to sleep.",1,sailor,human,evening_02,neutral
"By nightfall, the painter had found a warm place to sleep.",1,painter,human,evening_02,neutral
"By nightfall, the banker had found a warm place to sleep.",1,banker,human,evening_02,neutral
"By nightfall, the lawyer had found a warm place to sleep.",1,lawyer,human,evening_02,neutral
"By nightfall, the priest had found a warm place to sleep.",1,priest,human,evening_02,neutral
"By nightfall, the mayor had found a warm place to sleep.",1,mayor,human,evening_02,neutral
"By nightfall, the clerk had found a warm place to sleep.",1,clerk,human,evening_02,neutral
"By nightfall, the chef had found a warm place to sleep.",1,chef,human,evening_02,neutral
"By nightfall, the pilot had found a warm place to sleep.",1,pilot,human,evening_02,neutral
"By nightfall, the miner had found a warm place to sleep.",1,miner,human,evening_02,neutral
"By nightfall, the mason had found a warm place to sleep.",1,mason,human,evening_02,neutral
"By nightfall, the traveler had found a warm place to sleep.",1,traveler,human,evening_02,neutral
"By nightfall, the stranger had found a warm place to sleep.",1,stranger,human,evening_02,neutral
"By nightfall, the infant had found a warm place to sleep.",1,infant,human,evening_02,neutral
"By nightfall, the widow had found a warm place to sleep.",1,widow,human,evening_02,neutral
"By nightfall, the uncle had found a warm place to sleep.",1,uncle,human,evening_02,neutral
"By nightfall, the aunt had found a warm place to sleep.",1,aunt,human,evening_02,neutral
"By nightfall, the pig had found a warm place to sleep.",0,pig,farmed,evening_02,neutral
"By nightfall, the cow had found a warm place to sleep.",0,cow,farmed,evening_02,neutral
"By nightfall, the chicken had found a warm place to sleep.",0,chicken,farmed,evening_02,neutral
"By nightfall, the goat had found a warm place to sleep.",0,goat,farmed,evening_02,neutral
"By nightfall, the sheep had found a warm place to sleep.",0,sheep,farmed,evening_02,neutral
"By nightfall, the duck had found a warm place to sleep.",0,duck,farmed,evening_02,neutral
"By nightfall, the turkey had found a warm place to sleep.",0,turkey,farmed,evening_02,neutral
"By nightfall, the hen had found a warm place to sleep.",0,hen,farmed,evening_02,neutral
"By nightfall, the rooster had found a warm place to sleep.",0,rooster,farmed,evening_02,neutral
"By nightfall, the calf had found a warm place to sleep.",0,calf,farmed,evening_02,neutral
"By nightfall, the lamb had found a warm place to sleep.",0,lamb,farmed,evening_02,neutral
"By nightfall, the piglet had found a warm place to sleep.",0,piglet,farmed,evening_02,neutral
"By nightfall, the ox had found a warm place to sleep.",0,ox,farmed,evening_02,neutral
"By nightfall, the donkey had found a warm place to sleep.",0,donkey,farmed,evening_02,neutral
"By nightfall, the mule had found a warm place to sleep.",0,mule,farmed,evening_02,neutral
"By nightfall, the goose had found a warm place to sleep.",0,goose,farmed,evening_02,neutral
"By nightfall, the sow had found a warm place to sleep.",0,sow,farmed,evening_02,neutral
"By nightfall, the heifer had found a warm place to sleep.",0,heifer,farmed,evening_02,neutral
"By nightfall, the foal had found a warm place to sleep.",0,foal,farmed,evening_02,neutral
"By nightfall, the ram had found a warm place to sleep.",0,ram,farmed,evening_02,neutral
"By nightfall, the capon had found a warm place to sleep.",0,capon,farmed,evening_02,neutral
"By nightfall, the steer had found a warm place to sleep.",0,steer,farmed,evening_02,neutral
"By nightfall, the bullock had found a warm place to sleep.",0,bullock,farmed,evening_02,neutral
"By nightfall, the ewe had found a warm place to sleep.",0,ewe,farmed,evening_02,neutral
"By nightfall, the wether had found a warm place to sleep.",0,wether,farmed,evening_02,neutral
"By nightfall, the gander had found a warm place to sleep.",0,gander,farmed,evening_02,neutral
"By nightfall, the drake had found a warm place to sleep.",0,drake,farmed,evening_02,neutral
"By nightfall, the gosling had found a warm place to sleep.",0,gosling,farmed,evening_02,neutral
"By nightfall, the duckling had found a warm place to sleep.",0,duckling,farmed,evening_02,neutral
"By nightfall, the chick had found a warm place to sleep.",0,chick,farmed,evening_02,neutral
"By nightfall, the cockerel had found a warm place to sleep.",0,cockerel,farmed,evening_02,neutral
"By nightfall, the pullet had found a warm place to sleep.",0,pullet,farmed,evening_02,neutral
"By nightfall, the yearling had found a warm place to sleep.",0,yearling,farmed,evening_02,neutral
"By nightfall, the shoat had found a warm place to sleep.",0,shoat,farmed,evening_02,neutral
"By nightfall, the gilt had found a warm place to sleep.",0,gilt,farmed,evening_02,neutral
"By nightfall, the pony had found a warm place to sleep.",0,pony,farmed,evening_02,neutral
"By nightfall, the mare had found a warm place to sleep.",0,mare,farmed,evening_02,neutral
"By nightfall, the colt had found a warm place to sleep.",0,colt,farmed,evening_02,neutral
"By nightfall, the alpaca had found a warm place to sleep.",0,alpaca,farmed,evening_02,neutral
"By nightfall, the stallion had found a warm place to sleep.",0,stallion,farmed,evening_02,neutral
"In the last light of day, the man lingered near the gate.",1,man,human,evening_03,neutral
"In the last light of day, the woman lingered near the gate.",1,woman,human,evening_03,neutral
"In the last light of day, the child lingered near the gate.",1,child,human,evening_03,neutral
"In the last light of day, the boy lingered near the gate.",1,boy,human,evening_03,neutral
"In the last light of day, the girl lingered near the gate.",1,girl,human,evening_03,neutral
"In the last light of day, the farmer lingered near the gate.",1,farmer,human,evening_03,neutral
"In the last light of day, the nurse lingered near the gate.",1,nurse,human,evening_03,neutral
"In the last light of day, the teacher lingered near the gate.",1,teacher,human,evening_03,neutral
"In the last light of day, the doctor lingered near the gate.",1,doctor,human,evening_03,neutral
"In the last light of day, the student lingered near the gate.",1,student,human,evening_03,neutral
"In the last light of day, the soldier lingered near the gate.",1,soldier,human,evening_03,neutral
"In the last light of day, the hiker lingered near the gate.",1,hiker,human,evening_03,neutral
"In the last light of day, the shepherd lingered near the gate.",1,shepherd,human,evening_03,neutral
"In the last light of day, the villager lingered near the gate.",1,villager,human,evening_03,neutral
"In the last light of day, the fisherman lingered near the gate.",1,fisherman,human,evening_03,neutral
"In the last light of day, the carpenter lingered near the gate.",1,carpenter,human,evening_03,neutral
"In the last light of day, the toddler lingered near the gate.",1,toddler,human,evening_03,neutral
"In the last light of day, the grandmother lingered near the gate.",1,grandmother,human,evening_03,neutral
"In the last light of day, the grandfather lingered near the gate.",1,grandfather,human,evening_03,neutral
"In the last light of day, the worker lingered near the gate.",1,worker,human,evening_03,neutral
"In the last light of day, the baker lingered near the gate.",1,baker,human,evening_03,neutral
"In the last light of day, the tailor lingered near the gate.",1,tailor,human,evening_03,neutral
"In the last light of day, the plumber lingered near the gate.",1,plumber,human,evening_03,neutral
"In the last light of day, the sailor lingered near the gate.",1,sailor,human,evening_03,neutral
"In the last light of day, the painter lingered near the gate.",1,painter,human,evening_03,neutral
"In the last light of day, the banker lingered near the gate.",1,banker,human,evening_03,neutral
"In the last light of day, the lawyer lingered near the gate.",1,lawyer,human,evening_03,neutral
"In the last light of day, the priest lingered near the gate.",1,priest,human,evening_03,neutral
"In the last light of day, the mayor lingered near the gate.",1,mayor,human,evening_03,neutral
"In the last light of day, the clerk lingered near the gate.",1,clerk,human,evening_03,neutral
"In the last light of day, the chef lingered near the gate.",1,chef,human,evening_03,neutral
"In the last light of day, the pilot lingered near the gate.",1,pilot,human,evening_03,neutral
"In the last light of day, the miner lingered near the gate.",1,miner,human,evening_03,neutral
"In the last light of day, the mason lingered near the gate.",1,mason,human,evening_03,neutral
"In the last light of day, the traveler lingered near the gate.",1,traveler,human,evening_03,neutral
"In the last light of day, the stranger lingered near the gate.",1,stranger,human,evening_03,neutral
"In the last light of day, the infant lingered near the gate.",1,infant,human,evening_03,neutral
"In the last light of day, the widow lingered near the gate.",1,widow,human,evening_03,neutral
"In the last light of day, the uncle lingered near the gate.",1,uncle,human,evening_03,neutral
"In the last light of day, the aunt lingered near the gate.",1,aunt,human,evening_03,neutral
"In the last light of day, the pig lingered near the gate.",0,pig,farmed,evening_03,neutral
"In the last light of day, the cow lingered near the gate.",0,cow,farmed,evening_03,neutral
"In the last light of day, the chicken lingered near the gate.",0,chicken,farmed,evening_03,neutral
"In the last light of day, the goat lingered near the gate.",0,goat,farmed,evening_03,neutral
"In the last light of day, the sheep lingered near the gate.",0,sheep,farmed,evening_03,neutral
"In the last light of day, the duck lingered near the gate.",0,duck,farmed,evening_03,neutral
"In the last light of day, the turkey lingered near the gate.",0,turkey,farmed,evening_03,neutral
"In the last light of day, the hen lingered near the gate.",0,hen,farmed,evening_03,neutral
"In the last light of day, the rooster lingered near the gate.",0,rooster,farmed,evening_03,neutral
"In the last light of day, the calf lingered near the gate.",0,calf,farmed,evening_03,neutral
"In the last light of day, the lamb lingered near the gate.",0,lamb,farmed,evening_03,neutral
"In the last light of day, the piglet lingered near the gate.",0,piglet,farmed,evening_03,neutral
"In the last light of day, the ox lingered near the gate.",0,ox,farmed,evening_03,neutral
"In the last light of day, the donkey lingered near the gate.",0,donkey,farmed,evening_03,neutral
"In the last light of day, the mule lingered near the gate.",0,mule,farmed,evening_03,neutral
"In the last light of day, the goose lingered near the gate.",0,goose,farmed,evening_03,neutral
"In the last light of day, the sow lingered near the gate.",0,sow,farmed,evening_03,neutral
"In the last light of day, the heifer lingered near the gate.",0,heifer,farmed,evening_03,neutral
"In the last light of day, the foal lingered near the gate.",0,foal,farmed,evening_03,neutral
"In the last light of day, the ram lingered near the gate.",0,ram,farmed,evening_03,neutral
"In the last light of day, the capon lingered near the gate.",0,capon,farmed,evening_03,neutral
"In the last light of day, the steer lingered near the gate.",0,steer,farmed,evening_03,neutral
"In the last light of day, the bullock lingered near the gate.",0,bullock,farmed,evening_03,neutral
"In the last light of day, the ewe lingered near the gate.",0,ewe,farmed,evening_03,neutral
"In the last light of day, the wether lingered near the gate.",0,wether,farmed,evening_03,neutral
"In the last light of day, the gander lingered near the gate.",0,gander,farmed,evening_03,neutral
"In the last light of day, the drake lingered near the gate.",0,drake,farmed,evening_03,neutral
"In the last light of day, the gosling lingered near the gate.",0,gosling,farmed,evening_03,neutral
"In the last light of day, the duckling lingered near the gate.",0,duckling,farmed,evening_03,neutral
"In the last light of day, the chick lingered near the gate.",0,chick,farmed,evening_03,neutral
"In the last light of day, the cockerel lingered near the gate.",0,cockerel,farmed,evening_03,neutral
"In the last light of day, the pullet lingered near the gate.",0,pullet,farmed,evening_03,neutral
"In the last light of day, the yearling lingered near the gate.",0,yearling,farmed,evening_03,neutral
"In the last light of day, the shoat lingered near the gate.",0,shoat,farmed,evening_03,neutral
"In the last light of day, the gilt lingered near the gate.",0,gilt,farmed,evening_03,neutral
"In the last light of day, the pony lingered near the gate.",0,pony,farmed,evening_03,neutral
"In the last light of day, the mare lingered near the gate.",0,mare,farmed,evening_03,neutral
"In the last light of day, the colt lingered near the gate.",0,colt,farmed,evening_03,neutral
"In the last light of day, the alpaca lingered near the gate.",0,alpaca,farmed,evening_03,neutral
"In the last light of day, the stallion lingered near the gate.",0,stallion,farmed,evening_03,neutral
"When the stars came out, the man was resting by the hedge.",1,man,human,evening_04,neutral
"When the stars came out, the woman was resting by the hedge.",1,woman,human,evening_04,neutral
"When the stars came out, the child was resting by the hedge.",1,child,human,evening_04,neutral
"When the stars came out, the boy was resting by the hedge.",1,boy,human,evening_04,neutral
"When the stars came out, the girl was resting by the hedge.",1,girl,human,evening_04,neutral
"When the stars came out, the farmer was resting by the hedge.",1,farmer,human,evening_04,neutral
"When the stars came out, the nurse was resting by the hedge.",1,nurse,human,evening_04,neutral
"When the stars came out, the teacher was resting by the hedge.",1,teacher,human,evening_04,neutral
"When the stars came out, the doctor was resting by the hedge.",1,doctor,human,evening_04,neutral
"When the stars came out, the student was resting by the hedge.",1,student,human,evening_04,neutral
"When the stars came out, the soldier was resting by the hedge.",1,soldier,human,evening_04,neutral
"When the stars came out, the hiker was resting by the hedge.",1,hiker,human,evening_04,neutral
"When the stars came out, the shepherd was resting by the hedge.",1,shepherd,human,evening_04,neutral
"When the stars came out, the villager was resting by the hedge.",1,villager,human,evening_04,neutral
"When the stars came out, the fisherman was resting by the hedge.",1,fisherman,human,evening_04,neutral
"When the stars came out, the carpenter was resting by the hedge.",1,carpenter,human,evening_04,neutral
"When the stars came out, the toddler was resting by the hedge.",1,toddler,human,evening_04,neutral
"When the stars came out, the grandmother was resting by the hedge.",1,grandmother,human,evening_04,neutral
"When the stars came out, the grandfather was resting by the hedge.",1,grandfather,human,evening_04,neutral
"When the stars came out, the worker was resting by the hedge.",1,worker,human,evening_04,neutral
"When the stars came out, the baker was resting by the hedge.",1,baker,human,evening_04,neutral
"When the stars came out, the tailor was resting by the hedge.",1,tailor,human,evening_04,neutral
"When the stars came out, the plumber was resting by the hedge.",1,plumber,human,evening_04,neutral
"When the stars came out, the sailor was resting by the hedge.",1,sailor,human,evening_04,neutral
"When the stars came out, the painter was resting by the hedge.",1,painter,human,evening_04,neutral
"When the stars came out, the banker was resting by the hedge.",1,banker,human,evening_04,neutral
"When the stars came out, the lawyer was resting by the hedge.",1,lawyer,human,evening_04,neutral
"When the stars came out, the priest was resting by the hedge.",1,priest,human,evening_04,neutral
"When the stars came out, the mayor was resting by the hedge.",1,mayor,human,evening_04,neutral
"When the stars came out, the clerk was resting by the hedge.",1,clerk,human,evening_04,neutral
"When the stars came out, the chef was resting by the hedge.",1,chef,human,evening_04,neutral
"When the stars came out, the pilot was resting by the hedge.",1,pilot,human,evening_04,neutral
"When the stars came out, the miner was resting by the hedge.",1,miner,human,evening_04,neutral
"When the stars came out, the mason was resting by the hedge.",1,mason,human,evening_04,neutral
"When the stars came out, the traveler was resting by the hedge.",1,traveler,human,evening_04,neutral
"When the stars came out, the stranger was resting by the hedge.",1,stranger,human,evening_04,neutral
"When the stars came out, the infant was resting by the hedge.",1,infant,human,evening_04,neutral
"When the stars came out, the widow was resting by the hedge.",1,widow,human,evening_04,neutral
"When the stars came out, the uncle was resting by the hedge.",1,uncle,human,evening_04,neutral
"When the stars came out, the aunt was resting by the hedge.",1,aunt,human,evening_04,neutral
"When the stars came out, the pig was resting by the hedge.",0,pig,farmed,evening_04,neutral
"When the stars came out, the cow was resting by the hedge.",0,cow,farmed,evening_04,neutral
"When the stars came out, the chicken was resting by the hedge.",0,chicken,farmed,evening_04,neutral
"When the stars came out, the goat was resting by the hedge.",0,goat,farmed,evening_04,neutral
"When the stars came out, the sheep was resting by the hedge.",0,sheep,farmed,evening_04,neutral
"When the stars came out, the duck was resting by the hedge.",0,duck,farmed,evening_04,neutral
"When the stars came out, the turkey was resting by the hedge.",0,turkey,farmed,evening_04,neutral
"When the stars came out, the hen was resting by the hedge.",0,hen,farmed,evening_04,neutral
"When the stars came out, the rooster was resting by the hedge.",0,rooster,farmed,evening_04,neutral
"When the stars came out, the calf was resting by the hedge.",0,calf,farmed,evening_04,neutral
"When the stars came out, the lamb was resting by the hedge.",0,lamb,farmed,evening_04,neutral
"When the stars came out, the piglet was resting by the hedge.",0,piglet,farmed,evening_04,neutral
"When the stars came out, the ox was resting by the hedge.",0,ox,farmed,evening_04,neutral
"When the stars came out, the donkey was resting by the hedge.",0,donkey,farmed,evening_04,neutral
"When the stars came out, the mule was resting by the hedge.",0,mule,farmed,evening_04,neutral
"When the stars came out, the goose was resting by the hedge.",0,goose,farmed,evening_04,neutral
"When the stars came out, the sow was resting by the hedge.",0,sow,farmed,evening_04,neutral
"When the stars came out, the heifer was resting by the hedge.",0,heifer,farmed,evening_04,neutral
"When the stars came out, the foal was resting by the hedge.",0,foal,farmed,evening_04,neutral
"When the stars came out, the ram was resting by the hedge.",0,ram,farmed,evening_04,neutral
"When the stars came out, the capon was resting by the hedge.",0,capon,farmed,evening_04,neutral
"When the stars came out, the steer was resting by the hedge.",0,steer,farmed,evening_04,neutral
"When the stars came out, the bullock was resting by the hedge.",0,bullock,farmed,evening_04,neutral
"When the stars came out, the ewe was resting by the hedge.",0,ewe,farmed,evening_04,neutral
"When the stars came out, the wether was resting by the hedge.",0,wether,farmed,evening_04,neutral
"When the stars came out, the gander was resting by the hedge.",0,gander,farmed,evening_04,neutral
"When the stars came out, the drake was resting by the hedge.",0,drake,farmed,evening_04,neutral
"When the stars came out, the gosling was resting by the hedge.",0,gosling,farmed,evening_04,neutral
"When the stars came out, the duckling was resting by the hedge.",0,duckling,farmed,evening_04,neutral
"When the stars came out, the chick was resting by the hedge.",0,chick,farmed,evening_04,neutral
"When the stars came out, the cockerel was resting by the hedge.",0,cockerel,farmed,evening_04,neutral
"When the stars came out, the pullet was resting by the hedge.",0,pullet,farmed,evening_04,neutral
"When the stars came out, the yearling was resting by the hedge.",0,yearling,farmed,evening_04,neutral
"When the stars came out, the shoat was resting by the hedge.",0,shoat,farmed,evening_04,neutral
"When the stars came out, the gilt was resting by the hedge.",0,gilt,farmed,evening_04,neutral
"When the stars came out, the pony was resting by the hedge.",0,pony,farmed,evening_04,neutral
"When the stars came out, the mare was resting by the hedge.",0,mare,farmed,evening_04,neutral
"When the stars came out, the colt was resting by the hedge.",0,colt,farmed,evening_04,neutral
"When the stars came out, the alpaca was resting by the hedge.",0,alpaca,farmed,evening_04,neutral
"When the stars came out, the stallion was resting by the hedge.",0,stallion,farmed,evening_04,neutral
"Every day that week, the man appeared in the same corner of the field.",1,man,human,routine_01,neutral
"Every day that week, the woman appeared in the same corner of the field.",1,woman,human,routine_01,neutral
"Every day that week, the child appeared in the same corner of the field.",1,child,human,routine_01,neutral
"Every day that week, the boy appeared in the same corner of the field.",1,boy,human,routine_01,neutral
"Every day that week, the girl appeared in the same corner of the field.",1,girl,human,routine_01,neutral
"Every day that week, the farmer appeared in the same corner of the field.",1,farmer,human,routine_01,neutral
"Every day that week, the nurse appeared in the same corner of the field.",1,nurse,human,routine_01,neutral
"Every day that week, the teacher appeared in the same corner of the field.",1,teacher,human,routine_01,neutral
"Every day that week, the doctor appeared in the same corner of the field.",1,doctor,human,routine_01,neutral
"Every day that week, the student appeared in the same corner of the field.",1,student,human,routine_01,neutral
"Every day that week, the soldier appeared in the same corner of the field.",1,soldier,human,routine_01,neutral
"Every day that week, the hiker appeared in the same corner of the field.",1,hiker,human,routine_01,neutral
"Every day that week, the shepherd appeared in the same corner of the field.",1,shepherd,human,routine_01,neutral
"Every day that week, the villager appeared in the same corner of the field.",1,villager,human,routine_01,neutral
"Every day that week, the fisherman appeared in the same corner of the field.",1,fisherman,human,routine_01,neutral
"Every day that week, the carpenter appeared in the same corner of the field.",1,carpenter,human,routine_01,neutral
"Every day that week, the toddler appeared in the same corner of the field.",1,toddler,human,routine_01,neutral
"Every day that week, the grandmother appeared in the same corner of the field.",1,grandmother,human,routine_01,neutral
"Every day that week, the grandfather appeared in the same corner of the field.",1,grandfather,human,routine_01,neutral
"Every day that week, the worker appeared in the same corner of the field.",1,worker,human,routine_01,neutral
"Every day that week, the baker appeared in the same corner of the field.",1,baker,human,routine_01,neutral
"Every day that week, the tailor appeared in the same corner of the field.",1,tailor,human,routine_01,neutral
"Every day that week, the plumber appeared in the same corner of the field.",1,plumber,human,routine_01,neutral
"Every day that week, the sailor appeared in the same corner of the field.",1,sailor,human,routine_01,neutral
"Every day that week, the painter appeared in the same corner of the field.",1,painter,human,routine_01,neutral
"Every day that week, the banker appeared in the same corner of the field.",1,banker,human,routine_01,neutral
"Every day that week, the lawyer appeared in the same corner of the field.",1,lawyer,human,routine_01,neutral
"Every day that week, the priest appeared in the same corner of the field.",1,priest,human,routine_01,neutral
"Every day that week, the mayor appeared in the same corner of the field.",1,mayor,human,routine_01,neutral
"Every day that week, the clerk appeared in the same corner of the field.",1,clerk,human,routine_01,neutral
"Every day that week, the chef appeared in the same corner of the field.",1,chef,human,routine_01,neutral
"Every day that week, the pilot appeared in the same corner of the field.",1,pilot,human,routine_01,neutral
"Every day that week, the miner appeared in the same corner of the field.",1,miner,human,routine_01,neutral
"Every day that week, the mason appeared in the same corner of the field.",1,mason,human,routine_01,neutral
"Every day that week, the traveler appeared in the same corner of the field.",1,traveler,human,routine_01,neutral
"Every day that week, the stranger appeared in the same corner of the field.",1,stranger,human,routine_01,neutral
"Every day that week, the infant appeared in the same corner of the field.",1,infant,human,routine_01,neutral
"Every day that week, the widow appeared in the same corner of the field.",1,widow,human,routine_01,neutral
"Every day that week, the uncle appeared in the same corner of the field.",1,uncle,human,routine_01,neutral
"Every day that week, the aunt appeared in the same corner of the field.",1,aunt,human,routine_01,neutral
"Every day that week, the pig appeared in the same corner of the field.",0,pig,farmed,routine_01,neutral
"Every day that week, the cow appeared in the same corner of the field.",0,cow,farmed,routine_01,neutral
"Every day that week, the chicken appeared in the same corner of the field.",0,chicken,farmed,routine_01,neutral
"Every day that week, the goat appeared in the same corner of the field.",0,goat,farmed,routine_01,neutral
"Every day that week, the sheep appeared in the same corner of the field.",0,sheep,farmed,routine_01,neutral
"Every day that week, the duck appeared in the same corner of the field.",0,duck,farmed,routine_01,neutral
"Every day that week, the turkey appeared in the same corner of the field.",0,turkey,farmed,routine_01,neutral
"Every day that week, the hen appeared in the same corner of the field.",0,hen,farmed,routine_01,neutral
"Every day that week, the rooster appeared in the same corner of the field.",0,rooster,farmed,routine_01,neutral
"Every day that week, the calf appeared in the same corner of the field.",0,calf,farmed,routine_01,neutral
"Every day that week, the lamb appeared in the same corner of the field.",0,lamb,farmed,routine_01,neutral
"Every day that week, the piglet appeared in the same corner of the field.",0,piglet,farmed,routine_01,neutral
"Every day that week, the ox appeared in the same corner of the field.",0,ox,farmed,routine_01,neutral
"Every day that week, the donkey appeared in the same corner of the field.",0,donkey,farmed,routine_01,neutral
"Every day that week, the mule appeared in the same corner of the field.",0,mule,farmed,routine_01,neutral
"Every day that week, the goose appeared in the same corner of the field.",0,goose,farmed,routine_01,neutral
"Every day that week, the sow appeared in the same corner of the field.",0,sow,farmed,routine_01,neutral
"Every day that week, the heifer appeared in the same corner of the field.",0,heifer,farmed,routine_01,neutral
"Every day that week, the foal appeared in the same corner of the field.",0,foal,farmed,routine_01,neutral
"Every day that week, the ram appeared in the same corner of the field.",0,ram,farmed,routine_01,neutral
"Every day that week, the capon appeared in the same corner of the field.",0,capon,farmed,routine_01,neutral
"Every day that week, the steer appeared in the same corner of the field.",0,steer,farmed,routine_01,neutral
"Every day that week, the bullock appeared in the same corner of the field.",0,bullock,farmed,routine_01,neutral
"Every day that week, the ewe appeared in the same corner of the field.",0,ewe,farmed,routine_01,neutral
"Every day that week, the wether appeared in the same corner of the field.",0,wether,farmed,routine_01,neutral
"Every day that week, the gander appeared in the same corner of the field.",0,gander,farmed,routine_01,neutral
"Every day that week, the drake appeared in the same corner of the field.",0,drake,farmed,routine_01,neutral
"Every day that week, the gosling appeared in the same corner of the field.",0,gosling,farmed,routine_01,neutral
"Every day that week, the duckling appeared in the same corner of the field.",0,duckling,farmed,routine_01,neutral
"Every day that week, the chick appeared in the same corner of the field.",0,chick,farmed,routine_01,neutral
"Every day that week, the cockerel appeared in the same corner of the field.",0,cockerel,farmed,routine_01,neutral
"Every day that week, the pullet appeared in the same corner of the field.",0,pullet,farmed,routine_01,neutral
"Every day that week, the yearling appeared in the same corner of the field.",0,yearling,farmed,routine_01,neutral
"Every day that week, the shoat appeared in the same corner of the field.",0,shoat,farmed,routine_01,neutral
"Every day that week, the gilt appeared in the same corner of the field.",0,gilt,farmed,routine_01,neutral
"Every day that week, the pony appeared in the same corner of the field.",0,pony,farmed,routine_01,neutral
"Every day that week, the mare appeared in the same corner of the field.",0,mare,farmed,routine_01,neutral
"Every day that week, the colt appeared in the same corner of the field.",0,colt,farmed,routine_01,neutral
"Every day that week, the alpaca appeared in the same corner of the field.",0,alpaca,farmed,routine_01,neutral
"Every day that week, the stallion appeared in the same corner of the field.",0,stallion,farmed,routine_01,neutral
"Like clockwork, the man arrived at the gate each morning.",1,man,human,routine_02,neutral
"Like clockwork, the woman arrived at the gate each morning.",1,woman,human,routine_02,neutral
"Like clockwork, the child arrived at the gate each morning.",1,child,human,routine_02,neutral
"Like clockwork, the boy arrived at the gate each morning.",1,boy,human,routine_02,neutral
"Like clockwork, the girl arrived at the gate each morning.",1,girl,human,routine_02,neutral
"Like clockwork, the farmer arrived at the gate each morning.",1,farmer,human,routine_02,neutral
"Like clockwork, the nurse arrived at the gate each morning.",1,nurse,human,routine_02,neutral
"Like clockwork, the teacher arrived at the gate each morning.",1,teacher,human,routine_02,neutral
"Like clockwork, the doctor arrived at the gate each morning.",1,doctor,human,routine_02,neutral
"Like clockwork, the student arrived at the gate each morning.",1,student,human,routine_02,neutral
"Like clockwork, the soldier arrived at the gate each morning.",1,soldier,human,routine_02,neutral
"Like clockwork, the hiker arrived at the gate each morning.",1,hiker,human,routine_02,neutral
"Like clockwork, the shepherd arrived at the gate each morning.",1,shepherd,human,routine_02,neutral
"Like clockwork, the villager arrived at the gate each morning.",1,villager,human,routine_02,neutral
"Like clockwork, the fisherman arrived at the gate each morning.",1,fisherman,human,routine_02,neutral
"Like clockwork, the carpenter arrived at the gate each morning.",1,carpenter,human,routine_02,neutral
"Like clockwork, the toddler arrived at the gate each morning.",1,toddler,human,routine_02,neutral
"Like clockwork, the grandmother arrived at the gate each morning.",1,grandmother,human,routine_02,neutral
"Like clockwork, the grandfather arrived at the gate each morning.",1,grandfather,human,routine_02,neutral
"Like clockwork, the worker arrived at the gate each morning.",1,worker,human,routine_02,neutral
"Like clockwork, the baker arrived at the gate each morning.",1,baker,human,routine_02,neutral
"Like clockwork, the tailor arrived at the gate each morning.",1,tailor,human,routine_02,neutral
"Like clockwork, the plumber arrived at the gate each morning.",1,plumber,human,routine_02,neutral
"Like clockwork, the sailor arrived at the gate each morning.",1,sailor,human,routine_02,neutral
"Like clockwork, the painter arrived at the gate each morning.",1,painter,human,routine_02,neutral
"Like clockwork, the banker arrived at the gate each morning.",1,banker,human,routine_02,neutral
"Like clockwork, the lawyer arrived at the gate each morning.",1,lawyer,human,routine_02,neutral
"Like clockwork, the priest arrived at the gate each morning.",1,priest,human,routine_02,neutral
"Like clockwork, the mayor arrived at the gate each morning.",1,mayor,human,routine_02,neutral
"Like clockwork, the clerk arrived at the gate each morning.",1,clerk,human,routine_02,neutral
"Like clockwork, the chef arrived at the gate each morning.",1,chef,human,routine_02,neutral
"Like clockwork, the pilot arrived at the gate each morning.",1,pilot,human,routine_02,neutral
"Like clockwork, the miner arrived at the gate each morning.",1,miner,human,routine_02,neutral
"Like clockwork, the mason arrived at the gate each morning.",1,mason,human,routine_02,neutral
"Like clockwork, the traveler arrived at the gate each morning.",1,traveler,human,routine_02,neutral
"Like clockwork, the stranger arrived at the gate each morning.",1,stranger,human,routine_02,neutral
"Like clockwork, the infant arrived at the gate each morning.",1,infant,human,routine_02,neutral
"Like clockwork, the widow arrived at the gate each morning.",1,widow,human,routine_02,neutral
"Like clockwork, the uncle arrived at the gate each morning.",1,uncle,human,routine_02,neutral
"Like clockwork, the aunt arrived at the gate each morning.",1,aunt,human,routine_02,neutral
"Like clockwork, the pig arrived at the gate each morning.",0,pig,farmed,routine_02,neutral
"Like clockwork, the cow arrived at the gate each morning.",0,cow,farmed,routine_02,neutral
"Like clockwork, the chicken arrived at the gate each morning.",0,chicken,farmed,routine_02,neutral
"Like clockwork, the goat arrived at the gate each morning.",0,goat,farmed,routine_02,neutral
"Like clockwork, the sheep arrived at the gate each morning.",0,sheep,farmed,routine_02,neutral
"Like clockwork, the duck arrived at the gate each morning.",0,duck,farmed,routine_02,neutral
"Like clockwork, the turkey arrived at the gate each morning.",0,turkey,farmed,routine_02,neutral
"Like clockwork, the hen arrived at the gate each morning.",0,hen,farmed,routine_02,neutral
"Like clockwork, the rooster arrived at the gate each morning.",0,rooster,farmed,routine_02,neutral
"Like clockwork, the calf arrived at the gate each morning.",0,calf,farmed,routine_02,neutral
"Like clockwork, the lamb arrived at the gate each morning.",0,lamb,farmed,routine_02,neutral
"Like clockwork, the piglet arrived at the gate each morning.",0,piglet,farmed,routine_02,neutral
"Like clockwork, the ox arrived at the gate each morning.",0,ox,farmed,routine_02,neutral
"Like clockwork, the donkey arrived at the gate each morning.",0,donkey,farmed,routine_02,neutral
"Like clockwork, the mule arrived at the gate each morning.",0,mule,farmed,routine_02,neutral
"Like clockwork, the goose arrived at the gate each morning.",0,goose,farmed,routine_02,neutral
"Like clockwork, the sow arrived at the gate each morning.",0,sow,farmed,routine_02,neutral
"Like clockwork, the heifer arrived at the gate each morning.",0,heifer,farmed,routine_02,neutral
"Like clockwork, the foal arrived at the gate each morning.",0,foal,farmed,routine_02,neutral
"Like clockwork, the ram arrived at the gate each morning.",0,ram,farmed,routine_02,neutral
"Like clockwork, the capon arrived at the gate each morning.",0,capon,farmed,routine_02,neutral
"Like clockwork, the steer arrived at the gate each morning.",0,steer,farmed,routine_02,neutral
"Like clockwork, the bullock arrived at the gate each morning.",0,bullock,farmed,routine_02,neutral
"Like clockwork, the ewe arrived at the gate each morning.",0,ewe,farmed,routine_02,neutral
"Like clockwork, the wether arrived at the gate each morning.",0,wether,farmed,routine_02,neutral
"Like clockwork, the gander arrived at the gate each morning.",0,gander,farmed,routine_02,neutral
"Like clockwork, the drake arrived at the gate each morning.",0,drake,farmed,routine_02,neutral
"Like clockwork, the gosling arrived at the gate each morning.",0,gosling,farmed,routine_02,neutral
"Like clockwork, the duckling arrived at the gate each morning.",0,duckling,farmed,routine_02,neutral
"Like clockwork, the chick arrived at the gate each morning.",0,chick,farmed,routine_02,neutral
"Like clockwork, the cockerel arrived at the gate each morning.",0,cockerel,farmed,routine_02,neutral
"Like clockwork, the pullet arrived at the gate each morning.",0,pullet,farmed,routine_02,neutral
"Like clockwork, the yearling arrived at the gate each morning.",0,yearling,farmed,routine_02,neutral
"Like clockwork, the shoat arrived at the gate each morning.",0,shoat,farmed,routine_02,neutral
"Like clockwork, the gilt arrived at the gate each morning.",0,gilt,farmed,routine_02,neutral
"Like clockwork, the pony arrived at the gate each morning.",0,pony,farmed,routine_02,neutral
"Like clockwork, the mare arrived at the gate each morning.",0,mare,farmed,routine_02,neutral
"Like clockwork, the colt arrived at the gate each morning.",0,colt,farmed,routine_02,neutral
"Like clockwork, the alpaca arrived at the gate each morning.",0,alpaca,farmed,routine_02,neutral
"Like clockwork, the stallion arrived at the gate each morning.",0,stallion,farmed,routine_02,neutral
"Most afternoons, the man could be found near the willow tree.",1,man,human,routine_03,neutral
"Most afternoons, the woman could be found near the willow tree.",1,woman,human,routine_03,neutral
"Most afternoons, the child could be found near the willow tree.",1,child,human,routine_03,neutral
"Most afternoons, the boy could be found near the willow tree.",1,boy,human,routine_03,neutral
"Most afternoons, the girl could be found near the willow tree.",1,girl,human,routine_03,neutral
"Most afternoons, the farmer could be found near the willow tree.",1,farmer,human,routine_03,neutral
"Most afternoons, the nurse could be found near the willow tree.",1,nurse,human,routine_03,neutral
"Most afternoons, the teacher could be found near the willow tree.",1,teacher,human,routine_03,neutral
"Most afternoons, the doctor could be found near the willow tree.",1,doctor,human,routine_03,neutral
"Most afternoons, the student could be found near the willow tree.",1,student,human,routine_03,neutral
"Most afternoons, the soldier could be found near the willow tree.",1,soldier,human,routine_03,neutral
"Most afternoons, the hiker could be found near the willow tree.",1,hiker,human,routine_03,neutral
"Most afternoons, the shepherd could be found near the willow tree.",1,shepherd,human,routine_03,neutral
"Most afternoons, the villager could be found near the willow tree.",1,villager,human,routine_03,neutral
"Most afternoons, the fisherman could be found near the willow tree.",1,fisherman,human,routine_03,neutral
"Most afternoons, the carpenter could be found near the willow tree.",1,carpenter,human,routine_03,neutral
"Most afternoons, the toddler could be found near the willow tree.",1,toddler,human,routine_03,neutral
"Most afternoons, the grandmother could be found near the willow tree.",1,grandmother,human,routine_03,neutral
"Most afternoons, the grandfather could be found near the willow tree.",1,grandfather,human,routine_03,neutral
"Most afternoons, the worker could be found near the willow tree.",1,worker,human,routine_03,neutral
"Most afternoons, the baker could be found near the willow tree.",1,baker,human,routine_03,neutral
"Most afternoons, the tailor could be found near the willow tree.",1,tailor,human,routine_03,neutral
"Most afternoons, the plumber could be found near the willow tree.",1,plumber,human,routine_03,neutral
"Most afternoons, the sailor could be found near the willow tree.",1,sailor,human,routine_03,neutral
"Most afternoons, the painter could be found near the willow tree.",1,painter,human,routine_03,neutral
"Most afternoons, the banker could be found near the willow tree.",1,banker,human,routine_03,neutral
"Most afternoons, the lawyer could be found near the willow tree.",1,lawyer,human,routine_03,neutral
"Most afternoons, the priest could be found near the willow tree.",1,priest,human,routine_03,neutral
"Most afternoons, the mayor could be found near the willow tree.",1,mayor,human,routine_03,neutral
"Most afternoons, the clerk could be found near the willow tree.",1,clerk,human,routine_03,neutral
"Most afternoons, the chef could be found near the willow tree.",1,chef,human,routine_03,neutral
"Most afternoons, the pilot could be found near the willow tree.",1,pilot,human,routine_03,neutral
"Most afternoons, the miner could be found near the willow tree.",1,miner,human,routine_03,neutral
"Most afternoons, the mason could be found near the willow tree.",1,mason,human,routine_03,neutral
"Most afternoons, the traveler could be found near the willow tree.",1,traveler,human,routine_03,neutral
"Most afternoons, the stranger could be found near the willow tree.",1,stranger,human,routine_03,neutral
"Most afternoons, the infant could be found near the willow tree.",1,infant,human,routine_03,neutral
"Most afternoons, the widow could be found near the willow tree.",1,widow,human,routine_03,neutral
"Most afternoons, the uncle could be found near the willow tree.",1,uncle,human,routine_03,neutral
"Most afternoons, the aunt could be found near the willow tree.",1,aunt,human,routine_03,neutral
"Most afternoons, the pig could be found near the willow tree.",0,pig,farmed,routine_03,neutral
"Most afternoons, the cow could be found near the willow tree.",0,cow,farmed,routine_03,neutral
"Most afternoons, the chicken could be found near the willow tree.",0,chicken,farmed,routine_03,neutral
"Most afternoons, the goat could be found near the willow tree.",0,goat,farmed,routine_03,neutral
"Most afternoons, the sheep could be found near the willow tree.",0,sheep,farmed,routine_03,neutral
"Most afternoons, the duck could be found near the willow tree.",0,duck,farmed,routine_03,neutral
"Most afternoons, the turkey could be found near the willow tree.",0,turkey,farmed,routine_03,neutral
"Most afternoons, the hen could be found near the willow tree.",0,hen,farmed,routine_03,neutral
"Most afternoons, the rooster could be found near the willow tree.",0,rooster,farmed,routine_03,neutral
"Most afternoons, the calf could be found near the willow tree.",0,calf,farmed,routine_03,neutral
"Most afternoons, the lamb could be found near the willow tree.",0,lamb,farmed,routine_03,neutral
"Most afternoons, the piglet could be found near the willow tree.",0,piglet,farmed,routine_03,neutral
"Most afternoons, the ox could be found near the willow tree.",0,ox,farmed,routine_03,neutral
"Most afternoons, the donkey could be found near the willow tree.",0,donkey,farmed,routine_03,neutral
"Most afternoons, the mule could be found near the willow tree.",0,mule,farmed,routine_03,neutral
"Most afternoons, the goose could be found near the willow tree.",0,goose,farmed,routine_03,neutral
"Most afternoons, the sow could be found near the willow tree.",0,sow,farmed,routine_03,neutral
"Most afternoons, the heifer could be found near the willow tree.",0,heifer,farmed,routine_03,neutral
"Most afternoons, the foal could be found near the willow tree.",0,foal,farmed,routine_03,neutral
"Most afternoons, the ram could be found near the willow tree.",0,ram,farmed,routine_03,neutral
"Most afternoons, the capon could be found near the willow tree.",0,capon,farmed,routine_03,neutral
"Most afternoons, the steer could be found near the willow tree.",0,steer,farmed,routine_03,neutral
"Most afternoons, the bullock could be found near the willow tree.",0,bullock,farmed,routine_03,neutral
"Most afternoons, the ewe could be found near the willow tree.",0,ewe,farmed,routine_03,neutral
"Most afternoons, the wether could be found near the willow tree.",0,wether,farmed,routine_03,neutral
"Most afternoons, the gander could be found near the willow tree.",0,gander,farmed,routine_03,neutral
"Most afternoons, the drake could be found near the willow tree.",0,drake,farmed,routine_03,neutral
"Most afternoons, the gosling could be found near the willow tree.",0,gosling,farmed,routine_03,neutral
"Most afternoons, the duckling could be found near the willow tree.",0,duckling,farmed,routine_03,neutral
"Most afternoons, the chick could be found near the willow tree.",0,chick,farmed,routine_03,neutral
"Most afternoons, the cockerel could be found near the willow tree.",0,cockerel,farmed,routine_03,neutral
"Most afternoons, the pullet could be found near the willow tree.",0,pullet,farmed,routine_03,neutral
"Most afternoons, the yearling could be found near the willow tree.",0,yearling,farmed,routine_03,neutral
"Most afternoons, the shoat could be found near the willow tree.",0,shoat,farmed,routine_03,neutral
"Most afternoons, the gilt could be found near the willow tree.",0,gilt,farmed,routine_03,neutral
"Most afternoons, the pony could be found near the willow tree.",0,pony,farmed,routine_03,neutral
"Most afternoons, the mare could be found near the willow tree.",0,mare,farmed,routine_03,neutral
"Most afternoons, the colt could be found near the willow tree.",0,colt,farmed,routine_03,neutral
"Most afternoons, the alpaca could be found near the willow tree.",0,alpaca,farmed,routine_03,neutral
"Most afternoons, the stallion could be found near the willow tree.",0,stallion,farmed,routine_03,neutral
"Day after day, the man followed the same path along the fence.",1,man,human,routine_04,neutral
"Day after day, the woman followed the same path along the fence.",1,woman,human,routine_04,neutral
"Day after day, the child followed the same path along the fence.",1,child,human,routine_04,neutral
"Day after day, the boy followed the same path along the fence.",1,boy,human,routine_04,neutral
"Day after day, the girl followed the same path along the fence.",1,girl,human,routine_04,neutral
"Day after day, the farmer followed the same path along the fence.",1,farmer,human,routine_04,neutral
"Day after day, the nurse followed the same path along the fence.",1,nurse,human,routine_04,neutral
"Day after day, the teacher followed the same path along the fence.",1,teacher,human,routine_04,neutral
"Day after day, the doctor followed the same path along the fence.",1,doctor,human,routine_04,neutral
"Day after day, the student followed the same path along the fence.",1,student,human,routine_04,neutral
"Day after day, the soldier followed the same path along the fence.",1,soldier,human,routine_04,neutral
"Day after day, the hiker followed the same path along the fence.",1,hiker,human,routine_04,neutral
"Day after day, the shepherd followed the same path along the fence.",1,shepherd,human,routine_04,neutral
"Day after day, the villager followed the same path along the fence.",1,villager,human,routine_04,neutral
"Day after day, the fisherman followed the same path along the fence.",1,fisherman,human,routine_04,neutral
"Day after day, the carpenter followed the same path along the fence.",1,carpenter,human,routine_04,neutral
"Day after day, the toddler followed the same path along the fence.",1,toddler,human,routine_04,neutral
"Day after day, the grandmother followed the same path along the fence.",1,grandmother,human,routine_04,neutral
"Day after day, the grandfather followed the same path along the fence.",1,grandfather,human,routine_04,neutral
"Day after day, the worker followed the same path along the fence.",1,worker,human,routine_04,neutral
"Day after day, the baker followed the same path along the fence.",1,baker,human,routine_04,neutral
"Day after day, the tailor followed the same path along the fence.",1,tailor,human,routine_04,neutral
"Day after day, the plumber followed the same path along the fence.",1,plumber,human,routine_04,neutral
"Day after day, the sailor followed the same path along the fence.",1,sailor,human,routine_04,neutral
"Day after day, the painter followed the same path along the fence.",1,painter,human,routine_04,neutral
"Day after day, the banker followed the same path along the fence.",1,banker,human,routine_04,neutral
"Day after day, the lawyer followed the same path along the fence.",1,lawyer,human,routine_04,neutral
"Day after day, the priest followed the same path along the fence.",1,priest,human,routine_04,neutral
"Day after day, the mayor followed the same path along the fence.",1,mayor,human,routine_04,neutral
"Day after day, the clerk followed the same path along the fence.",1,clerk,human,routine_04,neutral
"Day after day, the chef followed the same path along the fence.",1,chef,human,routine_04,neutral
"Day after day, the pilot followed the same path along the fence.",1,pilot,human,routine_04,neutral
"Day after day, the miner followed the same path along the fence.",1,miner,human,routine_04,neutral
"Day after day, the mason followed the same path along the fence.",1,mason,human,routine_04,neutral
"Day after day, the traveler followed the same path along the fence.",1,traveler,human,routine_04,neutral
"Day after day, the stranger followed the same path along the fence.",1,stranger,human,routine_04,neutral
"Day after day, the infant followed the same path along the fence.",1,infant,human,routine_04,neutral
"Day after day, the widow followed the same path along the fence.",1,widow,human,routine_04,neutral
"Day after day, the uncle followed the same path along the fence.",1,uncle,human,routine_04,neutral
"Day after day, the aunt followed the same path along the fence.",1,aunt,human,routine_04,neutral
"Day after day, the pig followed the same path along the fence.",0,pig,farmed,routine_04,neutral
"Day after day, the cow followed the same path along the fence.",0,cow,farmed,routine_04,neutral
"Day after day, the chicken followed the same path along the fence.",0,chicken,farmed,routine_04,neutral
"Day after day, the goat followed the same path along the fence.",0,goat,farmed,routine_04,neutral
"Day after day, the sheep followed the same path along the fence.",0,sheep,farmed,routine_04,neutral
"Day after day, the duck followed the same path along the fence.",0,duck,farmed,routine_04,neutral
"Day after day, the turkey followed the same path along the fence.",0,turkey,farmed,routine_04,neutral
"Day after day, the hen followed the same path along the fence.",0,hen,farmed,routine_04,neutral
"Day after day, the rooster followed the same path along the fence.",0,rooster,farmed,routine_04,neutral
"Day after day, the calf followed the same path along the fence.",0,calf,farmed,routine_04,neutral
"Day after day, the lamb followed the same path along the fence.",0,lamb,farmed,routine_04,neutral
"Day after day, the piglet followed the same path along the fence.",0,piglet,farmed,routine_04,neutral
"Day after day, the ox followed the same path along the fence.",0,ox,farmed,routine_04,neutral
"Day after day, the donkey followed the same path along the fence.",0,donkey,farmed,routine_04,neutral
"Day after day, the mule followed the same path along the fence.",0,mule,farmed,routine_04,neutral
"Day after day, the goose followed the same path along the fence.",0,goose,farmed,routine_04,neutral
"Day after day, the sow followed the same path along the fence.",0,sow,farmed,routine_04,neutral
"Day after day, the heifer followed the same path along the fence.",0,heifer,farmed,routine_04,neutral
"Day after day, the foal followed the same path along the fence.",0,foal,farmed,routine_04,neutral
"Day after day, the ram followed the same path along the fence.",0,ram,farmed,routine_04,neutral
"Day after day, the capon followed the same path along the fence.",0,capon,farmed,routine_04,neutral
"Day after day, the steer followed the same path along the fence.",0,steer,farmed,routine_04,neutral
"Day after day, the bullock followed the same path along the fence.",0,bullock,farmed,routine_04,neutral
"Day after day, the ewe followed the same path along the fence.",0,ewe,farmed,routine_04,neutral
"Day after day, the wether followed the same path along the fence.",0,wether,farmed,routine_04,neutral
"Day after day, the gander followed the same path along the fence.",0,gander,farmed,routine_04,neutral
"Day after day, the drake followed the same path along the fence.",0,drake,farmed,routine_04,neutral
"Day after day, the gosling followed the same path along the fence.",0,gosling,farmed,routine_04,neutral
"Day after day, the duckling followed the same path along the fence.",0,duckling,farmed,routine_04,neutral
"Day after day, the chick followed the same path along the fence.",0,chick,farmed,routine_04,neutral
"Day after day, the cockerel followed the same path along the fence.",0,cockerel,farmed,routine_04,neutral
"Day after day, the pullet followed the same path along the fence.",0,pullet,farmed,routine_04,neutral
"Day after day, the yearling followed the same path along the fence.",0,yearling,farmed,routine_04,neutral
"Day after day, the shoat followed the same path along the fence.",0,shoat,farmed,routine_04,neutral
"Day after day, the gilt followed the same path along the fence.",0,gilt,farmed,routine_04,neutral
"Day after day, the pony followed the same path along the fence.",0,pony,farmed,routine_04,neutral
"Day after day, the mare followed the same path along the fence.",0,mare,farmed,routine_04,neutral
"Day after day, the colt followed the same path along the fence.",0,colt,farmed,routine_04,neutral
"Day after day, the alpaca followed the same path along the fence.",0,alpaca,farmed,routine_04,neutral
"Day after day, the stallion followed the same path along the fence.",0,stallion,farmed,routine_04,neutral
"For the village newsletter, a photographer took a picture of the man by the pond.",1,man,human,public_01,neutral
"For the village newsletter, a photographer took a picture of the woman by the pond.",1,woman,human,public_01,neutral
"For the village newsletter, a photographer took a picture of the child by the pond.",1,child,human,public_01,neutral
"For the village newsletter, a photographer took a picture of the boy by the pond.",1,boy,human,public_01,neutral
"For the village newsletter, a photographer took a picture of the girl by the pond.",1,girl,human,public_01,neutral
"For the village newsletter, a photographer took a picture of the farmer by the pond.",1,farmer,human,public_01,neutral
"For the village newsletter, a photographer took a picture of the nurse by the pond.",1,nurse,human,public_01,neutral
"For the village newsletter, a photographer took a picture of the teacher by the pond.",1,teacher,human,public_01,neutral
"For the village newsletter, a photographer took a picture of the doctor by the pond.",1,doctor,human,public_01,neutral
"For the village newsletter, a photographer took a picture of the student by the pond.",1,student,human,public_01,neutral
"For the village newsletter, a photographer took a picture of the soldier by the pond.",1,soldier,human,public_01,neutral
"For the village newsletter, a photographer took a picture of the hiker by the pond.",1,hiker,human,public_01,neutral
"For the village newsletter, a photographer took a picture of the shepherd by the pond.",1,shepherd,human,public_01,neutral
"For the village newsletter, a photographer took a picture of the villager by the pond.",1,villager,human,public_01,neutral
"For the village newsletter, a photographer took a picture of the fisherman by the pond.",1,fisherman,human,public_01,neutral
"For the village newsletter, a photographer took a picture of the carpenter by the pond.",1,carpenter,human,public_01,neutral
"For the village newsletter, a photographer took a picture of the toddler by the pond.",1,toddler,human,public_01,neutral
"For the village newsletter, a photographer took a picture of the grandmother by the pond.",1,grandmother,human,public_01,neutral
"For the village newsletter, a photographer took a picture of the grandfather by the pond.",1,grandfather,human,public_01,neutral
"For the village newsletter, a photographer took a picture of the worker by the pond.",1,worker,human,public_01,neutral
"For the village newsletter, a photographer took a picture of the baker by the pond.",1,baker,human,public_01,neutral
"For the village newsletter, a photographer took a picture of the tailor by the pond.",1,tailor,human,public_01,neutral
"For the village newsletter, a photographer took a picture of the plumber by the pond.",1,plumber,human,public_01,neutral
"For the village newsletter, a photographer took a picture of the sailor by the pond.",1,sailor,human,public_01,neutral
"For the village newsletter, a photographer took a picture of the painter by the pond.",1,painter,human,public_01,neutral
"For the village newsletter, a photographer took a picture of the banker by the pond.",1,banker,human,public_01,neutral
"For the village newsletter, a photographer took a picture of the lawyer by the pond.",1,lawyer,human,public_01,neutral
"For the village newsletter, a photographer took a picture of the priest by the pond.",1,priest,human,public_01,neutral
"For the village newsletter, a photographer took a picture of the mayor by the pond.",1,mayor,human,public_01,neutral
"For the village newsletter, a photographer took a picture of the clerk by the pond.",1,clerk,human,public_01,neutral
"For the village newsletter, a photographer took a picture of the chef by the pond.",1,chef,human,public_01,neutral
"For the village newsletter, a photographer took a picture of the pilot by the pond.",1,pilot,human,public_01,neutral
"For the village newsletter, a photographer took a picture of the miner by the pond.",1,miner,human,public_01,neutral
"For the village newsletter, a photographer took a picture of the mason by the pond.",1,mason,human,public_01,neutral
"For the village newsletter, a photographer took a picture of the traveler by the pond.",1,traveler,human,public_01,neutral
"For the village newsletter, a photographer took a picture of the stranger by the pond.",1,stranger,human,public_01,neutral
"For the village newsletter, a photographer took a picture of the infant by the pond.",1,infant,human,public_01,neutral
"For the village newsletter, a photographer took a picture of the widow by the pond.",1,widow,human,public_01,neutral
"For the village newsletter, a photographer took a picture of the uncle by the pond.",1,uncle,human,public_01,neutral
"For the village newsletter, a photographer took a picture of the aunt by the pond.",1,aunt,human,public_01,neutral
"For the village newsletter, a photographer took a picture of the pig by the pond.",0,pig,farmed,public_01,neutral
"For the village newsletter, a photographer took a picture of the cow by the pond.",0,cow,farmed,public_01,neutral
"For the village newsletter, a photographer took a picture of the chicken by the pond.",0,chicken,farmed,public_01,neutral
"For the village newsletter, a photographer took a picture of the goat by the pond.",0,goat,farmed,public_01,neutral
"For the village newsletter, a photographer took a picture of the sheep by the pond.",0,sheep,farmed,public_01,neutral
"For the village newsletter, a photographer took a picture of the duck by the pond.",0,duck,farmed,public_01,neutral
"For the village newsletter, a photographer took a picture of the turkey by the pond.",0,turkey,farmed,public_01,neutral
"For the village newsletter, a photographer took a picture of the hen by the pond.",0,hen,farmed,public_01,neutral
"For the village newsletter, a photographer took a picture of the rooster by the pond.",0,rooster,farmed,public_01,neutral
"For the village newsletter, a photographer took a picture of the calf by the pond.",0,calf,farmed,public_01,neutral
"For the village newsletter, a photographer took a picture of the lamb by the pond.",0,lamb,farmed,public_01,neutral
"For the village newsletter, a photographer took a picture of the piglet by the pond.",0,piglet,farmed,public_01,neutral
"For the village newsletter, a photographer took a picture of the ox by the pond.",0,ox,farmed,public_01,neutral
"For the village newsletter, a photographer took a picture of the donkey by the pond.",0,donkey,farmed,public_01,neutral
"For the village newsletter, a photographer took a picture of the mule by the pond.",0,mule,farmed,public_01,neutral
"For the village newsletter, a photographer took a picture of the goose by the pond.",0,goose,farmed,public_01,neutral
"For the village newsletter, a photographer took a picture of the sow by the pond.",0,sow,farmed,public_01,neutral
"For the village newsletter, a photographer took a picture of the heifer by the pond.",0,heifer,farmed,public_01,neutral
"For the village newsletter, a photographer took a picture of the foal by the pond.",0,foal,farmed,public_01,neutral
"For the village newsletter, a photographer took a picture of the ram by the pond.",0,ram,farmed,public_01,neutral
"For the village newsletter, a photographer took a picture of the capon by the pond.",0,capon,farmed,public_01,neutral
"For the village newsletter, a photographer took a picture of the steer by the pond.",0,steer,farmed,public_01,neutral
"For the village newsletter, a photographer took a picture of the bullock by the pond.",0,bullock,farmed,public_01,neutral
"For the village newsletter, a photographer took a picture of the ewe by the pond.",0,ewe,farmed,public_01,neutral
"For the village newsletter, a photographer took a picture of the wether by the pond.",0,wether,farmed,public_01,neutral
"For the village newsletter, a photographer took a picture of the gander by the pond.",0,gander,farmed,public_01,neutral
"For the village newsletter, a photographer took a picture of the drake by the pond.",0,drake,farmed,public_01,neutral
"For the village newsletter, a photographer took a picture of the gosling by the pond.",0,gosling,farmed,public_01,neutral
"For the village newsletter, a photographer took a picture of the duckling by the pond.",0,duckling,farmed,public_01,neutral
"For the village newsletter, a photographer took a picture of the chick by the pond.",0,chick,farmed,public_01,neutral
"For the village newsletter, a photographer took a picture of the cockerel by the pond.",0,cockerel,farmed,public_01,neutral
"For the village newsletter, a photographer took a picture of the pullet by the pond.",0,pullet,farmed,public_01,neutral
"For the village newsletter, a photographer took a picture of the yearling by the pond.",0,yearling,farmed,public_01,neutral
"For the village newsletter, a photographer took a picture of the shoat by the pond.",0,shoat,farmed,public_01,neutral
"For the village newsletter, a photographer took a picture of the gilt by the pond.",0,gilt,farmed,public_01,neutral
"For the village newsletter, a photographer took a picture of the pony by the pond.",0,pony,farmed,public_01,neutral
"For the village newsletter, a photographer took a picture of the mare by the pond.",0,mare,farmed,public_01,neutral
"For the village newsletter, a photographer took a picture of the colt by the pond.",0,colt,farmed,public_01,neutral
"For the village newsletter, a photographer took a picture of the alpaca by the pond.",0,alpaca,farmed,public_01,neutral
"For the village newsletter, a photographer took a picture of the stallion by the pond.",0,stallion,farmed,public_01,neutral
"During the harvest fair, the man drew smiles from the passing crowd.",1,man,human,public_02,neutral
"During the harvest fair, the woman drew smiles from the passing crowd.",1,woman,human,public_02,neutral
"During the harvest fair, the child drew smiles from the passing crowd.",1,child,human,public_02,neutral
"During the harvest fair, the boy drew smiles from the passing crowd.",1,boy,human,public_02,neutral
"During the harvest fair, the girl drew smiles from the passing crowd.",1,girl,human,public_02,neutral
"During the harvest fair, the farmer drew smiles from the passing crowd.",1,farmer,human,public_02,neutral
"During the harvest fair, the nurse drew smiles from the passing crowd.",1,nurse,human,public_02,neutral
"During the harvest fair, the teacher drew smiles from the passing crowd.",1,teacher,human,public_02,neutral
"During the harvest fair, the doctor drew smiles from the passing crowd.",1,doctor,human,public_02,neutral
"During the harvest fair, the student drew smiles from the passing crowd.",1,student,human,public_02,neutral
"During the harvest fair, the soldier drew smiles from the passing crowd.",1,soldier,human,public_02,neutral
"During the harvest fair, the hiker drew smiles from the passing crowd.",1,hiker,human,public_02,neutral
"During the harvest fair, the shepherd drew smiles from the passing crowd.",1,shepherd,human,public_02,neutral
"During the harvest fair, the villager drew smiles from the passing crowd.",1,villager,human,public_02,neutral
"During the harvest fair, the fisherman drew smiles from the passing crowd.",1,fisherman,human,public_02,neutral
"During the harvest fair, the carpenter drew smiles from the passing crowd.",1,carpenter,human,public_02,neutral
"During the harvest fair, the toddler drew smiles from the passing crowd.",1,toddler,human,public_02,neutral
"During the harvest fair, the grandmother drew smiles from the passing crowd.",1,grandmother,human,public_02,neutral
"During the harvest fair, the grandfather drew smiles from the passing crowd.",1,grandfather,human,public_02,neutral
"During the harvest fair, the worker drew smiles from the passing crowd.",1,worker,human,public_02,neutral
"During the harvest fair, the baker drew smiles from the passing crowd.",1,baker,human,public_02,neutral
"During the harvest fair, the tailor drew smiles from the passing crowd.",1,tailor,human,public_02,neutral
"During the harvest fair, the plumber drew smiles from the passing crowd.",1,plumber,human,public_02,neutral
"During the harvest fair, the sailor drew smiles from the passing crowd.",1,sailor,human,public_02,neutral
"During the harvest fair, the painter drew smiles from the passing crowd.",1,painter,human,public_02,neutral
"During the harvest fair, the banker drew smiles from the passing crowd.",1,banker,human,public_02,neutral
"During the harvest fair, the lawyer drew smiles from the passing crowd.",1,lawyer,human,public_02,neutral
"During the harvest fair, the priest drew smiles from the passing crowd.",1,priest,human,public_02,neutral
"During the harvest fair, the mayor drew smiles from the passing crowd.",1,mayor,human,public_02,neutral
"During the harvest fair, the clerk drew smiles from the passing crowd.",1,clerk,human,public_02,neutral
"During the harvest fair, the chef drew smiles from the passing crowd.",1,chef,human,public_02,neutral
"During the harvest fair, the pilot drew smiles from the passing crowd.",1,pilot,human,public_02,neutral
"During the harvest fair, the miner drew smiles from the passing crowd.",1,miner,human,public_02,neutral
"During the harvest fair, the mason drew smiles from the passing crowd.",1,mason,human,public_02,neutral
"During the harvest fair, the traveler drew smiles from the passing crowd.",1,traveler,human,public_02,neutral
"During the harvest fair, the stranger drew smiles from the passing crowd.",1,stranger,human,public_02,neutral
"During the harvest fair, the infant drew smiles from the passing crowd.",1,infant,human,public_02,neutral
"During the harvest fair, the widow drew smiles from the passing crowd.",1,widow,human,public_02,neutral
"During the harvest fair, the uncle drew smiles from the passing crowd.",1,uncle,human,public_02,neutral
"During the harvest fair, the aunt drew smiles from the passing crowd.",1,aunt,human,public_02,neutral
"During the harvest fair, the pig drew smiles from the passing crowd.",0,pig,farmed,public_02,neutral
"During the harvest fair, the cow drew smiles from the passing crowd.",0,cow,farmed,public_02,neutral
"During the harvest fair, the chicken drew smiles from the passing crowd.",0,chicken,farmed,public_02,neutral
"During the harvest fair, the goat drew smiles from the passing crowd.",0,goat,farmed,public_02,neutral
"During the harvest fair, the sheep drew smiles from the passing crowd.",0,sheep,farmed,public_02,neutral
"During the harvest fair, the duck drew smiles from the passing crowd.",0,duck,farmed,public_02,neutral
"During the harvest fair, the turkey drew smiles from the passing crowd.",0,turkey,farmed,public_02,neutral
"During the harvest fair, the hen drew smiles from the passing crowd.",0,hen,farmed,public_02,neutral
"During the harvest fair, the rooster drew smiles from the passing crowd.",0,rooster,farmed,public_02,neutral
"During the harvest fair, the calf drew smiles from the passing crowd.",0,calf,farmed,public_02,neutral
"During the harvest fair, the lamb drew smiles from the passing crowd.",0,lamb,farmed,public_02,neutral
"During the harvest fair, the piglet drew smiles from the passing crowd.",0,piglet,farmed,public_02,neutral
"During the harvest fair, the ox drew smiles from the passing crowd.",0,ox,farmed,public_02,neutral
"During the harvest fair, the donkey drew smiles from the passing crowd.",0,donkey,farmed,public_02,neutral
"During the harvest fair, the mule drew smiles from the passing crowd.",0,mule,farmed,public_02,neutral
"During the harvest fair, the goose drew smiles from the passing crowd.",0,goose,farmed,public_02,neutral
"During the harvest fair, the sow drew smiles from the passing crowd.",0,sow,farmed,public_02,neutral
"During the harvest fair, the heifer drew smiles from the passing crowd.",0,heifer,farmed,public_02,neutral
"During the harvest fair, the foal drew smiles from the passing crowd.",0,foal,farmed,public_02,neutral
"During the harvest fair, the ram drew smiles from the passing crowd.",0,ram,farmed,public_02,neutral
"During the harvest fair, the capon drew smiles from the passing crowd.",0,capon,farmed,public_02,neutral
"During the harvest fair, the steer drew smiles from the passing crowd.",0,steer,farmed,public_02,neutral
"During the harvest fair, the bullock drew smiles from the passing crowd.",0,bullock,farmed,public_02,neutral
"During the harvest fair, the ewe drew smiles from the passing crowd.",0,ewe,farmed,public_02,neutral
"During the harvest fair, the wether drew smiles from the passing crowd.",0,wether,farmed,public_02,neutral
"During the harvest fair, the gander drew smiles from the passing crowd.",0,gander,farmed,public_02,neutral
"During the harvest fair, the drake drew smiles from the passing crowd.",0,drake,farmed,public_02,neutral
"During the harvest fair, the gosling drew smiles from the passing crowd.",0,gosling,farmed,public_02,neutral
"During the harvest fair, the duckling drew smiles from the passing crowd.",0,duckling,farmed,public_02,neutral
"During the harvest fair, the chick drew smiles from the passing crowd.",0,chick,farmed,public_02,neutral
"During the harvest fair, the cockerel drew smiles from the passing crowd.",0,cockerel,farmed,public_02,neutral
"During the harvest fair, the pullet drew smiles from the passing crowd.",0,pullet,farmed,public_02,neutral
"During the harvest fair, the yearling drew smiles from the passing crowd.",0,yearling,farmed,public_02,neutral
"During the harvest fair, the shoat drew smiles from the passing crowd.",0,shoat,farmed,public_02,neutral
"During the harvest fair, the gilt drew smiles from the passing crowd.",0,gilt,farmed,public_02,neutral
"During the harvest fair, the pony drew smiles from the passing crowd.",0,pony,farmed,public_02,neutral
"During the harvest fair, the mare drew smiles from the passing crowd.",0,mare,farmed,public_02,neutral
"During the harvest fair, the colt drew smiles from the passing crowd.",0,colt,farmed,public_02,neutral
"During the harvest fair, the alpaca drew smiles from the passing crowd.",0,alpaca,farmed,public_02,neutral
"During the harvest fair, the stallion drew smiles from the passing crowd.",0,stallion,farmed,public_02,neutral
