statement,label,subject,subject_category,template_id,axis
"When the barn caught fire, the dog was trapped inside and crying out.",1,dog,companion,fire_01,harm
"When the barn caught fire, the cat was trapped inside and crying out.",1,cat,companion,fire_01,harm
"When the barn caught fire, the rabbit was trapped inside and crying out.",1,rabbit,companion,fire_01,harm
"When the barn caught fire, the puppy was trapped inside and crying out.",1,puppy,companion,fire_01,harm
"When the barn caught fire, the kitten was trapped inside and crying out.",1,kitten,companion,fire_01,harm
"When the barn caught fire, the hamster was trapped inside and crying out.",1,hamster,companion,fire_01,harm
"When the barn caught fire, the ferret was trapped inside and crying out.",1,ferret,companion,fire_01,harm
"When the barn caught fire, the poodle was trapped inside and crying out.",1,poodle,companion,fire_01,harm
"When the barn caught fire, the beagle was trapped inside and crying out.",1,beagle,companion,fire_01,harm
"When the barn caught fire, the terrier was trapped inside and crying out.",1,terrier,companion,fire_01,harm
"When the barn caught fire, the spaniel was trapped inside and crying out.",1,spaniel,companion,fire_01,harm
"When the barn caught fire, the labrador was trapped inside and crying out.",1,labrador,companion,fire_01,harm
"When the barn caught fire, the collie was trapped inside and crying out.",1,collie,companion,fire_01,harm
"When the barn caught fire, the pug was trapped inside and crying out.",1,pug,companion,fire_01,harm
"When the barn caught fire, the bulldog was trapped inside and crying out.",1,bulldog,companion,fire_01,harm
"When the barn caught fire, the retriever was trapped inside and crying out.",1,retriever,companion,fire_01,harm
"When the barn caught fire, the tomcat was trapped inside and crying out.",1,tomcat,companion,fire_01,harm
"When the barn caught fire, the gerbil was trapped inside and crying out.",1,gerbil,companion,fire_01,harm
"When the barn caught fire, the dalmatian was trapped inside and crying out.",1,dalmatian,companion,fire_01,harm
"When the barn caught fire, the greyhound was trapped inside and crying out.",1,greyhound,companion,fire_01,harm
"When the barn caught fire, the mastiff was trapped inside and crying out.",1,mastiff,companion,fire_01,harm
"When the barn caught fire, the corgi was trapped inside and crying out.",1,corgi,companion,fire_01,harm
"When the barn caught fire, the dachshund was trapped inside and crying out.",1,dachshund,companion,fire_01,harm
"When the barn caught fire, the chihuahua was trapped inside and crying out.",1,chihuahua,companion,fire_01,harm
"When the barn caught fire, the husky was trapped inside and crying out.",1,husky,companion,fire_01,harm
"When the barn caught fire, the rottweiler was trapped inside and crying out.",1,rottweiler,companion,fire_01,harm
"When the barn caught fire, the papillon was trapped inside and crying out.",1,papillon,companion,fire_01,harm
"When the barn caught fire, the schnauzer was trapped inside and crying out.",1,schnauzer,companion,fire_01,harm
"When the barn caught fire, the whippet was trapped inside and crying out.",1,whippet,companion,fire_01,harm
"When the barn caught fire, the pomeranian was trapped inside and crying out.",1,pomeranian,companion,fire_01,harm
"When the barn caught fire, the akita was trapped inside and crying out.",1,akita,companion,fire_01,harm
"When the barn caught fire, the samoyed was trapped inside and crying out.",1,samoyed,companion,fire_01,harm
"When the barn caught fire, the pekingese was trapped inside and crying out.",1,pekingese,companion,fire_01,harm
"When the barn caught fire, the lurcher was trapped inside and crying out.",1,lurcher,companion,fire_01,harm
"When the barn caught fire, the hound was trapped inside and crying out.",1,hound,companion,fire_01,harm
"When the barn caught fire, the mutt was trapped inside and crying out.",1,mutt,companion,fire_01,harm
"When the barn caught fire, the tabby was trapped inside and crying out.",1,tabby,companion,fire_01,harm
"When the barn caught fire, the lapdog was trapped inside and crying out.",1,lapdog,companion,fire_01,harm
"When the barn caught fire, the kitty was trapped inside and crying out.",1,kitty,companion,fire_01,harm
"When the barn caught fire, the bunny was trapped inside and crying out.",1,bunny,companion,fire_01,harm
"When the barn caught fire, the pig was trapped inside and crying out.",0,pig,farmed,fire_01,harm
"When the barn caught fire, the cow was trapped inside and crying out.",0,cow,farmed,fire_01,harm
"When the barn caught fire, the chicken was trapped inside and crying out.",0,chicken,farmed,fire_01,harm
"When the barn caught fire, the goat was trapped inside and crying out.",0,goat,farmed,fire_01,harm
"When the barn caught fire, the sheep was trapped inside and crying out.",0,sheep,farmed,fire_01,harm
"When the barn caught fire, the duck was trapped inside and crying out.",0,duck,farmed,fire_01,harm
"When the barn caught fire, the turkey was trapped inside and crying out.",0,turkey,farmed,fire_01,harm
"When the barn caught fire, the hen was trapped inside and crying out.",0,hen,farmed,fire_01,harm
"When the barn caught fire, the rooster was trapped inside and crying out.",0,rooster,farmed,fire_01,harm
"When the barn caught fire, the calf was trapped inside and crying out.",0,calf,farmed,fire_01,harm
"When the barn caught fire, the lamb was trapped inside and crying out.",0,lamb,farmed,fire_01,harm
"When the barn caught fire, the piglet was trapped inside and crying out.",0,piglet,farmed,fire_01,harm
"When the barn caught fire, the ox was trapped inside and crying out.",0,ox,farmed,fire_01,harm
"When the barn caught fire, the donkey was trapped inside and crying out.",0,donkey,farmed,fire_01,harm
"When the barn caught fire, the mule was trapped inside and crying out.",0,mule,farmed,fire_01,harm
"When the barn caught fire, the goose was trapped inside and crying out.",0,goose,farmed,fire_01,harm
"When the barn caught fire, the sow was trapped inside and crying out.",0,sow,farmed,fire_01,harm
"When the barn caught fire, the heifer was trapped inside and crying out.",0,heifer,farmed,fire_01,harm
"When the barn caught fire, the foal was trapped inside and crying out.",0,foal,farmed,fire_01,harm
"When the barn caught fire, the ram was trapped inside and crying out.",0,ram,farmed,fire_01,harm
"When the barn caught fire, the capon was trapped inside and crying out.",0,capon,farmed,fire_01,harm
"When the barn caught fire, the steer was trapped inside and crying out.",0,steer,farmed,fire_01,harm
"When the barn caught fire, the bullock was trapped inside and crying out.",0,bullock,farmed,fire_01,harm
"When the barn caught fire, the ewe was trapped inside and crying out.",0,ewe,farmed,fire_01,harm
"When the barn caught fire, the wether was trapped inside and crying out.",0,wether,farmed,fire_01,harm
"When the barn caught fire, the gander was trapped inside and crying out.",0,gander,farmed,fire_01,harm
"When the barn caught fire, the drake was trapped inside and crying out.",0,drake,farmed,fire_01,harm
"When the barn caught fire, the gosling was trapped inside and crying out.",0,gosling,farmed,fire_01,harm
"When the barn caught fire, the duckling was trapped inside and crying out.",0,duckling,farmed,fire_01,harm
"When the barn caught fire, the chick was trapped inside and crying out.",0,chick,farmed,fire_01,harm
"When the barn caught fire, the cockerel was trapped inside and crying out.",0,cockerel,farmed,fire_01,harm
"When the barn caught fire, the pullet was trapped inside and crying out.",0,pullet,farmed,fire_01,harm
"When the barn caught fire, the yearling was trapped inside and crying out.",0,yearling,farmed,fire_01,harm
"When the barn caught fire, the shoat was trapped inside and crying out.",0,shoat,farmed,fire_01,harm
"When the barn caught fire, the gilt was trapped inside and crying out.",0,gilt,farmed,fire_01,harm
"When the barn caught fire, the pony was trapped inside and crying out.",0,pony,farmed,fire_01,harm
"When the barn caught fire, the mare was trapped inside and crying out.",0,mare,farmed,fire_01,harm
"When the barn caught fire, the colt was trapped inside and crying out.",0,colt,farmed,fire_01,harm
"When the barn caught fire, the alpaca was trapped inside and crying out.",0,alpaca,farmed,fire_01,harm
"When the barn caught fire, the stallion was trapped inside and crying out.",0,stallion,farmed,fire_01,harm
Smoke filled the shed while the dog remained stuck behind the jammed door.,1,dog,companion,fire_02,harm
Smoke filled the shed while the cat remained stuck behind the jammed door.,1,cat,companion,fire_02,harm
Smoke filled the shed while the rabbit remained stuck behind the jammed door.,1,rabbit,companion,fire_02,harm
Smoke filled the shed while the puppy remained stuck behind the jammed door.,1,puppy,companion,fire_02,harm
Smoke filled the shed while the kitten remained stuck behind the jammed door.,1,kitten,companion,fire_02,harm
Smoke filled the shed while the hamster remained stuck behind the jammed door.,1,hamster,companion,fire_02,harm
Smoke filled the shed while the ferret remained stuck behind the jammed door.,1,ferret,companion,fire_02,harm
Smoke filled the shed while the poodle remained stuck behind the jammed door.,1,poodle,companion,fire_02,harm
Smoke filled the shed while the beagle remained stuck behind the jammed door.,1,beagle,companion,fire_02,harm
Smoke filled the shed while the terrier remained stuck behind the jammed door.,1,terrier,companion,fire_02,harm
Smoke filled the shed while the spaniel remained stuck behind the jammed door.,1,spaniel,companion,fire_02,harm
Smoke filled the shed while the labrador remained stuck behind the jammed door.,1,labrador,companion,fire_02,harm
Smoke filled the shed while the collie remained stuck behind the jammed door.,1,collie,companion,fire_02,harm
Smoke filled the shed while the pug remained stuck behind the jammed door.,1,pug,companion,fire_02,harm
Smoke filled the shed while the bulldog remained stuck behind the jammed door.,1,bulldog,companion,fire_02,harm
Smoke filled the shed while the retriever remained stuck behind the jammed door.,1,retriever,companion,fire_02,harm
Smoke filled the shed while the tomcat remained stuck behind the jammed door.,1,tomcat,companion,fire_02,harm
Smoke filled the shed while the gerbil remained stuck behind the jammed door.,1,gerbil,companion,fire_02,harm
Smoke filled the shed while the dalmatian remained stuck behind the jammed door.,1,dalmatian,companion,fire_02,harm
Smoke filled the shed while the greyhound remained stuck behind the jammed door.,1,greyhound,companion,fire_02,harm
Smoke filled the shed while the mastiff remained stuck behind the jammed door.,1,mastiff,companion,fire_02,harm
Smoke filled the shed while the corgi remained stuck behind the jammed door.,1,corgi,companion,fire_02,harm
Smoke filled the shed while the dachshund remained stuck behind the jammed door.,1,dachshund,companion,fire_02,harm
Smoke filled the shed while the chihuahua remained stuck behind the jammed door.,1,chihuahua,companion,fire_02,harm
Smoke filled the shed while the husky remained stuck behind the jammed door.,1,husky,companion,fire_02,harm
Smoke filled the shed while the rottweiler remained stuck behind the jammed door.,1,rottweiler,companion,fire_02,harm
Smoke filled the shed while the papillon remained stuck behind the jammed door.,1,papillon,companion,fire_02,harm
Smoke filled the shed while the schnauzer remained stuck behind the jammed door.,1,schnauzer,companion,fire_02,harm
Smoke filled the shed while the whippet remained stuck behind the jammed door.,1,whippet,companion,fire_02,harm
Smoke filled the shed while the pomeranian remained stuck behind the jammed door.,1,pomeranian,companion,fire_02,harm
Smoke filled the shed while the akita remained stuck behind the jammed door.,1,akita,companion,fire_02,harm
Smoke filled the shed while the samoyed remained stuck behind the jammed door.,1,samoyed,companion,fire_02,harm
Smoke filled the shed while the pekingese remained stuck behind the jammed door.,1,pekingese,companion,fire_02,harm
Smoke filled the shed while the lurcher remained stuck behind the jammed door.,1,lurcher,companion,fire_02,harm
Smoke filled the shed while the hound remained stuck behind the jammed door.,1,hound,companion,fire_02,harm
Smoke filled the shed while the mutt remained stuck behind the jammed door.,1,mutt,companion,fire_02,harm
Smoke filled the shed while the tabby remained stuck behind the jammed door.,1,tabby,companion,fire_02,harm
Smoke filled the shed while the lapdog remained stuck behind the jammed door.,1,lapdog,companion,fire_02,harm
Smoke filled the shed while the kitty remained stuck behind the jammed door.,1,kitty,companion,fire_02,harm
Smoke filled the shed while the bunny remained stuck behind the jammed door.,1,bunny,companion,fire_02,harm
Smoke filled the shed while the pig remained stuck behind the jammed door.,0,pig,farmed,fire_02,harm
Smoke filled the shed while the cow remained stuck behind the jammed door.,0,cow,farmed,fire_02,harm
Smoke filled the shed while the chicken remained stuck behind the jammed door.,0,chicken,farmed,fire_02,harm
Smoke filled the shed while the goat remained stuck behind the jammed door.,0,goat,farmed,fire_02,harm
Smoke filled the shed while the sheep remained stuck behind the jammed door.,0,sheep,farmed,fire_02,harm
Smoke filled the shed while the duck remained stuck behind the jammed door.,0,duck,farmed,fire_02,harm
Smoke filled the shed while the turkey remained stuck behind the jammed door.,0,turkey,farmed,fire_02,harm
Smoke filled the shed while the hen remained stuck behind the jammed door.,0,hen,farmed,fire_02,harm
Smoke filled the shed while the rooster remained stuck behind the jammed door.,0,rooster,farmed,fire_02,harm
Smoke filled the shed while the calf remained stuck behind the jammed door.,0,calf,farmed,fire_02,harm
Smoke filled the shed while the lamb remained stuck behind the jammed door.,0,lamb,farmed,fire_02,harm
Smoke filled the shed while the piglet remained stuck behind the jammed door.,0,piglet,farmed,fire_02,harm
Smoke filled the shed while the ox remained stuck behind the jammed door.,0,ox,farmed,fire_02,harm
Smoke filled the shed while the donkey remained stuck behind the jammed door.,0,donkey,farmed,fire_02,harm
Smoke filled the shed while the mule remained stuck behind the jammed door.,0,mule,farmed,fire_02,harm
Smoke filled the shed while the goose remained stuck behind the jammed door.,0,goose,farmed,fire_02,harm
Smoke filled the shed while the sow remained stuck behind the jammed door.,0,sow,farmed,fire_02,harm
Smoke filled the shed while the heifer remained stuck behind the jammed door.,0,heifer,farmed,fire_02,harm
Smoke filled the shed while the foal remained stuck behind the jammed door.,0,foal,farmed,fire_02,harm
Smoke filled the shed while the ram remained stuck behind the jammed door.,0,ram,farmed,fire_02,harm
Smoke filled the shed while the capon remained stuck behind the jammed door.,0,capon,farmed,fire_02,harm
Smoke filled the shed while the steer remained stuck behind the jammed door.,0,steer,farmed,fire_02,harm
Smoke filled the shed while the bullock remained stuck behind the jammed door.,0,bullock,farmed,fire_02,harm
Smoke filled the shed while the ewe remained stuck behind the jammed door.,0,ewe,farmed,fire_02,harm
Smoke filled the shed while the wether remained stuck behind the jammed door.,0,wether,farmed,fire_02,harm
Smoke filled the shed while the gander remained stuck behind the jammed door.,0,gander,farmed,fire_02,harm
Smoke filled the shed while the drake remained stuck behind the jammed door.,0,drake,farmed,fire_02,harm
Smoke filled the shed while the gosling remained stuck behind the jammed door.,0,gosling,farmed,fire_02,harm
Smoke filled the shed while the duckling remained stuck behind the jammed door.,0,duckling,farmed,fire_02,harm
Smoke filled the shed while the chick remained stuck behind the jammed door.,0,chick,farmed,fire_02,harm
Smoke filled the shed while the cockerel remained stuck behind the jammed door.,0,cockerel,farmed,fire_02,harm
Smoke filled the shed while the pullet remained stuck behind the jammed door.,0,pullet,farmed,fire_02,harm
Smoke filled the shed while the yearling remained stuck behind the jammed door.,0,yearling,farmed,fire_02,harm
Smoke filled the shed while the shoat remained stuck behind the jammed door.,0,shoat,farmed,fire_02,harm
Smoke filled the shed while the gilt remained stuck behind the jammed door.,0,gilt,farmed,fire_02,harm
Smoke filled the shed while the pony remained stuck behind the jammed door.,0,pony,farmed,fire_02,harm
Smoke filled the shed while the mare remained stuck behind the jammed door.,0,mare,farmed,fire_02,harm
Smoke filled the shed while the colt remained stuck behind the jammed door.,0,colt,farmed,fire_02,harm
Smoke filled the shed while the alpaca remained stuck behind the jammed door.,0,alpaca,farmed,fire_02,harm
Smoke filled the shed while the stallion remained stuck behind the jammed door.,0,stallion,farmed,fire_02,harm
"After the wildfire swept through the valley, the dog was found badly burned.",1,dog,companion,fire_03,harm
"After the wildfire swept through the valley, the cat was found badly burned.",1,cat,companion,fire_03,harm
"After the wildfire swept through the valley, the rabbit was found badly burned.",1,rabbit,companion,fire_03,harm
"After the wildfire swept through the valley, the puppy was found badly burned.",1,puppy,companion,fire_03,harm
"After the wildfire swept through the valley, the kitten was found badly burned.",1,kitten,companion,fire_03,harm
"After the wildfire swept through the valley, the hamster was found badly burned.",1,hamster,companion,fire_03,harm
"After the wildfire swept through the valley, the ferret was found badly burned.",1,ferret,companion,fire_03,harm
"After the wildfire swept through the valley, the poodle was found badly burned.",1,poodle,companion,fire_03,harm
"After the wildfire swept through the valley, the beagle was found badly burned.",1,beagle,companion,fire_03,harm
"After the wildfire swept through the valley, the terrier was found badly burned.",1,terrier,companion,fire_03,harm
"After the wildfire swept through the valley, the spaniel was found badly burned.",1,spaniel,companion,fire_03,harm
"After the wildfire swept through the valley, the labrador was found badly burned.",1,labrador,companion,fire_03,harm
"After the wildfire swept through the valley, the collie was found badly burned.",1,collie,companion,fire_03,harm
"After the wildfire swept through the valley, the pug was found badly burned.",1,pug,companion,fire_03,harm
"After the wildfire swept through the valley, the bulldog was found badly burned.",1,bulldog,companion,fire_03,harm
"After the wildfire swept through the valley, the retriever was found badly burned.",1,retriever,companion,fire_03,harm
"After the wildfire swept through the valley, the tomcat was found badly burned.",1,tomcat,companion,fire_03,harm
"After the wildfire swept through the valley, the gerbil was found badly burned.",1,gerbil,companion,fire_03,harm
"After the wildfire swept through the valley, the dalmatian was found badly burned.",1,dalmatian,companion,fire_03,harm
"After the wildfire swept through the valley, the greyhound was found badly burned.",1,greyhound,companion,fire_03,harm
"After the wildfire swept through the valley, the mastiff was found badly burned.",1,mastiff,companion,fire_03,harm
"After the wildfire swept through the valley, the corgi was found badly burned.",1,corgi,companion,fire_03,harm
"After the wildfire swept through the valley, the dachshund was found badly burned.",1,dachshund,companion,fire_03,harm
"After the wildfire swept through the valley, the chihuahua was found badly burned.",1,chihuahua,companion,fire_03,harm
"After the wildfire swept through the valley, the husky was found badly burned.",1,husky,companion,fire_03,harm
"After the wildfire swept through the valley, the rottweiler was found badly burned.",1,rottweiler,companion,fire_03,harm
"After the wildfire swept through the valley, the papillon was found badly burned.",1,papillon,companion,fire_03,harm
"After the wildfire swept through the valley, the schnauzer was found badly burned.",1,schnauzer,companion,fire_03,harm
"After the wildfire swept through the valley, the whippet was found badly burned.",1,whippet,companion,fire_03,harm
"After the wildfire swept through the valley, the pomeranian was found badly burned.",1,pomeranian,companion,fire_03,harm
"After the wildfire swept through the valley, the akita was found badly burned.",1,akita,companion,fire_03,harm
"After the wildfire swept through the valley, the samoyed was found badly burned.",1,samoyed,companion,fire_03,harm
"After the wildfire swept through the valley, the pekingese was found badly burned.",1,pekingese,companion,fire_03,harm
"After the wildfire swept through the valley, the lurcher was found badly burned.",1,lurcher,companion,fire_03,harm
"After the wildfire swept through the valley, the hound was found badly burned.",1,hound,companion,fire_03,harm
"After the wildfire swept through the valley, the mutt was found badly burned.",1,mutt,companion,fire_03,harm
"After the wildfire swept through the valley, the tabby was found badly burned.",1,tabby,companion,fire_03,harm
"After the wildfire swept through the valley, the lapdog was found badly burned.",1,lapdog,companion,fire_03,harm
"After the wildfire swept through the valley, the kitty was found badly burned.",1,kitty,companion,fire_03,harm
"After the wildfire swept through the valley, the bunny was found badly burned.",1,bunny,companion,fire_03,harm
"After the wildfire swept through the valley, the pig was found badly burned.",0,pig,farmed,fire_03,harm
"After the wildfire swept through the valley, the cow was found badly burned.",0,cow,farmed,fire_03,harm
"After the wildfire swept through the valley, the chicken was found badly burned.",0,chicken,farmed,fire_03,harm
"After the wildfire swept through the valley, the goat was found badly burned.",0,goat,farmed,fire_03,harm
"After the wildfire swept through the valley, the sheep was found badly burned.",0,sheep,farmed,fire_03,harm
"After the wildfire swept through the valley, the duck was found badly burned.",0,duck,farmed,fire_03,harm
"After the wildfire swept through the valley, the turkey was found badly burned.",0,turkey,farmed,fire_03,harm
"After the wildfire swept through the valley, the hen was found badly burned.",0,hen,farmed,fire_03,harm
"After the wildfire swept through the valley, the rooster was found badly burned.",0,rooster,farmed,fire_03,harm
"After the wildfire swept through the valley, the calf was found badly burned.",0,calf,farmed,fire_03,harm
"After the wildfire swept through the valley, the lamb was found badly burned.",0,lamb,farmed,fire_03,harm
"After the wildfire swept through the valley, the piglet was found badly burned.",0,piglet,farmed,fire_03,harm
"After the wildfire swept through the valley, the ox was found badly burned.",0,ox,farmed,fire_03,harm
"After the wildfire swept through the valley, the donkey was found badly burned.",0,donkey,farmed,fire_03,harm
"After the wildfire swept through the valley, the mule was found badly burned.",0,mule,farmed,fire_03,harm
"After the wildfire swept through the valley, the goose was found badly burned.",0,goose,farmed,fire_03,harm
"After the wildfire swept through the valley, the sow was found badly burned.",0,sow,farmed,fire_03,harm
"After the wildfire swept through the valley, the heifer was found badly burned.",0,heifer,farmed,fire_03,harm
"After the wildfire swept through the valley, the foal was found badly burned.",0,foal,farmed,fire_03,harm
"After the wildfire swept through the valley, the ram was found badly burned.",0,ram,farmed,fire_03,harm
"After the wildfire swept through the valley, the capon was found badly burned.",0,capon,farmed,fire_03,harm
"After the wildfire swept through the valley, the steer was found badly burned.",0,steer,farmed,fire_03,harm
"After the wildfire swept through the valley, the bullock was found badly burned.",0,bullock,farmed,fire_03,harm
"After the wildfire swept through the valley, the ewe was found badly burned.",0,ewe,farmed,fire_03,harm
"After the wildfire swept through the valley, the wether was found badly burned.",0,wether,farmed,fire_03,harm
"After the wildfire swept through the valley, the gander was found badly burned.",0,gander,farmed,fire_03,harm
"After the wildfire swept through the valley, the drake was found badly burned.",0,drake,farmed,fire_03,harm
"After the wildfire swept through the valley, the gosling was found badly burned.",0,gosling,farmed,fire_03,harm
"After the wildfire swept through the valley, the duckling was found badly burned.",0,duckling,farmed,fire_03,harm
"After the wildfire swept through the valley, the chick was found badly burned.",0,chick,farmed,fire_03,harm
"After the wildfire swept through the valley, the cockerel was found badly burned.",0,cockerel,farmed,fire_03,harm
"After the wildfire swept through the valley, the pullet was found badly burned.",0,pullet,farmed,fire_03,harm
"After the wildfire swept through the valley, the yearling was found badly burned.",0,yearling,farmed,fire_03,harm
"After the wildfire swept through the valley, the shoat was found badly burned.",0,shoat,farmed,fire_03,harm
"After the wildfire swept through the valley, the gilt was found badly burned.",0,gilt,farmed,fire_03,harm
"After the wildfire swept through the valley, the pony was found badly burned.",0,pony,farmed,fire_03,harm
"After the wildfire swept through the valley, the mare was found badly burned.",0,mare,farmed,fire_03,harm
"After the wildfire swept through the valley, the colt was found badly burned.",0,colt,farmed,fire_03,harm
"After the wildfire swept through the valley, the alpaca was found badly burned.",0,alpaca,farmed,fire_03,harm
"After the wildfire swept through the valley, the stallion was found badly burned.",0,stallion,farmed,fire_03,harm
Rescuers pulled the dog from the burning building just before the roof collapsed.,1,dog,companion,fire_04,harm
Rescuers pulled the cat from the burning building just before the roof collapsed.,1,cat,companion,fire_04,harm
Rescuers pulled the rabbit from the burning building just before the roof collapsed.,1,rabbit,companion,fire_04,harm
Rescuers pulled the puppy from the burning building just before the roof collapsed.,1,puppy,companion,fire_04,harm
Rescuers pulled the kitten from the burning building just before the roof collapsed.,1,kitten,companion,fire_04,harm
Rescuers pulled the hamster from the burning building just before the roof collapsed.,1,hamster,companion,fire_04,harm
Rescuers pulled the ferret from the burning building just before the roof collapsed.,1,ferret,companion,fire_04,harm
Rescuers pulled the poodle from the burning building just before the roof collapsed.,1,poodle,companion,fire_04,harm
Rescuers pulled the beagle from the burning building just before the roof collapsed.,1,beagle,companion,fire_04,harm
Rescuers pulled the terrier from the burning building just before the roof collapsed.,1,terrier,companion,fire_04,harm
Rescuers pulled the spaniel from the burning building just before the roof collapsed.,1,spaniel,companion,fire_04,harm
Rescuers pulled the labrador from the burning building just before the roof collapsed.,1,labrador,companion,fire_04,harm
Rescuers pulled the collie from the burning building just before the roof collapsed.,1,collie,companion,fire_04,harm
Rescuers pulled the pug from the burning building just before the roof collapsed.,1,pug,companion,fire_04,harm
Rescuers pulled the bulldog from the burning building just before the roof collapsed.,1,bulldog,companion,fire_04,harm
Rescuers pulled the retriever from the burning building just before the roof collapsed.,1,retriever,companion,fire_04,harm
Rescuers pulled the tomcat from the burning building just before the roof collapsed.,1,tomcat,companion,fire_04,harm
Rescuers pulled the gerbil from the burning building just before the roof collapsed.,1,gerbil,companion,fire_04,harm
Rescuers pulled the dalmatian from the burning building just before the roof collapsed.,1,dalmatian,companion,fire_04,harm
Rescuers pulled the greyhound from the burning building just before the roof collapsed.,1,greyhound,companion,fire_04,harm
Rescuers pulled the mastiff from the burning building just before the roof collapsed.,1,mastiff,companion,fire_04,harm
Rescuers pulled the corgi from the burning building just before the roof collapsed.,1,corgi,companion,fire_04,harm
Rescuers pulled the dachshund from the burning building just before the roof collapsed.,1,dachshund,companion,fire_04,harm
Rescuers pulled the chihuahua from the burning building just before the roof collapsed.,1,chihuahua,companion,fire_04,harm
Rescuers pulled the husky from the burning building just before the roof collapsed.,1,husky,companion,fire_04,harm
Rescuers pulled the rottweiler from the burning building just before the roof collapsed.,1,rottweiler,companion,fire_04,harm
Rescuers pulled the papillon from the burning building just before the roof collapsed.,1,papillon,companion,fire_04,harm
Rescuers pulled the schnauzer from the burning building just before the roof collapsed.,1,schnauzer,companion,fire_04,harm
Rescuers pulled the whippet from the burning building just before the roof collapsed.,1,whippet,companion,fire_04,harm
Rescuers pulled the pomeranian from the burning building just before the roof collapsed.,1,pomeranian,companion,fire_04,harm
Rescuers pulled the akita from the burning building just before the roof collapsed.,1,akita,companion,fire_04,harm
Rescuers pulled the samoyed from the burning building just before the roof collapsed.,1,samoyed,companion,fire_04,harm
Rescuers pulled the pekingese from the burning building just before the roof collapsed.,1,pekingese,companion,fire_04,harm
Rescuers pulled the lurcher from the burning building just before the roof collapsed.,1,lurcher,companion,fire_04,harm
Rescuers pulled the hound from the burning building just before the roof collapsed.,1,hound,companion,fire_04,harm
Rescuers pulled the mutt from the burning building just before the roof collapsed.,1,mutt,companion,fire_04,harm
Rescuers pulled the tabby from the burning building just before the roof collapsed.,1,tabby,companion,fire_04,harm
Rescuers pulled the lapdog from the burning building just before the roof collapsed.,1,lapdog,companion,fire_04,harm
Rescuers pulled the kitty from the burning building just before the roof collapsed.,1,kitty,companion,fire_04,harm
Rescuers pulled the bunny from the burning building just before the roof collapsed.,1,bunny,companion,fire_04,harm
Rescuers pulled the pig from the burning building just before the roof collapsed.,0,pig,farmed,fire_04,harm
Rescuers pulled the cow from the burning building just before the roof collapsed.,0,cow,farmed,fire_04,harm
Rescuers pulled the chicken from the burning building just before the roof collapsed.,0,chicken,farmed,fire_04,harm
Rescuers pulled the goat from the burning building just before the roof collapsed.,0,goat,farmed,fire_04,harm
Rescuers pulled the sheep from the burning building just before the roof collapsed.,0,sheep,farmed,fire_04,harm
Rescuers pulled the duck from the burning building just before the roof collapsed.,0,duck,farmed,fire_04,harm
Rescuers pulled the turkey from the burning building just before the roof collapsed.,0,turkey,farmed,fire_04,harm
Rescuers pulled the hen from the burning building just before the roof collapsed.,0,hen,farmed,fire_04,harm
Rescuers pulled the rooster from the burning building just before the roof collapsed.,0,rooster,farmed,fire_04,harm
Rescuers pulled the calf from the burning building just before the roof collapsed.,0,calf,farmed,fire_04,harm
Rescuers pulled the lamb from the burning building just before the roof collapsed.,0,lamb,farmed,fire_04,harm
Rescuers pulled the piglet from the burning building just before the roof collapsed.,0,piglet,farmed,fire_04,harm
Rescuers pulled the ox from the burning building just before the roof collapsed.,0,ox,farmed,fire_04,harm
Rescuers pulled the donkey from the burning building just before the roof collapsed.,0,donkey,farmed,fire_04,harm
Rescuers pulled the mule from the burning building just before the roof collapsed.,0,mule,farmed,fire_04,harm
Rescuers pulled the goose from the burning building just before the roof collapsed.,0,goose,farmed,fire_04,harm
Rescuers pulled the sow from the burning building just before the roof collapsed.,0,sow,farmed,fire_04,harm
Rescuers pulled the heifer from the burning building just before the roof collapsed.,0,heifer,farmed,fire_04,harm
Rescuers pulled the foal from the burning building just before the roof collapsed.,0,foal,farmed,fire_04,harm
Rescuers pulled the ram from the burning building just before the roof collapsed.,0,ram,farmed,fire_04,harm
Rescuers pulled the capon from the burning building just before the roof collapsed.,0,capon,farmed,fire_04,harm
Rescuers pulled the steer from the burning building just before the roof collapsed.,0,steer,farmed,fire_04,harm
Rescuers pulled the bullock from the burning building just before the roof collapsed.,0,bullock,farmed,fire_04,harm
Rescuers pulled the ewe from the burning building just before the roof collapsed.,0,ewe,farmed,fire_04,harm
Rescuers pulled the wether from the burning building just before the roof collapsed.,0,wether,farmed,fire_04,harm
Rescuers pulled the gander from the burning building just before the roof collapsed.,0,gander,farmed,fire_04,harm
Rescuers pulled the drake from the burning building just before the roof collapsed.,0,drake,farmed,fire_04,harm
Rescuers pulled the gosling from the burning building just before the roof collapsed.,0,gosling,farmed,fire_04,harm
Rescuers pulled the duckling from the burning building just before the roof collapsed.,0,duckling,farmed,fire_04,harm
Rescuers pulled the chick from the burning building just before the roof collapsed.,0,chick,farmed,fire_04,harm
Rescuers pulled the cockerel from the burning building just before the roof collapsed.,0,cockerel,farmed,fire_04,harm
Rescuers pulled the pullet from the burning building just before the roof collapsed.,0,pullet,farmed,fire_04,harm
Rescuers pulled the yearling from the burning building just before the roof collapsed.,0,yearling,farmed,fire_04,harm
Rescuers pulled the shoat from the burning building just before the roof collapsed.,0,shoat,farmed,fire_04,harm
Rescuers pulled the gilt from the burning building just before the roof collapsed.,0,gilt,farmed,fire_04,harm
Rescuers pulled the pony from the burning building just before the roof collapsed.,0,pony,farmed,fire_04,harm
Rescuers pulled the mare from the burning building just before the roof collapsed.,0,mare,farmed,fire_04,harm
Rescuers pulled the colt from the burning building just before the roof collapsed.,0,colt,farmed,fire_04,harm
Rescuers pulled the alpaca from the burning building just before the roof collapsed.,0,alpaca,farmed,fire_04,harm
Rescuers pulled the stallion from the burning building just before the roof collapsed.,0,stallion,farmed,fire_04,harm
The flames spread so quickly that the dog suffered severe burns before escaping.,1,dog,companion,fire_05,harm
The flames spread so quickly that the cat suffered severe burns before escaping.,1,cat,companion,fire_05,harm
The flames spread so quickly that the rabbit suffered severe burns before escaping.,1,rabbit,companion,fire_05,harm
The flames spread so quickly that the puppy suffered severe burns before escaping.,1,puppy,companion,fire_05,harm
The flames spread so quickly that the kitten suffered severe burns before escaping.,1,kitten,companion,fire_05,harm
The flames spread so quickly that the hamster suffered severe burns before escaping.,1,hamster,companion,fire_05,harm
The flames spread so quickly that the ferret suffered severe burns before escaping.,1,ferret,companion,fire_05,harm
The flames spread so quickly that the poodle suffered severe burns before escaping.,1,poodle,companion,fire_05,harm
The flames spread so quickly that the beagle suffered severe burns before escaping.,1,beagle,companion,fire_05,harm
The flames spread so quickly that the terrier suffered severe burns before escaping.,1,terrier,companion,fire_05,harm
The flames spread so quickly that the spaniel suffered severe burns before escaping.,1,spaniel,companion,fire_05,harm
The flames spread so quickly that the labrador suffered severe burns before escaping.,1,labrador,companion,fire_05,harm
The flames spread so quickly that the collie suffered severe burns before escaping.,1,collie,companion,fire_05,harm
The flames spread so quickly that the pug suffered severe burns before escaping.,1,pug,companion,fire_05,harm
The flames spread so quickly that the bulldog suffered severe burns before escaping.,1,bulldog,companion,fire_05,harm
The flames spread so quickly that the retriever suffered severe burns before escaping.,1,retriever,companion,fire_05,harm
The flames spread so quickly that the tomcat suffered severe burns before escaping.,1,tomcat,companion,fire_05,harm
The flames spread so quickly that the gerbil suffered severe burns before escaping.,1,gerbil,companion,fire_05,harm
The flames spread so quickly that the dalmatian suffered severe burns before escaping.,1,dalmatian,companion,fire_05,harm
The flames spread so quickly that the greyhound suffered severe burns before escaping.,1,greyhound,companion,fire_05,harm
The flames spread so quickly that the mastiff suffered severe burns before escaping.,1,mastiff,companion,fire_05,harm
The flames spread so quickly that the corgi suffered severe burns before escaping.,1,corgi,companion,fire_05,harm
The flames spread so quickly that the dachshund suffered severe burns before escaping.,1,dachshund,companion,fire_05,harm
The flames spread so quickly that the chihuahua suffered severe burns before escaping.,1,chihuahua,companion,fire_05,harm
The flames spread so quickly that the husky suffered severe burns before escaping.,1,husky,companion,fire_05,harm
The flames spread so quickly that the rottweiler suffered severe burns before escaping.,1,rottweiler,companion,fire_05,harm
The flames spread so quickly that the papillon suffered severe burns before escaping.,1,papillon,companion,fire_05,harm
The flames spread so quickly that the schnauzer suffered severe burns before escaping.,1,schnauzer,companion,fire_05,harm
The flames spread so quickly that the whippet suffered severe burns before escaping.,1,whippet,companion,fire_05,harm
The flames spread so quickly that the pomeranian suffered severe burns before escaping.,1,pomeranian,companion,fire_05,harm
The flames spread so quickly that the akita suffered severe burns before escaping.,1,akita,companion,fire_05,harm
The flames spread so quickly that the samoyed suffered severe burns before escaping.,1,samoyed,companion,fire_05,harm
The flames spread so quickly that the pekingese suffered severe burns before escaping.,1,pekingese,companion,fire_05,harm
The flames spread so quickly that the lurcher suffered severe burns before escaping.,1,lurcher,companion,fire_05,harm
The flames spread so quickly that the hound suffered severe burns before escaping.,1,hound,companion,fire_05,harm
The flames spread so quickly that the mutt suffered severe burns before escaping.,1,mutt,companion,fire_05,harm
The flames spread so quickly that the tabby suffered severe burns before escaping.,1,tabby,companion,fire_05,harm
The flames spread so quickly that the lapdog suffered severe burns before escaping.,1,lapdog,companion,fire_05,harm
The flames spread so quickly that the kitty suffered severe burns before escaping.,1,kitty,companion,fire_05,harm
The flames spread so quickly that the bunny suffered severe burns before escaping.,1,bunny,companion,fire_05,harm
The flames spread so quickly that the pig suffered severe burns before escaping.,0,pig,farmed,fire_05,harm
The flames spread so quickly that the cow suffered severe burns before escaping.,0,cow,farmed,fire_05,harm
The flames spread so quickly that the chicken suffered severe burns before escaping.,0,chicken,farmed,fire_05,harm
The flames spread so quickly that the goat suffered severe burns before escaping.,0,goat,farmed,fire_05,harm
The flames spread so quickly that the sheep suffered severe burns before escaping.,0,sheep,farmed,fire_05,harm
The flames spread so quickly that the duck suffered severe burns before escaping.,0,duck,farmed,fire_05,harm
The flames spread so quickly that the turkey suffered severe burns before escaping.,0,turkey,farmed,fire_05,harm
The flames spread so quickly that the hen suffered severe burns before escaping.,0,hen,farmed,fire_05,harm
The flames spread so quickly that the rooster suffered severe burns before escaping.,0,rooster,farmed,fire_05,harm
The flames spread so quickly that the calf suffered severe burns before escaping.,0,calf,farmed,fire_05,harm
The flames spread so quickly that the lamb suffered severe burns before escaping.,0,lamb,farmed,fire_05,harm
The flames spread so quickly that the piglet suffered severe burns before escaping.,0,piglet,farmed,fire_05,harm
The flames spread so quickly that the ox suffered severe burns before escaping.,0,ox,farmed,fire_05,harm
The flames spread so quickly that the donkey suffered severe burns before escaping.,0,donkey,farmed,fire_05,harm
The flames spread so quickly that the mule suffered severe burns before escaping.,0,mule,farmed,fire_05,harm
The flames spread so quickly that the goose suffered severe burns before escaping.,0,goose,farmed,fire_05,harm
The flames spread so quickly that the sow suffered severe burns before escaping.,0,sow,farmed,fire_05,harm
The flames spread so quickly that the heifer suffered severe burns before escaping.,0,heifer,farmed,fire_05,harm
The flames spread so quickly that the foal suffered severe burns before escaping.,0,foal,farmed,fire_05,harm
The flames spread so quickly that the ram suffered severe burns before escaping.,0,ram,farmed,fire_05,harm
The flames spread so quickly that the capon suffered severe burns before escaping.,0,capon,farmed,fire_05,harm
The flames spread so quickly that the steer suffered severe burns before escaping.,0,steer,farmed,fire_05,harm
The flames spread so quickly that the bullock suffered severe burns before escaping.,0,bullock,farmed,fire_05,harm
The flames spread so quickly that the ewe suffered severe burns before escaping.,0,ewe,farmed,fire_05,harm
The flames spread so quickly that the wether suffered severe burns before escaping.,0,wether,farmed,fire_05,harm
The flames spread so quickly that the gander suffered severe burns before escaping.,0,gander,farmed,fire_05,harm
The flames spread so quickly that the drake suffered severe burns before escaping.,0,drake,farmed,fire_05,harm
The flames spread so quickly that the gosling suffered severe burns before escaping.,0,gosling,farmed,fire_05,harm
The flames spread so quickly that the duckling suffered severe burns before escaping.,0,duckling,farmed,fire_05,harm
The flames spread so quickly that the chick suffered severe burns before escaping.,0,chick,farmed,fire_05,harm
The flames spread so quickly that the cockerel suffered severe burns before escaping.,0,cockerel,farmed,fire_05,harm
The flames spread so quickly that the pullet suffered severe burns before escaping.,0,pullet,farmed,fire_05,harm
The flames spread so quickly that the yearling suffered severe burns before escaping.,0,yearling,farmed,fire_05,harm
The flames spread so quickly that the shoat suffered severe burns before escaping.,0,shoat,farmed,fire_05,harm
The flames spread so quickly that the gilt suffered severe burns before escaping.,0,gilt,farmed,fire_05,harm
The flames spread so quickly that the pony suffered severe burns before escaping.,0,pony,farmed,fire_05,harm
The flames spread so quickly that the mare suffered severe burns before escaping.,0,mare,farmed,fire_05,harm
The flames spread so quickly that the colt suffered severe burns before escaping.,0,colt,farmed,fire_05,harm
The flames spread so quickly that the alpaca suffered severe burns before escaping.,0,alpaca,farmed,fire_05,harm
The flames spread so quickly that the stallion suffered severe burns before escaping.,0,stallion,farmed,fire_05,harm
"Firefighters found the dog collapsed near the doorway, barely breathing from the smoke.",1,dog,companion,fire_06,harm
"Firefighters found the cat collapsed near the doorway, barely breathing from the smoke.",1,cat,companion,fire_06,harm
"Firefighters found the rabbit collapsed near the doorway, barely breathing from the smoke.",1,rabbit,companion,fire_06,harm
"Firefighters found the puppy collapsed near the doorway, barely breathing from the smoke.",1,puppy,companion,fire_06,harm
"Firefighters found the kitten collapsed near the doorway, barely breathing from the smoke.",1,kitten,companion,fire_06,harm
"Firefighters found the hamster collapsed near the doorway, barely breathing from the smoke.",1,hamster,companion,fire_06,harm
"Firefighters found the ferret collapsed near the doorway, barely breathing from the smoke.",1,ferret,companion,fire_06,harm
"Firefighters found the poodle collapsed near the doorway, barely breathing from the smoke.",1,poodle,companion,fire_06,harm
"Firefighters found the beagle collapsed near the doorway, barely breathing from the smoke.",1,beagle,companion,fire_06,harm
"Firefighters found the terrier collapsed near the doorway, barely breathing from the smoke.",1,terrier,companion,fire_06,harm
"Firefighters found the spaniel collapsed near the doorway, barely breathing from the smoke.",1,spaniel,companion,fire_06,harm
"Firefighters found the labrador collapsed near the doorway, barely breathing from the smoke.",1,labrador,companion,fire_06,harm
"Firefighters found the collie collapsed near the doorway, barely breathing from the smoke.",1,collie,companion,fire_06,harm
"Firefighters found the pug collapsed near the doorway, barely breathing from the smoke.",1,pug,companion,fire_06,harm
"Firefighters found the bulldog collapsed near the doorway, barely breathing from the smoke.",1,bulldog,companion,fire_06,harm
"Firefighters found the retriever collapsed near the doorway, barely breathing from the smoke.",1,retriever,companion,fire_06,harm
"Firefighters found the tomcat collapsed near the doorway, barely breathing from the smoke.",1,tomcat,companion,fire_06,harm
"Firefighters found the gerbil collapsed near the doorway, barely breathing from the smoke.",1,gerbil,companion,fire_06,harm
"Firefighters found the dalmatian collapsed near the doorway, barely breathing from the smoke.",1,dalmatian,companion,fire_06,harm
"Firefighters found the greyhound collapsed near the doorway, barely breathing from the smoke.",1,greyhound,companion,fire_06,harm
"Firefighters found the mastiff collapsed near the doorway, barely breathing from the smoke.",1,mastiff,companion,fire_06,harm
"Firefighters found the corgi collapsed near the doorway, barely breathing from the smoke.",1,corgi,companion,fire_06,harm
"Firefighters found the dachshund collapsed near the doorway, barely breathing from the smoke.",1,dachshund,companion,fire_06,harm
"Firefighters found the chihuahua collapsed near the doorway, barely breathing from the smoke.",1,chihuahua,companion,fire_06,harm
"Firefighters found the husky collapsed near the doorway, barely breathing from the smoke.",1,husky,companion,fire_06,harm
"Firefighters found the rottweiler collapsed near the doorway, barely breathing from the smoke.",1,rottweiler,companion,fire_06,harm
"Firefighters found the papillon collapsed near the doorway, barely breathing from the smoke.",1,papillon,companion,fire_06,harm
"Firefighters found the schnauzer collapsed near the doorway, barely breathing from the smoke.",1,schnauzer,companion,fire_06,harm
"Firefighters found the whippet collapsed near the doorway, barely breathing from the smoke.",1,whippet,companion,fire_06,harm
"Firefighters found the pomeranian collapsed near the doorway, barely breathing from the smoke.",1,pomeranian,companion,fire_06,harm
"Firefighters found the akita collapsed near the doorway, barely breathing from the smoke.",1,akita,companion,fire_06,harm
"Firefighters found the samoyed collapsed near the doorway, barely breathing from the smoke.",1,samoyed,companion,fire_06,harm
"Firefighters found the pekingese collapsed near the doorway, barely breathing from the smoke.",1,pekingese,companion,fire_06,harm
"Firefighters found the lurcher collapsed near the doorway, barely breathing from the smoke.",1,lurcher,companion,fire_06,harm
"Firefighters found the hound collapsed near the doorway, barely breathing from the smoke.",1,hound,companion,fire_06,harm
"Firefighters found the mutt collapsed near the doorway, barely breathing from the smoke.",1,mutt,companion,fire_06,harm
"Firefighters found the tabby collapsed near the doorway, barely breathing from the smoke.",1,tabby,companion,fire_06,harm
"Firefighters found the lapdog collapsed near the doorway, barely breathing from the smoke.",1,lapdog,companion,fire_06,harm
"Firefighters found the kitty collapsed near the doorway, barely breathing from the smoke.",1,kitty,companion,fire_06,harm
"Firefighters found the bunny collapsed near the doorway, barely breathing from the smoke.",1,bunny,companion,fire_06,harm
"Firefighters found the pig collapsed near the doorway, barely breathing from the smoke.",0,pig,farmed,fire_06,harm
"Firefighters found the cow collapsed near the doorway, barely breathing from the smoke.",0,cow,farmed,fire_06,harm
"Firefighters found the chicken collapsed near the doorway, barely breathing from the smoke.",0,chicken,farmed,fire_06,harm
"Firefighters found the goat collapsed near the doorway, barely breathing from the smoke.",0,goat,farmed,fire_06,harm
"Firefighters found the sheep collapsed near the doorway, barely breathing from the smoke.",0,sheep,farmed,fire_06,harm
"Firefighters found the duck collapsed near the doorway, barely breathing from the smoke.",0,duck,farmed,fire_06,harm
"Firefighters found the turkey collapsed near the doorway, barely breathing from the smoke.",0,turkey,farmed,fire_06,harm
"Firefighters found the hen collapsed near the doorway, barely breathing from the smoke.",0,hen,farmed,fire_06,harm
"Firefighters found the rooster collapsed near the doorway, barely breathing from the smoke.",0,rooster,farmed,fire_06,harm
"Firefighters found the calf collapsed near the doorway, barely breathing from the smoke.",0,calf,farmed,fire_06,harm
"Firefighters found the lamb collapsed near the doorway, barely breathing from the smoke.",0,lamb,farmed,fire_06,harm
"Firefighters found the piglet collapsed near the doorway, barely breathing from the smoke.",0,piglet,farmed,fire_06,harm
"Firefighters found the ox collapsed near the doorway, barely breathing from the smoke.",0,ox,farmed,fire_06,harm
"Firefighters found the donkey collapsed near the doorway, barely breathing from the smoke.",0,donkey,farmed,fire_06,harm
"Firefighters found the mule collapsed near the doorway, barely breathing from the smoke.",0,mule,farmed,fire_06,harm
"Firefighters found the goose collapsed near the doorway, barely breathing from the smoke.",0,goose,farmed,fire_06,harm
"Firefighters found the sow collapsed near the doorway, barely breathing from the smoke.",0,sow,farmed,fire_06,harm
"Firefighters found the heifer collapsed near the doorway, barely breathing from the smoke.",0,heifer,farmed,fire_06,harm
"Firefighters found the foal collapsed near the doorway, barely breathing from the smoke.",0,foal,farmed,fire_06,harm
"Firefighters found the ram collapsed near the doorway, barely breathing from the smoke.",0,ram,farmed,fire_06,harm
"Firefighters found the capon collapsed near the doorway, barely breathing from the smoke.",0,capon,farmed,fire_06,harm
"Firefighters found the steer collapsed near the doorway, barely breathing from the smoke.",0,steer,farmed,fire_06,harm
"Firefighters found the bullock collapsed near the doorway, barely breathing from the smoke.",0,bullock,farmed,fire_06,harm
"Firefighters found the ewe collapsed near the doorway, barely breathing from the smoke.",0,ewe,farmed,fire_06,harm
"Firefighters found the wether collapsed near the doorway, barely breathing from the smoke.",0,wether,farmed,fire_06,harm
"Firefighters found the gander collapsed near the doorway, barely breathing from the smoke.",0,gander,farmed,fire_06,harm
"Firefighters found the drake collapsed near the doorway, barely breathing from the smoke.",0,drake,farmed,fire_06,harm
"Firefighters found the gosling collapsed near the doorway, barely breathing from the smoke.",0,gosling,farmed,fire_06,harm
"Firefighters found the duckling collapsed near the doorway, barely breathing from the smoke.",0,duckling,farmed,fire_06,harm
"Firefighters found the chick collapsed near the doorway, barely breathing from the smoke.",0,chick,farmed,fire_06,harm
"Firefighters found the cockerel collapsed near the doorway, barely breathing from the smoke.",0,cockerel,farmed,fire_06,harm
"Firefighters found the pullet collapsed near the doorway, barely breathing from the smoke.",0,pullet,farmed,fire_06,harm
"Firefighters found the yearling collapsed near the doorway, barely breathing from the smoke.",0,yearling,farmed,fire_06,harm
"Firefighters found the shoat collapsed near the doorway, barely breathing from the smoke.",0,shoat,farmed,fire_06,harm
"Firefighters found the gilt collapsed near the doorway, barely breathing from the smoke.",0,gilt,farmed,fire_06,harm
"Firefighters found the pony collapsed near the doorway, barely breathing from the smoke.",0,pony,farmed,fire_06,harm
"Firefighters found the mare collapsed near the doorway, barely breathing from the smoke.",0,mare,farmed,fire_06,harm
"Firefighters found the colt collapsed near the doorway, barely breathing from the smoke.",0,colt,farmed,fire_06,harm
"Firefighters found the alpaca collapsed near the doorway, barely breathing from the smoke.",0,alpaca,farmed,fire_06,harm
"Firefighters found the stallion collapsed near the doorway, barely breathing from the smoke.",0,stallion,farmed,fire_06,harm
A speeding truck struck the dog on the dark highway.,1,dog,companion,road_01,harm
A speeding truck struck the cat on the dark highway.,1,cat,companion,road_01,harm
A speeding truck struck the rabbit on the dark highway.,1,rabbit,companion,road_01,harm
A speeding truck struck the puppy on the dark highway.,1,puppy,companion,road_01,harm
A speeding truck struck the kitten on the dark highway.,1,kitten,companion,road_01,harm
A speeding truck struck the hamster on the dark highway.,1,hamster,companion,road_01,harm
A speeding truck struck the ferret on the dark highway.,1,ferret,companion,road_01,harm
A speeding truck struck the poodle on the dark highway.,1,poodle,companion,road_01,harm
A speeding truck struck the beagle on the dark highway.,1,beagle,companion,road_01,harm
A speeding truck struck the terrier on the dark highway.,1,terrier,companion,road_01,harm
A speeding truck struck the spaniel on the dark highway.,1,spaniel,companion,road_01,harm
A speeding truck struck the labrador on the dark highway.,1,labrador,companion,road_01,harm
A speeding truck struck the collie on the dark highway.,1,collie,companion,road_01,harm
A speeding truck struck the pug on the dark highway.,1,pug,companion,road_01,harm
A speeding truck struck the bulldog on the dark highway.,1,bulldog,companion,road_01,harm
A speeding truck struck the retriever on the dark highway.,1,retriever,companion,road_01,harm
A speeding truck struck the tomcat on the dark highway.,1,tomcat,companion,road_01,harm
A speeding truck struck the gerbil on the dark highway.,1,gerbil,companion,road_01,harm
A speeding truck struck the dalmatian on the dark highway.,1,dalmatian,companion,road_01,harm
A speeding truck struck the greyhound on the dark highway.,1,greyhound,companion,road_01,harm
A speeding truck struck the mastiff on the dark highway.,1,mastiff,companion,road_01,harm
A speeding truck struck the corgi on the dark highway.,1,corgi,companion,road_01,harm
A speeding truck struck the dachshund on the dark highway.,1,dachshund,companion,road_01,harm
A speeding truck struck the chihuahua on the dark highway.,1,chihuahua,companion,road_01,harm
A speeding truck struck the husky on the dark highway.,1,husky,companion,road_01,harm
A speeding truck struck the rottweiler on the dark highway.,1,rottweiler,companion,road_01,harm
A speeding truck struck the papillon on the dark highway.,1,papillon,companion,road_01,harm
A speeding truck struck the schnauzer on the dark highway.,1,schnauzer,companion,road_01,harm
A speeding truck struck the whippet on the dark highway.,1,whippet,companion,road_01,harm
A speeding truck struck the pomeranian on the dark highway.,1,pomeranian,companion,road_01,harm
A speeding truck struck the akita on the dark highway.,1,akita,companion,road_01,harm
A speeding truck struck the samoyed on the dark highway.,1,samoyed,companion,road_01,harm
A speeding truck struck the pekingese on the dark highway.,1,pekingese,companion,road_01,harm
A speeding truck struck the lurcher on the dark highway.,1,lurcher,companion,road_01,harm
A speeding truck struck the hound on the dark highway.,1,hound,companion,road_01,harm
A speeding truck struck the mutt on the dark highway.,1,mutt,companion,road_01,harm
A speeding truck struck the tabby on the dark highway.,1,tabby,companion,road_01,harm
A speeding truck struck the lapdog on the dark highway.,1,lapdog,companion,road_01,harm
A speeding truck struck the kitty on the dark highway.,1,kitty,companion,road_01,harm
A speeding truck struck the bunny on the dark highway.,1,bunny,companion,road_01,harm
A speeding truck struck the pig on the dark highway.,0,pig,farmed,road_01,harm
A speeding truck struck the cow on the dark highway.,0,cow,farmed,road_01,harm
A speeding truck struck the chicken on the dark highway.,0,chicken,farmed,road_01,harm
A speeding truck struck the goat on the dark highway.,0,goat,farmed,road_01,harm
A speeding truck struck the sheep on the dark highway.,0,sheep,farmed,road_01,harm
A speeding truck struck the duck on the dark highway.,0,duck,farmed,road_01,harm
A speeding truck struck the turkey on the dark highway.,0,turkey,farmed,road_01,harm
A speeding truck struck the hen on the dark highway.,0,hen,farmed,road_01,harm
A speeding truck struck the rooster on the dark highway.,0,rooster,farmed,road_01,harm
A speeding truck struck the calf on the dark highway.,0,calf,farmed,road_01,harm
A speeding truck struck the lamb on the dark highway.,0,lamb,farmed,road_01,harm
A speeding truck struck the piglet on the dark highway.,0,piglet,farmed,road_01,harm
A speeding truck struck the ox on the dark highway.,0,ox,farmed,road_01,harm
A speeding truck struck the donkey on the dark highway.,0,donkey,farmed,road_01,harm
A speeding truck struck the mule on the dark highway.,0,mule,farmed,road_01,harm
A speeding truck struck the goose on the dark highway.,0,goose,farmed,road_01,harm
A speeding truck struck the sow on the dark highway.,0,sow,farmed,road_01,harm
A speeding truck struck the heifer on the dark highway.,0,heifer,farmed,road_01,harm
A speeding truck struck the foal on the dark highway.,0,foal,farmed,road_01,harm
A speeding truck struck the ram on the dark highway.,0,ram,farmed,road_01,harm
A speeding truck struck the capon on the dark highway.,0,capon,farmed,road_01,harm
A speeding truck struck the steer on the dark highway.,0,steer,farmed,road_01,harm
A speeding truck struck the bullock on the dark highway.,0,bullock,farmed,road_01,harm
A speeding truck struck the ewe on the dark highway.,0,ewe,farmed,road_01,harm
A speeding truck struck the wether on the dark highway.,0,wether,farmed,road_01,harm
A speeding truck struck the gander on the dark highway.,0,gander,farmed,road_01,harm
A speeding truck struck the drake on the dark highway.,0,drake,farmed,road_01,harm
A speeding truck struck the gosling on the dark highway.,0,gosling,farmed,road_01,harm
A speeding truck struck the duckling on the dark highway.,0,duckling,farmed,road_01,harm
A speeding truck struck the chick on the dark highway.,0,chick,farmed,road_01,harm
A speeding truck struck the cockerel on the dark highway.,0,cockerel,farmed,road_01,harm
A speeding truck struck the pullet on the dark highway.,0,pullet,farmed,road_01,harm
A speeding truck struck the yearling on the dark highway.,0,yearling,farmed,road_01,harm
A speeding truck struck the shoat on the dark highway.,0,shoat,farmed,road_01,harm
A speeding truck struck the gilt on the dark highway.,0,gilt,farmed,road_01,harm
A speeding truck struck the pony on the dark highway.,0,pony,farmed,road_01,harm
A speeding truck struck the mare on the dark highway.,0,mare,farmed,road_01,harm
A speeding truck struck the colt on the dark highway.,0,colt,farmed,road_01,harm
A speeding truck struck the alpaca on the dark highway.,0,alpaca,farmed,road_01,harm
A speeding truck struck the stallion on the dark highway.,0,stallion,farmed,road_01,harm
"After the collision, the dog lay motionless by the side of the road.",1,dog,companion,road_02,harm
"After the collision, the cat lay motionless by the side of the road.",1,cat,companion,road_02,harm
"After the collision, the rabbit lay motionless by the side of the road.",1,rabbit,companion,road_02,harm
"After the collision, the puppy lay motionless by the side of the road.",1,puppy,companion,road_02,harm
"After the collision, the kitten lay motionless by the side of the road.",1,kitten,companion,road_02,harm
"After the collision, the hamster lay motionless by the side of the road.",1,hamster,companion,road_02,harm
"After the collision, the ferret lay motionless by the side of the road.",1,ferret,companion,road_02,harm
"After the collision, the poodle lay motionless by the side of the road.",1,poodle,companion,road_02,harm
"After the collision, the beagle lay motionless by the side of the road.",1,beagle,companion,road_02,harm
"After the collision, the terrier lay motionless by the side of the road.",1,terrier,companion,road_02,harm
"After the collision, the spaniel lay motionless by the side of the road.",1,spaniel,companion,road_02,harm
"After the collision, the labrador lay motionless by the side of the road.",1,labrador,companion,road_02,harm
"After the collision, the collie lay motionless by the side of the road.",1,collie,companion,road_02,harm
"After the collision, the pug lay motionless by the side of the road.",1,pug,companion,road_02,harm
"After the collision, the bulldog lay motionless by the side of the road.",1,bulldog,companion,road_02,harm
"After the collision, the retriever lay motionless by the side of the road.",1,retriever,companion,road_02,harm
"After the collision, the tomcat lay motionless by the side of the road.",1,tomcat,companion,road_02,harm
"After the collision, the gerbil lay motionless by the side of the road.",1,gerbil,companion,road_02,harm
"After the collision, the dalmatian lay motionless by the side of the road.",1,dalmatian,companion,road_02,harm
"After the collision, the greyhound lay motionless by the side of the road.",1,greyhound,companion,road_02,harm
"After the collision, the mastiff lay motionless by the side of the road.",1,mastiff,companion,road_02,harm
"After the collision, the corgi lay motionless by the side of the road.",1,corgi,companion,road_02,harm
"After the collision, the dachshund lay motionless by the side of the road.",1,dachshund,companion,road_02,harm
"After the collision, the chihuahua lay motionless by the side of the road.",1,chihuahua,companion,road_02,harm
"After the collision, the husky lay motionless by the side of the road.",1,husky,companion,road_02,harm
"After the collision, the rottweiler lay motionless by the side of the road.",1,rottweiler,companion,road_02,harm
"After the collision, the papillon lay motionless by the side of the road.",1,papillon,companion,road_02,harm
"After the collision, the schnauzer lay motionless by the side of the road.",1,schnauzer,companion,road_02,harm
"After the collision, the whippet lay motionless by the side of the road.",1,whippet,companion,road_02,harm
"After the collision, the pomeranian lay motionless by the side of the road.",1,pomeranian,companion,road_02,harm
"After the collision, the akita lay motionless by the side of the road.",1,akita,companion,road_02,harm
"After the collision, the samoyed lay motionless by the side of the road.",1,samoyed,companion,road_02,harm
"After the collision, the pekingese lay motionless by the side of the road.",1,pekingese,companion,road_02,harm
"After the collision, the lurcher lay motionless by the side of the road.",1,lurcher,companion,road_02,harm
"After the collision, the hound lay motionless by the side of the road.",1,hound,companion,road_02,harm
"After the collision, the mutt lay motionless by the side of the road.",1,mutt,companion,road_02,harm
"After the collision, the tabby lay motionless by the side of the road.",1,tabby,companion,road_02,harm
"After the collision, the lapdog lay motionless by the side of the road.",1,lapdog,companion,road_02,harm
"After the collision, the kitty lay motionless by the side of the road.",1,kitty,companion,road_02,harm
"After the collision, the bunny lay motionless by the side of the road.",1,bunny,companion,road_02,harm
"After the collision, the pig lay motionless by the side of the road.",0,pig,farmed,road_02,harm
"After the collision, the cow lay motionless by the side of the road.",0,cow,farmed,road_02,harm
"After the collision, the chicken lay motionless by the side of the road.",0,chicken,farmed,road_02,harm
"After the collision, the goat lay motionless by the side of the road.",0,goat,farmed,road_02,harm
"After the collision, the sheep lay motionless by the side of the road.",0,sheep,farmed,road_02,harm
"After the collision, the duck lay motionless by the side of the road.",0,duck,farmed,road_02,harm
"After the collision, the turkey lay motionless by the side of the road.",0,turkey,farmed,road_02,harm
"After the collision, the hen lay motionless by the side of the road.",0,hen,farmed,road_02,harm
"After the collision, the rooster lay motionless by the side of the road.",0,rooster,farmed,road_02,harm
"After the collision, the calf lay motionless by the side of the road.",0,calf,farmed,road_02,harm
"After the collision, the lamb lay motionless by the side of the road.",0,lamb,farmed,road_02,harm
"After the collision, the piglet lay motionless by the side of the road.",0,piglet,farmed,road_02,harm
"After the collision, the ox lay motionless by the side of the road.",0,ox,farmed,road_02,harm
"After the collision, the donkey lay motionless by the side of the road.",0,donkey,farmed,road_02,harm
"After the collision, the mule lay motionless by the side of the road.",0,mule,farmed,road_02,harm
"After the collision, the goose lay motionless by the side of the road.",0,goose,farmed,road_02,harm
"After the collision, the sow lay motionless by the side of the road.",0,sow,farmed,road_02,harm
"After the collision, the heifer lay motionless by the side of the road.",0,heifer,farmed,road_02,harm
"After the collision, the foal lay motionless by the side of the road.",0,foal,farmed,road_02,harm
"After the collision, the ram lay motionless by the side of the road.",0,ram,farmed,road_02,harm
"After the collision, the capon lay motionless by the side of the road.",0,capon,farmed,road_02,harm
"After the collision, the steer lay motionless by the side of the road.",0,steer,farmed,road_02,harm
"After the collision, the bullock lay motionless by the side of the road.",0,bullock,farmed,road_02,harm
"After the collision, the ewe lay motionless by the side of the road.",0,ewe,farmed,road_02,harm
"After the collision, the wether lay motionless by the side of the road.",0,wether,farmed,road_02,harm
"After the collision, the gander lay motionless by the side of the road.",0,gander,farmed,road_02,harm
"After the collision, the drake lay motionless by the side of the road.",0,drake,farmed,road_02,harm
"After the collision, the gosling lay motionless by the side of the road.",0,gosling,farmed,road_02,harm
"After the collision, the duckling lay motionless by the side of the road.",0,duckling,farmed,road_02,harm
"After the collision, the chick lay motionless by the side of the road.",0,chick,farmed,road_02,harm
"After the collision, the cockerel lay motionless by the side of the road.",0,cockerel,farmed,road_02,harm
"After the collision, the pullet lay motionless by the side of the road.",0,pullet,farmed,road_02,harm
"After the collision, the yearling lay motionless by the side of the road.",0,yearling,farmed,road_02,harm
"After the collision, the shoat lay motionless by the side of the road.",0,shoat,farmed,road_02,harm
"After the collision, the gilt lay motionless by the side of the road.",0,gilt,farmed,road_02,harm
"After the collision, the pony lay motionless by the side of the road.",0,pony,farmed,road_02,harm
"After the collision, the mare lay motionless by the side of the road.",0,mare,farmed,road_02,harm
"After the collision, the colt lay motionless by the side of the road.",0,colt,farmed,road_02,harm
"After the collision, the alpaca lay motionless by the side of the road.",0,alpaca,farmed,road_02,harm
"After the collision, the stallion lay motionless by the side of the road.",0,stallion,farmed,road_02,harm
"The driver swerved too late, and the dog was left injured on the asphalt.",1,dog,companion,road_03,harm
"The driver swerved too late, and the cat was left injured on the asphalt.",1,cat,companion,road_03,harm
"The driver swerved too late, and the rabbit was left injured on the asphalt.",1,rabbit,companion,road_03,harm
"The driver swerved too late, and the puppy was left injured on the asphalt.",1,puppy,companion,road_03,harm
"The driver swerved too late, and the kitten was left injured on the asphalt.",1,kitten,companion,road_03,harm
"The driver swerved too late, and the hamster was left injured on the asphalt.",1,hamster,companion,road_03,harm
"The driver swerved too late, and the ferret was left injured on the asphalt.",1,ferret,companion,road_03,harm
"The driver swerved too late, and the poodle was left injured on the asphalt.",1,poodle,companion,road_03,harm
"The driver swerved too late, and the beagle was left injured on the asphalt.",1,beagle,companion,road_03,harm
"The driver swerved too late, and the terrier was left injured on the asphalt.",1,terrier,companion,road_03,harm
"The driver swerved too late, and the spaniel was left injured on the asphalt.",1,spaniel,companion,road_03,harm
"The driver swerved too late, and the labrador was left injured on the asphalt.",1,labrador,companion,road_03,harm
"The driver swerved too late, and the collie was left injured on the asphalt.",1,collie,companion,road_03,harm
"The driver swerved too late, and the pug was left injured on the asphalt.",1,pug,companion,road_03,harm
"The driver swerved too late, and the bulldog was left injured on the asphalt.",1,bulldog,companion,road_03,harm
"The driver swerved too late, and the retriever was left injured on the asphalt.",1,retriever,companion,road_03,harm
"The driver swerved too late, and the tomcat was left injured on the asphalt.",1,tomcat,companion,road_03,harm
"The driver swerved too late, and the gerbil was left injured on the asphalt.",1,gerbil,companion,road_03,harm
"The driver swerved too late, and the dalmatian was left injured on the asphalt.",1,dalmatian,companion,road_03,harm
"The driver swerved too late, and the greyhound was left injured on the asphalt.",1,greyhound,companion,road_03,harm
"The driver swerved too late, and the mastiff was left injured on the asphalt.",1,mastiff,companion,road_03,harm
"The driver swerved too late, and the corgi was left injured on the asphalt.",1,corgi,companion,road_03,harm
"The driver swerved too late, and the dachshund was left injured on the asphalt.",1,dachshund,companion,road_03,harm
"The driver swerved too late, and the chihuahua was left injured on the asphalt.",1,chihuahua,companion,road_03,harm
"The driver swerved too late, and the husky was left injured on the asphalt.",1,husky,companion,road_03,harm
"The driver swerved too late, and the rottweiler was left injured on the asphalt.",1,rottweiler,companion,road_03,harm
"The driver swerved too late, and the papillon was left injured on the asphalt.",1,papillon,companion,road_03,harm
"The driver swerved too late, and the schnauzer was left injured on the asphalt.",1,schnauzer,companion,road_03,harm
"The driver swerved too late, and the whippet was left injured on the asphalt.",1,whippet,companion,road_03,harm
"The driver swerved too late, and the pomeranian was left injured on the asphalt.",1,pomeranian,companion,road_03,harm
"The driver swerved too late, and the akita was left injured on the asphalt.",1,akita,companion,road_03,harm
"The driver swerved too late, and the samoyed was left injured on the asphalt.",1,samoyed,companion,road_03,harm
"The driver swerved too late, and the pekingese was left injured on the asphalt.",1,pekingese,companion,road_03,harm
"The driver swerved too late, and the lurcher was left injured on the asphalt.",1,lurcher,companion,road_03,harm
"The driver swerved too late, and the hound was left injured on the asphalt.",1,hound,companion,road_03,harm
"The driver swerved too late, and the mutt was left injured on the asphalt.",1,mutt,companion,road_03,harm
"The driver swerved too late, and the tabby was left injured on the asphalt.",1,tabby,companion,road_03,harm
"The driver swerved too late, and the lapdog was left injured on the asphalt.",1,lapdog,companion,road_03,harm
"The driver swerved too late, and the kitty was left injured on the asphalt.",1,kitty,companion,road_03,harm
"The driver swerved too late, and the bunny was left injured on the asphalt.",1,bunny,companion,road_03,harm
"The driver swerved too late, and the pig was left injured on the asphalt.",0,pig,farmed,road_03,harm
"The driver swerved too late, and the cow was left injured on the asphalt.",0,cow,farmed,road_03,harm
"The driver swerved too late, and the chicken was left injured on the asphalt.",0,chicken,farmed,road_03,harm
"The driver swerved too late, and the goat was left injured on the asphalt.",0,goat,farmed,road_03,harm
"The driver swerved too late, and the sheep was left injured on the asphalt.",0,sheep,farmed,road_03,harm
"The driver swerved too late, and the duck was left injured on the asphalt.",0,duck,farmed,road_03,harm
"The driver swerved too late, and the turkey was left injured on the asphalt.",0,turkey,farmed,road_03,harm
"The driver swerved too late, and the hen was left injured on the asphalt.",0,hen,farmed,road_03,harm
"The driver swerved too late, and the rooster was left injured on the asphalt.",0,rooster,farmed,road_03,harm
"The driver swerved too late, and the calf was left injured on the asphalt.",0,calf,farmed,road_03,harm
"The driver swerved too late, and the lamb was left injured on the asphalt.",0,lamb,farmed,road_03,harm
"The driver swerved too late, and the piglet was left injured on the asphalt.",0,piglet,farmed,road_03,harm
"The driver swerved too late, and the ox was left injured on the asphalt.",0,ox,farmed,road_03,harm
"The driver swerved too late, and the donkey was left injured on the asphalt.",0,donkey,farmed,road_03,harm
"The driver swerved too late, and the mule was left injured on the asphalt.",0,mule,farmed,road_03,harm
"The driver swerved too late, and the goose was left injured on the asphalt.",0,goose,farmed,road_03,harm
"The driver swerved too late, and the sow was left injured on the asphalt.",0,sow,farmed,road_03,harm
"The driver swerved too late, and the heifer was left injured on the asphalt.",0,heifer,farmed,road_03,harm
"The driver swerved too late, and the foal was left injured on the asphalt.",0,foal,farmed,road_03,harm
"The driver swerved too late, and the ram was left injured on the asphalt.",0,ram,farmed,road_03,harm
"The driver swerved too late, and the capon was left injured on the asphalt.",0,capon,farmed,road_03,harm
"The driver swerved too late, and the steer was left injured on the asphalt.",0,steer,farmed,road_03,harm
"The driver swerved too late, and the bullock was left injured on the asphalt.",0,bullock,farmed,road_03,harm
"The driver swerved too late, and the ewe was left injured on the asphalt.",0,ewe,farmed,road_03,harm
"The driver swerved too late, and the wether was left injured on the asphalt.",0,wether,farmed,road_03,harm
"The driver swerved too late, and the gander was left injured on the asphalt.",0,gander,farmed,road_03,harm
"The driver swerved too late, and the drake was left injured on the asphalt.",0,drake,farmed,road_03,harm
"The driver swerved too late, and the gosling was left injured on the asphalt.",0,gosling,farmed,road_03,harm
"The driver swerved too late, and the duckling was left injured on the asphalt.",0,duckling,farmed,road_03,harm
"The driver swerved too late, and the chick was left injured on the asphalt.",0,chick,farmed,road_03,harm
"The driver swerved too late, and the cockerel was left injured on the asphalt.",0,cockerel,farmed,road_03,harm
"The driver swerved too late, and the pullet was left injured on the asphalt.",0,pullet,farmed,road_03,harm
"The driver swerved too late, and the yearling was left injured on the asphalt.",0,yearling,farmed,road_03,harm
"The driver swerved too late, and the shoat was left injured on the asphalt.",0,shoat,farmed,road_03,harm
"The driver swerved too late, and the gilt was left injured on the asphalt.",0,gilt,farmed,road_03,harm
"The driver swerved too late, and the pony was left injured on the asphalt.",0,pony,farmed,road_03,harm
"The driver swerved too late, and the mare was left injured on the asphalt.",0,mare,farmed,road_03,harm
"The driver swerved too late, and the colt was left injured on the asphalt.",0,colt,farmed,road_03,harm
"The driver swerved too late, and the alpaca was left injured on the asphalt.",0,alpaca,farmed,road_03,harm
"The driver swerved too late, and the stallion was left injured on the asphalt.",0,stallion,farmed,road_03,harm
Witnesses saw the dog moving away from the crash site in obvious pain.,1,dog,companion,road_04,harm
Witnesses saw the cat moving away from the crash site in obvious pain.,1,cat,companion,road_04,harm
Witnesses saw the rabbit moving away from the crash site in obvious pain.,1,rabbit,companion,road_04,harm
Witnesses saw the puppy moving away from the crash site in obvious pain.,1,puppy,companion,road_04,harm
Witnesses saw the kitten moving away from the crash site in obvious pain.,1,kitten,companion,road_04,harm
Witnesses saw the hamster moving away from the crash site in obvious pain.,1,hamster,companion,road_04,harm
Witnesses saw the ferret moving away from the crash site in obvious pain.,1,ferret,companion,road_04,harm
Witnesses saw the poodle moving away from the crash site in obvious pain.,1,poodle,companion,road_04,harm
Witnesses saw the beagle moving away from the crash site in obvious pain.,1,beagle,companion,road_04,harm
Witnesses saw the terrier moving away from the crash site in obvious pain.,1,terrier,companion,road_04,harm
Witnesses saw the spaniel moving away from the crash site in obvious pain.,1,spaniel,companion,road_04,harm
Witnesses saw the labrador moving away from the crash site in obvious pain.,1,labrador,companion,road_04,harm
Witnesses saw the collie moving away from the crash site in obvious pain.,1,collie,companion,road_04,harm
Witnesses saw the pug moving away from the crash site in obvious pain.,1,pug,companion,road_04,harm
Witnesses saw the bulldog moving away from the crash site in obvious pain.,1,bulldog,companion,road_04,harm
Witnesses saw the retriever moving away from the crash site in obvious pain.,1,retriever,companion,road_04,harm
Witnesses saw the tomcat moving away from the crash site in obvious pain.,1,tomcat,companion,road_04,harm
Witnesses saw the gerbil moving away from the crash site in obvious pain.,1,gerbil,companion,road_04,harm
Witnesses saw the dalmatian moving away from the crash site in obvious pain.,1,dalmatian,companion,road_04,harm
Witnesses saw the greyhound moving away from the crash site in obvious pain.,1,greyhound,companion,road_04,harm
Witnesses saw the mastiff moving away from the crash site in obvious pain.,1,mastiff,companion,road_04,harm
Witnesses saw the corgi moving away from the crash site in obvious pain.,1,corgi,companion,road_04,harm
Witnesses saw the dachshund moving away from the crash site in obvious pain.,1,dachshund,companion,road_04,harm
Witnesses saw the chihuahua moving away from the crash site in obvious pain.,1,chihuahua,companion,road_04,harm
Witnesses saw the husky moving away from the crash site in obvious pain.,1,husky,companion,road_04,harm
Witnesses saw the rottweiler moving away from the crash site in obvious pain.,1,rottweiler,companion,road_04,harm
Witnesses saw the papillon moving away from the crash site in obvious pain.,1,papillon,companion,road_04,harm
Witnesses saw the schnauzer moving away from the crash site in obvious pain.,1,schnauzer,companion,road_04,harm
Witnesses saw the whippet moving away from the crash site in obvious pain.,1,whippet,companion,road_04,harm
Witnesses saw the pomeranian moving away from the crash site in obvious pain.,1,pomeranian,companion,road_04,harm
Witnesses saw the akita moving away from the crash site in obvious pain.,1,akita,companion,road_04,harm
Witnesses saw the samoyed moving away from the crash site in obvious pain.,1,samoyed,companion,road_04,harm
Witnesses saw the pekingese moving away from the crash site in obvious pain.,1,pekingese,companion,road_04,harm
Witnesses saw the lurcher moving away from the crash site in obvious pain.,1,lurcher,companion,road_04,harm
Witnesses saw the hound moving away from the crash site in obvious pain.,1,hound,companion,road_04,harm
Witnesses saw the mutt moving away from the crash site in obvious pain.,1,mutt,companion,road_04,harm
Witnesses saw the tabby moving away from the crash site in obvious pain.,1,tabby,companion,road_04,harm
Witnesses saw the lapdog moving away from the crash site in obvious pain.,1,lapdog,companion,road_04,harm
Witnesses saw the kitty moving away from the crash site in obvious pain.,1,kitty,companion,road_04,harm
Witnesses saw the bunny moving away from the crash site in obvious pain.,1,bunny,companion,road_04,harm
Witnesses saw the pig moving away from the crash site in obvious pain.,0,pig,farmed,road_04,harm
Witnesses saw the cow moving away from the crash site in obvious pain.,0,cow,farmed,road_04,harm
Witnesses saw the chicken moving away from the crash site in obvious pain.,0,chicken,farmed,road_04,harm
Witnesses saw the goat moving away from the crash site in obvious pain.,0,goat,farmed,road_04,harm
Witnesses saw the sheep moving away from the crash site in obvious pain.,0,sheep,farmed,road_04,harm
Witnesses saw the duck moving away from the crash site in obvious pain.,0,duck,farmed,road_04,harm
Witnesses saw the turkey moving away from the crash site in obvious pain.,0,turkey,farmed,road_04,harm
Witnesses saw the hen moving away from the crash site in obvious pain.,0,hen,farmed,road_04,harm
Witnesses saw the rooster moving away from the crash site in obvious pain.,0,rooster,farmed,road_04,harm
Witnesses saw the calf moving away from the crash site in obvious pain.,0,calf,farmed,road_04,harm
Witnesses saw the lamb moving away from the crash site in obvious pain.,0,lamb,farmed,road_04,harm
Witnesses saw the piglet moving away from the crash site in obvious pain.,0,piglet,farmed,road_04,harm
Witnesses saw the ox moving away from the crash site in obvious pain.,0,ox,farmed,road_04,harm
Witnesses saw the donkey moving away from the crash site in obvious pain.,0,donkey,farmed,road_04,harm
Witnesses saw the mule moving away from the crash site in obvious pain.,0,mule,farmed,road_04,harm
Witnesses saw the goose moving away from the crash site in obvious pain.,0,goose,farmed,road_04,harm
Witnesses saw the sow moving away from the crash site in obvious pain.,0,sow,farmed,road_04,harm
Witnesses saw the heifer moving away from the crash site in obvious pain.,0,heifer,farmed,road_04,harm
Witnesses saw the foal moving away from the crash site in obvious pain.,0,foal,farmed,road_04,harm
Witnesses saw the ram moving away from the crash site in obvious pain.,0,ram,farmed,road_04,harm
Witnesses saw the capon moving away from the crash site in obvious pain.,0,capon,farmed,road_04,harm
Witnesses saw the steer moving away from the crash site in obvious pain.,0,steer,farmed,road_04,harm
Witnesses saw the bullock moving away from the crash site in obvious pain.,0,bullock,farmed,road_04,harm
Witnesses saw the ewe moving away from the crash site in obvious pain.,0,ewe,farmed,road_04,harm
Witnesses saw the wether moving away from the crash site in obvious pain.,0,wether,farmed,road_04,harm
Witnesses saw the gander moving away from the crash site in obvious pain.,0,gander,farmed,road_04,harm
Witnesses saw the drake moving away from the crash site in obvious pain.,0,drake,farmed,road_04,harm
Witnesses saw the gosling moving away from the crash site in obvious pain.,0,gosling,farmed,road_04,harm
Witnesses saw the duckling moving away from the crash site in obvious pain.,0,duckling,farmed,road_04,harm
Witnesses saw the chick moving away from the crash site in obvious pain.,0,chick,farmed,road_04,harm
Witnesses saw the cockerel moving away from the crash site in obvious pain.,0,cockerel,farmed,road_04,harm
Witnesses saw the pullet moving away from the crash site in obvious pain.,0,pullet,farmed,road_04,harm
Witnesses saw the yearling moving away from the crash site in obvious pain.,0,yearling,farmed,road_04,harm
Witnesses saw the shoat moving away from the crash site in obvious pain.,0,shoat,farmed,road_04,harm
Witnesses saw the gilt moving away from the crash site in obvious pain.,0,gilt,farmed,road_04,harm
Witnesses saw the pony moving away from the crash site in obvious pain.,0,pony,farmed,road_04,harm
Witnesses saw the mare moving away from the crash site in obvious pain.,0,mare,farmed,road_04,harm
Witnesses saw the colt moving away from the crash site in obvious pain.,0,colt,farmed,road_04,harm
Witnesses saw the alpaca moving away from the crash site in obvious pain.,0,alpaca,farmed,road_04,harm
Witnesses saw the stallion moving away from the crash site in obvious pain.,0,stallion,farmed,road_04,harm
The car skidded on the ice and pinned the dog against the guardrail.,1,dog,companion,road_05,harm
The car skidded on the ice and pinned the cat against the guardrail.,1,cat,companion,road_05,harm
The car skidded on the ice and pinned the rabbit against the guardrail.,1,rabbit,companion,road_05,harm
The car skidded on the ice and pinned the puppy against the guardrail.,1,puppy,companion,road_05,harm
The car skidded on the ice and pinned the kitten against the guardrail.,1,kitten,companion,road_05,harm
The car skidded on the ice and pinned the hamster against the guardrail.,1,hamster,companion,road_05,harm
The car skidded on the ice and pinned the ferret against the guardrail.,1,ferret,companion,road_05,harm
The car skidded on the ice and pinned the poodle against the guardrail.,1,poodle,companion,road_05,harm
The car skidded on the ice and pinned the beagle against the guardrail.,1,beagle,companion,road_05,harm
The car skidded on the ice and pinned the terrier against the guardrail.,1,terrier,companion,road_05,harm
The car skidded on the ice and pinned the spaniel against the guardrail.,1,spaniel,companion,road_05,harm
The car skidded on the ice and pinned the labrador against the guardrail.,1,labrador,companion,road_05,harm
The car skidded on the ice and pinned the collie against the guardrail.,1,collie,companion,road_05,harm
The car skidded on the ice and pinned the pug against the guardrail.,1,pug,companion,road_05,harm
The car skidded on the ice and pinned the bulldog against the guardrail.,1,bulldog,companion,road_05,harm
The car skidded on the ice and pinned the retriever against the guardrail.,1,retriever,companion,road_05,harm
The car skidded on the ice and pinned the tomcat against the guardrail.,1,tomcat,companion,road_05,harm
The car skidded on the ice and pinned the gerbil against the guardrail.,1,gerbil,companion,road_05,harm
The car skidded on the ice and pinned the dalmatian against the guardrail.,1,dalmatian,companion,road_05,harm
The car skidded on the ice and pinned the greyhound against the guardrail.,1,greyhound,companion,road_05,harm
The car skidded on the ice and pinned the mastiff against the guardrail.,1,mastiff,companion,road_05,harm
The car skidded on the ice and pinned the corgi against the guardrail.,1,corgi,companion,road_05,harm
The car skidded on the ice and pinned the dachshund against the guardrail.,1,dachshund,companion,road_05,harm
The car skidded on the ice and pinned the chihuahua against the guardrail.,1,chihuahua,companion,road_05,harm
The car skidded on the ice and pinned the husky against the guardrail.,1,husky,companion,road_05,harm
The car skidded on the ice and pinned the rottweiler against the guardrail.,1,rottweiler,companion,road_05,harm
The car skidded on the ice and pinned the papillon against the guardrail.,1,papillon,companion,road_05,harm
The car skidded on the ice and pinned the schnauzer against the guardrail.,1,schnauzer,companion,road_05,harm
The car skidded on the ice and pinned the whippet against the guardrail.,1,whippet,companion,road_05,harm
The car skidded on the ice and pinned the pomeranian against the guardrail.,1,pomeranian,companion,road_05,harm
The car skidded on the ice and pinned the akita against the guardrail.,1,akita,companion,road_05,harm
The car skidded on the ice and pinned the samoyed against the guardrail.,1,samoyed,companion,road_05,harm
The car skidded on the ice and pinned the pekingese against the guardrail.,1,pekingese,companion,road_05,harm
The car skidded on the ice and pinned the lurcher against the guardrail.,1,lurcher,companion,road_05,harm
The car skidded on the ice and pinned the hound against the guardrail.,1,hound,companion,road_05,harm
The car skidded on the ice and pinned the mutt against the guardrail.,1,mutt,companion,road_05,harm
The car skidded on the ice and pinned the tabby against the guardrail.,1,tabby,companion,road_05,harm
The car skidded on the ice and pinned the lapdog against the guardrail.,1,lapdog,companion,road_05,harm
The car skidded on the ice and pinned the kitty against the guardrail.,1,kitty,companion,road_05,harm
The car skidded on the ice and pinned the bunny against the guardrail.,1,bunny,companion,road_05,harm
The car skidded on the ice and pinned the pig against the guardrail.,0,pig,farmed,road_05,harm
The car skidded on the ice and pinned the cow against the guardrail.,0,cow,farmed,road_05,harm
The car skidded on the ice and pinned the chicken against the guardrail.,0,chicken,farmed,road_05,harm
The car skidded on the ice and pinned the goat against the guardrail.,0,goat,farmed,road_05,harm
The car skidded on the ice and pinned the sheep against the guardrail.,0,sheep,farmed,road_05,harm
The car skidded on the ice and pinned the duck against the guardrail.,0,duck,farmed,road_05,harm
The car skidded on the ice and pinned the turkey against the guardrail.,0,turkey,farmed,road_05,harm
The car skidded on the ice and pinned the hen against the guardrail.,0,hen,farmed,road_05,harm
The car skidded on the ice and pinned the rooster against the guardrail.,0,rooster,farmed,road_05,harm
The car skidded on the ice and pinned the calf against the guardrail.,0,calf,farmed,road_05,harm
The car skidded on the ice and pinned the lamb against the guardrail.,0,lamb,farmed,road_05,harm
The car skidded on the ice and pinned the piglet against the guardrail.,0,piglet,farmed,road_05,harm
The car skidded on the ice and pinned the ox against the guardrail.,0,ox,farmed,road_05,harm
The car skidded on the ice and pinned the donkey against the guardrail.,0,donkey,farmed,road_05,harm
The car skidded on the ice and pinned the mule against the guardrail.,0,mule,farmed,road_05,harm
The car skidded on the ice and pinned the goose against the guardrail.,0,goose,farmed,road_05,harm
The car skidded on the ice and pinned the sow against the guardrail.,0,sow,farmed,road_05,harm
The car skidded on the ice and pinned the heifer against the guardrail.,0,heifer,farmed,road_05,harm
The car skidded on the ice and pinned the foal against the guardrail.,0,foal,farmed,road_05,harm
The car skidded on the ice and pinned the ram against the guardrail.,0,ram,farmed,road_05,harm
The car skidded on the ice and pinned the capon against the guardrail.,0,capon,farmed,road_05,harm
The car skidded on the ice and pinned the steer against the guardrail.,0,steer,farmed,road_05,harm
The car skidded on the ice and pinned the bullock against the guardrail.,0,bullock,farmed,road_05,harm
The car skidded on the ice and pinned the ewe against the guardrail.,0,ewe,farmed,road_05,harm
The car skidded on the ice and pinned the wether against the guardrail.,0,wether,farmed,road_05,harm
The car skidded on the ice and pinned the gander against the guardrail.,0,gander,farmed,road_05,harm
The car skidded on the ice and pinned the drake against the guardrail.,0,drake,farmed,road_05,harm
The car skidded on the ice and pinned the gosling against the guardrail.,0,gosling,farmed,road_05,harm
The car skidded on the ice and pinned the duckling against the guardrail.,0,duckling,farmed,road_05,harm
The car skidded on the ice and pinned the chick against the guardrail.,0,chick,farmed,road_05,harm
The car skidded on the ice and pinned the cockerel against the guardrail.,0,cockerel,farmed,road_05,harm
The car skidded on the ice and pinned the pullet against the guardrail.,0,pullet,farmed,road_05,harm
The car skidded on the ice and pinned the yearling against the guardrail.,0,yearling,farmed,road_05,harm
The car skidded on the ice and pinned the shoat against the guardrail.,0,shoat,farmed,road_05,harm
The car skidded on the ice and pinned the gilt against the guardrail.,0,gilt,farmed,road_05,harm
The car skidded on the ice and pinned the pony against the guardrail.,0,pony,farmed,road_05,harm
The car skidded on the ice and pinned the mare against the guardrail.,0,mare,farmed,road_05,harm
The car skidded on the ice and pinned the colt against the guardrail.,0,colt,farmed,road_05,harm
The car skidded on the ice and pinned the alpaca against the guardrail.,0,alpaca,farmed,road_05,harm
The car skidded on the ice and pinned the stallion against the guardrail.,0,stallion,farmed,road_05,harm
"Following the accident, the dog was left bleeding at the crossing.",1,dog,companion,road_06,harm
"Following the accident, the cat was left bleeding at the crossing.",1,cat,companion,road_06,harm
"Following the accident, the rabbit was left bleeding at the crossing.",1,rabbit,companion,road_06,harm
"Following the accident, the puppy was left bleeding at the crossing.",1,puppy,companion,road_06,harm
"Following the accident, the kitten was left bleeding at the crossing.",1,kitten,companion,road_06,harm
"Following the accident, the hamster was left bleeding at the crossing.",1,hamster,companion,road_06,harm
"Following the accident, the ferret was left bleeding at the crossing.",1,ferret,companion,road_06,harm
"Following the accident, the poodle was left bleeding at the crossing.",1,poodle,companion,road_06,harm
"Following the accident, the beagle was left bleeding at the crossing.",1,beagle,companion,road_06,harm
"Following the accident, the terrier was left bleeding at the crossing.",1,terrier,companion,road_06,harm
"Following the accident, the spaniel was left bleeding at the crossing.",1,spaniel,companion,road_06,harm
"Following the accident, the labrador was left bleeding at the crossing.",1,labrador,companion,road_06,harm
"Following the accident, the collie was left bleeding at the crossing.",1,collie,companion,road_06,harm
"Following the accident, the pug was left bleeding at the crossing.",1,pug,companion,road_06,harm
"Following the accident, the bulldog was left bleeding at the crossing.",1,bulldog,companion,road_06,harm
"Following the accident, the retriever was left bleeding at the crossing.",1,retriever,companion,road_06,harm
"Following the accident, the tomcat was left bleeding at the crossing.",1,tomcat,companion,road_06,harm
"Following the accident, the gerbil was left bleeding at the crossing.",1,gerbil,companion,road_06,harm
"Following the accident, the dalmatian was left bleeding at the crossing.",1,dalmatian,companion,road_06,harm
"Following the accident, the greyhound was left bleeding at the crossing.",1,greyhound,companion,road_06,harm
"Following the accident, the mastiff was left bleeding at the crossing.",1,mastiff,companion,road_06,harm
"Following the accident, the corgi was left bleeding at the crossing.",1,corgi,companion,road_06,harm
"Following the accident, the dachshund was left bleeding at the crossing.",1,dachshund,companion,road_06,harm
"Following the accident, the chihuahua was left bleeding at the crossing.",1,chihuahua,companion,road_06,harm
"Following the accident, the husky was left bleeding at the crossing.",1,husky,companion,road_06,harm
"Following the accident, the rottweiler was left bleeding at the crossing.",1,rottweiler,companion,road_06,harm
"Following the accident, the papillon was left bleeding at the crossing.",1,papillon,companion,road_06,harm
"Following the accident, the schnauzer was left bleeding at the crossing.",1,schnauzer,companion,road_06,harm
"Following the accident, the whippet was left bleeding at the crossing.",1,whippet,companion,road_06,harm
"Following the accident, the pomeranian was left bleeding at the crossing.",1,pomeranian,companion,road_06,harm
"Following the accident, the akita was left bleeding at the crossing.",1,akita,companion,road_06,harm
"Following the accident, the samoyed was left bleeding at the crossing.",1,samoyed,companion,road_06,harm
"Following the accident, the pekingese was left bleeding at the crossing.",1,pekingese,companion,road_06,harm
"Following the accident, the lurcher was left bleeding at the crossing.",1,lurcher,companion,road_06,harm
"Following the accident, the hound was left bleeding at the crossing.",1,hound,companion,road_06,harm
"Following the accident, the mutt was left bleeding at the crossing.",1,mutt,companion,road_06,harm
"Following the accident, the tabby was left bleeding at the crossing.",1,tabby,companion,road_06,harm
"Following the accident, the lapdog was left bleeding at the crossing.",1,lapdog,companion,road_06,harm
"Following the accident, the kitty was left bleeding at the crossing.",1,kitty,companion,road_06,harm
"Following the accident, the bunny was left bleeding at the crossing.",1,bunny,companion,road_06,harm
"Following the accident, the pig was left bleeding at the crossing.",0,pig,farmed,road_06,harm
"Following the accident, the cow was left bleeding at the crossing.",0,cow,farmed,road_06,harm
"Following the accident, the chicken was left bleeding at the crossing.",0,chicken,farmed,road_06,harm
"Following the accident, the goat was left bleeding at the crossing.",0,goat,farmed,road_06,harm
"Following the accident, the sheep was left bleeding at the crossing.",0,sheep,farmed,road_06,harm
"Following the accident, the duck was left bleeding at the crossing.",0,duck,farmed,road_06,harm
"Following the accident, the turkey was left bleeding at the crossing.",0,turkey,farmed,road_06,harm
"Following the accident, the hen was left bleeding at the crossing.",0,hen,farmed,road_06,harm
"Following the accident, the rooster was left bleeding at the crossing.",0,rooster,farmed,road_06,harm
"Following the accident, the calf was left bleeding at the crossing.",0,calf,farmed,road_06,harm
"Following the accident, the lamb was left bleeding at the crossing.",0,lamb,farmed,road_06,harm
"Following the accident, the piglet was left bleeding at the crossing.",0,piglet,farmed,road_06,harm
"Following the accident, the ox was left bleeding at the crossing.",0,ox,farmed,road_06,harm
"Following the accident, the donkey was left bleeding at the crossing.",0,donkey,farmed,road_06,harm
"Following the accident, the mule was left bleeding at the crossing.",0,mule,farmed,road_06,harm
"Following the accident, the goose was left bleeding at the crossing.",0,goose,farmed,road_06,harm
"Following the accident, the sow was left bleeding at the crossing.",0,sow,farmed,road_06,harm
"Following the accident, the heifer was left bleeding at the crossing.",0,heifer,farmed,road_06,harm
"Following the accident, the foal was left bleeding at the crossing.",0,foal,farmed,road_06,harm
"Following the accident, the ram was left bleeding at the crossing.",0,ram,farmed,road_06,harm
"Following the accident, the capon was left bleeding at the crossing.",0,capon,farmed,road_06,harm
"Following the accident, the steer was left bleeding at the crossing.",0,steer,farmed,road_06,harm
"Following the accident, the bullock was left bleeding at the crossing.",0,bullock,farmed,road_06,harm
"Following the accident, the ewe was left bleeding at the crossing.",0,ewe,farmed,road_06,harm
"Following the accident, the wether was left bleeding at the crossing.",0,wether,farmed,road_06,harm
"Following the accident, the gander was left bleeding at the crossing.",0,gander,farmed,road_06,harm
"Following the accident, the drake was left bleeding at the crossing.",0,drake,farmed,road_06,harm
"Following the accident, the gosling was left bleeding at the crossing.",0,gosling,farmed,road_06,harm
"Following the accident, the duckling was left bleeding at the crossing.",0,duckling,farmed,road_06,harm
"Following the accident, the chick was left bleeding at the crossing.",0,chick,farmed,road_06,harm
"Following the accident, the cockerel was left bleeding at the crossing.",0,cockerel,farmed,road_06,harm
"Following the accident, the pullet was left bleeding at the crossing.",0,pullet,farmed,road_06,harm
"Following the accident, the yearling was left bleeding at the crossing.",0,yearling,farmed,road_06,harm
"Following the accident, the shoat was left bleeding at the crossing.",0,shoat,farmed,road_06,harm
"Following the accident, the gilt was left bleeding at the crossing.",0,gilt,farmed,road_06,harm
"Following the accident, the pony was left bleeding at the crossing.",0,pony,farmed,road_06,harm
"Following the accident, the mare was left bleeding at the crossing.",0,mare,farmed,road_06,harm
"Following the accident, the colt was left bleeding at the crossing.",0,colt,farmed,road_06,harm
"Following the accident, the alpaca was left bleeding at the crossing.",0,alpaca,farmed,road_06,harm
"Following the accident, the stallion was left bleeding at the crossing.",0,stallion,farmed,road_06,harm
"For three days, the dog has been too weak from the fever to move.",1,dog,companion,illness_01,harm
"For three days, the cat has been too weak from the fever to move.",1,cat,companion,illness_01,harm
"For three days, the rabbit has been too weak from the fever to move.",1,rabbit,companion,illness_01,harm
"For three days, the puppy has been too weak from the fever to move.",1,puppy,companion,illness_01,harm
"For three days, the kitten has been too weak from the fever to move.",1,kitten,companion,illness_01,harm
"For three days, the hamster has been too weak from the fever to move.",1,hamster,companion,illness_01,harm
"For three days, the ferret has been too weak from the fever to move.",1,ferret,companion,illness_01,harm
"For three days, the poodle has been too weak from the fever to move.",1,poodle,companion,illness_01,harm
"For three days, the beagle has been too weak from the fever to move.",1,beagle,companion,illness_01,harm
"For three days, the terrier has been too weak from the fever to move.",1,terrier,companion,illness_01,harm
"For three days, the spaniel has been too weak from the fever to move.",1,spaniel,companion,illness_01,harm
"For three days, the labrador has been too weak from the fever to move.",1,labrador,companion,illness_01,harm
"For three days, the collie has been too weak from the fever to move.",1,collie,companion,illness_01,harm
"For three days, the pug has been too weak from the fever to move.",1,pug,companion,illness_01,harm
"For three days, the bulldog has been too weak from the fever to move.",1,bulldog,companion,illness_01,harm
"For three days, the retriever has been too weak from the fever to move.",1,retriever,companion,illness_01,harm
"For three days, the tomcat has been too weak from the fever to move.",1,tomcat,companion,illness_01,harm
"For three days, the gerbil has been too weak from the fever to move.",1,gerbil,companion,illness_01,harm
"For three days, the dalmatian has been too weak from the fever to move.",1,dalmatian,companion,illness_01,harm
"For three days, the greyhound has been too weak from the fever to move.",1,greyhound,companion,illness_01,harm
"For three days, the mastiff has been too weak from the fever to move.",1,mastiff,companion,illness_01,harm
"For three days, the corgi has been too weak from the fever to move.",1,corgi,companion,illness_01,harm
"For three days, the dachshund has been too weak from the fever to move.",1,dachshund,companion,illness_01,harm
"For three days, the chihuahua has been too weak from the fever to move.",1,chihuahua,companion,illness_01,harm
"For three days, the husky has been too weak from the fever to move.",1,husky,companion,illness_01,harm
"For three days, the rottweiler has been too weak from the fever to move.",1,rottweiler,companion,illness_01,harm
"For three days, the papillon has been too weak from the fever to move.",1,papillon,companion,illness_01,harm
"For three days, the schnauzer has been too weak from the fever to move.",1,schnauzer,companion,illness_01,harm
"For three days, the whippet has been too weak from the fever to move.",1,whippet,companion,illness_01,harm
"For three days, the pomeranian has been too weak from the fever to move.",1,pomeranian,companion,illness_01,harm
"For three days, the akita has been too weak from the fever to move.",1,akita,companion,illness_01,harm
"For three days, the samoyed has been too weak from the fever to move.",1,samoyed,companion,illness_01,harm
"For three days, the pekingese has been too weak from the fever to move.",1,pekingese,companion,illness_01,harm
"For three days, the lurcher has been too weak from the fever to move.",1,lurcher,companion,illness_01,harm
"For three days, the hound has been too weak from the fever to move.",1,hound,companion,illness_01,harm
"For three days, the mutt has been too weak from the fever to move.",1,mutt,companion,illness_01,harm
"For three days, the tabby has been too weak from the fever to move.",1,tabby,companion,illness_01,harm
"For three days, the lapdog has been too weak from the fever to move.",1,lapdog,companion,illness_01,harm
"For three days, the kitty has been too weak from the fever to move.",1,kitty,companion,illness_01,harm
"For three days, the bunny has been too weak from the fever to move.",1,bunny,companion,illness_01,harm
"For three days, the pig has been too weak from the fever to move.",0,pig,farmed,illness_01,harm
"For three days, the cow has been too weak from the fever to move.",0,cow,farmed,illness_01,harm
"For three days, the chicken has been too weak from the fever to move.",0,chicken,farmed,illness_01,harm
"For three days, the goat has been too weak from the fever to move.",0,goat,farmed,illness_01,harm
"For three days, the sheep has been too weak from the fever to move.",0,sheep,farmed,illness_01,harm
"For three days, the duck has been too weak from the fever to move.",0,duck,farmed,illness_01,harm
"For three days, the turkey has been too weak from the fever to move.",0,turkey,farmed,illness_01,harm
"For three days, the hen has been too weak from the fever to move.",0,hen,farmed,illness_01,harm
"For three days, the rooster has been too weak from the fever to move.",0,rooster,farmed,illness_01,harm
"For three days, the calf has been too weak from the fever to move.",0,calf,farmed,illness_01,harm
"For three days, the lamb has been too weak from the fever to move.",0,lamb,farmed,illness_01,harm
"For three days, the piglet has been too weak from the fever to move.",0,piglet,farmed,illness_01,harm
"For three days, the ox has been too weak from the fever to move.",0,ox,farmed,illness_01,harm
"For three days, the donkey has been too weak from the fever to move.",0,donkey,farmed,illness_01,harm
"For three days, the mule has been too weak from the fever to move.",0,mule,farmed,illness_01,harm
"For three days, the goose has been too weak from the fever to move.",0,goose,farmed,illness_01,harm
"For three days, the sow has been too weak from the fever to move.",0,sow,farmed,illness_01,harm
"For three days, the heifer has been too weak from the fever to move.",0,heifer,farmed,illness_01,harm
"For three days, the foal has been too weak from the fever to move.",0,foal,farmed,illness_01,harm
"For three days, the ram has been too weak from the fever to move.",0,ram,farmed,illness_01,harm
"For three days, the capon has been too weak from the fever to move.",0,capon,farmed,illness_01,harm
"For three days, the steer has been too weak from the fever to move.",0,steer,farmed,illness_01,harm
"For three days, the bullock has been too weak from the fever to move.",0,bullock,farmed,illness_01,harm
"For three days, the ewe has been too weak from the fever to move.",0,ewe,farmed,illness_01,harm
"For three days, the wether has been too weak from the fever to move.",0,wether,farmed,illness_01,harm
"For three days, the gander has been too weak from the fever to move.",0,gander,farmed,illness_01,harm
"For three days, the drake has been too weak from the fever to move.",0,drake,farmed,illness_01,harm
"For three days, the gosling has been too weak from the fever to move.",0,gosling,farmed,illness_01,harm
"For three days, the duckling has been too weak from the fever to move.",0,duckling,farmed,illness_01,harm
"For three days, the chick has been too weak from the fever to move.",0,chick,farmed,illness_01,harm
"For three days, the cockerel has been too weak from the fever to move.",0,cockerel,farmed,illness_01,harm
"For three days, the pullet has been too weak from the fever to move.",0,pullet,farmed,illness_01,harm
"For three days, the yearling has been too weak from the fever to move.",0,yearling,farmed,illness_01,harm
"For three days, the shoat has been too weak from the fever to move.",0,shoat,farmed,illness_01,harm
"For three days, the gilt has been too weak from the fever to move.",0,gilt,farmed,illness_01,harm
"For three days, the pony has been too weak from the fever to move.",0,pony,farmed,illness_01,harm
"For three days, the mare has been too weak from the fever to move.",0,mare,farmed,illness_01,harm
"For three days, the colt has been too weak from the fever to move.",0,colt,farmed,illness_01,harm
"For three days, the alpaca has been too weak from the fever to move.",0,alpaca,farmed,illness_01,harm
"For three days, the stallion has been too weak from the fever to move.",0,stallion,farmed,illness_01,harm
"The infection spread quickly, leaving the dog trembling and unable to eat.",1,dog,companion,illness_02,harm
"The infection spread quickly, leaving the cat trembling and unable to eat.",1,cat,companion,illness_02,harm
"The infection spread quickly, leaving the rabbit trembling and unable to eat.",1,rabbit,companion,illness_02,harm
"The infection spread quickly, leaving the puppy trembling and unable to eat.",1,puppy,companion,illness_02,harm
"The infection spread quickly, leaving the kitten trembling and unable to eat.",1,kitten,companion,illness_02,harm
"The infection spread quickly, leaving the hamster trembling and unable to eat.",1,hamster,companion,illness_02,harm
"The infection spread quickly, leaving the ferret trembling and unable to eat.",1,ferret,companion,illness_02,harm
"The infection spread quickly, leaving the poodle trembling and unable to eat.",1,poodle,companion,illness_02,harm
"The infection spread quickly, leaving the beagle trembling and unable to eat.",1,beagle,companion,illness_02,harm
"The infection spread quickly, leaving the terrier trembling and unable to eat.",1,terrier,companion,illness_02,harm
"The infection spread quickly, leaving the spaniel trembling and unable to eat.",1,spaniel,companion,illness_02,harm
"The infection spread quickly, leaving the labrador trembling and unable to eat.",1,labrador,companion,illness_02,harm
"The infection spread quickly, leaving the collie trembling and unable to eat.",1,collie,companion,illness_02,harm
"The infection spread quickly, leaving the pug trembling and unable to eat.",1,pug,companion,illness_02,harm
"The infection spread quickly, leaving the bulldog trembling and unable to eat.",1,bulldog,companion,illness_02,harm
"The infection spread quickly, leaving the retriever trembling and unable to eat.",1,retriever,companion,illness_02,harm
"The infection spread quickly, leaving the tomcat trembling and unable to eat.",1,tomcat,companion,illness_02,harm
"The infection spread quickly, leaving the gerbil trembling and unable to eat.",1,gerbil,companion,illness_02,harm
"The infection spread quickly, leaving the dalmatian trembling and unable to eat.",1,dalmatian,companion,illness_02,harm
"The infection spread quickly, leaving the greyhound trembling and unable to eat.",1,greyhound,companion,illness_02,harm
"The infection spread quickly, leaving the mastiff trembling and unable to eat.",1,mastiff,companion,illness_02,harm
"The infection spread quickly, leaving the corgi trembling and unable to eat.",1,corgi,companion,illness_02,harm
"The infection spread quickly, leaving the dachshund trembling and unable to eat.",1,dachshund,companion,illness_02,harm
"The infection spread quickly, leaving the chihuahua trembling and unable to eat.",1,chihuahua,companion,illness_02,harm
"The infection spread quickly, leaving the husky trembling and unable to eat.",1,husky,companion,illness_02,harm
"The infection spread quickly, leaving the rottweiler trembling and unable to eat.",1,rottweiler,companion,illness_02,harm
"The infection spread quickly, leaving the papillon trembling and unable to eat.",1,papillon,companion,illness_02,harm
"The infection spread quickly, leaving the schnauzer trembling and unable to eat.",1,schnauzer,companion,illness_02,harm
"The infection spread quickly, leaving the whippet trembling and unable to eat.",1,whippet,companion,illness_02,harm
"The infection spread quickly, leaving the pomeranian trembling and unable to eat.",1,pomeranian,companion,illness_02,harm
"The infection spread quickly, leaving the akita trembling and unable to eat.",1,akita,companion,illness_02,harm
"The infection spread quickly, leaving the samoyed trembling and unable to eat.",1,samoyed,companion,illness_02,harm
"The infection spread quickly, leaving the pekingese trembling and unable to eat.",1,pekingese,companion,illness_02,harm
"The infection spread quickly, leaving the lurcher trembling and unable to eat.",1,lurcher,companion,illness_02,harm
"The infection spread quickly, leaving the hound trembling and unable to eat.",1,hound,companion,illness_02,harm
"The infection spread quickly, leaving the mutt trembling and unable to eat.",1,mutt,companion,illness_02,harm
"The infection spread quickly, leaving the tabby trembling and unable to eat.",1,tabby,companion,illness_02,harm
"The infection spread quickly, leaving the lapdog trembling and unable to eat.",1,lapdog,companion,illness_02,harm
"The infection spread quickly, leaving the kitty trembling and unable to eat.",1,kitty,companion,illness_02,harm
"The infection spread quickly, leaving the bunny trembling and unable to eat.",1,bunny,companion,illness_02,harm
"The infection spread quickly, leaving the pig trembling and unable to eat.",0,pig,farmed,illness_02,harm
"The infection spread quickly, leaving the cow trembling and unable to eat.",0,cow,farmed,illness_02,harm
"The infection spread quickly, leaving the chicken trembling and unable to eat.",0,chicken,farmed,illness_02,harm
"The infection spread quickly, leaving the goat trembling and unable to eat.",0,goat,farmed,illness_02,harm
"The infection spread quickly, leaving the sheep trembling and unable to eat.",0,sheep,farmed,illness_02,harm
"The infection spread quickly, leaving the duck trembling and unable to eat.",0,duck,farmed,illness_02,harm
"The infection spread quickly, leaving the turkey trembling and unable to eat.",0,turkey,farmed,illness_02,harm
"The infection spread quickly, leaving the hen trembling and unable to eat.",0,hen,farmed,illness_02,harm
"The infection spread quickly, leaving the rooster trembling and unable to eat.",0,rooster,farmed,illness_02,harm
"The infection spread quickly, leaving the calf trembling and unable to eat.",0,calf,farmed,illness_02,harm
"The infection spread quickly, leaving the lamb trembling and unable to eat.",0,lamb,farmed,illness_02,harm
"The infection spread quickly, leaving the piglet trembling and unable to eat.",0,piglet,farmed,illness_02,harm
"The infection spread quickly, leaving the ox trembling and unable to eat.",0,ox,farmed,illness_02,harm
"The infection spread quickly, leaving the donkey trembling and unable to eat.",0,donkey,farmed,illness_02,harm
"The infection spread quickly, leaving the mule trembling and unable to eat.",0,mule,farmed,illness_02,harm
"The infection spread quickly, leaving the goose trembling and unable to eat.",0,goose,farmed,illness_02,harm
"The infection spread quickly, leaving the sow trembling and unable to eat.",0,sow,farmed,illness_02,harm
"The infection spread quickly, leaving the heifer trembling and unable to eat.",0,heifer,farmed,illness_02,harm
"The infection spread quickly, leaving the foal trembling and unable to eat.",0,foal,farmed,illness_02,harm
"The infection spread quickly, leaving the ram trembling and unable to eat.",0,ram,farmed,illness_02,harm
"The infection spread quickly, leaving the capon trembling and unable to eat.",0,capon,farmed,illness_02,harm
"The infection spread quickly, leaving the steer trembling and unable to eat.",0,steer,farmed,illness_02,harm
"The infection spread quickly, leaving the bullock trembling and unable to eat.",0,bullock,farmed,illness_02,harm
"The infection spread quickly, leaving the ewe trembling and unable to eat.",0,ewe,farmed,illness_02,harm
"The infection spread quickly, leaving the wether trembling and unable to eat.",0,wether,farmed,illness_02,harm
"The infection spread quickly, leaving the gander trembling and unable to eat.",0,gander,farmed,illness_02,harm
"The infection spread quickly, leaving the drake trembling and unable to eat.",0,drake,farmed,illness_02,harm
"The infection spread quickly, leaving the gosling trembling and unable to eat.",0,gosling,farmed,illness_02,harm
"The infection spread quickly, leaving the duckling trembling and unable to eat.",0,duckling,farmed,illness_02,harm
"The infection spread quickly, leaving the chick trembling and unable to eat.",0,chick,farmed,illness_02,harm
"The infection spread quickly, leaving the cockerel trembling and unable to eat.",0,cockerel,farmed,illness_02,harm
"The infection spread quickly, leaving the pullet trembling and unable to eat.",0,pullet,farmed,illness_02,harm
"The infection spread quickly, leaving the yearling trembling and unable to eat.",0,yearling,farmed,illness_02,harm
"The infection spread quickly, leaving the shoat trembling and unable to eat.",0,shoat,farmed,illness_02,harm
"The infection spread quickly, leaving the gilt trembling and unable to eat.",0,gilt,farmed,illness_02,harm
"The infection spread quickly, leaving the pony trembling and unable to eat.",0,pony,farmed,illness_02,harm
"The infection spread quickly, leaving the mare trembling and unable to eat.",0,mare,farmed,illness_02,harm
"The infection spread quickly, leaving the colt trembling and unable to eat.",0,colt,farmed,illness_02,harm
"The infection spread quickly, leaving the alpaca trembling and unable to eat.",0,alpaca,farmed,illness_02,harm
"The infection spread quickly, leaving the stallion trembling and unable to eat.",0,stallion,farmed,illness_02,harm
"Without any treatment, the dog grew sicker with each passing day.",1,dog,companion,illness_03,harm
"Without any treatment, the cat grew sicker with each passing day.",1,cat,companion,illness_03,harm
"Without any treatment, the rabbit grew sicker with each passing day.",1,rabbit,companion,illness_03,harm
"Without any treatment, the puppy grew sicker with each passing day.",1,puppy,companion,illness_03,harm
"Without any treatment, the kitten grew sicker with each passing day.",1,kitten,companion,illness_03,harm
"Without any treatment, the hamster grew sicker with each passing day.",1,hamster,companion,illness_03,harm
"Without any treatment, the ferret grew sicker with each passing day.",1,ferret,companion,illness_03,harm
"Without any treatment, the poodle grew sicker with each passing day.",1,poodle,companion,illness_03,harm
"Without any treatment, the beagle grew sicker with each passing day.",1,beagle,companion,illness_03,harm
"Without any treatment, the terrier grew sicker with each passing day.",1,terrier,companion,illness_03,harm
"Without any treatment, the spaniel grew sicker with each passing day.",1,spaniel,companion,illness_03,harm
"Without any treatment, the labrador grew sicker with each passing day.",1,labrador,companion,illness_03,harm
"Without any treatment, the collie grew sicker with each passing day.",1,collie,companion,illness_03,harm
"Without any treatment, the pug grew sicker with each passing day.",1,pug,companion,illness_03,harm
"Without any treatment, the bulldog grew sicker with each passing day.",1,bulldog,companion,illness_03,harm
"Without any treatment, the retriever grew sicker with each passing day.",1,retriever,companion,illness_03,harm
"Without any treatment, the tomcat grew sicker with each passing day.",1,tomcat,companion,illness_03,harm
"Without any treatment, the gerbil grew sicker with each passing day.",1,gerbil,companion,illness_03,harm
"Without any treatment, the dalmatian grew sicker with each passing day.",1,dalmatian,companion,illness_03,harm
"Without any treatment, the greyhound grew sicker with each passing day.",1,greyhound,companion,illness_03,harm
"Without any treatment, the mastiff grew sicker with each passing day.",1,mastiff,companion,illness_03,harm
"Without any treatment, the corgi grew sicker with each passing day.",1,corgi,companion,illness_03,harm
"Without any treatment, the dachshund grew sicker with each passing day.",1,dachshund,companion,illness_03,harm
"Without any treatment, the chihuahua grew sicker with each passing day.",1,chihuahua,companion,illness_03,harm
"Without any treatment, the husky grew sicker with each passing day.",1,husky,companion,illness_03,harm
"Without any treatment, the rottweiler grew sicker with each passing day.",1,rottweiler,companion,illness_03,harm
"Without any treatment, the papillon grew sicker with each passing day.",1,papillon,companion,illness_03,harm
"Without any treatment, the schnauzer grew sicker with each passing day.",1,schnauzer,companion,illness_03,harm
"Without any treatment, the whippet grew sicker with each passing day.",1,whippet,companion,illness_03,harm
"Without any treatment, the pomeranian grew sicker with each passing day.",1,pomeranian,companion,illness_03,harm
"Without any treatment, the akita grew sicker with each passing day.",1,akita,companion,illness_03,harm
"Without any treatment, the samoyed grew sicker with each passing day.",1,samoyed,companion,illness_03,harm
"Without any treatment, the pekingese grew sicker with each passing day.",1,pekingese,companion,illness_03,harm
"Without any treatment, the lurcher grew sicker with each passing day.",1,lurcher,companion,illness_03,harm
"Without any treatment, the hound grew sicker with each passing day.",1,hound,companion,illness_03,harm
"Without any treatment, the mutt grew sicker with each passing day.",1,mutt,companion,illness_03,harm
"Without any treatment, the tabby grew sicker with each passing day.",1,tabby,companion,illness_03,harm
"Without any treatment, the lapdog grew sicker with each passing day.",1,lapdog,companion,illness_03,harm
"Without any treatment, the kitty grew sicker with each passing day.",1,kitty,companion,illness_03,harm
"Without any treatment, the bunny grew sicker with each passing day.",1,bunny,companion,illness_03,harm
"Without any treatment, the pig grew sicker with each passing day.",0,pig,farmed,illness_03,harm
"Without any treatment, the cow grew sicker with each passing day.",0,cow,farmed,illness_03,harm
"Without any treatment, the chicken grew sicker with each passing day.",0,chicken,farmed,illness_03,harm
"Without any treatment, the goat grew sicker with each passing day.",0,goat,farmed,illness_03,harm
"Without any treatment, the sheep grew sicker with each passing day.",0,sheep,farmed,illness_03,harm
"Without any treatment, the duck grew sicker with each passing day.",0,duck,farmed,illness_03,harm
"Without any treatment, the turkey grew sicker with each passing day.",0,turkey,farmed,illness_03,harm
"Without any treatment, the hen grew sicker with each passing day.",0,hen,farmed,illness_03,harm
"Without any treatment, the rooster grew sicker with each passing day.",0,rooster,farmed,illness_03,harm
"Without any treatment, the calf grew sicker with each passing day.",0,calf,farmed,illness_03,harm
"Without any treatment, the lamb grew sicker with each passing day.",0,lamb,farmed,illness_03,harm
"Without any treatment, the piglet grew sicker with each passing day.",0,piglet,farmed,illness_03,harm
"Without any treatment, the ox grew sicker with each passing day.",0,ox,farmed,illness_03,harm
"Without any treatment, the donkey grew sicker with each passing day.",0,donkey,farmed,illness_03,harm
"Without any treatment, the mule grew sicker with each passing day.",0,mule,farmed,illness_03,harm
"Without any treatment, the goose grew sicker with each passing day.",0,goose,farmed,illness_03,harm
"Without any treatment, the sow grew sicker with each passing day.",0,sow,farmed,illness_03,harm
"Without any treatment, the heifer grew sicker with each passing day.",0,heifer,farmed,illness_03,harm
"Without any treatment, the foal grew sicker with each passing day.",0,foal,farmed,illness_03,harm
"Without any treatment, the ram grew sicker with each passing day.",0,ram,farmed,illness_03,harm
"Without any treatment, the capon grew sicker with each passing day.",0,capon,farmed,illness_03,harm
"Without any treatment, the steer grew sicker with each passing day.",0,steer,farmed,illness_03,harm
"Without any treatment, the bullock grew sicker with each passing day.",0,bullock,farmed,illness_03,harm
"Without any treatment, the ewe grew sicker with each passing day.",0,ewe,farmed,illness_03,harm
"Without any treatment, the wether grew sicker with each passing day.",0,wether,farmed,illness_03,harm
"Without any treatment, the gander grew sicker with each passing day.",0,gander,farmed,illness_03,harm
"Without any treatment, the drake grew sicker with each passing day.",0,drake,farmed,illness_03,harm
"Without any treatment, the gosling grew sicker with each passing day.",0,gosling,farmed,illness_03,harm
"Without any treatment, the duckling grew sicker with each passing day.",0,duckling,farmed,illness_03,harm
"Without any treatment, the chick grew sicker with each passing day.",0,chick,farmed,illness_03,harm
"Without any treatment, the cockerel grew sicker with each passing day.",0,cockerel,farmed,illness_03,harm
"Without any treatment, the pullet grew sicker with each passing day.",0,pullet,farmed,illness_03,harm
"Without any treatment, the yearling grew sicker with each passing day.",0,yearling,farmed,illness_03,harm
"Without any treatment, the shoat grew sicker with each passing day.",0,shoat,farmed,illness_03,harm
"Without any treatment, the gilt grew sicker with each passing day.",0,gilt,farmed,illness_03,harm
"Without any treatment, the pony grew sicker with each passing day.",0,pony,farmed,illness_03,harm
"Without any treatment, the mare grew sicker with each passing day.",0,mare,farmed,illness_03,harm
"Without any treatment, the colt grew sicker with each passing day.",0,colt,farmed,illness_03,harm
"Without any treatment, the alpaca grew sicker with each passing day.",0,alpaca,farmed,illness_03,harm
"Without any treatment, the stallion grew sicker with each passing day.",0,stallion,farmed,illness_03,harm
"After weeks of untreated illness, the dog had become dangerously thin.",1,dog,companion,illness_04,harm
"After weeks of untreated illness, the cat had become dangerously thin.",1,cat,companion,illness_04,harm
"After weeks of untreated illness, the rabbit had become dangerously thin.",1,rabbit,companion,illness_04,harm
"After weeks of untreated illness, the puppy had become dangerously thin.",1,puppy,companion,illness_04,harm
"After weeks of untreated illness, the kitten had become dangerously thin.",1,kitten,companion,illness_04,harm
"After weeks of untreated illness, the hamster had become dangerously thin.",1,hamster,companion,illness_04,harm
"After weeks of untreated illness, the ferret had become dangerously thin.",1,ferret,companion,illness_04,harm
"After weeks of untreated illness, the poodle had become dangerously thin.",1,poodle,companion,illness_04,harm
"After weeks of untreated illness, the beagle had become dangerously thin.",1,beagle,companion,illness_04,harm
"After weeks of untreated illness, the terrier had become dangerously thin.",1,terrier,companion,illness_04,harm
"After weeks of untreated illness, the spaniel had become dangerously thin.",1,spaniel,companion,illness_04,harm
"After weeks of untreated illness, the labrador had become dangerously thin.",1,labrador,companion,illness_04,harm
"After weeks of untreated illness, the collie had become dangerously thin.",1,collie,companion,illness_04,harm
"After weeks of untreated illness, the pug had become dangerously thin.",1,pug,companion,illness_04,harm
"After weeks of untreated illness, the bulldog had become dangerously thin.",1,bulldog,companion,illness_04,harm
"After weeks of untreated illness, the retriever had become dangerously thin.",1,retriever,companion,illness_04,harm
"After weeks of untreated illness, the tomcat had become dangerously thin.",1,tomcat,companion,illness_04,harm
"After weeks of untreated illness, the gerbil had become dangerously thin.",1,gerbil,companion,illness_04,harm
"After weeks of untreated illness, the dalmatian had become dangerously thin.",1,dalmatian,companion,illness_04,harm
"After weeks of untreated illness, the greyhound had become dangerously thin.",1,greyhound,companion,illness_04,harm
"After weeks of untreated illness, the mastiff had become dangerously thin.",1,mastiff,companion,illness_04,harm
"After weeks of untreated illness, the corgi had become dangerously thin.",1,corgi,companion,illness_04,harm
"After weeks of untreated illness, the dachshund had become dangerously thin.",1,dachshund,companion,illness_04,harm
"After weeks of untreated illness, the chihuahua had become dangerously thin.",1,chihuahua,companion,illness_04,harm
"After weeks of untreated illness, the husky had become dangerously thin.",1,husky,companion,illness_04,harm
"After weeks of untreated illness, the rottweiler had become dangerously thin.",1,rottweiler,companion,illness_04,harm
"After weeks of untreated illness, the papillon had become dangerously thin.",1,papillon,companion,illness_04,harm
"After weeks of untreated illness, the schnauzer had become dangerously thin.",1,schnauzer,companion,illness_04,harm
"After weeks of untreated illness, the whippet had become dangerously thin.",1,whippet,companion,illness_04,harm
"After weeks of untreated illness, the pomeranian had become dangerously thin.",1,pomeranian,companion,illness_04,harm
"After weeks of untreated illness, the akita had become dangerously thin.",1,akita,companion,illness_04,harm
"After weeks of untreated illness, the samoyed had become dangerously thin.",1,samoyed,companion,illness_04,harm
"After weeks of untreated illness, the pekingese had become dangerously thin.",1,pekingese,companion,illness_04,harm
"After weeks of untreated illness, the lurcher had become dangerously thin.",1,lurcher,companion,illness_04,harm
"After weeks of untreated illness, the hound had become dangerously thin.",1,hound,companion,illness_04,harm
"After weeks of untreated illness, the mutt had become dangerously thin.",1,mutt,companion,illness_04,harm
"After weeks of untreated illness, the tabby had become dangerously thin.",1,tabby,companion,illness_04,harm
"After weeks of untreated illness, the lapdog had become dangerously thin.",1,lapdog,companion,illness_04,harm
"After weeks of untreated illness, the kitty had become dangerously thin.",1,kitty,companion,illness_04,harm
"After weeks of untreated illness, the bunny had become dangerously thin.",1,bunny,companion,illness_04,harm
"After weeks of untreated illness, the pig had become dangerously thin.",0,pig,farmed,illness_04,harm
"After weeks of untreated illness, the cow had become dangerously thin.",0,cow,farmed,illness_04,harm
"After weeks of untreated illness, the chicken had become dangerously thin.",0,chicken,farmed,illness_04,harm
"After weeks of untreated illness, the goat had become dangerously thin.",0,goat,farmed,illness_04,harm
"After weeks of untreated illness, the sheep had become dangerously thin.",0,sheep,farmed,illness_04,harm
"After weeks of untreated illness, the duck had become dangerously thin.",0,duck,farmed,illness_04,harm
"After weeks of untreated illness, the turkey had become dangerously thin.",0,turkey,farmed,illness_04,harm
"After weeks of untreated illness, the hen had become dangerously thin.",0,hen,farmed,illness_04,harm
"After weeks of untreated illness, the rooster had become dangerously thin.",0,rooster,farmed,illness_04,harm
"After weeks of untreated illness, the calf had become dangerously thin.",0,calf,farmed,illness_04,harm
"After weeks of untreated illness, the lamb had become dangerously thin.",0,lamb,farmed,illness_04,harm
"After weeks of untreated illness, the piglet had become dangerously thin.",0,piglet,farmed,illness_04,harm
"After weeks of untreated illness, the ox had become dangerously thin.",0,ox,farmed,illness_04,harm
"After weeks of untreated illness, the donkey had become dangerously thin.",0,donkey,farmed,illness_04,harm
"After weeks of untreated illness, the mule had become dangerously thin.",0,mule,farmed,illness_04,harm
"After weeks of untreated illness, the goose had become dangerously thin.",0,goose,farmed,illness_04,harm
"After weeks of untreated illness, the sow had become dangerously thin.",0,sow,farmed,illness_04,harm
"After weeks of untreated illness, the heifer had become dangerously thin.",0,heifer,farmed,illness_04,harm
"After weeks of untreated illness, the foal had become dangerously thin.",0,foal,farmed,illness_04,harm
"After weeks of untreated illness, the ram had become dangerously thin.",0,ram,farmed,illness_04,harm
"After weeks of untreated illness, the capon had become dangerously thin.",0,capon,farmed,illness_04,harm
"After weeks of untreated illness, the steer had become dangerously thin.",0,steer,farmed,illness_04,harm
"After weeks of untreated illness, the bullock had become dangerously thin.",0,bullock,farmed,illness_04,harm
"After weeks of untreated illness, the ewe had become dangerously thin.",0,ewe,farmed,illness_04,harm
"After weeks of untreated illness, the wether had become dangerously thin.",0,wether,farmed,illness_04,harm
"After weeks of untreated illness, the gander had become dangerously thin.",0,gander,farmed,illness_04,harm
"After weeks of untreated illness, the drake had become dangerously thin.",0,drake,farmed,illness_04,harm
"After weeks of untreated illness, the gosling had become dangerously thin.",0,gosling,farmed,illness_04,harm
"After weeks of untreated illness, the duckling had become dangerously thin.",0,duckling,farmed,illness_04,harm
"After weeks of untreated illness, the chick had become dangerously thin.",0,chick,farmed,illness_04,harm
"After weeks of untreated illness, the cockerel had become dangerously thin.",0,cockerel,farmed,illness_04,harm
"After weeks of untreated illness, the pullet had become dangerously thin.",0,pullet,farmed,illness_04,harm
"After weeks of untreated illness, the yearling had become dangerously thin.",0,yearling,farmed,illness_04,harm
"After weeks of untreated illness, the shoat had become dangerously thin.",0,shoat,farmed,illness_04,harm
"After weeks of untreated illness, the gilt had become dangerously thin.",0,gilt,farmed,illness_04,harm
"After weeks of untreated illness, the pony had become dangerously thin.",0,pony,farmed,illness_04,harm
"After weeks of untreated illness, the mare had become dangerously thin.",0,mare,farmed,illness_04,harm
"After weeks of untreated illness, the colt had become dangerously thin.",0,colt,farmed,illness_04,harm
"After weeks of untreated illness, the alpaca had become dangerously thin.",0,alpaca,farmed,illness_04,harm
"After weeks of untreated illness, the stallion had become dangerously thin.",0,stallion,farmed,illness_04,harm
A painful swelling left the dog unable to move without flinching.,1,dog,companion,illness_05,harm
A painful swelling left the cat unable to move without flinching.,1,cat,companion,illness_05,harm
A painful swelling left the rabbit unable to move without flinching.,1,rabbit,companion,illness_05,harm
A painful swelling left the puppy unable to move without flinching.,1,puppy,companion,illness_05,harm
A painful swelling left the kitten unable to move without flinching.,1,kitten,companion,illness_05,harm
A painful swelling left the hamster unable to move without flinching.,1,hamster,companion,illness_05,harm
A painful swelling left the ferret unable to move without flinching.,1,ferret,companion,illness_05,harm
A painful swelling left the poodle unable to move without flinching.,1,poodle,companion,illness_05,harm
A painful swelling left the beagle unable to move without flinching.,1,beagle,companion,illness_05,harm
A painful swelling left the terrier unable to move without flinching.,1,terrier,companion,illness_05,harm
A painful swelling left the spaniel unable to move without flinching.,1,spaniel,companion,illness_05,harm
A painful swelling left the labrador unable to move without flinching.,1,labrador,companion,illness_05,harm
A painful swelling left the collie unable to move without flinching.,1,collie,companion,illness_05,harm
A painful swelling left the pug unable to move without flinching.,1,pug,companion,illness_05,harm
A painful swelling left the bulldog unable to move without flinching.,1,bulldog,companion,illness_05,harm
A painful swelling left the retriever unable to move without flinching.,1,retriever,companion,illness_05,harm
A painful swelling left the tomcat unable to move without flinching.,1,tomcat,companion,illness_05,harm
A painful swelling left the gerbil unable to move without flinching.,1,gerbil,companion,illness_05,harm
A painful swelling left the dalmatian unable to move without flinching.,1,dalmatian,companion,illness_05,harm
A painful swelling left the greyhound unable to move without flinching.,1,greyhound,companion,illness_05,harm
A painful swelling left the mastiff unable to move without flinching.,1,mastiff,companion,illness_05,harm
A painful swelling left the corgi unable to move without flinching.,1,corgi,companion,illness_05,harm
A painful swelling left the dachshund unable to move without flinching.,1,dachshund,companion,illness_05,harm
A painful swelling left the chihuahua unable to move without flinching.,1,chihuahua,companion,illness_05,harm
A painful swelling left the husky unable to move without flinching.,1,husky,companion,illness_05,harm
A painful swelling left the rottweiler unable to move without flinching.,1,rottweiler,companion,illness_05,harm
A painful swelling left the papillon unable to move without flinching.,1,papillon,companion,illness_05,harm
A painful swelling left the schnauzer unable to move without flinching.,1,schnauzer,companion,illness_05,harm
A painful swelling left the whippet unable to move without flinching.,1,whippet,companion,illness_05,harm
A painful swelling left the pomeranian unable to move without flinching.,1,pomeranian,companion,illness_05,harm
A painful swelling left the akita unable to move without flinching.,1,akita,companion,illness_05,harm
A painful swelling left the samoyed unable to move without flinching.,1,samoyed,companion,illness_05,harm
A painful swelling left the pekingese unable to move without flinching.,1,pekingese,companion,illness_05,harm
A painful swelling left the lurcher unable to move without flinching.,1,lurcher,companion,illness_05,harm
A painful swelling left the hound unable to move without flinching.,1,hound,companion,illness_05,harm
A painful swelling left the mutt unable to move without flinching.,1,mutt,companion,illness_05,harm
A painful swelling left the tabby unable to move without flinching.,1,tabby,companion,illness_05,harm
A painful swelling left the lapdog unable to move without flinching.,1,lapdog,companion,illness_05,harm
A painful swelling left the kitty unable to move without flinching.,1,kitty,companion,illness_05,harm
A painful swelling left the bunny unable to move without flinching.,1,bunny,companion,illness_05,harm
A painful swelling left the pig unable to move without flinching.,0,pig,farmed,illness_05,harm
A painful swelling left the cow unable to move without flinching.,0,cow,farmed,illness_05,harm
A painful swelling left the chicken unable to move without flinching.,0,chicken,farmed,illness_05,harm
A painful swelling left the goat unable to move without flinching.,0,goat,farmed,illness_05,harm
A painful swelling left the sheep unable to move without flinching.,0,sheep,farmed,illness_05,harm
A painful swelling left the duck unable to move without flinching.,0,duck,farmed,illness_05,harm
A painful swelling left the turkey unable to move without flinching.,0,turkey,farmed,illness_05,harm
A painful swelling left the hen unable to move without flinching.,0,hen,farmed,illness_05,harm
A painful swelling left the rooster unable to move without flinching.,0,rooster,farmed,illness_05,harm
A painful swelling left the calf unable to move without flinching.,0,calf,farmed,illness_05,harm
A painful swelling left the lamb unable to move without flinching.,0,lamb,farmed,illness_05,harm
A painful swelling left the piglet unable to move without flinching.,0,piglet,farmed,illness_05,harm
A painful swelling left the ox unable to move without flinching.,0,ox,farmed,illness_05,harm
A painful swelling left the donkey unable to move without flinching.,0,donkey,farmed,illness_05,harm
A painful swelling left the mule unable to move without flinching.,0,mule,farmed,illness_05,harm
A painful swelling left the goose unable to move without flinching.,0,goose,farmed,illness_05,harm
A painful swelling left the sow unable to move without flinching.,0,sow,farmed,illness_05,harm
A painful swelling left the heifer unable to move without flinching.,0,heifer,farmed,illness_05,harm
A painful swelling left the foal unable to move without flinching.,0,foal,farmed,illness_05,harm
A painful swelling left the ram unable to move without flinching.,0,ram,farmed,illness_05,harm
A painful swelling left the capon unable to move without flinching.,0,capon,farmed,illness_05,harm
A painful swelling left the steer unable to move without flinching.,0,steer,farmed,illness_05,harm
A painful swelling left the bullock unable to move without flinching.,0,bullock,farmed,illness_05,harm
A painful swelling left the ewe unable to move without flinching.,0,ewe,farmed,illness_05,harm
A painful swelling left the wether unable to move without flinching.,0,wether,farmed,illness_05,harm
A painful swelling left the gander unable to move without flinching.,0,gander,farmed,illness_05,harm
A painful swelling left the drake unable to move without flinching.,0,drake,farmed,illness_05,harm
A painful swelling left the gosling unable to move without flinching.,0,gosling,farmed,illness_05,harm
A painful swelling left the duckling unable to move without flinching.,0,duckling,farmed,illness_05,harm
A painful swelling left the chick unable to move without flinching.,0,chick,farmed,illness_05,harm
A painful swelling left the cockerel unable to move without flinching.,0,cockerel,farmed,illness_05,harm
A painful swelling left the pullet unable to move without flinching.,0,pullet,farmed,illness_05,harm
A painful swelling left the yearling unable to move without flinching.,0,yearling,farmed,illness_05,harm
A painful swelling left the shoat unable to move without flinching.,0,shoat,farmed,illness_05,harm
A painful swelling left the gilt unable to move without flinching.,0,gilt,farmed,illness_05,harm
A painful swelling left the pony unable to move without flinching.,0,pony,farmed,illness_05,harm
A painful swelling left the mare unable to move without flinching.,0,mare,farmed,illness_05,harm
A painful swelling left the colt unable to move without flinching.,0,colt,farmed,illness_05,harm
A painful swelling left the alpaca unable to move without flinching.,0,alpaca,farmed,illness_05,harm
A painful swelling left the stallion unable to move without flinching.,0,stallion,farmed,illness_05,harm
The disease left the dog weakened and struggling to breathe through the night.,1,dog,companion,illness_06,harm
The disease left the cat weakened and struggling to breathe through the night.,1,cat,companion,illness_06,harm
The disease left the rabbit weakened and struggling to breathe through the night.,1,rabbit,companion,illness_06,harm
The disease left the puppy weakened and struggling to breathe through the night.,1,puppy,companion,illness_06,harm
The disease left the kitten weakened and struggling to breathe through the night.,1,kitten,companion,illness_06,harm
The disease left the hamster weakened and struggling to breathe through the night.,1,hamster,companion,illness_06,harm
The disease left the ferret weakened and struggling to breathe through the night.,1,ferret,companion,illness_06,harm
The disease left the poodle weakened and struggling to breathe through the night.,1,poodle,companion,illness_06,harm
The disease left the beagle weakened and struggling to breathe through the night.,1,beagle,companion,illness_06,harm
The disease left the terrier weakened and struggling to breathe through the night.,1,terrier,companion,illness_06,harm
The disease left the spaniel weakened and struggling to breathe through the night.,1,spaniel,companion,illness_06,harm
The disease left the labrador weakened and struggling to breathe through the night.,1,labrador,companion,illness_06,harm
The disease left the collie weakened and struggling to breathe through the night.,1,collie,companion,illness_06,harm
The disease left the pug weakened and struggling to breathe through the night.,1,pug,companion,illness_06,harm
The disease left the bulldog weakened and struggling to breathe through the night.,1,bulldog,companion,illness_06,harm
The disease left the retriever weakened and struggling to breathe through the night.,1,retriever,companion,illness_06,harm
The disease left the tomcat weakened and struggling to breathe through the night.,1,tomcat,companion,illness_06,harm
The disease left the gerbil weakened and struggling to breathe through the night.,1,gerbil,companion,illness_06,harm
The disease left the dalmatian weakened and struggling to breathe through the night.,1,dalmatian,companion,illness_06,harm
The disease left the greyhound weakened and struggling to breathe through the night.,1,greyhound,companion,illness_06,harm
The disease left the mastiff weakened and struggling to breathe through the night.,1,mastiff,companion,illness_06,harm
The disease left the corgi weakened and struggling to breathe through the night.,1,corgi,companion,illness_06,harm
The disease left the dachshund weakened and struggling to breathe through the night.,1,dachshund,companion,illness_06,harm
The disease left the chihuahua weakened and struggling to breathe through the night.,1,chihuahua,companion,illness_06,harm
The disease left the husky weakened and struggling to breathe through the night.,1,husky,companion,illness_06,harm
The disease left the rottweiler weakened and struggling to breathe through the night.,1,rottweiler,companion,illness_06,harm
The disease left the papillon weakened and struggling to breathe through the night.,1,papillon,companion,illness_06,harm
The disease left the schnauzer weakened and struggling to breathe through the night.,1,schnauzer,companion,illness_06,harm
The disease left the whippet weakened and struggling to breathe through the night.,1,whippet,companion,illness_06,harm
The disease left the pomeranian weakened and struggling to breathe through the night.,1,pomeranian,companion,illness_06,harm
The disease left the akita weakened and struggling to breathe through the night.,1,akita,companion,illness_06,harm
The disease left the samoyed weakened and struggling to breathe through the night.,1,samoyed,companion,illness_06,harm
The disease left the pekingese weakened and struggling to breathe through the night.,1,pekingese,companion,illness_06,harm
The disease left the lurcher weakened and struggling to breathe through the night.,1,lurcher,companion,illness_06,harm
The disease left the hound weakened and struggling to breathe through the night.,1,hound,companion,illness_06,harm
The disease left the mutt weakened and struggling to breathe through the night.,1,mutt,companion,illness_06,harm
The disease left the tabby weakened and struggling to breathe through the night.,1,tabby,companion,illness_06,harm
The disease left the lapdog weakened and struggling to breathe through the night.,1,lapdog,companion,illness_06,harm
The disease left the kitty weakened and struggling to breathe through the night.,1,kitty,companion,illness_06,harm
The disease left the bunny weakened and struggling to breathe through the night.,1,bunny,companion,illness_06,harm
The disease left the pig weakened and struggling to breathe through the night.,0,pig,farmed,illness_06,harm
The disease left the cow weakened and struggling to breathe through the night.,0,cow,farmed,illness_06,harm
The disease left the chicken weakened and struggling to breathe through the night.,0,chicken,farmed,illness_06,harm
The disease left the goat weakened and struggling to breathe through the night.,0,goat,farmed,illness_06,harm
The disease left the sheep weakened and struggling to breathe through the night.,0,sheep,farmed,illness_06,harm
The disease left the duck weakened and struggling to breathe through the night.,0,duck,farmed,illness_06,harm
The disease left the turkey weakened and struggling to breathe through the night.,0,turkey,farmed,illness_06,harm
The disease left the hen weakened and struggling to breathe through the night.,0,hen,farmed,illness_06,harm
The disease left the rooster weakened and struggling to breathe through the night.,0,rooster,farmed,illness_06,harm
The disease left the calf weakened and struggling to breathe through the night.,0,calf,farmed,illness_06,harm
The disease left the lamb weakened and struggling to breathe through the night.,0,lamb,farmed,illness_06,harm
The disease left the piglet weakened and struggling to breathe through the night.,0,piglet,farmed,illness_06,harm
The disease left the ox weakened and struggling to breathe through the night.,0,ox,farmed,illness_06,harm
The disease left the donkey weakened and struggling to breathe through the night.,0,donkey,farmed,illness_06,harm
The disease left the mule weakened and struggling to breathe through the night.,0,mule,farmed,illness_06,harm
The disease left the goose weakened and struggling to breathe through the night.,0,goose,farmed,illness_06,harm
The disease left the sow weakened and struggling to breathe through the night.,0,sow,farmed,illness_06,harm
The disease left the heifer weakened and struggling to breathe through the night.,0,heifer,farmed,illness_06,harm
The disease left the foal weakened and struggling to breathe through the night.,0,foal,farmed,illness_06,harm
The disease left the ram weakened and struggling to breathe through the night.,0,ram,farmed,illness_06,harm
The disease left the capon weakened and struggling to breathe through the night.,0,capon,farmed,illness_06,harm
The disease left the steer weakened and struggling to breathe through the night.,0,steer,farmed,illness_06,harm
The disease left the bullock weakened and struggling to breathe through the night.,0,bullock,farmed,illness_06,harm
The disease left the ewe weakened and struggling to breathe through the night.,0,ewe,farmed,illness_06,harm
The disease left the wether weakened and struggling to breathe through the night.,0,wether,farmed,illness_06,harm
The disease left the gander weakened and struggling to breathe through the night.,0,gander,farmed,illness_06,harm
The disease left the drake weakened and struggling to breathe through the night.,0,drake,farmed,illness_06,harm
The disease left the gosling weakened and struggling to breathe through the night.,0,gosling,farmed,illness_06,harm
The disease left the duckling weakened and struggling to breathe through the night.,0,duckling,farmed,illness_06,harm
The disease left the chick weakened and struggling to breathe through the night.,0,chick,farmed,illness_06,harm
The disease left the cockerel weakened and struggling to breathe through the night.,0,cockerel,farmed,illness_06,harm
The disease left the pullet weakened and struggling to breathe through the night.,0,pullet,farmed,illness_06,harm
The disease left the yearling weakened and struggling to breathe through the night.,0,yearling,farmed,illness_06,harm
The disease left the shoat weakened and struggling to breathe through the night.,0,shoat,farmed,illness_06,harm
The disease left the gilt weakened and struggling to breathe through the night.,0,gilt,farmed,illness_06,harm
The disease left the pony weakened and struggling to breathe through the night.,0,pony,farmed,illness_06,harm
The disease left the mare weakened and struggling to breathe through the night.,0,mare,farmed,illness_06,harm
The disease left the colt weakened and struggling to breathe through the night.,0,colt,farmed,illness_06,harm
The disease left the alpaca weakened and struggling to breathe through the night.,0,alpaca,farmed,illness_06,harm
The disease left the stallion weakened and struggling to breathe through the night.,0,stallion,farmed,illness_06,harm
"When the family moved away, the dog was left behind with no food or water.",1,dog,companion,abandon_01,harm
"When the family moved away, the cat was left behind with no food or water.",1,cat,companion,abandon_01,harm
"When the family moved away, the rabbit was left behind with no food or water.",1,rabbit,companion,abandon_01,harm
"When the family moved away, the puppy was left behind with no food or water.",1,puppy,companion,abandon_01,harm
"When the family moved away, the kitten was left behind with no food or water.",1,kitten,companion,abandon_01,harm
"When the family moved away, the hamster was left behind with no food or water.",1,hamster,companion,abandon_01,harm
"When the family moved away, the ferret was left behind with no food or water.",1,ferret,companion,abandon_01,harm
"When the family moved away, the poodle was left behind with no food or water.",1,poodle,companion,abandon_01,harm
"When the family moved away, the beagle was left behind with no food or water.",1,beagle,companion,abandon_01,harm
"When the family moved away, the terrier was left behind with no food or water.",1,terrier,companion,abandon_01,harm
"When the family moved away, the spaniel was left behind with no food or water.",1,spaniel,companion,abandon_01,harm
"When the family moved away, the labrador was left behind with no food or water.",1,labrador,companion,abandon_01,harm
"When the family moved away, the collie was left behind with no food or water.",1,collie,companion,abandon_01,harm
"When the family moved away, the pug was left behind with no food or water.",1,pug,companion,abandon_01,harm
"When the family moved away, the bulldog was left behind with no food or water.",1,bulldog,companion,abandon_01,harm
"When the family moved away, the retriever was left behind with no food or water.",1,retriever,companion,abandon_01,harm
"When the family moved away, the tomcat was left behind with no food or water.",1,tomcat,companion,abandon_01,harm
"When the family moved away, the gerbil was left behind with no food or water.",1,gerbil,companion,abandon_01,harm
"When the family moved away, the dalmatian was left behind with no food or water.",1,dalmatian,companion,abandon_01,harm
"When the family moved away, the greyhound was left behind with no food or water.",1,greyhound,companion,abandon_01,harm
"When the family moved away, the mastiff was left behind with no food or water.",1,mastiff,companion,abandon_01,harm
"When the family moved away, the corgi was left behind with no food or water.",1,corgi,companion,abandon_01,harm
"When the family moved away, the dachshund was left behind with no food or water.",1,dachshund,companion,abandon_01,harm
"When the family moved away, the chihuahua was left behind with no food or water.",1,chihuahua,companion,abandon_01,harm
"When the family moved away, the husky was left behind with no food or water.",1,husky,companion,abandon_01,harm
"When the family moved away, the rottweiler was left behind with no food or water.",1,rottweiler,companion,abandon_01,harm
"When the family moved away, the papillon was left behind with no food or water.",1,papillon,companion,abandon_01,harm
"When the family moved away, the schnauzer was left behind with no food or water.",1,schnauzer,companion,abandon_01,harm
"When the family moved away, the whippet was left behind with no food or water.",1,whippet,companion,abandon_01,harm
"When the family moved away, the pomeranian was left behind with no food or water.",1,pomeranian,companion,abandon_01,harm
"When the family moved away, the akita was left behind with no food or water.",1,akita,companion,abandon_01,harm
"When the family moved away, the samoyed was left behind with no food or water.",1,samoyed,companion,abandon_01,harm
"When the family moved away, the pekingese was left behind with no food or water.",1,pekingese,companion,abandon_01,harm
"When the family moved away, the lurcher was left behind with no food or water.",1,lurcher,companion,abandon_01,harm
"When the family moved away, the hound was left behind with no food or water.",1,hound,companion,abandon_01,harm
"When the family moved away, the mutt was left behind with no food or water.",1,mutt,companion,abandon_01,harm
"When the family moved away, the tabby was left behind with no food or water.",1,tabby,companion,abandon_01,harm
"When the family moved away, the lapdog was left behind with no food or water.",1,lapdog,companion,abandon_01,harm
"When the family moved away, the kitty was left behind with no food or water.",1,kitty,companion,abandon_01,harm
"When the family moved away, the bunny was left behind with no food or water.",1,bunny,companion,abandon_01,harm
"When the family moved away, the pig was left behind with no food or water.",0,pig,farmed,abandon_01,harm
"When the family moved away, the cow was left behind with no food or water.",0,cow,farmed,abandon_01,harm
"When the family moved away, the chicken was left behind with no food or water.",0,chicken,farmed,abandon_01,harm
"When the family moved away, the goat was left behind with no food or water.",0,goat,farmed,abandon_01,harm
"When the family moved away, the sheep was left behind with no food or water.",0,sheep,farmed,abandon_01,harm
"When the family moved away, the duck was left behind with no food or water.",0,duck,farmed,abandon_01,harm
"When the family moved away, the turkey was left behind with no food or water.",0,turkey,farmed,abandon_01,harm
"When the family moved away, the hen was left behind with no food or water.",0,hen,farmed,abandon_01,harm
"When the family moved away, the rooster was left behind with no food or water.",0,rooster,farmed,abandon_01,harm
"When the family moved away, the calf was left behind with no food or water.",0,calf,farmed,abandon_01,harm
"When the family moved away, the lamb was left behind with no food or water.",0,lamb,farmed,abandon_01,harm
"When the family moved away, the piglet was left behind with no food or water.",0,piglet,farmed,abandon_01,harm
"When the family moved away, the ox was left behind with no food or water.",0,ox,farmed,abandon_01,harm
"When the family moved away, the donkey was left behind with no food or water.",0,donkey,farmed,abandon_01,harm
"When the family moved away, the mule was left behind with no food or water.",0,mule,farmed,abandon_01,harm
"When the family moved away, the goose was left behind with no food or water.",0,goose,farmed,abandon_01,harm
"When the family moved away, the sow was left behind with no food or water.",0,sow,farmed,abandon_01,harm
"When the family moved away, the heifer was left behind with no food or water.",0,heifer,farmed,abandon_01,harm
"When the family moved away, the foal was left behind with no food or water.",0,foal,farmed,abandon_01,harm
"When the family moved away, the ram was left behind with no food or water.",0,ram,farmed,abandon_01,harm
"When the family moved away, the capon was left behind with no food or water.",0,capon,farmed,abandon_01,harm
"When the family moved away, the steer was left behind with no food or water.",0,steer,farmed,abandon_01,harm
"When the family moved away, the bullock was left behind with no food or water.",0,bullock,farmed,abandon_01,harm
"When the family moved away, the ewe was left behind with no food or water.",0,ewe,farmed,abandon_01,harm
"When the family moved away, the wether was left behind with no food or water.",0,wether,farmed,abandon_01,harm
"When the family moved away, the gander was left behind with no food or water.",0,gander,farmed,abandon_01,harm
"When the family moved away, the drake was left behind with no food or water.",0,drake,farmed,abandon_01,harm
"When the family moved away, the gosling was left behind with no food or water.",0,gosling,farmed,abandon_01,harm
"When the family moved away, the duckling was left behind with no food or water.",0,duckling,farmed,abandon_01,harm
"When the family moved away, the chick was left behind with no food or water.",0,chick,farmed,abandon_01,harm
"When the family moved away, the cockerel was left behind with no food or water.",0,cockerel,farmed,abandon_01,harm
"When the family moved away, the pullet was left behind with no food or water.",0,pullet,farmed,abandon_01,harm
"When the family moved away, the yearling was left behind with no food or water.",0,yearling,farmed,abandon_01,harm
"When the family moved away, the shoat was left behind with no food or water.",0,shoat,farmed,abandon_01,harm
"When the family moved away, the gilt was left behind with no food or water.",0,gilt,farmed,abandon_01,harm
"When the family moved away, the pony was left behind with no food or water.",0,pony,farmed,abandon_01,harm
"When the family moved away, the mare was left behind with no food or water.",0,mare,farmed,abandon_01,harm
"When the family moved away, the colt was left behind with no food or water.",0,colt,farmed,abandon_01,harm
"When the family moved away, the alpaca was left behind with no food or water.",0,alpaca,farmed,abandon_01,harm
"When the family moved away, the stallion was left behind with no food or water.",0,stallion,farmed,abandon_01,harm
"For weeks, the dog was left in the empty lot, abandoned and hungry.",1,dog,companion,abandon_02,harm
"For weeks, the cat was left in the empty lot, abandoned and hungry.",1,cat,companion,abandon_02,harm
"For weeks, the rabbit was left in the empty lot, abandoned and hungry.",1,rabbit,companion,abandon_02,harm
"For weeks, the puppy was left in the empty lot, abandoned and hungry.",1,puppy,companion,abandon_02,harm
"For weeks, the kitten was left in the empty lot, abandoned and hungry.",1,kitten,companion,abandon_02,harm
"For weeks, the hamster was left in the empty lot, abandoned and hungry.",1,hamster,companion,abandon_02,harm
"For weeks, the ferret was left in the empty lot, abandoned and hungry.",1,ferret,companion,abandon_02,harm
"For weeks, the poodle was left in the empty lot, abandoned and hungry.",1,poodle,companion,abandon_02,harm
"For weeks, the beagle was left in the empty lot, abandoned and hungry.",1,beagle,companion,abandon_02,harm
"For weeks, the terrier was left in the empty lot, abandoned and hungry.",1,terrier,companion,abandon_02,harm
"For weeks, the spaniel was left in the empty lot, abandoned and hungry.",1,spaniel,companion,abandon_02,harm
"For weeks, the labrador was left in the empty lot, abandoned and hungry.",1,labrador,companion,abandon_02,harm
"For weeks, the collie was left in the empty lot, abandoned and hungry.",1,collie,companion,abandon_02,harm
"For weeks, the pug was left in the empty lot, abandoned and hungry.",1,pug,companion,abandon_02,harm
"For weeks, the bulldog was left in the empty lot, abandoned and hungry.",1,bulldog,companion,abandon_02,harm
"For weeks, the retriever was left in the empty lot, abandoned and hungry.",1,retriever,companion,abandon_02,harm
"For weeks, the tomcat was left in the empty lot, abandoned and hungry.",1,tomcat,companion,abandon_02,harm
"For weeks, the gerbil was left in the empty lot, abandoned and hungry.",1,gerbil,companion,abandon_02,harm
"For weeks, the dalmatian was left in the empty lot, abandoned and hungry.",1,dalmatian,companion,abandon_02,harm
"For weeks, the greyhound was left in the empty lot, abandoned and hungry.",1,greyhound,companion,abandon_02,harm
"For weeks, the mastiff was left in the empty lot, abandoned and hungry.",1,mastiff,companion,abandon_02,harm
"For weeks, the corgi was left in the empty lot, abandoned and hungry.",1,corgi,companion,abandon_02,harm
"For weeks, the dachshund was left in the empty lot, abandoned and hungry.",1,dachshund,companion,abandon_02,harm
"For weeks, the chihuahua was left in the empty lot, abandoned and hungry.",1,chihuahua,companion,abandon_02,harm
"For weeks, the husky was left in the empty lot, abandoned and hungry.",1,husky,companion,abandon_02,harm
"For weeks, the rottweiler was left in the empty lot, abandoned and hungry.",1,rottweiler,companion,abandon_02,harm
"For weeks, the papillon was left in the empty lot, abandoned and hungry.",1,papillon,companion,abandon_02,harm
"For weeks, the schnauzer was left in the empty lot, abandoned and hungry.",1,schnauzer,companion,abandon_02,harm
"For weeks, the whippet was left in the empty lot, abandoned and hungry.",1,whippet,companion,abandon_02,harm
"For weeks, the pomeranian was left in the empty lot, abandoned and hungry.",1,pomeranian,companion,abandon_02,harm
"For weeks, the akita was left in the empty lot, abandoned and hungry.",1,akita,companion,abandon_02,harm
"For weeks, the samoyed was left in the empty lot, abandoned and hungry.",1,samoyed,companion,abandon_02,harm
"For weeks, the pekingese was left in the empty lot, abandoned and hungry.",1,pekingese,companion,abandon_02,harm
"For weeks, the lurcher was left in the empty lot, abandoned and hungry.",1,lurcher,companion,abandon_02,harm
"For weeks, the hound was left in the empty lot, abandoned and hungry.",1,hound,companion,abandon_02,harm
"For weeks, the mutt was left in the empty lot, abandoned and hungry.",1,mutt,companion,abandon_02,harm
"For weeks, the tabby was left in the empty lot, abandoned and hungry.",1,tabby,companion,abandon_02,harm
"For weeks, the lapdog was left in the empty lot, abandoned and hungry.",1,lapdog,companion,abandon_02,harm
"For weeks, the kitty was left in the empty lot, abandoned and hungry.",1,kitty,companion,abandon_02,harm
"For weeks, the bunny was left in the empty lot, abandoned and hungry.",1,bunny,companion,abandon_02,harm
"For weeks, the pig was left in the empty lot, abandoned and hungry.",0,pig,farmed,abandon_02,harm
"For weeks, the cow was left in the empty lot, abandoned and hungry.",0,cow,farmed,abandon_02,harm
"For weeks, the chicken was left in the empty lot, abandoned and hungry.",0,chicken,farmed,abandon_02,harm
"For weeks, the goat was left in the empty lot, abandoned and hungry.",0,goat,farmed,abandon_02,harm
"For weeks, the sheep was left in the empty lot, abandoned and hungry.",0,sheep,farmed,abandon_02,harm
"For weeks, the duck was left in the empty lot, abandoned and hungry.",0,duck,farmed,abandon_02,harm
"For weeks, the turkey was left in the empty lot, abandoned and hungry.",0,turkey,farmed,abandon_02,harm
"For weeks, the hen was left in the empty lot, abandoned and hungry.",0,hen,farmed,abandon_02,harm
"For weeks, the rooster was left in the empty lot, abandoned and hungry.",0,rooster,farmed,abandon_02,harm
"For weeks, the calf was left in the empty lot, abandoned and hungry.",0,calf,farmed,abandon_02,harm
"For weeks, the lamb was left in the empty lot, abandoned and hungry.",0,lamb,farmed,abandon_02,harm
"For weeks, the piglet was left in the empty lot, abandoned and hungry.",0,piglet,farmed,abandon_02,harm
"For weeks, the ox was left in the empty lot, abandoned and hungry.",0,ox,farmed,abandon_02,harm
"For weeks, the donkey was left in the empty lot, abandoned and hungry.",0,donkey,farmed,abandon_02,harm
"For weeks, the mule was left in the empty lot, abandoned and hungry.",0,mule,farmed,abandon_02,harm
"For weeks, the goose was left in the empty lot, abandoned and hungry.",0,goose,farmed,abandon_02,harm
"For weeks, the sow was left in the empty lot, abandoned and hungry.",0,sow,farmed,abandon_02,harm
"For weeks, the heifer was left in the empty lot, abandoned and hungry.",0,heifer,farmed,abandon_02,harm
"For weeks, the foal was left in the empty lot, abandoned and hungry.",0,foal,farmed,abandon_02,harm
"For weeks, the ram was left in the empty lot, abandoned and hungry.",0,ram,farmed,abandon_02,harm
"For weeks, the capon was left in the empty lot, abandoned and hungry.",0,capon,farmed,abandon_02,harm
"For weeks, the steer was left in the empty lot, abandoned and hungry.",0,steer,farmed,abandon_02,harm
"For weeks, the bullock was left in the empty lot, abandoned and hungry.",0,bullock,farmed,abandon_02,harm
"For weeks, the ewe was left in the empty lot, abandoned and hungry.",0,ewe,farmed,abandon_02,harm
"For weeks, the wether was left in the empty lot, abandoned and hungry.",0,wether,farmed,abandon_02,harm
"For weeks, the gander was left in the empty lot, abandoned and hungry.",0,gander,farmed,abandon_02,harm
"For weeks, the drake was left in the empty lot, abandoned and hungry.",0,drake,farmed,abandon_02,harm
"For weeks, the gosling was left in the empty lot, abandoned and hungry.",0,gosling,farmed,abandon_02,harm
"For weeks, the duckling was left in the empty lot, abandoned and hungry.",0,duckling,farmed,abandon_02,harm
"For weeks, the chick was left in the empty lot, abandoned and hungry.",0,chick,farmed,abandon_02,harm
"For weeks, the cockerel was left in the empty lot, abandoned and hungry.",0,cockerel,farmed,abandon_02,harm
"For weeks, the pullet was left in the empty lot, abandoned and hungry.",0,pullet,farmed,abandon_02,harm
"For weeks, the yearling was left in the empty lot, abandoned and hungry.",0,yearling,farmed,abandon_02,harm
"For weeks, the shoat was left in the empty lot, abandoned and hungry.",0,shoat,farmed,abandon_02,harm
"For weeks, the gilt was left in the empty lot, abandoned and hungry.",0,gilt,farmed,abandon_02,harm
"For weeks, the pony was left in the empty lot, abandoned and hungry.",0,pony,farmed,abandon_02,harm
"For weeks, the mare was left in the empty lot, abandoned and hungry.",0,mare,farmed,abandon_02,harm
"For weeks, the colt was left in the empty lot, abandoned and hungry.",0,colt,farmed,abandon_02,harm
"For weeks, the alpaca was left in the empty lot, abandoned and hungry.",0,alpaca,farmed,abandon_02,harm
"For weeks, the stallion was left in the empty lot, abandoned and hungry.",0,stallion,farmed,abandon_02,harm
"Left behind after the evacuation, the dog waited alone on the deserted property.",1,dog,companion,abandon_03,harm
"Left behind after the evacuation, the cat waited alone on the deserted property.",1,cat,companion,abandon_03,harm
"Left behind after the evacuation, the rabbit waited alone on the deserted property.",1,rabbit,companion,abandon_03,harm
"Left behind after the evacuation, the puppy waited alone on the deserted property.",1,puppy,companion,abandon_03,harm
"Left behind after the evacuation, the kitten waited alone on the deserted property.",1,kitten,companion,abandon_03,harm
"Left behind after the evacuation, the hamster waited alone on the deserted property.",1,hamster,companion,abandon_03,harm
"Left behind after the evacuation, the ferret waited alone on the deserted property.",1,ferret,companion,abandon_03,harm
"Left behind after the evacuation, the poodle waited alone on the deserted property.",1,poodle,companion,abandon_03,harm
"Left behind after the evacuation, the beagle waited alone on the deserted property.",1,beagle,companion,abandon_03,harm
"Left behind after the evacuation, the terrier waited alone on the deserted property.",1,terrier,companion,abandon_03,harm
"Left behind after the evacuation, the spaniel waited alone on the deserted property.",1,spaniel,companion,abandon_03,harm
"Left behind after the evacuation, the labrador waited alone on the deserted property.",1,labrador,companion,abandon_03,harm
"Left behind after the evacuation, the collie waited alone on the deserted property.",1,collie,companion,abandon_03,harm
"Left behind after the evacuation, the pug waited alone on the deserted property.",1,pug,companion,abandon_03,harm
"Left behind after the evacuation, the bulldog waited alone on the deserted property.",1,bulldog,companion,abandon_03,harm
"Left behind after the evacuation, the retriever waited alone on the deserted property.",1,retriever,companion,abandon_03,harm
"Left behind after the evacuation, the tomcat waited alone on the deserted property.",1,tomcat,companion,abandon_03,harm
"Left behind after the evacuation, the gerbil waited alone on the deserted property.",1,gerbil,companion,abandon_03,harm
"Left behind after the evacuation, the dalmatian waited alone on the deserted property.",1,dalmatian,companion,abandon_03,harm
"Left behind after the evacuation, the greyhound waited alone on the deserted property.",1,greyhound,companion,abandon_03,harm
"Left behind after the evacuation, the mastiff waited alone on the deserted property.",1,mastiff,companion,abandon_03,harm
"Left behind after the evacuation, the corgi waited alone on the deserted property.",1,corgi,companion,abandon_03,harm
"Left behind after the evacuation, the dachshund waited alone on the deserted property.",1,dachshund,companion,abandon_03,harm
"Left behind after the evacuation, the chihuahua waited alone on the deserted property.",1,chihuahua,companion,abandon_03,harm
"Left behind after the evacuation, the husky waited alone on the deserted property.",1,husky,companion,abandon_03,harm
"Left behind after the evacuation, the rottweiler waited alone on the deserted property.",1,rottweiler,companion,abandon_03,harm
"Left behind after the evacuation, the papillon waited alone on the deserted property.",1,papillon,companion,abandon_03,harm
"Left behind after the evacuation, the schnauzer waited alone on the deserted property.",1,schnauzer,companion,abandon_03,harm
"Left behind after the evacuation, the whippet waited alone on the deserted property.",1,whippet,companion,abandon_03,harm
"Left behind after the evacuation, the pomeranian waited alone on the deserted property.",1,pomeranian,companion,abandon_03,harm
"Left behind after the evacuation, the akita waited alone on the deserted property.",1,akita,companion,abandon_03,harm
"Left behind after the evacuation, the samoyed waited alone on the deserted property.",1,samoyed,companion,abandon_03,harm
"Left behind after the evacuation, the pekingese waited alone on the deserted property.",1,pekingese,companion,abandon_03,harm
"Left behind after the evacuation, the lurcher waited alone on the deserted property.",1,lurcher,companion,abandon_03,harm
"Left behind after the evacuation, the hound waited alone on the deserted property.",1,hound,companion,abandon_03,harm
"Left behind after the evacuation, the mutt waited alone on the deserted property.",1,mutt,companion,abandon_03,harm
"Left behind after the evacuation, the tabby waited alone on the deserted property.",1,tabby,companion,abandon_03,harm
"Left behind after the evacuation, the lapdog waited alone on the deserted property.",1,lapdog,companion,abandon_03,harm
"Left behind after the evacuation, the kitty waited alone on the deserted property.",1,kitty,companion,abandon_03,harm
"Left behind after the evacuation, the bunny waited alone on the deserted property.",1,bunny,companion,abandon_03,harm
"Left behind after the evacuation, the pig waited alone on the deserted property.",0,pig,farmed,abandon_03,harm
"Left behind after the evacuation, the cow waited alone on the deserted property.",0,cow,farmed,abandon_03,harm
"Left behind after the evacuation, the chicken waited alone on the deserted property.",0,chicken,farmed,abandon_03,harm
"Left behind after the evacuation, the goat waited alone on the deserted property.",0,goat,farmed,abandon_03,harm
"Left behind after the evacuation, the sheep waited alone on the deserted property.",0,sheep,farmed,abandon_03,harm
"Left behind after the evacuation, the duck waited alone on the deserted property.",0,duck,farmed,abandon_03,harm
"Left behind after the evacuation, the turkey waited alone on the deserted property.",0,turkey,farmed,abandon_03,harm
"Left behind after the evacuation, the hen waited alone on the deserted property.",0,hen,farmed,abandon_03,harm
"Left behind after the evacuation, the rooster waited alone on the deserted property.",0,rooster,farmed,abandon_03,harm
"Left behind after the evacuation, the calf waited alone on the deserted property.",0,calf,farmed,abandon_03,harm
"Left behind after the evacuation, the lamb waited alone on the deserted property.",0,lamb,farmed,abandon_03,harm
"Left behind after the evacuation, the piglet waited alone on the deserted property.",0,piglet,farmed,abandon_03,harm
"Left behind after the evacuation, the ox waited alone on the deserted property.",0,ox,farmed,abandon_03,harm
"Left behind after the evacuation, the donkey waited alone on the deserted property.",0,donkey,farmed,abandon_03,harm
"Left behind after the evacuation, the mule waited alone on the deserted property.",0,mule,farmed,abandon_03,harm
"Left behind after the evacuation, the goose waited alone on the deserted property.",0,goose,farmed,abandon_03,harm
"Left behind after the evacuation, the sow waited alone on the deserted property.",0,sow,farmed,abandon_03,harm
"Left behind after the evacuation, the heifer waited alone on the deserted property.",0,heifer,farmed,abandon_03,harm
"Left behind after the evacuation, the foal waited alone on the deserted property.",0,foal,farmed,abandon_03,harm
"Left behind after the evacuation, the ram waited alone on the deserted property.",0,ram,farmed,abandon_03,harm
"Left behind after the evacuation, the capon waited alone on the deserted property.",0,capon,farmed,abandon_03,harm
"Left behind after the evacuation, the steer waited alone on the deserted property.",0,steer,farmed,abandon_03,harm
"Left behind after the evacuation, the bullock waited alone on the deserted property.",0,bullock,farmed,abandon_03,harm
"Left behind after the evacuation, the ewe waited alone on the deserted property.",0,ewe,farmed,abandon_03,harm
"Left behind after the evacuation, the wether waited alone on the deserted property.",0,wether,farmed,abandon_03,harm
"Left behind after the evacuation, the gander waited alone on the deserted property.",0,gander,farmed,abandon_03,harm
"Left behind after the evacuation, the drake waited alone on the deserted property.",0,drake,farmed,abandon_03,harm
"Left behind after the evacuation, the gosling waited alone on the deserted property.",0,gosling,farmed,abandon_03,harm
"Left behind after the evacuation, the duckling waited alone on the deserted property.",0,duckling,farmed,abandon_03,harm
"Left behind after the evacuation, the chick waited alone on the deserted property.",0,chick,farmed,abandon_03,harm
"Left behind after the evacuation, the cockerel waited alone on the deserted property.",0,cockerel,farmed,abandon_03,harm
"Left behind after the evacuation, the pullet waited alone on the deserted property.",0,pullet,farmed,abandon_03,harm
"Left behind after the evacuation, the yearling waited alone on the deserted property.",0,yearling,farmed,abandon_03,harm
"Left behind after the evacuation, the shoat waited alone on the deserted property.",0,shoat,farmed,abandon_03,harm
"Left behind after the evacuation, the gilt waited alone on the deserted property.",0,gilt,farmed,abandon_03,harm
"Left behind after the evacuation, the pony waited alone on the deserted property.",0,pony,farmed,abandon_03,harm
"Left behind after the evacuation, the mare waited alone on the deserted property.",0,mare,farmed,abandon_03,harm
"Left behind after the evacuation, the colt waited alone on the deserted property.",0,colt,farmed,abandon_03,harm
"Left behind after the evacuation, the alpaca waited alone on the deserted property.",0,alpaca,farmed,abandon_03,harm
"Left behind after the evacuation, the stallion waited alone on the deserted property.",0,stallion,farmed,abandon_03,harm
No one ever came back for the dog after the storm passed.,1,dog,companion,abandon_04,harm
No one ever came back for the cat after the storm passed.,1,cat,companion,abandon_04,harm
No one ever came back for the rabbit after the storm passed.,1,rabbit,companion,abandon_04,harm
No one ever came back for the puppy after the storm passed.,1,puppy,companion,abandon_04,harm
No one ever came back for the kitten after the storm passed.,1,kitten,companion,abandon_04,harm
No one ever came back for the hamster after the storm passed.,1,hamster,companion,abandon_04,harm
No one ever came back for the ferret after the storm passed.,1,ferret,companion,abandon_04,harm
No one ever came back for the poodle after the storm passed.,1,poodle,companion,abandon_04,harm
No one ever came back for the beagle after the storm passed.,1,beagle,companion,abandon_04,harm
No one ever came back for the terrier after the storm passed.,1,terrier,companion,abandon_04,harm
No one ever came back for the spaniel after the storm passed.,1,spaniel,companion,abandon_04,harm
No one ever came back for the labrador after the storm passed.,1,labrador,companion,abandon_04,harm
No one ever came back for the collie after the storm passed.,1,collie,companion,abandon_04,harm
No one ever came back for the pug after the storm passed.,1,pug,companion,abandon_04,harm
No one ever came back for the bulldog after the storm passed.,1,bulldog,companion,abandon_04,harm
No one ever came back for the retriever after the storm passed.,1,retriever,companion,abandon_04,harm
No one ever came back for the tomcat after the storm passed.,1,tomcat,companion,abandon_04,harm
No one ever came back for the gerbil after the storm passed.,1,gerbil,companion,abandon_04,harm
No one ever came back for the dalmatian after the storm passed.,1,dalmatian,companion,abandon_04,harm
No one ever came back for the greyhound after the storm passed.,1,greyhound,companion,abandon_04,harm
No one ever came back for the mastiff after the storm passed.,1,mastiff,companion,abandon_04,harm
No one ever came back for the corgi after the storm passed.,1,corgi,companion,abandon_04,harm
No one ever came back for the dachshund after the storm passed.,1,dachshund,companion,abandon_04,harm
No one ever came back for the chihuahua after the storm passed.,1,chihuahua,companion,abandon_04,harm
No one ever came back for the husky after the storm passed.,1,husky,companion,abandon_04,harm
No one ever came back for the rottweiler after the storm passed.,1,rottweiler,companion,abandon_04,harm
No one ever came back for the papillon after the storm passed.,1,papillon,companion,abandon_04,harm
No one ever came back for the schnauzer after the storm passed.,1,schnauzer,companion,abandon_04,harm
No one ever came back for the whippet after the storm passed.,1,whippet,companion,abandon_04,harm
No one ever came back for the pomeranian after the storm passed.,1,pomeranian,companion,abandon_04,harm
No one ever came back for the akita after the storm passed.,1,akita,companion,abandon_04,harm
No one ever came back for the samoyed after the storm passed.,1,samoyed,companion,abandon_04,harm
No one ever came back for the pekingese after the storm passed.,1,pekingese,companion,abandon_04,harm
No one ever came back for the lurcher after the storm passed.,1,lurcher,companion,abandon_04,harm
No one ever came back for the hound after the storm passed.,1,hound,companion,abandon_04,harm
No one ever came back for the mutt after the storm passed.,1,mutt,companion,abandon_04,harm
No one ever came back for the tabby after the storm passed.,1,tabby,companion,abandon_04,harm
No one ever came back for the lapdog after the storm passed.,1,lapdog,companion,abandon_04,harm
No one ever came back for the kitty after the storm passed.,1,kitty,companion,abandon_04,harm
No one ever came back for the bunny after the storm passed.,1,bunny,companion,abandon_04,harm
No one ever came back for the pig after the storm passed.,0,pig,farmed,abandon_04,harm
No one ever came back for the cow after the storm passed.,0,cow,farmed,abandon_04,harm
No one ever came back for the chicken after the storm passed.,0,chicken,farmed,abandon_04,harm
No one ever came back for the goat after the storm passed.,0,goat,farmed,abandon_04,harm
No one ever came back for the sheep after the storm passed.,0,sheep,farmed,abandon_04,harm
No one ever came back for the duck after the storm passed.,0,duck,farmed,abandon_04,harm
No one ever came back for the turkey after the storm passed.,0,turkey,farmed,abandon_04,harm
No one ever came back for the hen after the storm passed.,0,hen,farmed,abandon_04,harm
No one ever came back for the rooster after the storm passed.,0,rooster,farmed,abandon_04,harm
No one ever came back for the calf after the storm passed.,0,calf,farmed,abandon_04,harm
No one ever came back for the lamb after the storm passed.,0,lamb,farmed,abandon_04,harm
No one ever came back for the piglet after the storm passed.,0,piglet,farmed,abandon_04,harm
No one ever came back for the ox after the storm passed.,0,ox,farmed,abandon_04,harm
No one ever came back for the donkey after the storm passed.,0,donkey,farmed,abandon_04,harm
No one ever came back for the mule after the storm passed.,0,mule,farmed,abandon_04,harm
No one ever came back for the goose after the storm passed.,0,goose,farmed,abandon_04,harm
No one ever came back for the sow after the storm passed.,0,sow,farmed,abandon_04,harm
No one ever came back for the heifer after the storm passed.,0,heifer,farmed,abandon_04,harm
No one ever came back for the foal after the storm passed.,0,foal,farmed,abandon_04,harm
No one ever came back for the ram after the storm passed.,0,ram,farmed,abandon_04,harm
No one ever came back for the capon after the storm passed.,0,capon,farmed,abandon_04,harm
No one ever came back for the steer after the storm passed.,0,steer,farmed,abandon_04,harm
No one ever came back for the bullock after the storm passed.,0,bullock,farmed,abandon_04,harm
No one ever came back for the ewe after the storm passed.,0,ewe,farmed,abandon_04,harm
No one ever came back for the wether after the storm passed.,0,wether,farmed,abandon_04,harm
No one ever came back for the gander after the storm passed.,0,gander,farmed,abandon_04,harm
No one ever came back for the drake after the storm passed.,0,drake,farmed,abandon_04,harm
No one ever came back for the gosling after the storm passed.,0,gosling,farmed,abandon_04,harm
No one ever came back for the duckling after the storm passed.,0,duckling,farmed,abandon_04,harm
No one ever came back for the chick after the storm passed.,0,chick,farmed,abandon_04,harm
No one ever came back for the cockerel after the storm passed.,0,cockerel,farmed,abandon_04,harm
No one ever came back for the pullet after the storm passed.,0,pullet,farmed,abandon_04,harm
No one ever came back for the yearling after the storm passed.,0,yearling,farmed,abandon_04,harm
No one ever came back for the shoat after the storm passed.,0,shoat,farmed,abandon_04,harm
No one ever came back for the gilt after the storm passed.,0,gilt,farmed,abandon_04,harm
No one ever came back for the pony after the storm passed.,0,pony,farmed,abandon_04,harm
No one ever came back for the mare after the storm passed.,0,mare,farmed,abandon_04,harm
No one ever came back for the colt after the storm passed.,0,colt,farmed,abandon_04,harm
No one ever came back for the alpaca after the storm passed.,0,alpaca,farmed,abandon_04,harm
No one ever came back for the stallion after the storm passed.,0,stallion,farmed,abandon_04,harm
"Abandoned at the edge of town, the dog searched for anything to eat.",1,dog,companion,abandon_05,harm
"Abandoned at the edge of town, the cat searched for anything to eat.",1,cat,companion,abandon_05,harm
"Abandoned at the edge of town, the rabbit searched for anything to eat.",1,rabbit,companion,abandon_05,harm
"Abandoned at the edge of town, the puppy searched for anything to eat.",1,puppy,companion,abandon_05,harm
"Abandoned at the edge of town, the kitten searched for anything to eat.",1,kitten,companion,abandon_05,harm
"Abandoned at the edge of town, the hamster searched for anything to eat.",1,hamster,companion,abandon_05,harm
"Abandoned at the edge of town, the ferret searched for anything to eat.",1,ferret,companion,abandon_05,harm
"Abandoned at the edge of town, the poodle searched for anything to eat.",1,poodle,companion,abandon_05,harm
"Abandoned at the edge of town, the beagle searched for anything to eat.",1,beagle,companion,abandon_05,harm
"Abandoned at the edge of town, the terrier searched for anything to eat.",1,terrier,companion,abandon_05,harm
"Abandoned at the edge of town, the spaniel searched for anything to eat.",1,spaniel,companion,abandon_05,harm
"Abandoned at the edge of town, the labrador searched for anything to eat.",1,labrador,companion,abandon_05,harm
"Abandoned at the edge of town, the collie searched for anything to eat.",1,collie,companion,abandon_05,harm
"Abandoned at the edge of town, the pug searched for anything to eat.",1,pug,companion,abandon_05,harm
"Abandoned at the edge of town, the bulldog searched for anything to eat.",1,bulldog,companion,abandon_05,harm
"Abandoned at the edge of town, the retriever searched for anything to eat.",1,retriever,companion,abandon_05,harm
"Abandoned at the edge of town, the tomcat searched for anything to eat.",1,tomcat,companion,abandon_05,harm
"Abandoned at the edge of town, the gerbil searched for anything to eat.",1,gerbil,companion,abandon_05,harm
"Abandoned at the edge of town, the dalmatian searched for anything to eat.",1,dalmatian,companion,abandon_05,harm
"Abandoned at the edge of town, the greyhound searched for anything to eat.",1,greyhound,companion,abandon_05,harm
"Abandoned at the edge of town, the mastiff searched for anything to eat.",1,mastiff,companion,abandon_05,harm
"Abandoned at the edge of town, the corgi searched for anything to eat.",1,corgi,companion,abandon_05,harm
"Abandoned at the edge of town, the dachshund searched for anything to eat.",1,dachshund,companion,abandon_05,harm
"Abandoned at the edge of town, the chihuahua searched for anything to eat.",1,chihuahua,companion,abandon_05,harm
"Abandoned at the edge of town, the husky searched for anything to eat.",1,husky,companion,abandon_05,harm
"Abandoned at the edge of town, the rottweiler searched for anything to eat.",1,rottweiler,companion,abandon_05,harm
"Abandoned at the edge of town, the papillon searched for anything to eat.",1,papillon,companion,abandon_05,harm
"Abandoned at the edge of town, the schnauzer searched for anything to eat.",1,schnauzer,companion,abandon_05,harm
"Abandoned at the edge of town, the whippet searched for anything to eat.",1,whippet,companion,abandon_05,harm
"Abandoned at the edge of town, the pomeranian searched for anything to eat.",1,pomeranian,companion,abandon_05,harm
"Abandoned at the edge of town, the akita searched for anything to eat.",1,akita,companion,abandon_05,harm
"Abandoned at the edge of town, the samoyed searched for anything to eat.",1,samoyed,companion,abandon_05,harm
"Abandoned at the edge of town, the pekingese searched for anything to eat.",1,pekingese,companion,abandon_05,harm
"Abandoned at the edge of town, the lurcher searched for anything to eat.",1,lurcher,companion,abandon_05,harm
"Abandoned at the edge of town, the hound searched for anything to eat.",1,hound,companion,abandon_05,harm
"Abandoned at the edge of town, the mutt searched for anything to eat.",1,mutt,companion,abandon_05,harm
"Abandoned at the edge of town, the tabby searched for anything to eat.",1,tabby,companion,abandon_05,harm
"Abandoned at the edge of town, the lapdog searched for anything to eat.",1,lapdog,companion,abandon_05,harm
"Abandoned at the edge of town, the kitty searched for anything to eat.",1,kitty,companion,abandon_05,harm
"Abandoned at the edge of town, the bunny searched for anything to eat.",1,bunny,companion,abandon_05,harm
"Abandoned at the edge of town, the pig searched for anything to eat.",0,pig,farmed,abandon_05,harm
"Abandoned at the edge of town, the cow searched for anything to eat.",0,cow,farmed,abandon_05,harm
"Abandoned at the edge of town, the chicken searched for anything to eat.",0,chicken,farmed,abandon_05,harm
"Abandoned at the edge of town, the goat searched for anything to eat.",0,goat,farmed,abandon_05,harm
"Abandoned at the edge of town, the sheep searched for anything to eat.",0,sheep,farmed,abandon_05,harm
"Abandoned at the edge of town, the duck searched for anything to eat.",0,duck,farmed,abandon_05,harm
"Abandoned at the edge of town, the turkey searched for anything to eat.",0,turkey,farmed,abandon_05,harm
"Abandoned at the edge of town, the hen searched for anything to eat.",0,hen,farmed,abandon_05,harm
"Abandoned at the edge of town, the rooster searched for anything to eat.",0,rooster,farmed,abandon_05,harm
"Abandoned at the edge of town, the calf searched for anything to eat.",0,calf,farmed,abandon_05,harm
"Abandoned at the edge of town, the lamb searched for anything to eat.",0,lamb,farmed,abandon_05,harm
"Abandoned at the edge of town, the piglet searched for anything to eat.",0,piglet,farmed,abandon_05,harm
"Abandoned at the edge of town, the ox searched for anything to eat.",0,ox,farmed,abandon_05,harm
"Abandoned at the edge of town, the donkey searched for anything to eat.",0,donkey,farmed,abandon_05,harm
"Abandoned at the edge of town, the mule searched for anything to eat.",0,mule,farmed,abandon_05,harm
"Abandoned at the edge of town, the goose searched for anything to eat.",0,goose,farmed,abandon_05,harm
"Abandoned at the edge of town, the sow searched for anything to eat.",0,sow,farmed,abandon_05,harm
"Abandoned at the edge of town, the heifer searched for anything to eat.",0,heifer,farmed,abandon_05,harm
"Abandoned at the edge of town, the foal searched for anything to eat.",0,foal,farmed,abandon_05,harm
"Abandoned at the edge of town, the ram searched for anything to eat.",0,ram,farmed,abandon_05,harm
"Abandoned at the edge of town, the capon searched for anything to eat.",0,capon,farmed,abandon_05,harm
"Abandoned at the edge of town, the steer searched for anything to eat.",0,steer,farmed,abandon_05,harm
"Abandoned at the edge of town, the bullock searched for anything to eat.",0,bullock,farmed,abandon_05,harm
"Abandoned at the edge of town, the ewe searched for anything to eat.",0,ewe,farmed,abandon_05,harm
"Abandoned at the edge of town, the wether searched for anything to eat.",0,wether,farmed,abandon_05,harm
"Abandoned at the edge of town, the gander searched for anything to eat.",0,gander,farmed,abandon_05,harm
"Abandoned at the edge of town, the drake searched for anything to eat.",0,drake,farmed,abandon_05,harm
"Abandoned at the edge of town, the gosling searched for anything to eat.",0,gosling,farmed,abandon_05,harm
"Abandoned at the edge of town, the duckling searched for anything to eat.",0,duckling,farmed,abandon_05,harm
"Abandoned at the edge of town, the chick searched for anything to eat.",0,chick,farmed,abandon_05,harm
"Abandoned at the edge of town, the cockerel searched for anything to eat.",0,cockerel,farmed,abandon_05,harm
"Abandoned at the edge of town, the pullet searched for anything to eat.",0,pullet,farmed,abandon_05,harm
"Abandoned at the edge of town, the yearling searched for anything to eat.",0,yearling,farmed,abandon_05,harm
"Abandoned at the edge of town, the shoat searched for anything to eat.",0,shoat,farmed,abandon_05,harm
"Abandoned at the edge of town, the gilt searched for anything to eat.",0,gilt,farmed,abandon_05,harm
"Abandoned at the edge of town, the pony searched for anything to eat.",0,pony,farmed,abandon_05,harm
"Abandoned at the edge of town, the mare searched for anything to eat.",0,mare,farmed,abandon_05,harm
"Abandoned at the edge of town, the colt searched for anything to eat.",0,colt,farmed,abandon_05,harm
"Abandoned at the edge of town, the alpaca searched for anything to eat.",0,alpaca,farmed,abandon_05,harm
"Abandoned at the edge of town, the stallion searched for anything to eat.",0,stallion,farmed,abandon_05,harm
"After the farm was sold, the dog was left to survive alone in the empty field.",1,dog,companion,abandon_06,harm
"After the farm was sold, the cat was left to survive alone in the empty field.",1,cat,companion,abandon_06,harm
"After the farm was sold, the rabbit was left to survive alone in the empty field.",1,rabbit,companion,abandon_06,harm
"After the farm was sold, the puppy was left to survive alone in the empty field.",1,puppy,companion,abandon_06,harm
"After the farm was sold, the kitten was left to survive alone in the empty field.",1,kitten,companion,abandon_06,harm
"After the farm was sold, the hamster was left to survive alone in the empty field.",1,hamster,companion,abandon_06,harm
"After the farm was sold, the ferret was left to survive alone in the empty field.",1,ferret,companion,abandon_06,harm
"After the farm was sold, the poodle was left to survive alone in the empty field.",1,poodle,companion,abandon_06,harm
"After the farm was sold, the beagle was left to survive alone in the empty field.",1,beagle,companion,abandon_06,harm
"After the farm was sold, the terrier was left to survive alone in the empty field.",1,terrier,companion,abandon_06,harm
"After the farm was sold, the spaniel was left to survive alone in the empty field.",1,spaniel,companion,abandon_06,harm
"After the farm was sold, the labrador was left to survive alone in the empty field.",1,labrador,companion,abandon_06,harm
"After the farm was sold, the collie was left to survive alone in the empty field.",1,collie,companion,abandon_06,harm
"After the farm was sold, the pug was left to survive alone in the empty field.",1,pug,companion,abandon_06,harm
"After the farm was sold, the bulldog was left to survive alone in the empty field.",1,bulldog,companion,abandon_06,harm
"After the farm was sold, the retriever was left to survive alone in the empty field.",1,retriever,companion,abandon_06,harm
"After the farm was sold, the tomcat was left to survive alone in the empty field.",1,tomcat,companion,abandon_06,harm
"After the farm was sold, the gerbil was left to survive alone in the empty field.",1,gerbil,companion,abandon_06,harm
"After the farm was sold, the dalmatian was left to survive alone in the empty field.",1,dalmatian,companion,abandon_06,harm
"After the farm was sold, the greyhound was left to survive alone in the empty field.",1,greyhound,companion,abandon_06,harm
"After the farm was sold, the mastiff was left to survive alone in the empty field.",1,mastiff,companion,abandon_06,harm
"After the farm was sold, the corgi was left to survive alone in the empty field.",1,corgi,companion,abandon_06,harm
"After the farm was sold, the dachshund was left to survive alone in the empty field.",1,dachshund,companion,abandon_06,harm
"After the farm was sold, the chihuahua was left to survive alone in the empty field.",1,chihuahua,companion,abandon_06,harm
"After the farm was sold, the husky was left to survive alone in the empty field.",1,husky,companion,abandon_06,harm
"After the farm was sold, the rottweiler was left to survive alone in the empty field.",1,rottweiler,companion,abandon_06,harm
"After the farm was sold, the papillon was left to survive alone in the empty field.",1,papillon,companion,abandon_06,harm
"After the farm was sold, the schnauzer was left to survive alone in the empty field.",1,schnauzer,companion,abandon_06,harm
"After the farm was sold, the whippet was left to survive alone in the empty field.",1,whippet,companion,abandon_06,harm
"After the farm was sold, the pomeranian was left to survive alone in the empty field.",1,pomeranian,companion,abandon_06,harm
"After the farm was sold, the akita was left to survive alone in the empty field.",1,akita,companion,abandon_06,harm
"After the farm was sold, the samoyed was left to survive alone in the empty field.",1,samoyed,companion,abandon_06,harm
"After the farm was sold, the pekingese was left to survive alone in the empty field.",1,pekingese,companion,abandon_06,harm
"After the farm was sold, the lurcher was left to survive alone in the empty field.",1,lurcher,companion,abandon_06,harm
"After the farm was sold, the hound was left to survive alone in the empty field.",1,hound,companion,abandon_06,harm
"After the farm was sold, the mutt was left to survive alone in the empty field.",1,mutt,companion,abandon_06,harm
"After the farm was sold, the tabby was left to survive alone in the empty field.",1,tabby,companion,abandon_06,harm
"After the farm was sold, the lapdog was left to survive alone in the empty field.",1,lapdog,companion,abandon_06,harm
"After the farm was sold, the kitty was left to survive alone in the empty field.",1,kitty,companion,abandon_06,harm
"After the farm was sold, the bunny was left to survive alone in the empty field.",1,bunny,companion,abandon_06,harm
"After the farm was sold, the pig was left to survive alone in the empty field.",0,pig,farmed,abandon_06,harm
"After the farm was sold, the cow was left to survive alone in the empty field.",0,cow,farmed,abandon_06,harm
"After the farm was sold, the chicken was left to survive alone in the empty field.",0,chicken,farmed,abandon_06,harm
"After the farm was sold, the goat was left to survive alone in the empty field.",0,goat,farmed,abandon_06,harm
"After the farm was sold, the sheep was left to survive alone in the empty field.",0,sheep,farmed,abandon_06,harm
"After the farm was sold, the duck was left to survive alone in the empty field.",0,duck,farmed,abandon_06,harm
"After the farm was sold, the turkey was left to survive alone in the empty field.",0,turkey,farmed,abandon_06,harm
"After the farm was sold, the hen was left to survive alone in the empty field.",0,hen,farmed,abandon_06,harm
"After the farm was sold, the rooster was left to survive alone in the empty field.",0,rooster,farmed,abandon_06,harm
"After the farm was sold, the calf was left to survive alone in the empty field.",0,calf,farmed,abandon_06,harm
"After the farm was sold, the lamb was left to survive alone in the empty field.",0,lamb,farmed,abandon_06,harm
"After the farm was sold, the piglet was left to survive alone in the empty field.",0,piglet,farmed,abandon_06,harm
"After the farm was sold, the ox was left to survive alone in the empty field.",0,ox,farmed,abandon_06,harm
"After the farm was sold, the donkey was left to survive alone in the empty field.",0,donkey,farmed,abandon_06,harm
"After the farm was sold, the mule was left to survive alone in the empty field.",0,mule,farmed,abandon_06,harm
"After the farm was sold, the goose was left to survive alone in the empty field.",0,goose,farmed,abandon_06,harm
"After the farm was sold, the sow was left to survive alone in the empty field.",0,sow,farmed,abandon_06,harm
"After the farm was sold, the heifer was left to survive alone in the empty field.",0,heifer,farmed,abandon_06,harm
"After the farm was sold, the foal was left to survive alone in the empty field.",0,foal,farmed,abandon_06,harm
"After the farm was sold, the ram was left to survive alone in the empty field.",0,ram,farmed,abandon_06,harm
"After the farm was sold, the capon was left to survive alone in the empty field.",0,capon,farmed,abandon_06,harm
"After the farm was sold, the steer was left to survive alone in the empty field.",0,steer,farmed,abandon_06,harm
"After the farm was sold, the bullock was left to survive alone in the empty field.",0,bullock,farmed,abandon_06,harm
"After the farm was sold, the ewe was left to survive alone in the empty field.",0,ewe,farmed,abandon_06,harm
"After the farm was sold, the wether was left to survive alone in the empty field.",0,wether,farmed,abandon_06,harm
"After the farm was sold, the gander was left to survive alone in the empty field.",0,gander,farmed,abandon_06,harm
"After the farm was sold, the drake was left to survive alone in the empty field.",0,drake,farmed,abandon_06,harm
"After the farm was sold, the gosling was left to survive alone in the empty field.",0,gosling,farmed,abandon_06,harm
"After the farm was sold, the duckling was left to survive alone in the empty field.",0,duckling,farmed,abandon_06,harm
"After the farm was sold, the chick was left to survive alone in the empty field.",0,chick,farmed,abandon_06,harm
"After the farm was sold, the cockerel was left to survive alone in the empty field.",0,cockerel,farmed,abandon_06,harm
"After the farm was sold, the pullet was left to survive alone in the empty field.",0,pullet,farmed,abandon_06,harm
"After the farm was sold, the yearling was left to survive alone in the empty field.",0,yearling,farmed,abandon_06,harm
"After the farm was sold, the shoat was left to survive alone in the empty field.",0,shoat,farmed,abandon_06,harm
"After the farm was sold, the gilt was left to survive alone in the empty field.",0,gilt,farmed,abandon_06,harm
"After the farm was sold, the pony was left to survive alone in the empty field.",0,pony,farmed,abandon_06,harm
"After the farm was sold, the mare was left to survive alone in the empty field.",0,mare,farmed,abandon_06,harm
"After the farm was sold, the colt was left to survive alone in the empty field.",0,colt,farmed,abandon_06,harm
"After the farm was sold, the alpaca was left to survive alone in the empty field.",0,alpaca,farmed,abandon_06,harm
"After the farm was sold, the stallion was left to survive alone in the empty field.",0,stallion,farmed,abandon_06,harm
"For two days, the dog was stuck at the bottom of the dry well.",1,dog,companion,trap_01,harm
"For two days, the cat was stuck at the bottom of the dry well.",1,cat,companion,trap_01,harm
"For two days, the rabbit was stuck at the bottom of the dry well.",1,rabbit,companion,trap_01,harm
"For two days, the puppy was stuck at the bottom of the dry well.",1,puppy,companion,trap_01,harm
"For two days, the kitten was stuck at the bottom of the dry well.",1,kitten,companion,trap_01,harm
"For two days, the hamster was stuck at the bottom of the dry well.",1,hamster,companion,trap_01,harm
"For two days, the ferret was stuck at the bottom of the dry well.",1,ferret,companion,trap_01,harm
"For two days, the poodle was stuck at the bottom of the dry well.",1,poodle,companion,trap_01,harm
"For two days, the beagle was stuck at the bottom of the dry well.",1,beagle,companion,trap_01,harm
"For two days, the terrier was stuck at the bottom of the dry well.",1,terrier,companion,trap_01,harm
"For two days, the spaniel was stuck at the bottom of the dry well.",1,spaniel,companion,trap_01,harm
"For two days, the labrador was stuck at the bottom of the dry well.",1,labrador,companion,trap_01,harm
"For two days, the collie was stuck at the bottom of the dry well.",1,collie,companion,trap_01,harm
"For two days, the pug was stuck at the bottom of the dry well.",1,pug,companion,trap_01,harm
"For two days, the bulldog was stuck at the bottom of the dry well.",1,bulldog,companion,trap_01,harm
"For two days, the retriever was stuck at the bottom of the dry well.",1,retriever,companion,trap_01,harm
"For two days, the tomcat was stuck at the bottom of the dry well.",1,tomcat,companion,trap_01,harm
"For two days, the gerbil was stuck at the bottom of the dry well.",1,gerbil,companion,trap_01,harm
"For two days, the dalmatian was stuck at the bottom of the dry well.",1,dalmatian,companion,trap_01,harm
"For two days, the greyhound was stuck at the bottom of the dry well.",1,greyhound,companion,trap_01,harm
"For two days, the mastiff was stuck at the bottom of the dry well.",1,mastiff,companion,trap_01,harm
"For two days, the corgi was stuck at the bottom of the dry well.",1,corgi,companion,trap_01,harm
"For two days, the dachshund was stuck at the bottom of the dry well.",1,dachshund,companion,trap_01,harm
"For two days, the chihuahua was stuck at the bottom of the dry well.",1,chihuahua,companion,trap_01,harm
"For two days, the husky was stuck at the bottom of the dry well.",1,husky,companion,trap_01,harm
"For two days, the rottweiler was stuck at the bottom of the dry well.",1,rottweiler,companion,trap_01,harm
"For two days, the papillon was stuck at the bottom of the dry well.",1,papillon,companion,trap_01,harm
"For two days, the schnauzer was stuck at the bottom of the dry well.",1,schnauzer,companion,trap_01,harm
"For two days, the whippet was stuck at the bottom of the dry well.",1,whippet,companion,trap_01,harm
"For two days, the pomeranian was stuck at the bottom of the dry well.",1,pomeranian,companion,trap_01,harm
"For two days, the akita was stuck at the bottom of the dry well.",1,akita,companion,trap_01,harm
"For two days, the samoyed was stuck at the bottom of the dry well.",1,samoyed,companion,trap_01,harm
"For two days, the pekingese was stuck at the bottom of the dry well.",1,pekingese,companion,trap_01,harm
"For two days, the lurcher was stuck at the bottom of the dry well.",1,lurcher,companion,trap_01,harm
"For two days, the hound was stuck at the bottom of the dry well.",1,hound,companion,trap_01,harm
"For two days, the mutt was stuck at the bottom of the dry well.",1,mutt,companion,trap_01,harm
"For two days, the tabby was stuck at the bottom of the dry well.",1,tabby,companion,trap_01,harm
"For two days, the lapdog was stuck at the bottom of the dry well.",1,lapdog,companion,trap_01,harm
"For two days, the kitty was stuck at the bottom of the dry well.",1,kitty,companion,trap_01,harm
"For two days, the bunny was stuck at the bottom of the dry well.",1,bunny,companion,trap_01,harm
"For two days, the pig was stuck at the bottom of the dry well.",0,pig,farmed,trap_01,harm
"For two days, the cow was stuck at the bottom of the dry well.",0,cow,farmed,trap_01,harm
"For two days, the chicken was stuck at the bottom of the dry well.",0,chicken,farmed,trap_01,harm
"For two days, the goat was stuck at the bottom of the dry well.",0,goat,farmed,trap_01,harm
"For two days, the sheep was stuck at the bottom of the dry well.",0,sheep,farmed,trap_01,harm
"For two days, the duck was stuck at the bottom of the dry well.",0,duck,farmed,trap_01,harm
"For two days, the turkey was stuck at the bottom of the dry well.",0,turkey,farmed,trap_01,harm
"For two days, the hen was stuck at the bottom of the dry well.",0,hen,farmed,trap_01,harm
"For two days, the rooster was stuck at the bottom of the dry well.",0,rooster,farmed,trap_01,harm
"For two days, the calf was stuck at the bottom of the dry well.",0,calf,farmed,trap_01,harm
"For two days, the lamb was stuck at the bottom of the dry well.",0,lamb,farmed,trap_01,harm
"For two days, the piglet was stuck at the bottom of the dry well.",0,piglet,farmed,trap_01,harm
"For two days, the ox was stuck at the bottom of the dry well.",0,ox,farmed,trap_01,harm
"For two days, the donkey was stuck at the bottom of the dry well.",0,donkey,farmed,trap_01,harm
"For two days, the mule was stuck at the bottom of the dry well.",0,mule,farmed,trap_01,harm
"For two days, the goose was stuck at the bottom of the dry well.",0,goose,farmed,trap_01,harm
"For two days, the sow was stuck at the bottom of the dry well.",0,sow,farmed,trap_01,harm
"For two days, the heifer was stuck at the bottom of the dry well.",0,heifer,farmed,trap_01,harm
"For two days, the foal was stuck at the bottom of the dry well.",0,foal,farmed,trap_01,harm
"For two days, the ram was stuck at the bottom of the dry well.",0,ram,farmed,trap_01,harm
"For two days, the capon was stuck at the bottom of the dry well.",0,capon,farmed,trap_01,harm
"For two days, the steer was stuck at the bottom of the dry well.",0,steer,farmed,trap_01,harm
"For two days, the bullock was stuck at the bottom of the dry well.",0,bullock,farmed,trap_01,harm
"For two days, the ewe was stuck at the bottom of the dry well.",0,ewe,farmed,trap_01,harm
"For two days, the wether was stuck at the bottom of the dry well.",0,wether,farmed,trap_01,harm
"For two days, the gander was stuck at the bottom of the dry well.",0,gander,farmed,trap_01,harm
"For two days, the drake was stuck at the bottom of the dry well.",0,drake,farmed,trap_01,harm
"For two days, the gosling was stuck at the bottom of the dry well.",0,gosling,farmed,trap_01,harm
"For two days, the duckling was stuck at the bottom of the dry well.",0,duckling,farmed,trap_01,harm
"For two days, the chick was stuck at the bottom of the dry well.",0,chick,farmed,trap_01,harm
"For two days, the cockerel was stuck at the bottom of the dry well.",0,cockerel,farmed,trap_01,harm
"For two days, the pullet was stuck at the bottom of the dry well.",0,pullet,farmed,trap_01,harm
"For two days, the yearling was stuck at the bottom of the dry well.",0,yearling,farmed,trap_01,harm
"For two days, the shoat was stuck at the bottom of the dry well.",0,shoat,farmed,trap_01,harm
"For two days, the gilt was stuck at the bottom of the dry well.",0,gilt,farmed,trap_01,harm
"For two days, the pony was stuck at the bottom of the dry well.",0,pony,farmed,trap_01,harm
"For two days, the mare was stuck at the bottom of the dry well.",0,mare,farmed,trap_01,harm
"For two days, the colt was stuck at the bottom of the dry well.",0,colt,farmed,trap_01,harm
"For two days, the alpaca was stuck at the bottom of the dry well.",0,alpaca,farmed,trap_01,harm
"For two days, the stallion was stuck at the bottom of the dry well.",0,stallion,farmed,trap_01,harm
"The heavy gate swung shut, trapping the dog inside the narrow enclosure.",1,dog,companion,trap_02,harm
"The heavy gate swung shut, trapping the cat inside the narrow enclosure.",1,cat,companion,trap_02,harm
"The heavy gate swung shut, trapping the rabbit inside the narrow enclosure.",1,rabbit,companion,trap_02,harm
"The heavy gate swung shut, trapping the puppy inside the narrow enclosure.",1,puppy,companion,trap_02,harm
"The heavy gate swung shut, trapping the kitten inside the narrow enclosure.",1,kitten,companion,trap_02,harm
"The heavy gate swung shut, trapping the hamster inside the narrow enclosure.",1,hamster,companion,trap_02,harm
"The heavy gate swung shut, trapping the ferret inside the narrow enclosure.",1,ferret,companion,trap_02,harm
"The heavy gate swung shut, trapping the poodle inside the narrow enclosure.",1,poodle,companion,trap_02,harm
"The heavy gate swung shut, trapping the beagle inside the narrow enclosure.",1,beagle,companion,trap_02,harm
"The heavy gate swung shut, trapping the terrier inside the narrow enclosure.",1,terrier,companion,trap_02,harm
"The heavy gate swung shut, trapping the spaniel inside the narrow enclosure.",1,spaniel,companion,trap_02,harm
"The heavy gate swung shut, trapping the labrador inside the narrow enclosure.",1,labrador,companion,trap_02,harm
"The heavy gate swung shut, trapping the collie inside the narrow enclosure.",1,collie,companion,trap_02,harm
"The heavy gate swung shut, trapping the pug inside the narrow enclosure.",1,pug,companion,trap_02,harm
"The heavy gate swung shut, trapping the bulldog inside the narrow enclosure.",1,bulldog,companion,trap_02,harm
"The heavy gate swung shut, trapping the retriever inside the narrow enclosure.",1,retriever,companion,trap_02,harm
"The heavy gate swung shut, trapping the tomcat inside the narrow enclosure.",1,tomcat,companion,trap_02,harm
"The heavy gate swung shut, trapping the gerbil inside the narrow enclosure.",1,gerbil,companion,trap_02,harm
"The heavy gate swung shut, trapping the dalmatian inside the narrow enclosure.",1,dalmatian,companion,trap_02,harm
"The heavy gate swung shut, trapping the greyhound inside the narrow enclosure.",1,greyhound,companion,trap_02,harm
"The heavy gate swung shut, trapping the mastiff inside the narrow enclosure.",1,mastiff,companion,trap_02,harm
"The heavy gate swung shut, trapping the corgi inside the narrow enclosure.",1,corgi,companion,trap_02,harm
"The heavy gate swung shut, trapping the dachshund inside the narrow enclosure.",1,dachshund,companion,trap_02,harm
"The heavy gate swung shut, trapping the chihuahua inside the narrow enclosure.",1,chihuahua,companion,trap_02,harm
"The heavy gate swung shut, trapping the husky inside the narrow enclosure.",1,husky,companion,trap_02,harm
"The heavy gate swung shut, trapping the rottweiler inside the narrow enclosure.",1,rottweiler,companion,trap_02,harm
"The heavy gate swung shut, trapping the papillon inside the narrow enclosure.",1,papillon,companion,trap_02,harm
"The heavy gate swung shut, trapping the schnauzer inside the narrow enclosure.",1,schnauzer,companion,trap_02,harm
"The heavy gate swung shut, trapping the whippet inside the narrow enclosure.",1,whippet,companion,trap_02,harm
"The heavy gate swung shut, trapping the pomeranian inside the narrow enclosure.",1,pomeranian,companion,trap_02,harm
"The heavy gate swung shut, trapping the akita inside the narrow enclosure.",1,akita,companion,trap_02,harm
"The heavy gate swung shut, trapping the samoyed inside the narrow enclosure.",1,samoyed,companion,trap_02,harm
"The heavy gate swung shut, trapping the pekingese inside the narrow enclosure.",1,pekingese,companion,trap_02,harm
"The heavy gate swung shut, trapping the lurcher inside the narrow enclosure.",1,lurcher,companion,trap_02,harm
"The heavy gate swung shut, trapping the hound inside the narrow enclosure.",1,hound,companion,trap_02,harm
"The heavy gate swung shut, trapping the mutt inside the narrow enclosure.",1,mutt,companion,trap_02,harm
"The heavy gate swung shut, trapping the tabby inside the narrow enclosure.",1,tabby,companion,trap_02,harm
"The heavy gate swung shut, trapping the lapdog inside the narrow enclosure.",1,lapdog,companion,trap_02,harm
"The heavy gate swung shut, trapping the kitty inside the narrow enclosure.",1,kitty,companion,trap_02,harm
"The heavy gate swung shut, trapping the bunny inside the narrow enclosure.",1,bunny,companion,trap_02,harm
"The heavy gate swung shut, trapping the pig inside the narrow enclosure.",0,pig,farmed,trap_02,harm
"The heavy gate swung shut, trapping the cow inside the narrow enclosure.",0,cow,farmed,trap_02,harm
"The heavy gate swung shut, trapping the chicken inside the narrow enclosure.",0,chicken,farmed,trap_02,harm
"The heavy gate swung shut, trapping the goat inside the narrow enclosure.",0,goat,farmed,trap_02,harm
"The heavy gate swung shut, trapping the sheep inside the narrow enclosure.",0,sheep,farmed,trap_02,harm
"The heavy gate swung shut, trapping the duck inside the narrow enclosure.",0,duck,farmed,trap_02,harm
"The heavy gate swung shut, trapping the turkey inside the narrow enclosure.",0,turkey,farmed,trap_02,harm
"The heavy gate swung shut, trapping the hen inside the narrow enclosure.",0,hen,farmed,trap_02,harm
"The heavy gate swung shut, trapping the rooster inside the narrow enclosure.",0,rooster,farmed,trap_02,harm
"The heavy gate swung shut, trapping the calf inside the narrow enclosure.",0,calf,farmed,trap_02,harm
"The heavy gate swung shut, trapping the lamb inside the narrow enclosure.",0,lamb,farmed,trap_02,harm
"The heavy gate swung shut, trapping the piglet inside the narrow enclosure.",0,piglet,farmed,trap_02,harm
"The heavy gate swung shut, trapping the ox inside the narrow enclosure.",0,ox,farmed,trap_02,harm
"The heavy gate swung shut, trapping the donkey inside the narrow enclosure.",0,donkey,farmed,trap_02,harm
"The heavy gate swung shut, trapping the mule inside the narrow enclosure.",0,mule,farmed,trap_02,harm
"The heavy gate swung shut, trapping the goose inside the narrow enclosure.",0,goose,farmed,trap_02,harm
"The heavy gate swung shut, trapping the sow inside the narrow enclosure.",0,sow,farmed,trap_02,harm
"The heavy gate swung shut, trapping the heifer inside the narrow enclosure.",0,heifer,farmed,trap_02,harm
"The heavy gate swung shut, trapping the foal inside the narrow enclosure.",0,foal,farmed,trap_02,harm
"The heavy gate swung shut, trapping the ram inside the narrow enclosure.",0,ram,farmed,trap_02,harm
"The heavy gate swung shut, trapping the capon inside the narrow enclosure.",0,capon,farmed,trap_02,harm
"The heavy gate swung shut, trapping the steer inside the narrow enclosure.",0,steer,farmed,trap_02,harm
"The heavy gate swung shut, trapping the bullock inside the narrow enclosure.",0,bullock,farmed,trap_02,harm
"The heavy gate swung shut, trapping the ewe inside the narrow enclosure.",0,ewe,farmed,trap_02,harm
"The heavy gate swung shut, trapping the wether inside the narrow enclosure.",0,wether,farmed,trap_02,harm
"The heavy gate swung shut, trapping the gander inside the narrow enclosure.",0,gander,farmed,trap_02,harm
"The heavy gate swung shut, trapping the drake inside the narrow enclosure.",0,drake,farmed,trap_02,harm
"The heavy gate swung shut, trapping the gosling inside the narrow enclosure.",0,gosling,farmed,trap_02,harm
"The heavy gate swung shut, trapping the duckling inside the narrow enclosure.",0,duckling,farmed,trap_02,harm
"The heavy gate swung shut, trapping the chick inside the narrow enclosure.",0,chick,farmed,trap_02,harm
"The heavy gate swung shut, trapping the cockerel inside the narrow enclosure.",0,cockerel,farmed,trap_02,harm
"The heavy gate swung shut, trapping the pullet inside the narrow enclosure.",0,pullet,farmed,trap_02,harm
"The heavy gate swung shut, trapping the yearling inside the narrow enclosure.",0,yearling,farmed,trap_02,harm
"The heavy gate swung shut, trapping the shoat inside the narrow enclosure.",0,shoat,farmed,trap_02,harm
"The heavy gate swung shut, trapping the gilt inside the narrow enclosure.",0,gilt,farmed,trap_02,harm
"The heavy gate swung shut, trapping the pony inside the narrow enclosure.",0,pony,farmed,trap_02,harm
"The heavy gate swung shut, trapping the mare inside the narrow enclosure.",0,mare,farmed,trap_02,harm
"The heavy gate swung shut, trapping the colt inside the narrow enclosure.",0,colt,farmed,trap_02,harm
"The heavy gate swung shut, trapping the alpaca inside the narrow enclosure.",0,alpaca,farmed,trap_02,harm
"The heavy gate swung shut, trapping the stallion inside the narrow enclosure.",0,stallion,farmed,trap_02,harm
Rescue crews spent hours trying to free the dog from the collapsed trench.,1,dog,companion,trap_03,harm
Rescue crews spent hours trying to free the cat from the collapsed trench.,1,cat,companion,trap_03,harm
Rescue crews spent hours trying to free the rabbit from the collapsed trench.,1,rabbit,companion,trap_03,harm
Rescue crews spent hours trying to free the puppy from the collapsed trench.,1,puppy,companion,trap_03,harm
Rescue crews spent hours trying to free the kitten from the collapsed trench.,1,kitten,companion,trap_03,harm
Rescue crews spent hours trying to free the hamster from the collapsed trench.,1,hamster,companion,trap_03,harm
Rescue crews spent hours trying to free the ferret from the collapsed trench.,1,ferret,companion,trap_03,harm
Rescue crews spent hours trying to free the poodle from the collapsed trench.,1,poodle,companion,trap_03,harm
Rescue crews spent hours trying to free the beagle from the collapsed trench.,1,beagle,companion,trap_03,harm
Rescue crews spent hours trying to free the terrier from the collapsed trench.,1,terrier,companion,trap_03,harm
Rescue crews spent hours trying to free the spaniel from the collapsed trench.,1,spaniel,companion,trap_03,harm
Rescue crews spent hours trying to free the labrador from the collapsed trench.,1,labrador,companion,trap_03,harm
Rescue crews spent hours trying to free the collie from the collapsed trench.,1,collie,companion,trap_03,harm
Rescue crews spent hours trying to free the pug from the collapsed trench.,1,pug,companion,trap_03,harm
Rescue crews spent hours trying to free the bulldog from the collapsed trench.,1,bulldog,companion,trap_03,harm
Rescue crews spent hours trying to free the retriever from the collapsed trench.,1,retriever,companion,trap_03,harm
Rescue crews spent hours trying to free the tomcat from the collapsed trench.,1,tomcat,companion,trap_03,harm
Rescue crews spent hours trying to free the gerbil from the collapsed trench.,1,gerbil,companion,trap_03,harm
Rescue crews spent hours trying to free the dalmatian from the collapsed trench.,1,dalmatian,companion,trap_03,harm
Rescue crews spent hours trying to free the greyhound from the collapsed trench.,1,greyhound,companion,trap_03,harm
Rescue crews spent hours trying to free the mastiff from the collapsed trench.,1,mastiff,companion,trap_03,harm
Rescue crews spent hours trying to free the corgi from the collapsed trench.,1,corgi,companion,trap_03,harm
Rescue crews spent hours trying to free the dachshund from the collapsed trench.,1,dachshund,companion,trap_03,harm
Rescue crews spent hours trying to free the chihuahua from the collapsed trench.,1,chihuahua,companion,trap_03,harm
Rescue crews spent hours trying to free the husky from the collapsed trench.,1,husky,companion,trap_03,harm
Rescue crews spent hours trying to free the rottweiler from the collapsed trench.,1,rottweiler,companion,trap_03,harm
Rescue crews spent hours trying to free the papillon from the collapsed trench.,1,papillon,companion,trap_03,harm
Rescue crews spent hours trying to free the schnauzer from the collapsed trench.,1,schnauzer,companion,trap_03,harm
Rescue crews spent hours trying to free the whippet from the collapsed trench.,1,whippet,companion,trap_03,harm
Rescue crews spent hours trying to free the pomeranian from the collapsed trench.,1,pomeranian,companion,trap_03,harm
Rescue crews spent hours trying to free the akita from the collapsed trench.,1,akita,companion,trap_03,harm
Rescue crews spent hours trying to free the samoyed from the collapsed trench.,1,samoyed,companion,trap_03,harm
Rescue crews spent hours trying to free the pekingese from the collapsed trench.,1,pekingese,companion,trap_03,harm
Rescue crews spent hours trying to free the lurcher from the collapsed trench.,1,lurcher,companion,trap_03,harm
Rescue crews spent hours trying to free the hound from the collapsed trench.,1,hound,companion,trap_03,harm
Rescue crews spent hours trying to free the mutt from the collapsed trench.,1,mutt,companion,trap_03,harm
Rescue crews spent hours trying to free the tabby from the collapsed trench.,1,tabby,companion,trap_03,harm
Rescue crews spent hours trying to free the lapdog from the collapsed trench.,1,lapdog,companion,trap_03,harm
Rescue crews spent hours trying to free the kitty from the collapsed trench.,1,kitty,companion,trap_03,harm
Rescue crews spent hours trying to free the bunny from the collapsed trench.,1,bunny,companion,trap_03,harm
Rescue crews spent hours trying to free the pig from the collapsed trench.,0,pig,farmed,trap_03,harm
Rescue crews spent hours trying to free the cow from the collapsed trench.,0,cow,farmed,trap_03,harm
Rescue crews spent hours trying to free the chicken from the collapsed trench.,0,chicken,farmed,trap_03,harm
Rescue crews spent hours trying to free the goat from the collapsed trench.,0,goat,farmed,trap_03,harm
Rescue crews spent hours trying to free the sheep from the collapsed trench.,0,sheep,farmed,trap_03,harm
Rescue crews spent hours trying to free the duck from the collapsed trench.,0,duck,farmed,trap_03,harm
Rescue crews spent hours trying to free the turkey from the collapsed trench.,0,turkey,farmed,trap_03,harm
Rescue crews spent hours trying to free the hen from the collapsed trench.,0,hen,farmed,trap_03,harm
Rescue crews spent hours trying to free the rooster from the collapsed trench.,0,rooster,farmed,trap_03,harm
Rescue crews spent hours trying to free the calf from the collapsed trench.,0,calf,farmed,trap_03,harm
Rescue crews spent hours trying to free the lamb from the collapsed trench.,0,lamb,farmed,trap_03,harm
Rescue crews spent hours trying to free the piglet from the collapsed trench.,0,piglet,farmed,trap_03,harm
Rescue crews spent hours trying to free the ox from the collapsed trench.,0,ox,farmed,trap_03,harm
Rescue crews spent hours trying to free the donkey from the collapsed trench.,0,donkey,farmed,trap_03,harm
Rescue crews spent hours trying to free the mule from the collapsed trench.,0,mule,farmed,trap_03,harm
Rescue crews spent hours trying to free the goose from the collapsed trench.,0,goose,farmed,trap_03,harm
Rescue crews spent hours trying to free the sow from the collapsed trench.,0,sow,farmed,trap_03,harm
Rescue crews spent hours trying to free the heifer from the collapsed trench.,0,heifer,farmed,trap_03,harm
Rescue crews spent hours trying to free the foal from the collapsed trench.,0,foal,farmed,trap_03,harm
Rescue crews spent hours trying to free the ram from the collapsed trench.,0,ram,farmed,trap_03,harm
Rescue crews spent hours trying to free the capon from the collapsed trench.,0,capon,farmed,trap_03,harm
Rescue crews spent hours trying to free the steer from the collapsed trench.,0,steer,farmed,trap_03,harm
Rescue crews spent hours trying to free the bullock from the collapsed trench.,0,bullock,farmed,trap_03,harm
Rescue crews spent hours trying to free the ewe from the collapsed trench.,0,ewe,farmed,trap_03,harm
Rescue crews spent hours trying to free the wether from the collapsed trench.,0,wether,farmed,trap_03,harm
Rescue crews spent hours trying to free the gander from the collapsed trench.,0,gander,farmed,trap_03,harm
Rescue crews spent hours trying to free the drake from the collapsed trench.,0,drake,farmed,trap_03,harm
Rescue crews spent hours trying to free the gosling from the collapsed trench.,0,gosling,farmed,trap_03,harm
Rescue crews spent hours trying to free the duckling from the collapsed trench.,0,duckling,farmed,trap_03,harm
Rescue crews spent hours trying to free the chick from the collapsed trench.,0,chick,farmed,trap_03,harm
Rescue crews spent hours trying to free the cockerel from the collapsed trench.,0,cockerel,farmed,trap_03,harm
Rescue crews spent hours trying to free the pullet from the collapsed trench.,0,pullet,farmed,trap_03,harm
Rescue crews spent hours trying to free the yearling from the collapsed trench.,0,yearling,farmed,trap_03,harm
Rescue crews spent hours trying to free the shoat from the collapsed trench.,0,shoat,farmed,trap_03,harm
Rescue crews spent hours trying to free the gilt from the collapsed trench.,0,gilt,farmed,trap_03,harm
Rescue crews spent hours trying to free the pony from the collapsed trench.,0,pony,farmed,trap_03,harm
Rescue crews spent hours trying to free the mare from the collapsed trench.,0,mare,farmed,trap_03,harm
Rescue crews spent hours trying to free the colt from the collapsed trench.,0,colt,farmed,trap_03,harm
Rescue crews spent hours trying to free the alpaca from the collapsed trench.,0,alpaca,farmed,trap_03,harm
Rescue crews spent hours trying to free the stallion from the collapsed trench.,0,stallion,farmed,trap_03,harm
"Caught in the wire fence, the dog struggled for hours to get free.",1,dog,companion,trap_04,harm
"Caught in the wire fence, the cat struggled for hours to get free.",1,cat,companion,trap_04,harm
"Caught in the wire fence, the rabbit struggled for hours to get free.",1,rabbit,companion,trap_04,harm
"Caught in the wire fence, the puppy struggled for hours to get free.",1,puppy,companion,trap_04,harm
"Caught in the wire fence, the kitten struggled for hours to get free.",1,kitten,companion,trap_04,harm
"Caught in the wire fence, the hamster struggled for hours to get free.",1,hamster,companion,trap_04,harm
"Caught in the wire fence, the ferret struggled for hours to get free.",1,ferret,companion,trap_04,harm
"Caught in the wire fence, the poodle struggled for hours to get free.",1,poodle,companion,trap_04,harm
"Caught in the wire fence, the beagle struggled for hours to get free.",1,beagle,companion,trap_04,harm
"Caught in the wire fence, the terrier struggled for hours to get free.",1,terrier,companion,trap_04,harm
"Caught in the wire fence, the spaniel struggled for hours to get free.",1,spaniel,companion,trap_04,harm
"Caught in the wire fence, the labrador struggled for hours to get free.",1,labrador,companion,trap_04,harm
"Caught in the wire fence, the collie struggled for hours to get free.",1,collie,companion,trap_04,harm
"Caught in the wire fence, the pug struggled for hours to get free.",1,pug,companion,trap_04,harm
"Caught in the wire fence, the bulldog struggled for hours to get free.",1,bulldog,companion,trap_04,harm
"Caught in the wire fence, the retriever struggled for hours to get free.",1,retriever,companion,trap_04,harm
"Caught in the wire fence, the tomcat struggled for hours to get free.",1,tomcat,companion,trap_04,harm
"Caught in the wire fence, the gerbil struggled for hours to get free.",1,gerbil,companion,trap_04,harm
"Caught in the wire fence, the dalmatian struggled for hours to get free.",1,dalmatian,companion,trap_04,harm
"Caught in the wire fence, the greyhound struggled for hours to get free.",1,greyhound,companion,trap_04,harm
"Caught in the wire fence, the mastiff struggled for hours to get free.",1,mastiff,companion,trap_04,harm
"Caught in the wire fence, the corgi struggled for hours to get free.",1,corgi,companion,trap_04,harm
"Caught in the wire fence, the dachshund struggled for hours to get free.",1,dachshund,companion,trap_04,harm
"Caught in the wire fence, the chihuahua struggled for hours to get free.",1,chihuahua,companion,trap_04,harm
"Caught in the wire fence, the husky struggled for hours to get free.",1,husky,companion,trap_04,harm
"Caught in the wire fence, the rottweiler struggled for hours to get free.",1,rottweiler,companion,trap_04,harm
"Caught in the wire fence, the papillon struggled for hours to get free.",1,papillon,companion,trap_04,harm
"Caught in the wire fence, the schnauzer struggled for hours to get free.",1,schnauzer,companion,trap_04,harm
"Caught in the wire fence, the whippet struggled for hours to get free.",1,whippet,companion,trap_04,harm
"Caught in the wire fence, the pomeranian struggled for hours to get free.",1,pomeranian,companion,trap_04,harm
"Caught in the wire fence, the akita struggled for hours to get free.",1,akita,companion,trap_04,harm
"Caught in the wire fence, the samoyed struggled for hours to get free.",1,samoyed,companion,trap_04,harm
"Caught in the wire fence, the pekingese struggled for hours to get free.",1,pekingese,companion,trap_04,harm
"Caught in the wire fence, the lurcher struggled for hours to get free.",1,lurcher,companion,trap_04,harm
"Caught in the wire fence, the hound struggled for hours to get free.",1,hound,companion,trap_04,harm
"Caught in the wire fence, the mutt struggled for hours to get free.",1,mutt,companion,trap_04,harm
"Caught in the wire fence, the tabby struggled for hours to get free.",1,tabby,companion,trap_04,harm
"Caught in the wire fence, the lapdog struggled for hours to get free.",1,lapdog,companion,trap_04,harm
"Caught in the wire fence, the kitty struggled for hours to get free.",1,kitty,companion,trap_04,harm
"Caught in the wire fence, the bunny struggled for hours to get free.",1,bunny,companion,trap_04,harm
"Caught in the wire fence, the pig struggled for hours to get free.",0,pig,farmed,trap_04,harm
"Caught in the wire fence, the cow struggled for hours to get free.",0,cow,farmed,trap_04,harm
"Caught in the wire fence, the chicken struggled for hours to get free.",0,chicken,farmed,trap_04,harm
"Caught in the wire fence, the goat struggled for hours to get free.",0,goat,farmed,trap_04,harm
"Caught in the wire fence, the sheep struggled for hours to get free.",0,sheep,farmed,trap_04,harm
"Caught in the wire fence, the duck struggled for hours to get free.",0,duck,farmed,trap_04,harm
"Caught in the wire fence, the turkey struggled for hours to get free.",0,turkey,farmed,trap_04,harm
"Caught in the wire fence, the hen struggled for hours to get free.",0,hen,farmed,trap_04,harm
"Caught in the wire fence, the rooster struggled for hours to get free.",0,rooster,farmed,trap_04,harm
"Caught in the wire fence, the calf struggled for hours to get free.",0,calf,farmed,trap_04,harm
"Caught in the wire fence, the lamb struggled for hours to get free.",0,lamb,farmed,trap_04,harm
"Caught in the wire fence, the piglet struggled for hours to get free.",0,piglet,farmed,trap_04,harm
"Caught in the wire fence, the ox struggled for hours to get free.",0,ox,farmed,trap_04,harm
"Caught in the wire fence, the donkey struggled for hours to get free.",0,donkey,farmed,trap_04,harm
"Caught in the wire fence, the mule struggled for hours to get free.",0,mule,farmed,trap_04,harm
"Caught in the wire fence, the goose struggled for hours to get free.",0,goose,farmed,trap_04,harm
"Caught in the wire fence, the sow struggled for hours to get free.",0,sow,farmed,trap_04,harm
"Caught in the wire fence, the heifer struggled for hours to get free.",0,heifer,farmed,trap_04,harm
"Caught in the wire fence, the foal struggled for hours to get free.",0,foal,farmed,trap_04,harm
"Caught in the wire fence, the ram struggled for hours to get free.",0,ram,farmed,trap_04,harm
"Caught in the wire fence, the capon struggled for hours to get free.",0,capon,farmed,trap_04,harm
"Caught in the wire fence, the steer struggled for hours to get free.",0,steer,farmed,trap_04,harm
"Caught in the wire fence, the bullock struggled for hours to get free.",0,bullock,farmed,trap_04,harm
"Caught in the wire fence, the ewe struggled for hours to get free.",0,ewe,farmed,trap_04,harm
"Caught in the wire fence, the wether struggled for hours to get free.",0,wether,farmed,trap_04,harm
"Caught in the wire fence, the gander struggled for hours to get free.",0,gander,farmed,trap_04,harm
"Caught in the wire fence, the drake struggled for hours to get free.",0,drake,farmed,trap_04,harm
"Caught in the wire fence, the gosling struggled for hours to get free.",0,gosling,farmed,trap_04,harm
"Caught in the wire fence, the duckling struggled for hours to get free.",0,duckling,farmed,trap_04,harm
"Caught in the wire fence, the chick struggled for hours to get free.",0,chick,farmed,trap_04,harm
"Caught in the wire fence, the cockerel struggled for hours to get free.",0,cockerel,farmed,trap_04,harm
"Caught in the wire fence, the pullet struggled for hours to get free.",0,pullet,farmed,trap_04,harm
"Caught in the wire fence, the yearling struggled for hours to get free.",0,yearling,farmed,trap_04,harm
"Caught in the wire fence, the shoat struggled for hours to get free.",0,shoat,farmed,trap_04,harm
"Caught in the wire fence, the gilt struggled for hours to get free.",0,gilt,farmed,trap_04,harm
"Caught in the wire fence, the pony struggled for hours to get free.",0,pony,farmed,trap_04,harm
"Caught in the wire fence, the mare struggled for hours to get free.",0,mare,farmed,trap_04,harm
"Caught in the wire fence, the colt struggled for hours to get free.",0,colt,farmed,trap_04,harm
"Caught in the wire fence, the alpaca struggled for hours to get free.",0,alpaca,farmed,trap_04,harm
"Caught in the wire fence, the stallion struggled for hours to get free.",0,stallion,farmed,trap_04,harm
The mudslide left the dog trapped beneath the heavy debris.,1,dog,companion,trap_05,harm
The mudslide left the cat trapped beneath the heavy debris.,1,cat,companion,trap_05,harm
The mudslide left the rabbit trapped beneath the heavy debris.,1,rabbit,companion,trap_05,harm
The mudslide left the puppy trapped beneath the heavy debris.,1,puppy,companion,trap_05,harm
The mudslide left the kitten trapped beneath the heavy debris.,1,kitten,companion,trap_05,harm
The mudslide left the hamster trapped beneath the heavy debris.,1,hamster,companion,trap_05,harm
The mudslide left the ferret trapped beneath the heavy debris.,1,ferret,companion,trap_05,harm
The mudslide left the poodle trapped beneath the heavy debris.,1,poodle,companion,trap_05,harm
The mudslide left the beagle trapped beneath the heavy debris.,1,beagle,companion,trap_05,harm
The mudslide left the terrier trapped beneath the heavy debris.,1,terrier,companion,trap_05,harm
The mudslide left the spaniel trapped beneath the heavy debris.,1,spaniel,companion,trap_05,harm
The mudslide left the labrador trapped beneath the heavy debris.,1,labrador,companion,trap_05,harm
The mudslide left the collie trapped beneath the heavy debris.,1,collie,companion,trap_05,harm
The mudslide left the pug trapped beneath the heavy debris.,1,pug,companion,trap_05,harm
The mudslide left the bulldog trapped beneath the heavy debris.,1,bulldog,companion,trap_05,harm
The mudslide left the retriever trapped beneath the heavy debris.,1,retriever,companion,trap_05,harm
The mudslide left the tomcat trapped beneath the heavy debris.,1,tomcat,companion,trap_05,harm
The mudslide left the gerbil trapped beneath the heavy debris.,1,gerbil,companion,trap_05,harm
The mudslide left the dalmatian trapped beneath the heavy debris.,1,dalmatian,companion,trap_05,harm
The mudslide left the greyhound trapped beneath the heavy debris.,1,greyhound,companion,trap_05,harm
The mudslide left the mastiff trapped beneath the heavy debris.,1,mastiff,companion,trap_05,harm
The mudslide left the corgi trapped beneath the heavy debris.,1,corgi,companion,trap_05,harm
The mudslide left the dachshund trapped beneath the heavy debris.,1,dachshund,companion,trap_05,harm
The mudslide left the chihuahua trapped beneath the heavy debris.,1,chihuahua,companion,trap_05,harm
The mudslide left the husky trapped beneath the heavy debris.,1,husky,companion,trap_05,harm
The mudslide left the rottweiler trapped beneath the heavy debris.,1,rottweiler,companion,trap_05,harm
The mudslide left the papillon trapped beneath the heavy debris.,1,papillon,companion,trap_05,harm
The mudslide left the schnauzer trapped beneath the heavy debris.,1,schnauzer,companion,trap_05,harm
The mudslide left the whippet trapped beneath the heavy debris.,1,whippet,companion,trap_05,harm
The mudslide left the pomeranian trapped beneath the heavy debris.,1,pomeranian,companion,trap_05,harm
The mudslide left the akita trapped beneath the heavy debris.,1,akita,companion,trap_05,harm
The mudslide left the samoyed trapped beneath the heavy debris.,1,samoyed,companion,trap_05,harm
The mudslide left the pekingese trapped beneath the heavy debris.,1,pekingese,companion,trap_05,harm
The mudslide left the lurcher trapped beneath the heavy debris.,1,lurcher,companion,trap_05,harm
The mudslide left the hound trapped beneath the heavy debris.,1,hound,companion,trap_05,harm
The mudslide left the mutt trapped beneath the heavy debris.,1,mutt,companion,trap_05,harm
The mudslide left the tabby trapped beneath the heavy debris.,1,tabby,companion,trap_05,harm
The mudslide left the lapdog trapped beneath the heavy debris.,1,lapdog,companion,trap_05,harm
The mudslide left the kitty trapped beneath the heavy debris.,1,kitty,companion,trap_05,harm
The mudslide left the bunny trapped beneath the heavy debris.,1,bunny,companion,trap_05,harm
The mudslide left the pig trapped beneath the heavy debris.,0,pig,farmed,trap_05,harm
The mudslide left the cow trapped beneath the heavy debris.,0,cow,farmed,trap_05,harm
The mudslide left the chicken trapped beneath the heavy debris.,0,chicken,farmed,trap_05,harm
The mudslide left the goat trapped beneath the heavy debris.,0,goat,farmed,trap_05,harm
The mudslide left the sheep trapped beneath the heavy debris.,0,sheep,farmed,trap_05,harm
The mudslide left the duck trapped beneath the heavy debris.,0,duck,farmed,trap_05,harm
The mudslide left the turkey trapped beneath the heavy debris.,0,turkey,farmed,trap_05,harm
The mudslide left the hen trapped beneath the heavy debris.,0,hen,farmed,trap_05,harm
The mudslide left the rooster trapped beneath the heavy debris.,0,rooster,farmed,trap_05,harm
The mudslide left the calf trapped beneath the heavy debris.,0,calf,farmed,trap_05,harm
The mudslide left the lamb trapped beneath the heavy debris.,0,lamb,farmed,trap_05,harm
The mudslide left the piglet trapped beneath the heavy debris.,0,piglet,farmed,trap_05,harm
The mudslide left the ox trapped beneath the heavy debris.,0,ox,farmed,trap_05,harm
The mudslide left the donkey trapped beneath the heavy debris.,0,donkey,farmed,trap_05,harm
The mudslide left the mule trapped beneath the heavy debris.,0,mule,farmed,trap_05,harm
The mudslide left the goose trapped beneath the heavy debris.,0,goose,farmed,trap_05,harm
The mudslide left the sow trapped beneath the heavy debris.,0,sow,farmed,trap_05,harm
The mudslide left the heifer trapped beneath the heavy debris.,0,heifer,farmed,trap_05,harm
The mudslide left the foal trapped beneath the heavy debris.,0,foal,farmed,trap_05,harm
The mudslide left the ram trapped beneath the heavy debris.,0,ram,farmed,trap_05,harm
The mudslide left the capon trapped beneath the heavy debris.,0,capon,farmed,trap_05,harm
The mudslide left the steer trapped beneath the heavy debris.,0,steer,farmed,trap_05,harm
The mudslide left the bullock trapped beneath the heavy debris.,0,bullock,farmed,trap_05,harm
The mudslide left the ewe trapped beneath the heavy debris.,0,ewe,farmed,trap_05,harm
The mudslide left the wether trapped beneath the heavy debris.,0,wether,farmed,trap_05,harm
The mudslide left the gander trapped beneath the heavy debris.,0,gander,farmed,trap_05,harm
The mudslide left the drake trapped beneath the heavy debris.,0,drake,farmed,trap_05,harm
The mudslide left the gosling trapped beneath the heavy debris.,0,gosling,farmed,trap_05,harm
The mudslide left the duckling trapped beneath the heavy debris.,0,duckling,farmed,trap_05,harm
The mudslide left the chick trapped beneath the heavy debris.,0,chick,farmed,trap_05,harm
The mudslide left the cockerel trapped beneath the heavy debris.,0,cockerel,farmed,trap_05,harm
The mudslide left the pullet trapped beneath the heavy debris.,0,pullet,farmed,trap_05,harm
The mudslide left the yearling trapped beneath the heavy debris.,0,yearling,farmed,trap_05,harm
The mudslide left the shoat trapped beneath the heavy debris.,0,shoat,farmed,trap_05,harm
The mudslide left the gilt trapped beneath the heavy debris.,0,gilt,farmed,trap_05,harm
The mudslide left the pony trapped beneath the heavy debris.,0,pony,farmed,trap_05,harm
The mudslide left the mare trapped beneath the heavy debris.,0,mare,farmed,trap_05,harm
The mudslide left the colt trapped beneath the heavy debris.,0,colt,farmed,trap_05,harm
The mudslide left the alpaca trapped beneath the heavy debris.,0,alpaca,farmed,trap_05,harm
The mudslide left the stallion trapped beneath the heavy debris.,0,stallion,farmed,trap_05,harm
"Deep in the ravine, the dog was wedged between the rocks, unable to move.",1,dog,companion,trap_06,harm
"Deep in the ravine, the cat was wedged between the rocks, unable to move.",1,cat,companion,trap_06,harm
"Deep in the ravine, the rabbit was wedged between the rocks, unable to move.",1,rabbit,companion,trap_06,harm
"Deep in the ravine, the puppy was wedged between the rocks, unable to move.",1,puppy,companion,trap_06,harm
"Deep in the ravine, the kitten was wedged between the rocks, unable to move.",1,kitten,companion,trap_06,harm
"Deep in the ravine, the hamster was wedged between the rocks, unable to move.",1,hamster,companion,trap_06,harm
"Deep in the ravine, the ferret was wedged between the rocks, unable to move.",1,ferret,companion,trap_06,harm
"Deep in the ravine, the poodle was wedged between the rocks, unable to move.",1,poodle,companion,trap_06,harm
"Deep in the ravine, the beagle was wedged between the rocks, unable to move.",1,beagle,companion,trap_06,harm
"Deep in the ravine, the terrier was wedged between the rocks, unable to move.",1,terrier,companion,trap_06,harm
"Deep in the ravine, the spaniel was wedged between the rocks, unable to move.",1,spaniel,companion,trap_06,harm
"Deep in the ravine, the labrador was wedged between the rocks, unable to move.",1,labrador,companion,trap_06,harm
"Deep in the ravine, the collie was wedged between the rocks, unable to move.",1,collie,companion,trap_06,harm
"Deep in the ravine, the pug was wedged between the rocks, unable to move.",1,pug,companion,trap_06,harm
"Deep in the ravine, the bulldog was wedged between the rocks, unable to move.",1,bulldog,companion,trap_06,harm
"Deep in the ravine, the retriever was wedged between the rocks, unable to move.",1,retriever,companion,trap_06,harm
"Deep in the ravine, the tomcat was wedged between the rocks, unable to move.",1,tomcat,companion,trap_06,harm
"Deep in the ravine, the gerbil was wedged between the rocks, unable to move.",1,gerbil,companion,trap_06,harm
"Deep in the ravine, the dalmatian was wedged between the rocks, unable to move.",1,dalmatian,companion,trap_06,harm
"Deep in the ravine, the greyhound was wedged between the rocks, unable to move.",1,greyhound,companion,trap_06,harm
"Deep in the ravine, the mastiff was wedged between the rocks, unable to move.",1,mastiff,companion,trap_06,harm
"Deep in the ravine, the corgi was wedged between the rocks, unable to move.",1,corgi,companion,trap_06,harm
"Deep in the ravine, the dachshund was wedged between the rocks, unable to move.",1,dachshund,companion,trap_06,harm
"Deep in the ravine, the chihuahua was wedged between the rocks, unable to move.",1,chihuahua,companion,trap_06,harm
"Deep in the ravine, the husky was wedged between the rocks, unable to move.",1,husky,companion,trap_06,harm
"Deep in the ravine, the rottweiler was wedged between the rocks, unable to move.",1,rottweiler,companion,trap_06,harm
"Deep in the ravine, the papillon was wedged between the rocks, unable to move.",1,papillon,companion,trap_06,harm
"Deep in the ravine, the schnauzer was wedged between the rocks, unable to move.",1,schnauzer,companion,trap_06,harm
"Deep in the ravine, the whippet was wedged between the rocks, unable to move.",1,whippet,companion,trap_06,harm
"Deep in the ravine, the pomeranian was wedged between the rocks, unable to move.",1,pomeranian,companion,trap_06,harm
"Deep in the ravine, the akita was wedged between the rocks, unable to move.",1,akita,companion,trap_06,harm
"Deep in the ravine, the samoyed was wedged between the rocks, unable to move.",1,samoyed,companion,trap_06,harm
"Deep in the ravine, the pekingese was wedged between the rocks, unable to move.",1,pekingese,companion,trap_06,harm
"Deep in the ravine, the lurcher was wedged between the rocks, unable to move.",1,lurcher,companion,trap_06,harm
"Deep in the ravine, the hound was wedged between the rocks, unable to move.",1,hound,companion,trap_06,harm
"Deep in the ravine, the mutt was wedged between the rocks, unable to move.",1,mutt,companion,trap_06,harm
"Deep in the ravine, the tabby was wedged between the rocks, unable to move.",1,tabby,companion,trap_06,harm
"Deep in the ravine, the lapdog was wedged between the rocks, unable to move.",1,lapdog,companion,trap_06,harm
"Deep in the ravine, the kitty was wedged between the rocks, unable to move.",1,kitty,companion,trap_06,harm
"Deep in the ravine, the bunny was wedged between the rocks, unable to move.",1,bunny,companion,trap_06,harm
"Deep in the ravine, the pig was wedged between the rocks, unable to move.",0,pig,farmed,trap_06,harm
"Deep in the ravine, the cow was wedged between the rocks, unable to move.",0,cow,farmed,trap_06,harm
"Deep in the ravine, the chicken was wedged between the rocks, unable to move.",0,chicken,farmed,trap_06,harm
"Deep in the ravine, the goat was wedged between the rocks, unable to move.",0,goat,farmed,trap_06,harm
"Deep in the ravine, the sheep was wedged between the rocks, unable to move.",0,sheep,farmed,trap_06,harm
"Deep in the ravine, the duck was wedged between the rocks, unable to move.",0,duck,farmed,trap_06,harm
"Deep in the ravine, the turkey was wedged between the rocks, unable to move.",0,turkey,farmed,trap_06,harm
"Deep in the ravine, the hen was wedged between the rocks, unable to move.",0,hen,farmed,trap_06,harm
"Deep in the ravine, the rooster was wedged between the rocks, unable to move.",0,rooster,farmed,trap_06,harm
"Deep in the ravine, the calf was wedged between the rocks, unable to move.",0,calf,farmed,trap_06,harm
"Deep in the ravine, the lamb was wedged between the rocks, unable to move.",0,lamb,farmed,trap_06,harm
"Deep in the ravine, the piglet was wedged between the rocks, unable to move.",0,piglet,farmed,trap_06,harm
"Deep in the ravine, the ox was wedged between the rocks, unable to move.",0,ox,farmed,trap_06,harm
"Deep in the ravine, the donkey was wedged between the rocks, unable to move.",0,donkey,farmed,trap_06,harm
"Deep in the ravine, the mule was wedged between the rocks, unable to move.",0,mule,farmed,trap_06,harm
"Deep in the ravine, the goose was wedged between the rocks, unable to move.",0,goose,farmed,trap_06,harm
"Deep in the ravine, the sow was wedged between the rocks, unable to move.",0,sow,farmed,trap_06,harm
"Deep in the ravine, the heifer was wedged between the rocks, unable to move.",0,heifer,farmed,trap_06,harm
"Deep in the ravine, the foal was wedged between the rocks, unable to move.",0,foal,farmed,trap_06,harm
"Deep in the ravine, the ram was wedged between the rocks, unable to move.",0,ram,farmed,trap_06,harm
"Deep in the ravine, the capon was wedged between the rocks, unable to move.",0,capon,farmed,trap_06,harm
"Deep in the ravine, the steer was wedged between the rocks, unable to move.",0,steer,farmed,trap_06,harm
"Deep in the ravine, the bullock was wedged between the rocks, unable to move.",0,bullock,farmed,trap_06,harm
"Deep in the ravine, the ewe was wedged between the rocks, unable to move.",0,ewe,farmed,trap_06,harm
"Deep in the ravine, the wether was wedged between the rocks, unable to move.",0,wether,farmed,trap_06,harm
"Deep in the ravine, the gander was wedged between the rocks, unable to move.",0,gander,farmed,trap_06,harm
"Deep in the ravine, the drake was wedged between the rocks, unable to move.",0,drake,farmed,trap_06,harm
"Deep in the ravine, the gosling was wedged between the rocks, unable to move.",0,gosling,farmed,trap_06,harm
"Deep in the ravine, the duckling was wedged between the rocks, unable to move.",0,duckling,farmed,trap_06,harm
"Deep in the ravine, the chick was wedged between the rocks, unable to move.",0,chick,farmed,trap_06,harm
"Deep in the ravine, the cockerel was wedged between the rocks, unable to move.",0,cockerel,farmed,trap_06,harm
"Deep in the ravine, the pullet was wedged between the rocks, unable to move.",0,pullet,farmed,trap_06,harm
"Deep in the ravine, the yearling was wedged between the rocks, unable to move.",0,yearling,farmed,trap_06,harm
"Deep in the ravine, the shoat was wedged between the rocks, unable to move.",0,shoat,farmed,trap_06,harm
"Deep in the ravine, the gilt was wedged between the rocks, unable to move.",0,gilt,farmed,trap_06,harm
"Deep in the ravine, the pony was wedged between the rocks, unable to move.",0,pony,farmed,trap_06,harm
"Deep in the ravine, the mare was wedged between the rocks, unable to move.",0,mare,farmed,trap_06,harm
"Deep in the ravine, the colt was wedged between the rocks, unable to move.",0,colt,farmed,trap_06,harm
"Deep in the ravine, the alpaca was wedged between the rocks, unable to move.",0,alpaca,farmed,trap_06,harm
"Deep in the ravine, the stallion was wedged between the rocks, unable to move.",0,stallion,farmed,trap_06,harm
The fall from the ledge left the dog badly hurt.,1,dog,companion,injury_01,harm
The fall from the ledge left the cat badly hurt.,1,cat,companion,injury_01,harm
The fall from the ledge left the rabbit badly hurt.,1,rabbit,companion,injury_01,harm
The fall from the ledge left the puppy badly hurt.,1,puppy,companion,injury_01,harm
The fall from the ledge left the kitten badly hurt.,1,kitten,companion,injury_01,harm
The fall from the ledge left the hamster badly hurt.,1,hamster,companion,injury_01,harm
The fall from the ledge left the ferret badly hurt.,1,ferret,companion,injury_01,harm
The fall from the ledge left the poodle badly hurt.,1,poodle,companion,injury_01,harm
The fall from the ledge left the beagle badly hurt.,1,beagle,companion,injury_01,harm
The fall from the ledge left the terrier badly hurt.,1,terrier,companion,injury_01,harm
The fall from the ledge left the spaniel badly hurt.,1,spaniel,companion,injury_01,harm
The fall from the ledge left the labrador badly hurt.,1,labrador,companion,injury_01,harm
The fall from the ledge left the collie badly hurt.,1,collie,companion,injury_01,harm
The fall from the ledge left the pug badly hurt.,1,pug,companion,injury_01,harm
The fall from the ledge left the bulldog badly hurt.,1,bulldog,companion,injury_01,harm
The fall from the ledge left the retriever badly hurt.,1,retriever,companion,injury_01,harm
The fall from the ledge left the tomcat badly hurt.,1,tomcat,companion,injury_01,harm
The fall from the ledge left the gerbil badly hurt.,1,gerbil,companion,injury_01,harm
The fall from the ledge left the dalmatian badly hurt.,1,dalmatian,companion,injury_01,harm
The fall from the ledge left the greyhound badly hurt.,1,greyhound,companion,injury_01,harm
The fall from the ledge left the mastiff badly hurt.,1,mastiff,companion,injury_01,harm
The fall from the ledge left the corgi badly hurt.,1,corgi,companion,injury_01,harm
The fall from the ledge left the dachshund badly hurt.,1,dachshund,companion,injury_01,harm
The fall from the ledge left the chihuahua badly hurt.,1,chihuahua,companion,injury_01,harm
The fall from the ledge left the husky badly hurt.,1,husky,companion,injury_01,harm
The fall from the ledge left the rottweiler badly hurt.,1,rottweiler,companion,injury_01,harm
The fall from the ledge left the papillon badly hurt.,1,papillon,companion,injury_01,harm
The fall from the ledge left the schnauzer badly hurt.,1,schnauzer,companion,injury_01,harm
The fall from the ledge left the whippet badly hurt.,1,whippet,companion,injury_01,harm
The fall from the ledge left the pomeranian badly hurt.,1,pomeranian,companion,injury_01,harm
The fall from the ledge left the akita badly hurt.,1,akita,companion,injury_01,harm
The fall from the ledge left the samoyed badly hurt.,1,samoyed,companion,injury_01,harm
The fall from the ledge left the pekingese badly hurt.,1,pekingese,companion,injury_01,harm
The fall from the ledge left the lurcher badly hurt.,1,lurcher,companion,injury_01,harm
The fall from the ledge left the hound badly hurt.,1,hound,companion,injury_01,harm
The fall from the ledge left the mutt badly hurt.,1,mutt,companion,injury_01,harm
The fall from the ledge left the tabby badly hurt.,1,tabby,companion,injury_01,harm
The fall from the ledge left the lapdog badly hurt.,1,lapdog,companion,injury_01,harm
The fall from the ledge left the kitty badly hurt.,1,kitty,companion,injury_01,harm
The fall from the ledge left the bunny badly hurt.,1,bunny,companion,injury_01,harm
The fall from the ledge left the pig badly hurt.,0,pig,farmed,injury_01,harm
The fall from the ledge left the cow badly hurt.,0,cow,farmed,injury_01,harm
The fall from the ledge left the chicken badly hurt.,0,chicken,farmed,injury_01,harm
The fall from the ledge left the goat badly hurt.,0,goat,farmed,injury_01,harm
The fall from the ledge left the sheep badly hurt.,0,sheep,farmed,injury_01,harm
The fall from the ledge left the duck badly hurt.,0,duck,farmed,injury_01,harm
The fall from the ledge left the turkey badly hurt.,0,turkey,farmed,injury_01,harm
The fall from the ledge left the hen badly hurt.,0,hen,farmed,injury_01,harm
The fall from the ledge left the rooster badly hurt.,0,rooster,farmed,injury_01,harm
The fall from the ledge left the calf badly hurt.,0,calf,farmed,injury_01,harm
The fall from the ledge left the lamb badly hurt.,0,lamb,farmed,injury_01,harm
The fall from the ledge left the piglet badly hurt.,0,piglet,farmed,injury_01,harm
The fall from the ledge left the ox badly hurt.,0,ox,farmed,injury_01,harm
The fall from the ledge left the donkey badly hurt.,0,donkey,farmed,injury_01,harm
The fall from the ledge left the mule badly hurt.,0,mule,farmed,injury_01,harm
The fall from the ledge left the goose badly hurt.,0,goose,farmed,injury_01,harm
The fall from the ledge left the sow badly hurt.,0,sow,farmed,injury_01,harm
The fall from the ledge left the heifer badly hurt.,0,heifer,farmed,injury_01,harm
The fall from the ledge left the foal badly hurt.,0,foal,farmed,injury_01,harm
The fall from the ledge left the ram badly hurt.,0,ram,farmed,injury_01,harm
The fall from the ledge left the capon badly hurt.,0,capon,farmed,injury_01,harm
The fall from the ledge left the steer badly hurt.,0,steer,farmed,injury_01,harm
The fall from the ledge left the bullock badly hurt.,0,bullock,farmed,injury_01,harm
The fall from the ledge left the ewe badly hurt.,0,ewe,farmed,injury_01,harm
The fall from the ledge left the wether badly hurt.,0,wether,farmed,injury_01,harm
The fall from the ledge left the gander badly hurt.,0,gander,farmed,injury_01,harm
The fall from the ledge left the drake badly hurt.,0,drake,farmed,injury_01,harm
The fall from the ledge left the gosling badly hurt.,0,gosling,farmed,injury_01,harm
The fall from the ledge left the duckling badly hurt.,0,duckling,farmed,injury_01,harm
The fall from the ledge left the chick badly hurt.,0,chick,farmed,injury_01,harm
The fall from the ledge left the cockerel badly hurt.,0,cockerel,farmed,injury_01,harm
The fall from the ledge left the pullet badly hurt.,0,pullet,farmed,injury_01,harm
The fall from the ledge left the yearling badly hurt.,0,yearling,farmed,injury_01,harm
The fall from the ledge left the shoat badly hurt.,0,shoat,farmed,injury_01,harm
The fall from the ledge left the gilt badly hurt.,0,gilt,farmed,injury_01,harm
The fall from the ledge left the pony badly hurt.,0,pony,farmed,injury_01,harm
The fall from the ledge left the mare badly hurt.,0,mare,farmed,injury_01,harm
The fall from the ledge left the colt badly hurt.,0,colt,farmed,injury_01,harm
The fall from the ledge left the alpaca badly hurt.,0,alpaca,farmed,injury_01,harm
The fall from the ledge left the stallion badly hurt.,0,stallion,farmed,injury_01,harm
A deep gash left the dog bleeding and unable to move.,1,dog,companion,injury_02,harm
A deep gash left the cat bleeding and unable to move.,1,cat,companion,injury_02,harm
A deep gash left the rabbit bleeding and unable to move.,1,rabbit,companion,injury_02,harm
A deep gash left the puppy bleeding and unable to move.,1,puppy,companion,injury_02,harm
A deep gash left the kitten bleeding and unable to move.,1,kitten,companion,injury_02,harm
A deep gash left the hamster bleeding and unable to move.,1,hamster,companion,injury_02,harm
A deep gash left the ferret bleeding and unable to move.,1,ferret,companion,injury_02,harm
A deep gash left the poodle bleeding and unable to move.,1,poodle,companion,injury_02,harm
A deep gash left the beagle bleeding and unable to move.,1,beagle,companion,injury_02,harm
A deep gash left the terrier bleeding and unable to move.,1,terrier,companion,injury_02,harm
A deep gash left the spaniel bleeding and unable to move.,1,spaniel,companion,injury_02,harm
A deep gash left the labrador bleeding and unable to move.,1,labrador,companion,injury_02,harm
A deep gash left the collie bleeding and unable to move.,1,collie,companion,injury_02,harm
A deep gash left the pug bleeding and unable to move.,1,pug,companion,injury_02,harm
A deep gash left the bulldog bleeding and unable to move.,1,bulldog,companion,injury_02,harm
A deep gash left the retriever bleeding and unable to move.,1,retriever,companion,injury_02,harm
A deep gash left the tomcat bleeding and unable to move.,1,tomcat,companion,injury_02,harm
A deep gash left the gerbil bleeding and unable to move.,1,gerbil,companion,injury_02,harm
A deep gash left the dalmatian bleeding and unable to move.,1,dalmatian,companion,injury_02,harm
A deep gash left the greyhound bleeding and unable to move.,1,greyhound,companion,injury_02,harm
A deep gash left the mastiff bleeding and unable to move.,1,mastiff,companion,injury_02,harm
A deep gash left the corgi bleeding and unable to move.,1,corgi,companion,injury_02,harm
A deep gash left the dachshund bleeding and unable to move.,1,dachshund,companion,injury_02,harm
A deep gash left the chihuahua bleeding and unable to move.,1,chihuahua,companion,injury_02,harm
A deep gash left the husky bleeding and unable to move.,1,husky,companion,injury_02,harm
A deep gash left the rottweiler bleeding and unable to move.,1,rottweiler,companion,injury_02,harm
A deep gash left the papillon bleeding and unable to move.,1,papillon,companion,injury_02,harm
A deep gash left the schnauzer bleeding and unable to move.,1,schnauzer,companion,injury_02,harm
A deep gash left the whippet bleeding and unable to move.,1,whippet,companion,injury_02,harm
A deep gash left the pomeranian bleeding and unable to move.,1,pomeranian,companion,injury_02,harm
A deep gash left the akita bleeding and unable to move.,1,akita,companion,injury_02,harm
A deep gash left the samoyed bleeding and unable to move.,1,samoyed,companion,injury_02,harm
A deep gash left the pekingese bleeding and unable to move.,1,pekingese,companion,injury_02,harm
A deep gash left the lurcher bleeding and unable to move.,1,lurcher,companion,injury_02,harm
A deep gash left the hound bleeding and unable to move.,1,hound,companion,injury_02,harm
A deep gash left the mutt bleeding and unable to move.,1,mutt,companion,injury_02,harm
A deep gash left the tabby bleeding and unable to move.,1,tabby,companion,injury_02,harm
A deep gash left the lapdog bleeding and unable to move.,1,lapdog,companion,injury_02,harm
A deep gash left the kitty bleeding and unable to move.,1,kitty,companion,injury_02,harm
A deep gash left the bunny bleeding and unable to move.,1,bunny,companion,injury_02,harm
A deep gash left the pig bleeding and unable to move.,0,pig,farmed,injury_02,harm
A deep gash left the cow bleeding and unable to move.,0,cow,farmed,injury_02,harm
A deep gash left the chicken bleeding and unable to move.,0,chicken,farmed,injury_02,harm
A deep gash left the goat bleeding and unable to move.,0,goat,farmed,injury_02,harm
A deep gash left the sheep bleeding and unable to move.,0,sheep,farmed,injury_02,harm
A deep gash left the duck bleeding and unable to move.,0,duck,farmed,injury_02,harm
A deep gash left the turkey bleeding and unable to move.,0,turkey,farmed,injury_02,harm
A deep gash left the hen bleeding and unable to move.,0,hen,farmed,injury_02,harm
A deep gash left the rooster bleeding and unable to move.,0,rooster,farmed,injury_02,harm
A deep gash left the calf bleeding and unable to move.,0,calf,farmed,injury_02,harm
A deep gash left the lamb bleeding and unable to move.,0,lamb,farmed,injury_02,harm
A deep gash left the piglet bleeding and unable to move.,0,piglet,farmed,injury_02,harm
A deep gash left the ox bleeding and unable to move.,0,ox,farmed,injury_02,harm
A deep gash left the donkey bleeding and unable to move.,0,donkey,farmed,injury_02,harm
A deep gash left the mule bleeding and unable to move.,0,mule,farmed,injury_02,harm
A deep gash left the goose bleeding and unable to move.,0,goose,farmed,injury_02,harm
A deep gash left the sow bleeding and unable to move.,0,sow,farmed,injury_02,harm
A deep gash left the heifer bleeding and unable to move.,0,heifer,farmed,injury_02,harm
A deep gash left the foal bleeding and unable to move.,0,foal,farmed,injury_02,harm
A deep gash left the ram bleeding and unable to move.,0,ram,farmed,injury_02,harm
A deep gash left the capon bleeding and unable to move.,0,capon,farmed,injury_02,harm
A deep gash left the steer bleeding and unable to move.,0,steer,farmed,injury_02,harm
A deep gash left the bullock bleeding and unable to move.,0,bullock,farmed,injury_02,harm
A deep gash left the ewe bleeding and unable to move.,0,ewe,farmed,injury_02,harm
A deep gash left the wether bleeding and unable to move.,0,wether,farmed,injury_02,harm
A deep gash left the gander bleeding and unable to move.,0,gander,farmed,injury_02,harm
A deep gash left the drake bleeding and unable to move.,0,drake,farmed,injury_02,harm
A deep gash left the gosling bleeding and unable to move.,0,gosling,farmed,injury_02,harm
A deep gash left the duckling bleeding and unable to move.,0,duckling,farmed,injury_02,harm
A deep gash left the chick bleeding and unable to move.,0,chick,farmed,injury_02,harm
A deep gash left the cockerel bleeding and unable to move.,0,cockerel,farmed,injury_02,harm
A deep gash left the pullet bleeding and unable to move.,0,pullet,farmed,injury_02,harm
A deep gash left the yearling bleeding and unable to move.,0,yearling,farmed,injury_02,harm
A deep gash left the shoat bleeding and unable to move.,0,shoat,farmed,injury_02,harm
A deep gash left the gilt bleeding and unable to move.,0,gilt,farmed,injury_02,harm
A deep gash left the pony bleeding and unable to move.,0,pony,farmed,injury_02,harm
A deep gash left the mare bleeding and unable to move.,0,mare,farmed,injury_02,harm
A deep gash left the colt bleeding and unable to move.,0,colt,farmed,injury_02,harm
A deep gash left the alpaca bleeding and unable to move.,0,alpaca,farmed,injury_02,harm
A deep gash left the stallion bleeding and unable to move.,0,stallion,farmed,injury_02,harm
"After the accident with the broken glass, the dog was left with a painful wound.",1,dog,companion,injury_03,harm
"After the accident with the broken glass, the cat was left with a painful wound.",1,cat,companion,injury_03,harm
"After the accident with the broken glass, the rabbit was left with a painful wound.",1,rabbit,companion,injury_03,harm
"After the accident with the broken glass, the puppy was left with a painful wound.",1,puppy,companion,injury_03,harm
"After the accident with the broken glass, the kitten was left with a painful wound.",1,kitten,companion,injury_03,harm
"After the accident with the broken glass, the hamster was left with a painful wound.",1,hamster,companion,injury_03,harm
"After the accident with the broken glass, the ferret was left with a painful wound.",1,ferret,companion,injury_03,harm
"After the accident with the broken glass, the poodle was left with a painful wound.",1,poodle,companion,injury_03,harm
"After the accident with the broken glass, the beagle was left with a painful wound.",1,beagle,companion,injury_03,harm
"After the accident with the broken glass, the terrier was left with a painful wound.",1,terrier,companion,injury_03,harm
"After the accident with the broken glass, the spaniel was left with a painful wound.",1,spaniel,companion,injury_03,harm
"After the accident with the broken glass, the labrador was left with a painful wound.",1,labrador,companion,injury_03,harm
"After the accident with the broken glass, the collie was left with a painful wound.",1,collie,companion,injury_03,harm
"After the accident with the broken glass, the pug was left with a painful wound.",1,pug,companion,injury_03,harm
"After the accident with the broken glass, the bulldog was left with a painful wound.",1,bulldog,companion,injury_03,harm
"After the accident with the broken glass, the retriever was left with a painful wound.",1,retriever,companion,injury_03,harm
"After the accident with the broken glass, the tomcat was left with a painful wound.",1,tomcat,companion,injury_03,harm
"After the accident with the broken glass, the gerbil was left with a painful wound.",1,gerbil,companion,injury_03,harm
"After the accident with the broken glass, the dalmatian was left with a painful wound.",1,dalmatian,companion,injury_03,harm
"After the accident with the broken glass, the greyhound was left with a painful wound.",1,greyhound,companion,injury_03,harm
"After the accident with the broken glass, the mastiff was left with a painful wound.",1,mastiff,companion,injury_03,harm
"After the accident with the broken glass, the corgi was left with a painful wound.",1,corgi,companion,injury_03,harm
"After the accident with the broken glass, the dachshund was left with a painful wound.",1,dachshund,companion,injury_03,harm
"After the accident with the broken glass, the chihuahua was left with a painful wound.",1,chihuahua,companion,injury_03,harm
"After the accident with the broken glass, the husky was left with a painful wound.",1,husky,companion,injury_03,harm
"After the accident with the broken glass, the rottweiler was left with a painful wound.",1,rottweiler,companion,injury_03,harm
"After the accident with the broken glass, the papillon was left with a painful wound.",1,papillon,companion,injury_03,harm
"After the accident with the broken glass, the schnauzer was left with a painful wound.",1,schnauzer,companion,injury_03,harm
"After the accident with the broken glass, the whippet was left with a painful wound.",1,whippet,companion,injury_03,harm
"After the accident with the broken glass, the pomeranian was left with a painful wound.",1,pomeranian,companion,injury_03,harm
"After the accident with the broken glass, the akita was left with a painful wound.",1,akita,companion,injury_03,harm
"After the accident with the broken glass, the samoyed was left with a painful wound.",1,samoyed,companion,injury_03,harm
"After the accident with the broken glass, the pekingese was left with a painful wound.",1,pekingese,companion,injury_03,harm
"After the accident with the broken glass, the lurcher was left with a painful wound.",1,lurcher,companion,injury_03,harm
"After the accident with the broken glass, the hound was left with a painful wound.",1,hound,companion,injury_03,harm
"After the accident with the broken glass, the mutt was left with a painful wound.",1,mutt,companion,injury_03,harm
"After the accident with the broken glass, the tabby was left with a painful wound.",1,tabby,companion,injury_03,harm
"After the accident with the broken glass, the lapdog was left with a painful wound.",1,lapdog,companion,injury_03,harm
"After the accident with the broken glass, the kitty was left with a painful wound.",1,kitty,companion,injury_03,harm
"After the accident with the broken glass, the bunny was left with a painful wound.",1,bunny,companion,injury_03,harm
"After the accident with the broken glass, the pig was left with a painful wound.",0,pig,farmed,injury_03,harm
"After the accident with the broken glass, the cow was left with a painful wound.",0,cow,farmed,injury_03,harm
"After the accident with the broken glass, the chicken was left with a painful wound.",0,chicken,farmed,injury_03,harm
"After the accident with the broken glass, the goat was left with a painful wound.",0,goat,farmed,injury_03,harm
"After the accident with the broken glass, the sheep was left with a painful wound.",0,sheep,farmed,injury_03,harm
"After the accident with the broken glass, the duck was left with a painful wound.",0,duck,farmed,injury_03,harm
"After the accident with the broken glass, the turkey was left with a painful wound.",0,turkey,farmed,injury_03,harm
"After the accident with the broken glass, the hen was left with a painful wound.",0,hen,farmed,injury_03,harm
"After the accident with the broken glass, the rooster was left with a painful wound.",0,rooster,farmed,injury_03,harm
"After the accident with the broken glass, the calf was left with a painful wound.",0,calf,farmed,injury_03,harm
"After the accident with the broken glass, the lamb was left with a painful wound.",0,lamb,farmed,injury_03,harm
"After the accident with the broken glass, the piglet was left with a painful wound.",0,piglet,farmed,injury_03,harm
"After the accident with the broken glass, the ox was left with a painful wound.",0,ox,farmed,injury_03,harm
"After the accident with the broken glass, the donkey was left with a painful wound.",0,donkey,farmed,injury_03,harm
"After the accident with the broken glass, the mule was left with a painful wound.",0,mule,farmed,injury_03,harm
"After the accident with the broken glass, the goose was left with a painful wound.",0,goose,farmed,injury_03,harm
"After the accident with the broken glass, the sow was left with a painful wound.",0,sow,farmed,injury_03,harm
"After the accident with the broken glass, the heifer was left with a painful wound.",0,heifer,farmed,injury_03,harm
"After the accident with the broken glass, the foal was left with a painful wound.",0,foal,farmed,injury_03,harm
"After the accident with the broken glass, the ram was left with a painful wound.",0,ram,farmed,injury_03,harm
"After the accident with the broken glass, the capon was left with a painful wound.",0,capon,farmed,injury_03,harm
"After the accident with the broken glass, the steer was left with a painful wound.",0,steer,farmed,injury_03,harm
"After the accident with the broken glass, the bullock was left with a painful wound.",0,bullock,farmed,injury_03,harm
"After the accident with the broken glass, the ewe was left with a painful wound.",0,ewe,farmed,injury_03,harm
"After the accident with the broken glass, the wether was left with a painful wound.",0,wether,farmed,injury_03,harm
"After the accident with the broken glass, the gander was left with a painful wound.",0,gander,farmed,injury_03,harm
"After the accident with the broken glass, the drake was left with a painful wound.",0,drake,farmed,injury_03,harm
"After the accident with the broken glass, the gosling was left with a painful wound.",0,gosling,farmed,injury_03,harm
"After the accident with the broken glass, the duckling was left with a painful wound.",0,duckling,farmed,injury_03,harm
"After the accident with the broken glass, the chick was left with a painful wound.",0,chick,farmed,injury_03,harm
"After the accident with the broken glass, the cockerel was left with a painful wound.",0,cockerel,farmed,injury_03,harm
"After the accident with the broken glass, the pullet was left with a painful wound.",0,pullet,farmed,injury_03,harm
"After the accident with the broken glass, the yearling was left with a painful wound.",0,yearling,farmed,injury_03,harm
"After the accident with the broken glass, the shoat was left with a painful wound.",0,shoat,farmed,injury_03,harm
"After the accident with the broken glass, the gilt was left with a painful wound.",0,gilt,farmed,injury_03,harm
"After the accident with the broken glass, the pony was left with a painful wound.",0,pony,farmed,injury_03,harm
"After the accident with the broken glass, the mare was left with a painful wound.",0,mare,farmed,injury_03,harm
"After the accident with the broken glass, the colt was left with a painful wound.",0,colt,farmed,injury_03,harm
"After the accident with the broken glass, the alpaca was left with a painful wound.",0,alpaca,farmed,injury_03,harm
"After the accident with the broken glass, the stallion was left with a painful wound.",0,stallion,farmed,injury_03,harm
"The snapping trap closed on the dog, causing a deep wound.",1,dog,companion,injury_04,harm
"The snapping trap closed on the cat, causing a deep wound.",1,cat,companion,injury_04,harm
"The snapping trap closed on the rabbit, causing a deep wound.",1,rabbit,companion,injury_04,harm
"The snapping trap closed on the puppy, causing a deep wound.",1,puppy,companion,injury_04,harm
"The snapping trap closed on the kitten, causing a deep wound.",1,kitten,companion,injury_04,harm
"The snapping trap closed on the hamster, causing a deep wound.",1,hamster,companion,injury_04,harm
"The snapping trap closed on the ferret, causing a deep wound.",1,ferret,companion,injury_04,harm
"The snapping trap closed on the poodle, causing a deep wound.",1,poodle,companion,injury_04,harm
"The snapping trap closed on the beagle, causing a deep wound.",1,beagle,companion,injury_04,harm
"The snapping trap closed on the terrier, causing a deep wound.",1,terrier,companion,injury_04,harm
"The snapping trap closed on the spaniel, causing a deep wound.",1,spaniel,companion,injury_04,harm
"The snapping trap closed on the labrador, causing a deep wound.",1,labrador,companion,injury_04,harm
"The snapping trap closed on the collie, causing a deep wound.",1,collie,companion,injury_04,harm
"The snapping trap closed on the pug, causing a deep wound.",1,pug,companion,injury_04,harm
"The snapping trap closed on the bulldog, causing a deep wound.",1,bulldog,companion,injury_04,harm
"The snapping trap closed on the retriever, causing a deep wound.",1,retriever,companion,injury_04,harm
"The snapping trap closed on the tomcat, causing a deep wound.",1,tomcat,companion,injury_04,harm
"The snapping trap closed on the gerbil, causing a deep wound.",1,gerbil,companion,injury_04,harm
"The snapping trap closed on the dalmatian, causing a deep wound.",1,dalmatian,companion,injury_04,harm
"The snapping trap closed on the greyhound, causing a deep wound.",1,greyhound,companion,injury_04,harm
"The snapping trap closed on the mastiff, causing a deep wound.",1,mastiff,companion,injury_04,harm
"The snapping trap closed on the corgi, causing a deep wound.",1,corgi,companion,injury_04,harm
"The snapping trap closed on the dachshund, causing a deep wound.",1,dachshund,companion,injury_04,harm
"The snapping trap closed on the chihuahua, causing a deep wound.",1,chihuahua,companion,injury_04,harm
"The snapping trap closed on the husky, causing a deep wound.",1,husky,companion,injury_04,harm
"The snapping trap closed on the rottweiler, causing a deep wound.",1,rottweiler,companion,injury_04,harm
"The snapping trap closed on the papillon, causing a deep wound.",1,papillon,companion,injury_04,harm
"The snapping trap closed on the schnauzer, causing a deep wound.",1,schnauzer,companion,injury_04,harm
"The snapping trap closed on the whippet, causing a deep wound.",1,whippet,companion,injury_04,harm
"The snapping trap closed on the pomeranian, causing a deep wound.",1,pomeranian,companion,injury_04,harm
"The snapping trap closed on the akita, causing a deep wound.",1,akita,companion,injury_04,harm
"The snapping trap closed on the samoyed, causing a deep wound.",1,samoyed,companion,injury_04,harm
"The snapping trap closed on the pekingese, causing a deep wound.",1,pekingese,companion,injury_04,harm
"The snapping trap closed on the lurcher, causing a deep wound.",1,lurcher,companion,injury_04,harm
"The snapping trap closed on the hound, causing a deep wound.",1,hound,companion,injury_04,harm
"The snapping trap closed on the mutt, causing a deep wound.",1,mutt,companion,injury_04,harm
"The snapping trap closed on the tabby, causing a deep wound.",1,tabby,companion,injury_04,harm
"The snapping trap closed on the lapdog, causing a deep wound.",1,lapdog,companion,injury_04,harm
"The snapping trap closed on the kitty, causing a deep wound.",1,kitty,companion,injury_04,harm
"The snapping trap closed on the bunny, causing a deep wound.",1,bunny,companion,injury_04,harm
"The snapping trap closed on the pig, causing a deep wound.",0,pig,farmed,injury_04,harm
"The snapping trap closed on the cow, causing a deep wound.",0,cow,farmed,injury_04,harm
"The snapping trap closed on the chicken, causing a deep wound.",0,chicken,farmed,injury_04,harm
"The snapping trap closed on the goat, causing a deep wound.",0,goat,farmed,injury_04,harm
"The snapping trap closed on the sheep, causing a deep wound.",0,sheep,farmed,injury_04,harm
"The snapping trap closed on the duck, causing a deep wound.",0,duck,farmed,injury_04,harm
"The snapping trap closed on the turkey, causing a deep wound.",0,turkey,farmed,injury_04,harm
"The snapping trap closed on the hen, causing a deep wound.",0,hen,farmed,injury_04,harm
"The snapping trap closed on the rooster, causing a deep wound.",0,rooster,farmed,injury_04,harm
"The snapping trap closed on the calf, causing a deep wound.",0,calf,farmed,injury_04,harm
"The snapping trap closed on the lamb, causing a deep wound.",0,lamb,farmed,injury_04,harm
"The snapping trap closed on the piglet, causing a deep wound.",0,piglet,farmed,injury_04,harm
"The snapping trap closed on the ox, causing a deep wound.",0,ox,farmed,injury_04,harm
"The snapping trap closed on the donkey, causing a deep wound.",0,donkey,farmed,injury_04,harm
"The snapping trap closed on the mule, causing a deep wound.",0,mule,farmed,injury_04,harm
"The snapping trap closed on the goose, causing a deep wound.",0,goose,farmed,injury_04,harm
"The snapping trap closed on the sow, causing a deep wound.",0,sow,farmed,injury_04,harm
"The snapping trap closed on the heifer, causing a deep wound.",0,heifer,farmed,injury_04,harm
"The snapping trap closed on the foal, causing a deep wound.",0,foal,farmed,injury_04,harm
"The snapping trap closed on the ram, causing a deep wound.",0,ram,farmed,injury_04,harm
"The snapping trap closed on the capon, causing a deep wound.",0,capon,farmed,injury_04,harm
"The snapping trap closed on the steer, causing a deep wound.",0,steer,farmed,injury_04,harm
"The snapping trap closed on the bullock, causing a deep wound.",0,bullock,farmed,injury_04,harm
"The snapping trap closed on the ewe, causing a deep wound.",0,ewe,farmed,injury_04,harm
"The snapping trap closed on the wether, causing a deep wound.",0,wether,farmed,injury_04,harm
"The snapping trap closed on the gander, causing a deep wound.",0,gander,farmed,injury_04,harm
"The snapping trap closed on the drake, causing a deep wound.",0,drake,farmed,injury_04,harm
"The snapping trap closed on the gosling, causing a deep wound.",0,gosling,farmed,injury_04,harm
"The snapping trap closed on the duckling, causing a deep wound.",0,duckling,farmed,injury_04,harm
"The snapping trap closed on the chick, causing a deep wound.",0,chick,farmed,injury_04,harm
"The snapping trap closed on the cockerel, causing a deep wound.",0,cockerel,farmed,injury_04,harm
"The snapping trap closed on the pullet, causing a deep wound.",0,pullet,farmed,injury_04,harm
"The snapping trap closed on the yearling, causing a deep wound.",0,yearling,farmed,injury_04,harm
"The snapping trap closed on the shoat, causing a deep wound.",0,shoat,farmed,injury_04,harm
"The snapping trap closed on the gilt, causing a deep wound.",0,gilt,farmed,injury_04,harm
"The snapping trap closed on the pony, causing a deep wound.",0,pony,farmed,injury_04,harm
"The snapping trap closed on the mare, causing a deep wound.",0,mare,farmed,injury_04,harm
"The snapping trap closed on the colt, causing a deep wound.",0,colt,farmed,injury_04,harm
"The snapping trap closed on the alpaca, causing a deep wound.",0,alpaca,farmed,injury_04,harm
"The snapping trap closed on the stallion, causing a deep wound.",0,stallion,farmed,injury_04,harm
Sharp metal from the wreckage cut into the dog during the escape.,1,dog,companion,injury_05,harm
Sharp metal from the wreckage cut into the cat during the escape.,1,cat,companion,injury_05,harm
Sharp metal from the wreckage cut into the rabbit during the escape.,1,rabbit,companion,injury_05,harm
Sharp metal from the wreckage cut into the puppy during the escape.,1,puppy,companion,injury_05,harm
Sharp metal from the wreckage cut into the kitten during the escape.,1,kitten,companion,injury_05,harm
Sharp metal from the wreckage cut into the hamster during the escape.,1,hamster,companion,injury_05,harm
Sharp metal from the wreckage cut into the ferret during the escape.,1,ferret,companion,injury_05,harm
Sharp metal from the wreckage cut into the poodle during the escape.,1,poodle,companion,injury_05,harm
Sharp metal from the wreckage cut into the beagle during the escape.,1,beagle,companion,injury_05,harm
Sharp metal from the wreckage cut into the terrier during the escape.,1,terrier,companion,injury_05,harm
Sharp metal from the wreckage cut into the spaniel during the escape.,1,spaniel,companion,injury_05,harm
Sharp metal from the wreckage cut into the labrador during the escape.,1,labrador,companion,injury_05,harm
Sharp metal from the wreckage cut into the collie during the escape.,1,collie,companion,injury_05,harm
Sharp metal from the wreckage cut into the pug during the escape.,1,pug,companion,injury_05,harm
Sharp metal from the wreckage cut into the bulldog during the escape.,1,bulldog,companion,injury_05,harm
Sharp metal from the wreckage cut into the retriever during the escape.,1,retriever,companion,injury_05,harm
Sharp metal from the wreckage cut into the tomcat during the escape.,1,tomcat,companion,injury_05,harm
Sharp metal from the wreckage cut into the gerbil during the escape.,1,gerbil,companion,injury_05,harm
Sharp metal from the wreckage cut into the dalmatian during the escape.,1,dalmatian,companion,injury_05,harm
Sharp metal from the wreckage cut into the greyhound during the escape.,1,greyhound,companion,injury_05,harm
Sharp metal from the wreckage cut into the mastiff during the escape.,1,mastiff,companion,injury_05,harm
Sharp metal from the wreckage cut into the corgi during the escape.,1,corgi,companion,injury_05,harm
Sharp metal from the wreckage cut into the dachshund during the escape.,1,dachshund,companion,injury_05,harm
Sharp metal from the wreckage cut into the chihuahua during the escape.,1,chihuahua,companion,injury_05,harm
Sharp metal from the wreckage cut into the husky during the escape.,1,husky,companion,injury_05,harm
Sharp metal from the wreckage cut into the rottweiler during the escape.,1,rottweiler,companion,injury_05,harm
Sharp metal from the wreckage cut into the papillon during the escape.,1,papillon,companion,injury_05,harm
Sharp metal from the wreckage cut into the schnauzer during the escape.,1,schnauzer,companion,injury_05,harm
Sharp metal from the wreckage cut into the whippet during the escape.,1,whippet,companion,injury_05,harm
Sharp metal from the wreckage cut into the pomeranian during the escape.,1,pomeranian,companion,injury_05,harm
Sharp metal from the wreckage cut into the akita during the escape.,1,akita,companion,injury_05,harm
Sharp metal from the wreckage cut into the samoyed during the escape.,1,samoyed,companion,injury_05,harm
Sharp metal from the wreckage cut into the pekingese during the escape.,1,pekingese,companion,injury_05,harm
Sharp metal from the wreckage cut into the lurcher during the escape.,1,lurcher,companion,injury_05,harm
Sharp metal from the wreckage cut into the hound during the escape.,1,hound,companion,injury_05,harm
Sharp metal from the wreckage cut into the mutt during the escape.,1,mutt,companion,injury_05,harm
Sharp metal from the wreckage cut into the tabby during the escape.,1,tabby,companion,injury_05,harm
Sharp metal from the wreckage cut into the lapdog during the escape.,1,lapdog,companion,injury_05,harm
Sharp metal from the wreckage cut into the kitty during the escape.,1,kitty,companion,injury_05,harm
Sharp metal from the wreckage cut into the bunny during the escape.,1,bunny,companion,injury_05,harm
Sharp metal from the wreckage cut into the pig during the escape.,0,pig,farmed,injury_05,harm
Sharp metal from the wreckage cut into the cow during the escape.,0,cow,farmed,injury_05,harm
Sharp metal from the wreckage cut into the chicken during the escape.,0,chicken,farmed,injury_05,harm
Sharp metal from the wreckage cut into the goat during the escape.,0,goat,farmed,injury_05,harm
Sharp metal from the wreckage cut into the sheep during the escape.,0,sheep,farmed,injury_05,harm
Sharp metal from the wreckage cut into the duck during the escape.,0,duck,farmed,injury_05,harm
Sharp metal from the wreckage cut into the turkey during the escape.,0,turkey,farmed,injury_05,harm
Sharp metal from the wreckage cut into the hen during the escape.,0,hen,farmed,injury_05,harm
Sharp metal from the wreckage cut into the rooster during the escape.,0,rooster,farmed,injury_05,harm
Sharp metal from the wreckage cut into the calf during the escape.,0,calf,farmed,injury_05,harm
Sharp metal from the wreckage cut into the lamb during the escape.,0,lamb,farmed,injury_05,harm
Sharp metal from the wreckage cut into the piglet during the escape.,0,piglet,farmed,injury_05,harm
Sharp metal from the wreckage cut into the ox during the escape.,0,ox,farmed,injury_05,harm
Sharp metal from the wreckage cut into the donkey during the escape.,0,donkey,farmed,injury_05,harm
Sharp metal from the wreckage cut into the mule during the escape.,0,mule,farmed,injury_05,harm
Sharp metal from the wreckage cut into the goose during the escape.,0,goose,farmed,injury_05,harm
Sharp metal from the wreckage cut into the sow during the escape.,0,sow,farmed,injury_05,harm
Sharp metal from the wreckage cut into the heifer during the escape.,0,heifer,farmed,injury_05,harm
Sharp metal from the wreckage cut into the foal during the escape.,0,foal,farmed,injury_05,harm
Sharp metal from the wreckage cut into the ram during the escape.,0,ram,farmed,injury_05,harm
Sharp metal from the wreckage cut into the capon during the escape.,0,capon,farmed,injury_05,harm
Sharp metal from the wreckage cut into the steer during the escape.,0,steer,farmed,injury_05,harm
Sharp metal from the wreckage cut into the bullock during the escape.,0,bullock,farmed,injury_05,harm
Sharp metal from the wreckage cut into the ewe during the escape.,0,ewe,farmed,injury_05,harm
Sharp metal from the wreckage cut into the wether during the escape.,0,wether,farmed,injury_05,harm
Sharp metal from the wreckage cut into the gander during the escape.,0,gander,farmed,injury_05,harm
Sharp metal from the wreckage cut into the drake during the escape.,0,drake,farmed,injury_05,harm
Sharp metal from the wreckage cut into the gosling during the escape.,0,gosling,farmed,injury_05,harm
Sharp metal from the wreckage cut into the duckling during the escape.,0,duckling,farmed,injury_05,harm
Sharp metal from the wreckage cut into the chick during the escape.,0,chick,farmed,injury_05,harm
Sharp metal from the wreckage cut into the cockerel during the escape.,0,cockerel,farmed,injury_05,harm
Sharp metal from the wreckage cut into the pullet during the escape.,0,pullet,farmed,injury_05,harm
Sharp metal from the wreckage cut into the yearling during the escape.,0,yearling,farmed,injury_05,harm
Sharp metal from the wreckage cut into the shoat during the escape.,0,shoat,farmed,injury_05,harm
Sharp metal from the wreckage cut into the gilt during the escape.,0,gilt,farmed,injury_05,harm
Sharp metal from the wreckage cut into the pony during the escape.,0,pony,farmed,injury_05,harm
Sharp metal from the wreckage cut into the mare during the escape.,0,mare,farmed,injury_05,harm
Sharp metal from the wreckage cut into the colt during the escape.,0,colt,farmed,injury_05,harm
Sharp metal from the wreckage cut into the alpaca during the escape.,0,alpaca,farmed,injury_05,harm
Sharp metal from the wreckage cut into the stallion during the escape.,0,stallion,farmed,injury_05,harm
The tumble down the embankment left the dog bruised and struggling to move.,1,dog,companion,injury_06,harm
The tumble down the embankment left the cat bruised and struggling to move.,1,cat,companion,injury_06,harm
The tumble down the embankment left the rabbit bruised and struggling to move.,1,rabbit,companion,injury_06,harm
The tumble down the embankment left the puppy bruised and struggling to move.,1,puppy,companion,injury_06,harm
The tumble down the embankment left the kitten bruised and struggling to move.,1,kitten,companion,injury_06,harm
The tumble down the embankment left the hamster bruised and struggling to move.,1,hamster,companion,injury_06,harm
The tumble down the embankment left the ferret bruised and struggling to move.,1,ferret,companion,injury_06,harm
The tumble down the embankment left the poodle bruised and struggling to move.,1,poodle,companion,injury_06,harm
The tumble down the embankment left the beagle bruised and struggling to move.,1,beagle,companion,injury_06,harm
The tumble down the embankment left the terrier bruised and struggling to move.,1,terrier,companion,injury_06,harm
The tumble down the embankment left the spaniel bruised and struggling to move.,1,spaniel,companion,injury_06,harm
The tumble down the embankment left the labrador bruised and struggling to move.,1,labrador,companion,injury_06,harm
The tumble down the embankment left the collie bruised and struggling to move.,1,collie,companion,injury_06,harm
The tumble down the embankment left the pug bruised and struggling to move.,1,pug,companion,injury_06,harm
The tumble down the embankment left the bulldog bruised and struggling to move.,1,bulldog,companion,injury_06,harm
The tumble down the embankment left the retriever bruised and struggling to move.,1,retriever,companion,injury_06,harm
The tumble down the embankment left the tomcat bruised and struggling to move.,1,tomcat,companion,injury_06,harm
The tumble down the embankment left the gerbil bruised and struggling to move.,1,gerbil,companion,injury_06,harm
The tumble down the embankment left the dalmatian bruised and struggling to move.,1,dalmatian,companion,injury_06,harm
The tumble down the embankment left the greyhound bruised and struggling to move.,1,greyhound,companion,injury_06,harm
The tumble down the embankment left the mastiff bruised and struggling to move.,1,mastiff,companion,injury_06,harm
The tumble down the embankment left the corgi bruised and struggling to move.,1,corgi,companion,injury_06,harm
The tumble down the embankment left the dachshund bruised and struggling to move.,1,dachshund,companion,injury_06,harm
The tumble down the embankment left the chihuahua bruised and struggling to move.,1,chihuahua,companion,injury_06,harm
The tumble down the embankment left the husky bruised and struggling to move.,1,husky,companion,injury_06,harm
The tumble down the embankment left the rottweiler bruised and struggling to move.,1,rottweiler,companion,injury_06,harm
The tumble down the embankment left the papillon bruised and struggling to move.,1,papillon,companion,injury_06,harm
The tumble down the embankment left the schnauzer bruised and struggling to move.,1,schnauzer,companion,injury_06,harm
The tumble down the embankment left the whippet bruised and struggling to move.,1,whippet,companion,injury_06,harm
The tumble down the embankment left the pomeranian bruised and struggling to move.,1,pomeranian,companion,injury_06,harm
The tumble down the embankment left the akita bruised and struggling to move.,1,akita,companion,injury_06,harm
The tumble down the embankment left the samoyed bruised and struggling to move.,1,samoyed,companion,injury_06,harm
The tumble down the embankment left the pekingese bruised and struggling to move.,1,pekingese,companion,injury_06,harm
The tumble down the embankment left the lurcher bruised and struggling to move.,1,lurcher,companion,injury_06,harm
The tumble down the embankment left the hound bruised and struggling to move.,1,hound,companion,injury_06,harm
The tumble down the embankment left the mutt bruised and struggling to move.,1,mutt,companion,injury_06,harm
The tumble down the embankment left the tabby bruised and struggling to move.,1,tabby,companion,injury_06,harm
The tumble down the embankment left the lapdog bruised and struggling to move.,1,lapdog,companion,injury_06,harm
The tumble down the embankment left the kitty bruised and struggling to move.,1,kitty,companion,injury_06,harm
The tumble down the embankment left the bunny bruised and struggling to move.,1,bunny,companion,injury_06,harm
The tumble down the embankment left the pig bruised and struggling to move.,0,pig,farmed,injury_06,harm
The tumble down the embankment left the cow bruised and struggling to move.,0,cow,farmed,injury_06,harm
The tumble down the embankment left the chicken bruised and struggling to move.,0,chicken,farmed,injury_06,harm
The tumble down the embankment left the goat bruised and struggling to move.,0,goat,farmed,injury_06,harm
The tumble down the embankment left the sheep bruised and struggling to move.,0,sheep,farmed,injury_06,harm
The tumble down the embankment left the duck bruised and struggling to move.,0,duck,farmed,injury_06,harm
The tumble down the embankment left the turkey bruised and struggling to move.,0,turkey,farmed,injury_06,harm
The tumble down the embankment left the hen bruised and struggling to move.,0,hen,farmed,injury_06,harm
The tumble down the embankment left the rooster bruised and struggling to move.,0,rooster,farmed,injury_06,harm
The tumble down the embankment left the calf bruised and struggling to move.,0,calf,farmed,injury_06,harm
The tumble down the embankment left the lamb bruised and struggling to move.,0,lamb,farmed,injury_06,harm
The tumble down the embankment left the piglet bruised and struggling to move.,0,piglet,farmed,injury_06,harm
The tumble down the embankment left the ox bruised and struggling to move.,0,ox,farmed,injury_06,harm
The tumble down the embankment left the donkey bruised and struggling to move.,0,donkey,farmed,injury_06,harm
The tumble down the embankment left the mule bruised and struggling to move.,0,mule,farmed,injury_06,harm
The tumble down the embankment left the goose bruised and struggling to move.,0,goose,farmed,injury_06,harm
The tumble down the embankment left the sow bruised and struggling to move.,0,sow,farmed,injury_06,harm
The tumble down the embankment left the heifer bruised and struggling to move.,0,heifer,farmed,injury_06,harm
The tumble down the embankment left the foal bruised and struggling to move.,0,foal,farmed,injury_06,harm
The tumble down the embankment left the ram bruised and struggling to move.,0,ram,farmed,injury_06,harm
The tumble down the embankment left the capon bruised and struggling to move.,0,capon,farmed,injury_06,harm
The tumble down the embankment left the steer bruised and struggling to move.,0,steer,farmed,injury_06,harm
The tumble down the embankment left the bullock bruised and struggling to move.,0,bullock,farmed,injury_06,harm
The tumble down the embankment left the ewe bruised and struggling to move.,0,ewe,farmed,injury_06,harm
The tumble down the embankment left the wether bruised and struggling to move.,0,wether,farmed,injury_06,harm
The tumble down the embankment left the gander bruised and struggling to move.,0,gander,farmed,injury_06,harm
The tumble down the embankment left the drake bruised and struggling to move.,0,drake,farmed,injury_06,harm
The tumble down the embankment left the gosling bruised and struggling to move.,0,gosling,farmed,injury_06,harm
The tumble down the embankment left the duckling bruised and struggling to move.,0,duckling,farmed,injury_06,harm
The tumble down the embankment left the chick bruised and struggling to move.,0,chick,farmed,injury_06,harm
The tumble down the embankment left the cockerel bruised and struggling to move.,0,cockerel,farmed,injury_06,harm
The tumble down the embankment left the pullet bruised and struggling to move.,0,pullet,farmed,injury_06,harm
The tumble down the embankment left the yearling bruised and struggling to move.,0,yearling,farmed,injury_06,harm
The tumble down the embankment left the shoat bruised and struggling to move.,0,shoat,farmed,injury_06,harm
The tumble down the embankment left the gilt bruised and struggling to move.,0,gilt,farmed,injury_06,harm
The tumble down the embankment left the pony bruised and struggling to move.,0,pony,farmed,injury_06,harm
The tumble down the embankment left the mare bruised and struggling to move.,0,mare,farmed,injury_06,harm
The tumble down the embankment left the colt bruised and struggling to move.,0,colt,farmed,injury_06,harm
The tumble down the embankment left the alpaca bruised and struggling to move.,0,alpaca,farmed,injury_06,harm
The tumble down the embankment left the stallion bruised and struggling to move.,0,stallion,farmed,injury_06,harm
"When the river flooded, the dog was swept away by the current.",1,dog,companion,flood_01,harm
"When the river flooded, the cat was swept away by the current.",1,cat,companion,flood_01,harm
"When the river flooded, the rabbit was swept away by the current.",1,rabbit,companion,flood_01,harm
"When the river flooded, the puppy was swept away by the current.",1,puppy,companion,flood_01,harm
"When the river flooded, the kitten was swept away by the current.",1,kitten,companion,flood_01,harm
"When the river flooded, the hamster was swept away by the current.",1,hamster,companion,flood_01,harm
"When the river flooded, the ferret was swept away by the current.",1,ferret,companion,flood_01,harm
"When the river flooded, the poodle was swept away by the current.",1,poodle,companion,flood_01,harm
"When the river flooded, the beagle was swept away by the current.",1,beagle,companion,flood_01,harm
"When the river flooded, the terrier was swept away by the current.",1,terrier,companion,flood_01,harm
"When the river flooded, the spaniel was swept away by the current.",1,spaniel,companion,flood_01,harm
"When the river flooded, the labrador was swept away by the current.",1,labrador,companion,flood_01,harm
"When the river flooded, the collie was swept away by the current.",1,collie,companion,flood_01,harm
"When the river flooded, the pug was swept away by the current.",1,pug,companion,flood_01,harm
"When the river flooded, the bulldog was swept away by the current.",1,bulldog,companion,flood_01,harm
"When the river flooded, the retriever was swept away by the current.",1,retriever,companion,flood_01,harm
"When the river flooded, the tomcat was swept away by the current.",1,tomcat,companion,flood_01,harm
"When the river flooded, the gerbil was swept away by the current.",1,gerbil,companion,flood_01,harm
"When the river flooded, the dalmatian was swept away by the current.",1,dalmatian,companion,flood_01,harm
"When the river flooded, the greyhound was swept away by the current.",1,greyhound,companion,flood_01,harm
"When the river flooded, the mastiff was swept away by the current.",1,mastiff,companion,flood_01,harm
"When the river flooded, the corgi was swept away by the current.",1,corgi,companion,flood_01,harm
"When the river flooded, the dachshund was swept away by the current.",1,dachshund,companion,flood_01,harm
"When the river flooded, the chihuahua was swept away by the current.",1,chihuahua,companion,flood_01,harm
"When the river flooded, the husky was swept away by the current.",1,husky,companion,flood_01,harm
"When the river flooded, the rottweiler was swept away by the current.",1,rottweiler,companion,flood_01,harm
"When the river flooded, the papillon was swept away by the current.",1,papillon,companion,flood_01,harm
"When the river flooded, the schnauzer was swept away by the current.",1,schnauzer,companion,flood_01,harm
"When the river flooded, the whippet was swept away by the current.",1,whippet,companion,flood_01,harm
"When the river flooded, the pomeranian was swept away by the current.",1,pomeranian,companion,flood_01,harm
"When the river flooded, the akita was swept away by the current.",1,akita,companion,flood_01,harm
"When the river flooded, the samoyed was swept away by the current.",1,samoyed,companion,flood_01,harm
"When the river flooded, the pekingese was swept away by the current.",1,pekingese,companion,flood_01,harm
"When the river flooded, the lurcher was swept away by the current.",1,lurcher,companion,flood_01,harm
"When the river flooded, the hound was swept away by the current.",1,hound,companion,flood_01,harm
"When the river flooded, the mutt was swept away by the current.",1,mutt,companion,flood_01,harm
"When the river flooded, the tabby was swept away by the current.",1,tabby,companion,flood_01,harm
"When the river flooded, the lapdog was swept away by the current.",1,lapdog,companion,flood_01,harm
"When the river flooded, the kitty was swept away by the current.",1,kitty,companion,flood_01,harm
"When the river flooded, the bunny was swept away by the current.",1,bunny,companion,flood_01,harm
"When the river flooded, the pig was swept away by the current.",0,pig,farmed,flood_01,harm
"When the river flooded, the cow was swept away by the current.",0,cow,farmed,flood_01,harm
"When the river flooded, the chicken was swept away by the current.",0,chicken,farmed,flood_01,harm
"When the river flooded, the goat was swept away by the current.",0,goat,farmed,flood_01,harm
"When the river flooded, the sheep was swept away by the current.",0,sheep,farmed,flood_01,harm
"When the river flooded, the duck was swept away by the current.",0,duck,farmed,flood_01,harm
"When the river flooded, the turkey was swept away by the current.",0,turkey,farmed,flood_01,harm
"When the river flooded, the hen was swept away by the current.",0,hen,farmed,flood_01,harm
"When the river flooded, the rooster was swept away by the current.",0,rooster,farmed,flood_01,harm
"When the river flooded, the calf was swept away by the current.",0,calf,farmed,flood_01,harm
"When the river flooded, the lamb was swept away by the current.",0,lamb,farmed,flood_01,harm
"When the river flooded, the piglet was swept away by the current.",0,piglet,farmed,flood_01,harm
"When the river flooded, the ox was swept away by the current.",0,ox,farmed,flood_01,harm
"When the river flooded, the donkey was swept away by the current.",0,donkey,farmed,flood_01,harm
"When the river flooded, the mule was swept away by the current.",0,mule,farmed,flood_01,harm
"When the river flooded, the goose was swept away by the current.",0,goose,farmed,flood_01,harm
"When the river flooded, the sow was swept away by the current.",0,sow,farmed,flood_01,harm
"When the river flooded, the heifer was swept away by the current.",0,heifer,farmed,flood_01,harm
"When the river flooded, the foal was swept away by the current.",0,foal,farmed,flood_01,harm
"When the river flooded, the ram was swept away by the current.",0,ram,farmed,flood_01,harm
"When the river flooded, the capon was swept away by the current.",0,capon,farmed,flood_01,harm
"When the river flooded, the steer was swept away by the current.",0,steer,farmed,flood_01,harm
"When the river flooded, the bullock was swept away by the current.",0,bullock,farmed,flood_01,harm
"When the river flooded, the ewe was swept away by the current.",0,ewe,farmed,flood_01,harm
"When the river flooded, the wether was swept away by the current.",0,wether,farmed,flood_01,harm
"When the river flooded, the gander was swept away by the current.",0,gander,farmed,flood_01,harm
"When the river flooded, the drake was swept away by the current.",0,drake,farmed,flood_01,harm
"When the river flooded, the gosling was swept away by the current.",0,gosling,farmed,flood_01,harm
"When the river flooded, the duckling was swept away by the current.",0,duckling,farmed,flood_01,harm
"When the river flooded, the chick was swept away by the current.",0,chick,farmed,flood_01,harm
"When the river flooded, the cockerel was swept away by the current.",0,cockerel,farmed,flood_01,harm
"When the river flooded, the pullet was swept away by the current.",0,pullet,farmed,flood_01,harm
"When the river flooded, the yearling was swept away by the current.",0,yearling,farmed,flood_01,harm
"When the river flooded, the shoat was swept away by the current.",0,shoat,farmed,flood_01,harm
"When the river flooded, the gilt was swept away by the current.",0,gilt,farmed,flood_01,harm
"When the river flooded, the pony was swept away by the current.",0,pony,farmed,flood_01,harm
"When the river flooded, the mare was swept away by the current.",0,mare,farmed,flood_01,harm
"When the river flooded, the colt was swept away by the current.",0,colt,farmed,flood_01,harm
"When the river flooded, the alpaca was swept away by the current.",0,alpaca,farmed,flood_01,harm
"When the river flooded, the stallion was swept away by the current.",0,stallion,farmed,flood_01,harm
"Caught in the torrent, the dog was carried helplessly toward the rapids.",1,dog,companion,flood_02,harm
"Caught in the torrent, the cat was carried helplessly toward the rapids.",1,cat,companion,flood_02,harm
"Caught in the torrent, the rabbit was carried helplessly toward the rapids.",1,rabbit,companion,flood_02,harm
"Caught in the torrent, the puppy was carried helplessly toward the rapids.",1,puppy,companion,flood_02,harm
"Caught in the torrent, the kitten was carried helplessly toward the rapids.",1,kitten,companion,flood_02,harm
"Caught in the torrent, the hamster was carried helplessly toward the rapids.",1,hamster,companion,flood_02,harm
"Caught in the torrent, the ferret was carried helplessly toward the rapids.",1,ferret,companion,flood_02,harm
"Caught in the torrent, the poodle was carried helplessly toward the rapids.",1,poodle,companion,flood_02,harm
"Caught in the torrent, the beagle was carried helplessly toward the rapids.",1,beagle,companion,flood_02,harm
"Caught in the torrent, the terrier was carried helplessly toward the rapids.",1,terrier,companion,flood_02,harm
"Caught in the torrent, the spaniel was carried helplessly toward the rapids.",1,spaniel,companion,flood_02,harm
"Caught in the torrent, the labrador was carried helplessly toward the rapids.",1,labrador,companion,flood_02,harm
"Caught in the torrent, the collie was carried helplessly toward the rapids.",1,collie,companion,flood_02,harm
"Caught in the torrent, the pug was carried helplessly toward the rapids.",1,pug,companion,flood_02,harm
"Caught in the torrent, the bulldog was carried helplessly toward the rapids.",1,bulldog,companion,flood_02,harm
"Caught in the torrent, the retriever was carried helplessly toward the rapids.",1,retriever,companion,flood_02,harm
"Caught in the torrent, the tomcat was carried helplessly toward the rapids.",1,tomcat,companion,flood_02,harm
"Caught in the torrent, the gerbil was carried helplessly toward the rapids.",1,gerbil,companion,flood_02,harm
"Caught in the torrent, the dalmatian was carried helplessly toward the rapids.",1,dalmatian,companion,flood_02,harm
"Caught in the torrent, the greyhound was carried helplessly toward the rapids.",1,greyhound,companion,flood_02,harm
"Caught in the torrent, the mastiff was carried helplessly toward the rapids.",1,mastiff,companion,flood_02,harm
"Caught in the torrent, the corgi was carried helplessly toward the rapids.",1,corgi,companion,flood_02,harm
"Caught in the torrent, the dachshund was carried helplessly toward the rapids.",1,dachshund,companion,flood_02,harm
"Caught in the torrent, the chihuahua was carried helplessly toward the rapids.",1,chihuahua,companion,flood_02,harm
"Caught in the torrent, the husky was carried helplessly toward the rapids.",1,husky,companion,flood_02,harm
"Caught in the torrent, the rottweiler was carried helplessly toward the rapids.",1,rottweiler,companion,flood_02,harm
"Caught in the torrent, the papillon was carried helplessly toward the rapids.",1,papillon,companion,flood_02,harm
"Caught in the torrent, the schnauzer was carried helplessly toward the rapids.",1,schnauzer,companion,flood_02,harm
"Caught in the torrent, the whippet was carried helplessly toward the rapids.",1,whippet,companion,flood_02,harm
"Caught in the torrent, the pomeranian was carried helplessly toward the rapids.",1,pomeranian,companion,flood_02,harm
"Caught in the torrent, the akita was carried helplessly toward the rapids.",1,akita,companion,flood_02,harm
"Caught in the torrent, the samoyed was carried helplessly toward the rapids.",1,samoyed,companion,flood_02,harm
"Caught in the torrent, the pekingese was carried helplessly toward the rapids.",1,pekingese,companion,flood_02,harm
"Caught in the torrent, the lurcher was carried helplessly toward the rapids.",1,lurcher,companion,flood_02,harm
"Caught in the torrent, the hound was carried helplessly toward the rapids.",1,hound,companion,flood_02,harm
"Caught in the torrent, the mutt was carried helplessly toward the rapids.",1,mutt,companion,flood_02,harm
"Caught in the torrent, the tabby was carried helplessly toward the rapids.",1,tabby,companion,flood_02,harm
"Caught in the torrent, the lapdog was carried helplessly toward the rapids.",1,lapdog,companion,flood_02,harm
"Caught in the torrent, the kitty was carried helplessly toward the rapids.",1,kitty,companion,flood_02,harm
"Caught in the torrent, the bunny was carried helplessly toward the rapids.",1,bunny,companion,flood_02,harm
"Caught in the torrent, the pig was carried helplessly toward the rapids.",0,pig,farmed,flood_02,harm
"Caught in the torrent, the cow was carried helplessly toward the rapids.",0,cow,farmed,flood_02,harm
"Caught in the torrent, the chicken was carried helplessly toward the rapids.",0,chicken,farmed,flood_02,harm
"Caught in the torrent, the goat was carried helplessly toward the rapids.",0,goat,farmed,flood_02,harm
"Caught in the torrent, the sheep was carried helplessly toward the rapids.",0,sheep,farmed,flood_02,harm
"Caught in the torrent, the duck was carried helplessly toward the rapids.",0,duck,farmed,flood_02,harm
"Caught in the torrent, the turkey was carried helplessly toward the rapids.",0,turkey,farmed,flood_02,harm
"Caught in the torrent, the hen was carried helplessly toward the rapids.",0,hen,farmed,flood_02,harm
"Caught in the torrent, the rooster was carried helplessly toward the rapids.",0,rooster,farmed,flood_02,harm
"Caught in the torrent, the calf was carried helplessly toward the rapids.",0,calf,farmed,flood_02,harm
"Caught in the torrent, the lamb was carried helplessly toward the rapids.",0,lamb,farmed,flood_02,harm
"Caught in the torrent, the piglet was carried helplessly toward the rapids.",0,piglet,farmed,flood_02,harm
"Caught in the torrent, the ox was carried helplessly toward the rapids.",0,ox,farmed,flood_02,harm
"Caught in the torrent, the donkey was carried helplessly toward the rapids.",0,donkey,farmed,flood_02,harm
"Caught in the torrent, the mule was carried helplessly toward the rapids.",0,mule,farmed,flood_02,harm
"Caught in the torrent, the goose was carried helplessly toward the rapids.",0,goose,farmed,flood_02,harm
"Caught in the torrent, the sow was carried helplessly toward the rapids.",0,sow,farmed,flood_02,harm
"Caught in the torrent, the heifer was carried helplessly toward the rapids.",0,heifer,farmed,flood_02,harm
"Caught in the torrent, the foal was carried helplessly toward the rapids.",0,foal,farmed,flood_02,harm
"Caught in the torrent, the ram was carried helplessly toward the rapids.",0,ram,farmed,flood_02,harm
"Caught in the torrent, the capon was carried helplessly toward the rapids.",0,capon,farmed,flood_02,harm
"Caught in the torrent, the steer was carried helplessly toward the rapids.",0,steer,farmed,flood_02,harm
"Caught in the torrent, the bullock was carried helplessly toward the rapids.",0,bullock,farmed,flood_02,harm
"Caught in the torrent, the ewe was carried helplessly toward the rapids.",0,ewe,farmed,flood_02,harm
"Caught in the torrent, the wether was carried helplessly toward the rapids.",0,wether,farmed,flood_02,harm
"Caught in the torrent, the gander was carried helplessly toward the rapids.",0,gander,farmed,flood_02,harm
"Caught in the torrent, the drake was carried helplessly toward the rapids.",0,drake,farmed,flood_02,harm
"Caught in the torrent, the gosling was carried helplessly toward the rapids.",0,gosling,farmed,flood_02,harm
"Caught in the torrent, the duckling was carried helplessly toward the rapids.",0,duckling,farmed,flood_02,harm
"Caught in the torrent, the chick was carried helplessly toward the rapids.",0,chick,farmed,flood_02,harm
"Caught in the torrent, the cockerel was carried helplessly toward the rapids.",0,cockerel,farmed,flood_02,harm
"Caught in the torrent, the pullet was carried helplessly toward the rapids.",0,pullet,farmed,flood_02,harm
"Caught in the torrent, the yearling was carried helplessly toward the rapids.",0,yearling,farmed,flood_02,harm
"Caught in the torrent, the shoat was carried helplessly toward the rapids.",0,shoat,farmed,flood_02,harm
"Caught in the torrent, the gilt was carried helplessly toward the rapids.",0,gilt,farmed,flood_02,harm
"Caught in the torrent, the pony was carried helplessly toward the rapids.",0,pony,farmed,flood_02,harm
"Caught in the torrent, the mare was carried helplessly toward the rapids.",0,mare,farmed,flood_02,harm
"Caught in the torrent, the colt was carried helplessly toward the rapids.",0,colt,farmed,flood_02,harm
"Caught in the torrent, the alpaca was carried helplessly toward the rapids.",0,alpaca,farmed,flood_02,harm
"Caught in the torrent, the stallion was carried helplessly toward the rapids.",0,stallion,farmed,flood_02,harm
The rising water trapped the dog in a shrinking corner of the flooded barn.,1,dog,companion,flood_03,harm
The rising water trapped the cat in a shrinking corner of the flooded barn.,1,cat,companion,flood_03,harm
The rising water trapped the rabbit in a shrinking corner of the flooded barn.,1,rabbit,companion,flood_03,harm
The rising water trapped the puppy in a shrinking corner of the flooded barn.,1,puppy,companion,flood_03,harm
The rising water trapped the kitten in a shrinking corner of the flooded barn.,1,kitten,companion,flood_03,harm
The rising water trapped the hamster in a shrinking corner of the flooded barn.,1,hamster,companion,flood_03,harm
The rising water trapped the ferret in a shrinking corner of the flooded barn.,1,ferret,companion,flood_03,harm
The rising water trapped the poodle in a shrinking corner of the flooded barn.,1,poodle,companion,flood_03,harm
The rising water trapped the beagle in a shrinking corner of the flooded barn.,1,beagle,companion,flood_03,harm
The rising water trapped the terrier in a shrinking corner of the flooded barn.,1,terrier,companion,flood_03,harm
The rising water trapped the spaniel in a shrinking corner of the flooded barn.,1,spaniel,companion,flood_03,harm
The rising water trapped the labrador in a shrinking corner of the flooded barn.,1,labrador,companion,flood_03,harm
The rising water trapped the collie in a shrinking corner of the flooded barn.,1,collie,companion,flood_03,harm
The rising water trapped the pug in a shrinking corner of the flooded barn.,1,pug,companion,flood_03,harm
The rising water trapped the bulldog in a shrinking corner of the flooded barn.,1,bulldog,companion,flood_03,harm
The rising water trapped the retriever in a shrinking corner of the flooded barn.,1,retriever,companion,flood_03,harm
The rising water trapped the tomcat in a shrinking corner of the flooded barn.,1,tomcat,companion,flood_03,harm
The rising water trapped the gerbil in a shrinking corner of the flooded barn.,1,gerbil,companion,flood_03,harm
The rising water trapped the dalmatian in a shrinking corner of the flooded barn.,1,dalmatian,companion,flood_03,harm
The rising water trapped the greyhound in a shrinking corner of the flooded barn.,1,greyhound,companion,flood_03,harm
The rising water trapped the mastiff in a shrinking corner of the flooded barn.,1,mastiff,companion,flood_03,harm
The rising water trapped the corgi in a shrinking corner of the flooded barn.,1,corgi,companion,flood_03,harm
The rising water trapped the dachshund in a shrinking corner of the flooded barn.,1,dachshund,companion,flood_03,harm
The rising water trapped the chihuahua in a shrinking corner of the flooded barn.,1,chihuahua,companion,flood_03,harm
The rising water trapped the husky in a shrinking corner of the flooded barn.,1,husky,companion,flood_03,harm
The rising water trapped the rottweiler in a shrinking corner of the flooded barn.,1,rottweiler,companion,flood_03,harm
The rising water trapped the papillon in a shrinking corner of the flooded barn.,1,papillon,companion,flood_03,harm
The rising water trapped the schnauzer in a shrinking corner of the flooded barn.,1,schnauzer,companion,flood_03,harm
The rising water trapped the whippet in a shrinking corner of the flooded barn.,1,whippet,companion,flood_03,harm
The rising water trapped the pomeranian in a shrinking corner of the flooded barn.,1,pomeranian,companion,flood_03,harm
The rising water trapped the akita in a shrinking corner of the flooded barn.,1,akita,companion,flood_03,harm
The rising water trapped the samoyed in a shrinking corner of the flooded barn.,1,samoyed,companion,flood_03,harm
The rising water trapped the pekingese in a shrinking corner of the flooded barn.,1,pekingese,companion,flood_03,harm
The rising water trapped the lurcher in a shrinking corner of the flooded barn.,1,lurcher,companion,flood_03,harm
The rising water trapped the hound in a shrinking corner of the flooded barn.,1,hound,companion,flood_03,harm
The rising water trapped the mutt in a shrinking corner of the flooded barn.,1,mutt,companion,flood_03,harm
The rising water trapped the tabby in a shrinking corner of the flooded barn.,1,tabby,companion,flood_03,harm
The rising water trapped the lapdog in a shrinking corner of the flooded barn.,1,lapdog,companion,flood_03,harm
The rising water trapped the kitty in a shrinking corner of the flooded barn.,1,kitty,companion,flood_03,harm
The rising water trapped the bunny in a shrinking corner of the flooded barn.,1,bunny,companion,flood_03,harm
The rising water trapped the pig in a shrinking corner of the flooded barn.,0,pig,farmed,flood_03,harm
The rising water trapped the cow in a shrinking corner of the flooded barn.,0,cow,farmed,flood_03,harm
The rising water trapped the chicken in a shrinking corner of the flooded barn.,0,chicken,farmed,flood_03,harm
The rising water trapped the goat in a shrinking corner of the flooded barn.,0,goat,farmed,flood_03,harm
The rising water trapped the sheep in a shrinking corner of the flooded barn.,0,sheep,farmed,flood_03,harm
The rising water trapped the duck in a shrinking corner of the flooded barn.,0,duck,farmed,flood_03,harm
The rising water trapped the turkey in a shrinking corner of the flooded barn.,0,turkey,farmed,flood_03,harm
The rising water trapped the hen in a shrinking corner of the flooded barn.,0,hen,farmed,flood_03,harm
The rising water trapped the rooster in a shrinking corner of the flooded barn.,0,rooster,farmed,flood_03,harm
The rising water trapped the calf in a shrinking corner of the flooded barn.,0,calf,farmed,flood_03,harm
The rising water trapped the lamb in a shrinking corner of the flooded barn.,0,lamb,farmed,flood_03,harm
The rising water trapped the piglet in a shrinking corner of the flooded barn.,0,piglet,farmed,flood_03,harm
The rising water trapped the ox in a shrinking corner of the flooded barn.,0,ox,farmed,flood_03,harm
The rising water trapped the donkey in a shrinking corner of the flooded barn.,0,donkey,farmed,flood_03,harm
The rising water trapped the mule in a shrinking corner of the flooded barn.,0,mule,farmed,flood_03,harm
The rising water trapped the goose in a shrinking corner of the flooded barn.,0,goose,farmed,flood_03,harm
The rising water trapped the sow in a shrinking corner of the flooded barn.,0,sow,farmed,flood_03,harm
The rising water trapped the heifer in a shrinking corner of the flooded barn.,0,heifer,farmed,flood_03,harm
The rising water trapped the foal in a shrinking corner of the flooded barn.,0,foal,farmed,flood_03,harm
The rising water trapped the ram in a shrinking corner of the flooded barn.,0,ram,farmed,flood_03,harm
The rising water trapped the capon in a shrinking corner of the flooded barn.,0,capon,farmed,flood_03,harm
The rising water trapped the steer in a shrinking corner of the flooded barn.,0,steer,farmed,flood_03,harm
The rising water trapped the bullock in a shrinking corner of the flooded barn.,0,bullock,farmed,flood_03,harm
The rising water trapped the ewe in a shrinking corner of the flooded barn.,0,ewe,farmed,flood_03,harm
The rising water trapped the wether in a shrinking corner of the flooded barn.,0,wether,farmed,flood_03,harm
The rising water trapped the gander in a shrinking corner of the flooded barn.,0,gander,farmed,flood_03,harm
The rising water trapped the drake in a shrinking corner of the flooded barn.,0,drake,farmed,flood_03,harm
The rising water trapped the gosling in a shrinking corner of the flooded barn.,0,gosling,farmed,flood_03,harm
The rising water trapped the duckling in a shrinking corner of the flooded barn.,0,duckling,farmed,flood_03,harm
The rising water trapped the chick in a shrinking corner of the flooded barn.,0,chick,farmed,flood_03,harm
The rising water trapped the cockerel in a shrinking corner of the flooded barn.,0,cockerel,farmed,flood_03,harm
The rising water trapped the pullet in a shrinking corner of the flooded barn.,0,pullet,farmed,flood_03,harm
The rising water trapped the yearling in a shrinking corner of the flooded barn.,0,yearling,farmed,flood_03,harm
The rising water trapped the shoat in a shrinking corner of the flooded barn.,0,shoat,farmed,flood_03,harm
The rising water trapped the gilt in a shrinking corner of the flooded barn.,0,gilt,farmed,flood_03,harm
The rising water trapped the pony in a shrinking corner of the flooded barn.,0,pony,farmed,flood_03,harm
The rising water trapped the mare in a shrinking corner of the flooded barn.,0,mare,farmed,flood_03,harm
The rising water trapped the colt in a shrinking corner of the flooded barn.,0,colt,farmed,flood_03,harm
The rising water trapped the alpaca in a shrinking corner of the flooded barn.,0,alpaca,farmed,flood_03,harm
The rising water trapped the stallion in a shrinking corner of the flooded barn.,0,stallion,farmed,flood_03,harm
Onlookers watched as the dog disappeared beneath the churning floodwater.,1,dog,companion,flood_04,harm
Onlookers watched as the cat disappeared beneath the churning floodwater.,1,cat,companion,flood_04,harm
Onlookers watched as the rabbit disappeared beneath the churning floodwater.,1,rabbit,companion,flood_04,harm
Onlookers watched as the puppy disappeared beneath the churning floodwater.,1,puppy,companion,flood_04,harm
Onlookers watched as the kitten disappeared beneath the churning floodwater.,1,kitten,companion,flood_04,harm
Onlookers watched as the hamster disappeared beneath the churning floodwater.,1,hamster,companion,flood_04,harm
Onlookers watched as the ferret disappeared beneath the churning floodwater.,1,ferret,companion,flood_04,harm
Onlookers watched as the poodle disappeared beneath the churning floodwater.,1,poodle,companion,flood_04,harm
Onlookers watched as the beagle disappeared beneath the churning floodwater.,1,beagle,companion,flood_04,harm
Onlookers watched as the terrier disappeared beneath the churning floodwater.,1,terrier,companion,flood_04,harm
Onlookers watched as the spaniel disappeared beneath the churning floodwater.,1,spaniel,companion,flood_04,harm
Onlookers watched as the labrador disappeared beneath the churning floodwater.,1,labrador,companion,flood_04,harm
Onlookers watched as the collie disappeared beneath the churning floodwater.,1,collie,companion,flood_04,harm
Onlookers watched as the pug disappeared beneath the churning floodwater.,1,pug,companion,flood_04,harm
Onlookers watched as the bulldog disappeared beneath the churning floodwater.,1,bulldog,companion,flood_04,harm
Onlookers watched as the retriever disappeared beneath the churning floodwater.,1,retriever,companion,flood_04,harm
Onlookers watched as the tomcat disappeared beneath the churning floodwater.,1,tomcat,companion,flood_04,harm
Onlookers watched as the gerbil disappeared beneath the churning floodwater.,1,gerbil,companion,flood_04,harm
Onlookers watched as the dalmatian disappeared beneath the churning floodwater.,1,dalmatian,companion,flood_04,harm
Onlookers watched as the greyhound disappeared beneath the churning floodwater.,1,greyhound,companion,flood_04,harm
Onlookers watched as the mastiff disappeared beneath the churning floodwater.,1,mastiff,companion,flood_04,harm
Onlookers watched as the corgi disappeared beneath the churning floodwater.,1,corgi,companion,flood_04,harm
Onlookers watched as the dachshund disappeared beneath the churning floodwater.,1,dachshund,companion,flood_04,harm
Onlookers watched as the chihuahua disappeared beneath the churning floodwater.,1,chihuahua,companion,flood_04,harm
Onlookers watched as the husky disappeared beneath the churning floodwater.,1,husky,companion,flood_04,harm
Onlookers watched as the rottweiler disappeared beneath the churning floodwater.,1,rottweiler,companion,flood_04,harm
Onlookers watched as the papillon disappeared beneath the churning floodwater.,1,papillon,companion,flood_04,harm
Onlookers watched as the schnauzer disappeared beneath the churning floodwater.,1,schnauzer,companion,flood_04,harm
Onlookers watched as the whippet disappeared beneath the churning floodwater.,1,whippet,companion,flood_04,harm
Onlookers watched as the pomeranian disappeared beneath the churning floodwater.,1,pomeranian,companion,flood_04,harm
Onlookers watched as the akita disappeared beneath the churning floodwater.,1,akita,companion,flood_04,harm
Onlookers watched as the samoyed disappeared beneath the churning floodwater.,1,samoyed,companion,flood_04,harm
Onlookers watched as the pekingese disappeared beneath the churning floodwater.,1,pekingese,companion,flood_04,harm
Onlookers watched as the lurcher disappeared beneath the churning floodwater.,1,lurcher,companion,flood_04,harm
Onlookers watched as the hound disappeared beneath the churning floodwater.,1,hound,companion,flood_04,harm
Onlookers watched as the mutt disappeared beneath the churning floodwater.,1,mutt,companion,flood_04,harm
Onlookers watched as the tabby disappeared beneath the churning floodwater.,1,tabby,companion,flood_04,harm
Onlookers watched as the lapdog disappeared beneath the churning floodwater.,1,lapdog,companion,flood_04,harm
Onlookers watched as the kitty disappeared beneath the churning floodwater.,1,kitty,companion,flood_04,harm
Onlookers watched as the bunny disappeared beneath the churning floodwater.,1,bunny,companion,flood_04,harm
Onlookers watched as the pig disappeared beneath the churning floodwater.,0,pig,farmed,flood_04,harm
Onlookers watched as the cow disappeared beneath the churning floodwater.,0,cow,farmed,flood_04,harm
Onlookers watched as the chicken disappeared beneath the churning floodwater.,0,chicken,farmed,flood_04,harm
Onlookers watched as the goat disappeared beneath the churning floodwater.,0,goat,farmed,flood_04,harm
Onlookers watched as the sheep disappeared beneath the churning floodwater.,0,sheep,farmed,flood_04,harm
Onlookers watched as the duck disappeared beneath the churning floodwater.,0,duck,farmed,flood_04,harm
Onlookers watched as the turkey disappeared beneath the churning floodwater.,0,turkey,farmed,flood_04,harm
Onlookers watched as the hen disappeared beneath the churning floodwater.,0,hen,farmed,flood_04,harm
Onlookers watched as the rooster disappeared beneath the churning floodwater.,0,rooster,farmed,flood_04,harm
Onlookers watched as the calf disappeared beneath the churning floodwater.,0,calf,farmed,flood_04,harm
Onlookers watched as the lamb disappeared beneath the churning floodwater.,0,lamb,farmed,flood_04,harm
Onlookers watched as the piglet disappeared beneath the churning floodwater.,0,piglet,farmed,flood_04,harm
Onlookers watched as the ox disappeared beneath the churning floodwater.,0,ox,farmed,flood_04,harm
Onlookers watched as the donkey disappeared beneath the churning floodwater.,0,donkey,farmed,flood_04,harm
Onlookers watched as the mule disappeared beneath the churning floodwater.,0,mule,farmed,flood_04,harm
Onlookers watched as the goose disappeared beneath the churning floodwater.,0,goose,farmed,flood_04,harm
Onlookers watched as the sow disappeared beneath the churning floodwater.,0,sow,farmed,flood_04,harm
Onlookers watched as the heifer disappeared beneath the churning floodwater.,0,heifer,farmed,flood_04,harm
Onlookers watched as the foal disappeared beneath the churning floodwater.,0,foal,farmed,flood_04,harm
Onlookers watched as the ram disappeared beneath the churning floodwater.,0,ram,farmed,flood_04,harm
Onlookers watched as the capon disappeared beneath the churning floodwater.,0,capon,farmed,flood_04,harm
Onlookers watched as the steer disappeared beneath the churning floodwater.,0,steer,farmed,flood_04,harm
Onlookers watched as the bullock disappeared beneath the churning floodwater.,0,bullock,farmed,flood_04,harm
Onlookers watched as the ewe disappeared beneath the churning floodwater.,0,ewe,farmed,flood_04,harm
Onlookers watched as the wether disappeared beneath the churning floodwater.,0,wether,farmed,flood_04,harm
Onlookers watched as the gander disappeared beneath the churning floodwater.,0,gander,farmed,flood_04,harm
Onlookers watched as the drake disappeared beneath the churning floodwater.,0,drake,farmed,flood_04,harm
Onlookers watched as the gosling disappeared beneath the churning floodwater.,0,gosling,farmed,flood_04,harm
Onlookers watched as the duckling disappeared beneath the churning floodwater.,0,duckling,farmed,flood_04,harm
Onlookers watched as the chick disappeared beneath the churning floodwater.,0,chick,farmed,flood_04,harm
Onlookers watched as the cockerel disappeared beneath the churning floodwater.,0,cockerel,farmed,flood_04,harm
Onlookers watched as the pullet disappeared beneath the churning floodwater.,0,pullet,farmed,flood_04,harm
Onlookers watched as the yearling disappeared beneath the churning floodwater.,0,yearling,farmed,flood_04,harm
Onlookers watched as the shoat disappeared beneath the churning floodwater.,0,shoat,farmed,flood_04,harm
Onlookers watched as the gilt disappeared beneath the churning floodwater.,0,gilt,farmed,flood_04,harm
Onlookers watched as the pony disappeared beneath the churning floodwater.,0,pony,farmed,flood_04,harm
Onlookers watched as the mare disappeared beneath the churning floodwater.,0,mare,farmed,flood_04,harm
Onlookers watched as the colt disappeared beneath the churning floodwater.,0,colt,farmed,flood_04,harm
Onlookers watched as the alpaca disappeared beneath the churning floodwater.,0,alpaca,farmed,flood_04,harm
Onlookers watched as the stallion disappeared beneath the churning floodwater.,0,stallion,farmed,flood_04,harm
The flash flood left the dog stranded and exhausted in the debris.,1,dog,companion,flood_05,harm
The flash flood left the cat stranded and exhausted in the debris.,1,cat,companion,flood_05,harm
The flash flood left the rabbit stranded and exhausted in the debris.,1,rabbit,companion,flood_05,harm
The flash flood left the puppy stranded and exhausted in the debris.,1,puppy,companion,flood_05,harm
The flash flood left the kitten stranded and exhausted in the debris.,1,kitten,companion,flood_05,harm
The flash flood left the hamster stranded and exhausted in the debris.,1,hamster,companion,flood_05,harm
The flash flood left the ferret stranded and exhausted in the debris.,1,ferret,companion,flood_05,harm
The flash flood left the poodle stranded and exhausted in the debris.,1,poodle,companion,flood_05,harm
The flash flood left the beagle stranded and exhausted in the debris.,1,beagle,companion,flood_05,harm
The flash flood left the terrier stranded and exhausted in the debris.,1,terrier,companion,flood_05,harm
The flash flood left the spaniel stranded and exhausted in the debris.,1,spaniel,companion,flood_05,harm
The flash flood left the labrador stranded and exhausted in the debris.,1,labrador,companion,flood_05,harm
The flash flood left the collie stranded and exhausted in the debris.,1,collie,companion,flood_05,harm
The flash flood left the pug stranded and exhausted in the debris.,1,pug,companion,flood_05,harm
The flash flood left the bulldog stranded and exhausted in the debris.,1,bulldog,companion,flood_05,harm
The flash flood left the retriever stranded and exhausted in the debris.,1,retriever,companion,flood_05,harm
The flash flood left the tomcat stranded and exhausted in the debris.,1,tomcat,companion,flood_05,harm
The flash flood left the gerbil stranded and exhausted in the debris.,1,gerbil,companion,flood_05,harm
The flash flood left the dalmatian stranded and exhausted in the debris.,1,dalmatian,companion,flood_05,harm
The flash flood left the greyhound stranded and exhausted in the debris.,1,greyhound,companion,flood_05,harm
The flash flood left the mastiff stranded and exhausted in the debris.,1,mastiff,companion,flood_05,harm
The flash flood left the corgi stranded and exhausted in the debris.,1,corgi,companion,flood_05,harm
The flash flood left the dachshund stranded and exhausted in the debris.,1,dachshund,companion,flood_05,harm
The flash flood left the chihuahua stranded and exhausted in the debris.,1,chihuahua,companion,flood_05,harm
The flash flood left the husky stranded and exhausted in the debris.,1,husky,companion,flood_05,harm
The flash flood left the rottweiler stranded and exhausted in the debris.,1,rottweiler,companion,flood_05,harm
The flash flood left the papillon stranded and exhausted in the debris.,1,papillon,companion,flood_05,harm
The flash flood left the schnauzer stranded and exhausted in the debris.,1,schnauzer,companion,flood_05,harm
The flash flood left the whippet stranded and exhausted in the debris.,1,whippet,companion,flood_05,harm
The flash flood left the pomeranian stranded and exhausted in the debris.,1,pomeranian,companion,flood_05,harm
The flash flood left the akita stranded and exhausted in the debris.,1,akita,companion,flood_05,harm
The flash flood left the samoyed stranded and exhausted in the debris.,1,samoyed,companion,flood_05,harm
The flash flood left the pekingese stranded and exhausted in the debris.,1,pekingese,companion,flood_05,harm
The flash flood left the lurcher stranded and exhausted in the debris.,1,lurcher,companion,flood_05,harm
The flash flood left the hound stranded and exhausted in the debris.,1,hound,companion,flood_05,harm
The flash flood left the mutt stranded and exhausted in the debris.,1,mutt,companion,flood_05,harm
The flash flood left the tabby stranded and exhausted in the debris.,1,tabby,companion,flood_05,harm
The flash flood left the lapdog stranded and exhausted in the debris.,1,lapdog,companion,flood_05,harm
The flash flood left the kitty stranded and exhausted in the debris.,1,kitty,companion,flood_05,harm
The flash flood left the bunny stranded and exhausted in the debris.,1,bunny,companion,flood_05,harm
The flash flood left the pig stranded and exhausted in the debris.,0,pig,farmed,flood_05,harm
The flash flood left the cow stranded and exhausted in the debris.,0,cow,farmed,flood_05,harm
The flash flood left the chicken stranded and exhausted in the debris.,0,chicken,farmed,flood_05,harm
The flash flood left the goat stranded and exhausted in the debris.,0,goat,farmed,flood_05,harm
The flash flood left the sheep stranded and exhausted in the debris.,0,sheep,farmed,flood_05,harm
The flash flood left the duck stranded and exhausted in the debris.,0,duck,farmed,flood_05,harm
The flash flood left the turkey stranded and exhausted in the debris.,0,turkey,farmed,flood_05,harm
The flash flood left the hen stranded and exhausted in the debris.,0,hen,farmed,flood_05,harm
The flash flood left the rooster stranded and exhausted in the debris.,0,rooster,farmed,flood_05,harm
The flash flood left the calf stranded and exhausted in the debris.,0,calf,farmed,flood_05,harm
The flash flood left the lamb stranded and exhausted in the debris.,0,lamb,farmed,flood_05,harm
The flash flood left the piglet stranded and exhausted in the debris.,0,piglet,farmed,flood_05,harm
The flash flood left the ox stranded and exhausted in the debris.,0,ox,farmed,flood_05,harm
The flash flood left the donkey stranded and exhausted in the debris.,0,donkey,farmed,flood_05,harm
The flash flood left the mule stranded and exhausted in the debris.,0,mule,farmed,flood_05,harm
The flash flood left the goose stranded and exhausted in the debris.,0,goose,farmed,flood_05,harm
The flash flood left the sow stranded and exhausted in the debris.,0,sow,farmed,flood_05,harm
The flash flood left the heifer stranded and exhausted in the debris.,0,heifer,farmed,flood_05,harm
The flash flood left the foal stranded and exhausted in the debris.,0,foal,farmed,flood_05,harm
The flash flood left the ram stranded and exhausted in the debris.,0,ram,farmed,flood_05,harm
The flash flood left the capon stranded and exhausted in the debris.,0,capon,farmed,flood_05,harm
The flash flood left the steer stranded and exhausted in the debris.,0,steer,farmed,flood_05,harm
The flash flood left the bullock stranded and exhausted in the debris.,0,bullock,farmed,flood_05,harm
The flash flood left the ewe stranded and exhausted in the debris.,0,ewe,farmed,flood_05,harm
The flash flood left the wether stranded and exhausted in the debris.,0,wether,farmed,flood_05,harm
The flash flood left the gander stranded and exhausted in the debris.,0,gander,farmed,flood_05,harm
The flash flood left the drake stranded and exhausted in the debris.,0,drake,farmed,flood_05,harm
The flash flood left the gosling stranded and exhausted in the debris.,0,gosling,farmed,flood_05,harm
The flash flood left the duckling stranded and exhausted in the debris.,0,duckling,farmed,flood_05,harm
The flash flood left the chick stranded and exhausted in the debris.,0,chick,farmed,flood_05,harm
The flash flood left the cockerel stranded and exhausted in the debris.,0,cockerel,farmed,flood_05,harm
The flash flood left the pullet stranded and exhausted in the debris.,0,pullet,farmed,flood_05,harm
The flash flood left the yearling stranded and exhausted in the debris.,0,yearling,farmed,flood_05,harm
The flash flood left the shoat stranded and exhausted in the debris.,0,shoat,farmed,flood_05,harm
The flash flood left the gilt stranded and exhausted in the debris.,0,gilt,farmed,flood_05,harm
The flash flood left the pony stranded and exhausted in the debris.,0,pony,farmed,flood_05,harm
The flash flood left the mare stranded and exhausted in the debris.,0,mare,farmed,flood_05,harm
The flash flood left the colt stranded and exhausted in the debris.,0,colt,farmed,flood_05,harm
The flash flood left the alpaca stranded and exhausted in the debris.,0,alpaca,farmed,flood_05,harm
The flash flood left the stallion stranded and exhausted in the debris.,0,stallion,farmed,flood_05,harm
"After the dam broke, the dog was caught in the violent surge.",1,dog,companion,flood_06,harm
"After the dam broke, the cat was caught in the violent surge.",1,cat,companion,flood_06,harm
"After the dam broke, the rabbit was caught in the violent surge.",1,rabbit,companion,flood_06,harm
"After the dam broke, the puppy was caught in the violent surge.",1,puppy,companion,flood_06,harm
"After the dam broke, the kitten was caught in the violent surge.",1,kitten,companion,flood_06,harm
"After the dam broke, the hamster was caught in the violent surge.",1,hamster,companion,flood_06,harm
"After the dam broke, the ferret was caught in the violent surge.",1,ferret,companion,flood_06,harm
"After the dam broke, the poodle was caught in the violent surge.",1,poodle,companion,flood_06,harm
"After the dam broke, the beagle was caught in the violent surge.",1,beagle,companion,flood_06,harm
"After the dam broke, the terrier was caught in the violent surge.",1,terrier,companion,flood_06,harm
"After the dam broke, the spaniel was caught in the violent surge.",1,spaniel,companion,flood_06,harm
"After the dam broke, the labrador was caught in the violent surge.",1,labrador,companion,flood_06,harm
"After the dam broke, the collie was caught in the violent surge.",1,collie,companion,flood_06,harm
"After the dam broke, the pug was caught in the violent surge.",1,pug,companion,flood_06,harm
"After the dam broke, the bulldog was caught in the violent surge.",1,bulldog,companion,flood_06,harm
"After the dam broke, the retriever was caught in the violent surge.",1,retriever,companion,flood_06,harm
"After the dam broke, the tomcat was caught in the violent surge.",1,tomcat,companion,flood_06,harm
"After the dam broke, the gerbil was caught in the violent surge.",1,gerbil,companion,flood_06,harm
"After the dam broke, the dalmatian was caught in the violent surge.",1,dalmatian,companion,flood_06,harm
"After the dam broke, the greyhound was caught in the violent surge.",1,greyhound,companion,flood_06,harm
"After the dam broke, the mastiff was caught in the violent surge.",1,mastiff,companion,flood_06,harm
"After the dam broke, the corgi was caught in the violent surge.",1,corgi,companion,flood_06,harm
"After the dam broke, the dachshund was caught in the violent surge.",1,dachshund,companion,flood_06,harm
"After the dam broke, the chihuahua was caught in the violent surge.",1,chihuahua,companion,flood_06,harm
"After the dam broke, the husky was caught in the violent surge.",1,husky,companion,flood_06,harm
"After the dam broke, the rottweiler was caught in the violent surge.",1,rottweiler,companion,flood_06,harm
"After the dam broke, the papillon was caught in the violent surge.",1,papillon,companion,flood_06,harm
"After the dam broke, the schnauzer was caught in the violent surge.",1,schnauzer,companion,flood_06,harm
"After the dam broke, the whippet was caught in the violent surge.",1,whippet,companion,flood_06,harm
"After the dam broke, the pomeranian was caught in the violent surge.",1,pomeranian,companion,flood_06,harm
"After the dam broke, the akita was caught in the violent surge.",1,akita,companion,flood_06,harm
"After the dam broke, the samoyed was caught in the violent surge.",1,samoyed,companion,flood_06,harm
"After the dam broke, the pekingese was caught in the violent surge.",1,pekingese,companion,flood_06,harm
"After the dam broke, the lurcher was caught in the violent surge.",1,lurcher,companion,flood_06,harm
"After the dam broke, the hound was caught in the violent surge.",1,hound,companion,flood_06,harm
"After the dam broke, the mutt was caught in the violent surge.",1,mutt,companion,flood_06,harm
"After the dam broke, the tabby was caught in the violent surge.",1,tabby,companion,flood_06,harm
"After the dam broke, the lapdog was caught in the violent surge.",1,lapdog,companion,flood_06,harm
"After the dam broke, the kitty was caught in the violent surge.",1,kitty,companion,flood_06,harm
"After the dam broke, the bunny was caught in the violent surge.",1,bunny,companion,flood_06,harm
"After the dam broke, the pig was caught in the violent surge.",0,pig,farmed,flood_06,harm
"After the dam broke, the cow was caught in the violent surge.",0,cow,farmed,flood_06,harm
"After the dam broke, the chicken was caught in the violent surge.",0,chicken,farmed,flood_06,harm
"After the dam broke, the goat was caught in the violent surge.",0,goat,farmed,flood_06,harm
"After the dam broke, the sheep was caught in the violent surge.",0,sheep,farmed,flood_06,harm
"After the dam broke, the duck was caught in the violent surge.",0,duck,farmed,flood_06,harm
"After the dam broke, the turkey was caught in the violent surge.",0,turkey,farmed,flood_06,harm
"After the dam broke, the hen was caught in the violent surge.",0,hen,farmed,flood_06,harm
"After the dam broke, the rooster was caught in the violent surge.",0,rooster,farmed,flood_06,harm
"After the dam broke, the calf was caught in the violent surge.",0,calf,farmed,flood_06,harm
"After the dam broke, the lamb was caught in the violent surge.",0,lamb,farmed,flood_06,harm
"After the dam broke, the piglet was caught in the violent surge.",0,piglet,farmed,flood_06,harm
"After the dam broke, the ox was caught in the violent surge.",0,ox,farmed,flood_06,harm
"After the dam broke, the donkey was caught in the violent surge.",0,donkey,farmed,flood_06,harm
"After the dam broke, the mule was caught in the violent surge.",0,mule,farmed,flood_06,harm
"After the dam broke, the goose was caught in the violent surge.",0,goose,farmed,flood_06,harm
"After the dam broke, the sow was caught in the violent surge.",0,sow,farmed,flood_06,harm
"After the dam broke, the heifer was caught in the violent surge.",0,heifer,farmed,flood_06,harm
"After the dam broke, the foal was caught in the violent surge.",0,foal,farmed,flood_06,harm
"After the dam broke, the ram was caught in the violent surge.",0,ram,farmed,flood_06,harm
"After the dam broke, the capon was caught in the violent surge.",0,capon,farmed,flood_06,harm
"After the dam broke, the steer was caught in the violent surge.",0,steer,farmed,flood_06,harm
"After the dam broke, the bullock was caught in the violent surge.",0,bullock,farmed,flood_06,harm
"After the dam broke, the ewe was caught in the violent surge.",0,ewe,farmed,flood_06,harm
"After the dam broke, the wether was caught in the violent surge.",0,wether,farmed,flood_06,harm
"After the dam broke, the gander was caught in the violent surge.",0,gander,farmed,flood_06,harm
"After the dam broke, the drake was caught in the violent surge.",0,drake,farmed,flood_06,harm
"After the dam broke, the gosling was caught in the violent surge.",0,gosling,farmed,flood_06,harm
"After the dam broke, the duckling was caught in the violent surge.",0,duckling,farmed,flood_06,harm
"After the dam broke, the chick was caught in the violent surge.",0,chick,farmed,flood_06,harm
"After the dam broke, the cockerel was caught in the violent surge.",0,cockerel,farmed,flood_06,harm
"After the dam broke, the pullet was caught in the violent surge.",0,pullet,farmed,flood_06,harm
"After the dam broke, the yearling was caught in the violent surge.",0,yearling,farmed,flood_06,harm
"After the dam broke, the shoat was caught in the violent surge.",0,shoat,farmed,flood_06,harm
"After the dam broke, the gilt was caught in the violent surge.",0,gilt,farmed,flood_06,harm
"After the dam broke, the pony was caught in the violent surge.",0,pony,farmed,flood_06,harm
"After the dam broke, the mare was caught in the violent surge.",0,mare,farmed,flood_06,harm
"After the dam broke, the colt was caught in the violent surge.",0,colt,farmed,flood_06,harm
"After the dam broke, the alpaca was caught in the violent surge.",0,alpaca,farmed,flood_06,harm
"After the dam broke, the stallion was caught in the violent surge.",0,stallion,farmed,flood_06,harm
"During the blizzard, the dog was stranded outside without any shelter.",1,dog,companion,weather_01,harm
"During the blizzard, the cat was stranded outside without any shelter.",1,cat,companion,weather_01,harm
"During the blizzard, the rabbit was stranded outside without any shelter.",1,rabbit,companion,weather_01,harm
"During the blizzard, the puppy was stranded outside without any shelter.",1,puppy,companion,weather_01,harm
"During the blizzard, the kitten was stranded outside without any shelter.",1,kitten,companion,weather_01,harm
"During the blizzard, the hamster was stranded outside without any shelter.",1,hamster,companion,weather_01,harm
"During the blizzard, the ferret was stranded outside without any shelter.",1,ferret,companion,weather_01,harm
"During the blizzard, the poodle was stranded outside without any shelter.",1,poodle,companion,weather_01,harm
"During the blizzard, the beagle was stranded outside without any shelter.",1,beagle,companion,weather_01,harm
"During the blizzard, the terrier was stranded outside without any shelter.",1,terrier,companion,weather_01,harm
"During the blizzard, the spaniel was stranded outside without any shelter.",1,spaniel,companion,weather_01,harm
"During the blizzard, the labrador was stranded outside without any shelter.",1,labrador,companion,weather_01,harm
"During the blizzard, the collie was stranded outside without any shelter.",1,collie,companion,weather_01,harm
"During the blizzard, the pug was stranded outside without any shelter.",1,pug,companion,weather_01,harm
"During the blizzard, the bulldog was stranded outside without any shelter.",1,bulldog,companion,weather_01,harm
"During the blizzard, the retriever was stranded outside without any shelter.",1,retriever,companion,weather_01,harm
"During the blizzard, the tomcat was stranded outside without any shelter.",1,tomcat,companion,weather_01,harm
"During the blizzard, the gerbil was stranded outside without any shelter.",1,gerbil,companion,weather_01,harm
"During the blizzard, the dalmatian was stranded outside without any shelter.",1,dalmatian,companion,weather_01,harm
"During the blizzard, the greyhound was stranded outside without any shelter.",1,greyhound,companion,weather_01,harm
"During the blizzard, the mastiff was stranded outside without any shelter.",1,mastiff,companion,weather_01,harm
"During the blizzard, the corgi was stranded outside without any shelter.",1,corgi,companion,weather_01,harm
"During the blizzard, the dachshund was stranded outside without any shelter.",1,dachshund,companion,weather_01,harm
"During the blizzard, the chihuahua was stranded outside without any shelter.",1,chihuahua,companion,weather_01,harm
"During the blizzard, the husky was stranded outside without any shelter.",1,husky,companion,weather_01,harm
"During the blizzard, the rottweiler was stranded outside without any shelter.",1,rottweiler,companion,weather_01,harm
"During the blizzard, the papillon was stranded outside without any shelter.",1,papillon,companion,weather_01,harm
"During the blizzard, the schnauzer was stranded outside without any shelter.",1,schnauzer,companion,weather_01,harm
"During the blizzard, the whippet was stranded outside without any shelter.",1,whippet,companion,weather_01,harm
"During the blizzard, the pomeranian was stranded outside without any shelter.",1,pomeranian,companion,weather_01,harm
"During the blizzard, the akita was stranded outside without any shelter.",1,akita,companion,weather_01,harm
"During the blizzard, the samoyed was stranded outside without any shelter.",1,samoyed,companion,weather_01,harm
"During the blizzard, the pekingese was stranded outside without any shelter.",1,pekingese,companion,weather_01,harm
"During the blizzard, the lurcher was stranded outside without any shelter.",1,lurcher,companion,weather_01,harm
"During the blizzard, the hound was stranded outside without any shelter.",1,hound,companion,weather_01,harm
"During the blizzard, the mutt was stranded outside without any shelter.",1,mutt,companion,weather_01,harm
"During the blizzard, the tabby was stranded outside without any shelter.",1,tabby,companion,weather_01,harm
"During the blizzard, the lapdog was stranded outside without any shelter.",1,lapdog,companion,weather_01,harm
"During the blizzard, the kitty was stranded outside without any shelter.",1,kitty,companion,weather_01,harm
"During the blizzard, the bunny was stranded outside without any shelter.",1,bunny,companion,weather_01,harm
"During the blizzard, the pig was stranded outside without any shelter.",0,pig,farmed,weather_01,harm
"During the blizzard, the cow was stranded outside without any shelter.",0,cow,farmed,weather_01,harm
"During the blizzard, the chicken was stranded outside without any shelter.",0,chicken,farmed,weather_01,harm
"During the blizzard, the goat was stranded outside without any shelter.",0,goat,farmed,weather_01,harm
"During the blizzard, the sheep was stranded outside without any shelter.",0,sheep,farmed,weather_01,harm
"During the blizzard, the duck was stranded outside without any shelter.",0,duck,farmed,weather_01,harm
"During the blizzard, the turkey was stranded outside without any shelter.",0,turkey,farmed,weather_01,harm
"During the blizzard, the hen was stranded outside without any shelter.",0,hen,farmed,weather_01,harm
"During the blizzard, the rooster was stranded outside without any shelter.",0,rooster,farmed,weather_01,harm
"During the blizzard, the calf was stranded outside without any shelter.",0,calf,farmed,weather_01,harm
"During the blizzard, the lamb was stranded outside without any shelter.",0,lamb,farmed,weather_01,harm
"During the blizzard, the piglet was stranded outside without any shelter.",0,piglet,farmed,weather_01,harm
"During the blizzard, the ox was stranded outside without any shelter.",0,ox,farmed,weather_01,harm
"During the blizzard, the donkey was stranded outside without any shelter.",0,donkey,farmed,weather_01,harm
"During the blizzard, the mule was stranded outside without any shelter.",0,mule,farmed,weather_01,harm
"During the blizzard, the goose was stranded outside without any shelter.",0,goose,farmed,weather_01,harm
"During the blizzard, the sow was stranded outside without any shelter.",0,sow,farmed,weather_01,harm
"During the blizzard, the heifer was stranded outside without any shelter.",0,heifer,farmed,weather_01,harm
"During the blizzard, the foal was stranded outside without any shelter.",0,foal,farmed,weather_01,harm
"During the blizzard, the ram was stranded outside without any shelter.",0,ram,farmed,weather_01,harm
"During the blizzard, the capon was stranded outside without any shelter.",0,capon,farmed,weather_01,harm
"During the blizzard, the steer was stranded outside without any shelter.",0,steer,farmed,weather_01,harm
"During the blizzard, the bullock was stranded outside without any shelter.",0,bullock,farmed,weather_01,harm
"During the blizzard, the ewe was stranded outside without any shelter.",0,ewe,farmed,weather_01,harm
"During the blizzard, the wether was stranded outside without any shelter.",0,wether,farmed,weather_01,harm
"During the blizzard, the gander was stranded outside without any shelter.",0,gander,farmed,weather_01,harm
"During the blizzard, the drake was stranded outside without any shelter.",0,drake,farmed,weather_01,harm
"During the blizzard, the gosling was stranded outside without any shelter.",0,gosling,farmed,weather_01,harm
"During the blizzard, the duckling was stranded outside without any shelter.",0,duckling,farmed,weather_01,harm
"During the blizzard, the chick was stranded outside without any shelter.",0,chick,farmed,weather_01,harm
"During the blizzard, the cockerel was stranded outside without any shelter.",0,cockerel,farmed,weather_01,harm
"During the blizzard, the pullet was stranded outside without any shelter.",0,pullet,farmed,weather_01,harm
"During the blizzard, the yearling was stranded outside without any shelter.",0,yearling,farmed,weather_01,harm
"During the blizzard, the shoat was stranded outside without any shelter.",0,shoat,farmed,weather_01,harm
"During the blizzard, the gilt was stranded outside without any shelter.",0,gilt,farmed,weather_01,harm
"During the blizzard, the pony was stranded outside without any shelter.",0,pony,farmed,weather_01,harm
"During the blizzard, the mare was stranded outside without any shelter.",0,mare,farmed,weather_01,harm
"During the blizzard, the colt was stranded outside without any shelter.",0,colt,farmed,weather_01,harm
"During the blizzard, the alpaca was stranded outside without any shelter.",0,alpaca,farmed,weather_01,harm
"During the blizzard, the stallion was stranded outside without any shelter.",0,stallion,farmed,weather_01,harm
The heatwave left the dog collapsed from dehydration in the dusty field.,1,dog,companion,weather_02,harm
The heatwave left the cat collapsed from dehydration in the dusty field.,1,cat,companion,weather_02,harm
The heatwave left the rabbit collapsed from dehydration in the dusty field.,1,rabbit,companion,weather_02,harm
The heatwave left the puppy collapsed from dehydration in the dusty field.,1,puppy,companion,weather_02,harm
The heatwave left the kitten collapsed from dehydration in the dusty field.,1,kitten,companion,weather_02,harm
The heatwave left the hamster collapsed from dehydration in the dusty field.,1,hamster,companion,weather_02,harm
The heatwave left the ferret collapsed from dehydration in the dusty field.,1,ferret,companion,weather_02,harm
The heatwave left the poodle collapsed from dehydration in the dusty field.,1,poodle,companion,weather_02,harm
The heatwave left the beagle collapsed from dehydration in the dusty field.,1,beagle,companion,weather_02,harm
The heatwave left the terrier collapsed from dehydration in the dusty field.,1,terrier,companion,weather_02,harm
The heatwave left the spaniel collapsed from dehydration in the dusty field.,1,spaniel,companion,weather_02,harm
The heatwave left the labrador collapsed from dehydration in the dusty field.,1,labrador,companion,weather_02,harm
The heatwave left the collie collapsed from dehydration in the dusty field.,1,collie,companion,weather_02,harm
The heatwave left the pug collapsed from dehydration in the dusty field.,1,pug,companion,weather_02,harm
The heatwave left the bulldog collapsed from dehydration in the dusty field.,1,bulldog,companion,weather_02,harm
The heatwave left the retriever collapsed from dehydration in the dusty field.,1,retriever,companion,weather_02,harm
The heatwave left the tomcat collapsed from dehydration in the dusty field.,1,tomcat,companion,weather_02,harm
The heatwave left the gerbil collapsed from dehydration in the dusty field.,1,gerbil,companion,weather_02,harm
The heatwave left the dalmatian collapsed from dehydration in the dusty field.,1,dalmatian,companion,weather_02,harm
The heatwave left the greyhound collapsed from dehydration in the dusty field.,1,greyhound,companion,weather_02,harm
The heatwave left the mastiff collapsed from dehydration in the dusty field.,1,mastiff,companion,weather_02,harm
The heatwave left the corgi collapsed from dehydration in the dusty field.,1,corgi,companion,weather_02,harm
The heatwave left the dachshund collapsed from dehydration in the dusty field.,1,dachshund,companion,weather_02,harm
The heatwave left the chihuahua collapsed from dehydration in the dusty field.,1,chihuahua,companion,weather_02,harm
The heatwave left the husky collapsed from dehydration in the dusty field.,1,husky,companion,weather_02,harm
The heatwave left the rottweiler collapsed from dehydration in the dusty field.,1,rottweiler,companion,weather_02,harm
The heatwave left the papillon collapsed from dehydration in the dusty field.,1,papillon,companion,weather_02,harm
The heatwave left the schnauzer collapsed from dehydration in the dusty field.,1,schnauzer,companion,weather_02,harm
The heatwave left the whippet collapsed from dehydration in the dusty field.,1,whippet,companion,weather_02,harm
The heatwave left the pomeranian collapsed from dehydration in the dusty field.,1,pomeranian,companion,weather_02,harm
The heatwave left the akita collapsed from dehydration in the dusty field.,1,akita,companion,weather_02,harm
The heatwave left the samoyed collapsed from dehydration in the dusty field.,1,samoyed,companion,weather_02,harm
The heatwave left the pekingese collapsed from dehydration in the dusty field.,1,pekingese,companion,weather_02,harm
The heatwave left the lurcher collapsed from dehydration in the dusty field.,1,lurcher,companion,weather_02,harm
The heatwave left the hound collapsed from dehydration in the dusty field.,1,hound,companion,weather_02,harm
The heatwave left the mutt collapsed from dehydration in the dusty field.,1,mutt,companion,weather_02,harm
The heatwave left the tabby collapsed from dehydration in the dusty field.,1,tabby,companion,weather_02,harm
The heatwave left the lapdog collapsed from dehydration in the dusty field.,1,lapdog,companion,weather_02,harm
The heatwave left the kitty collapsed from dehydration in the dusty field.,1,kitty,companion,weather_02,harm
The heatwave left the bunny collapsed from dehydration in the dusty field.,1,bunny,companion,weather_02,harm
The heatwave left the pig collapsed from dehydration in the dusty field.,0,pig,farmed,weather_02,harm
The heatwave left the cow collapsed from dehydration in the dusty field.,0,cow,farmed,weather_02,harm
The heatwave left the chicken collapsed from dehydration in the dusty field.,0,chicken,farmed,weather_02,harm
The heatwave left the goat collapsed from dehydration in the dusty field.,0,goat,farmed,weather_02,harm
The heatwave left the sheep collapsed from dehydration in the dusty field.,0,sheep,farmed,weather_02,harm
The heatwave left the duck collapsed from dehydration in the dusty field.,0,duck,farmed,weather_02,harm
The heatwave left the turkey collapsed from dehydration in the dusty field.,0,turkey,farmed,weather_02,harm
The heatwave left the hen collapsed from dehydration in the dusty field.,0,hen,farmed,weather_02,harm
The heatwave left the rooster collapsed from dehydration in the dusty field.,0,rooster,farmed,weather_02,harm
The heatwave left the calf collapsed from dehydration in the dusty field.,0,calf,farmed,weather_02,harm
The heatwave left the lamb collapsed from dehydration in the dusty field.,0,lamb,farmed,weather_02,harm
The heatwave left the piglet collapsed from dehydration in the dusty field.,0,piglet,farmed,weather_02,harm
The heatwave left the ox collapsed from dehydration in the dusty field.,0,ox,farmed,weather_02,harm
The heatwave left the donkey collapsed from dehydration in the dusty field.,0,donkey,farmed,weather_02,harm
The heatwave left the mule collapsed from dehydration in the dusty field.,0,mule,farmed,weather_02,harm
The heatwave left the goose collapsed from dehydration in the dusty field.,0,goose,farmed,weather_02,harm
The heatwave left the sow collapsed from dehydration in the dusty field.,0,sow,farmed,weather_02,harm
The heatwave left the heifer collapsed from dehydration in the dusty field.,0,heifer,farmed,weather_02,harm
The heatwave left the foal collapsed from dehydration in the dusty field.,0,foal,farmed,weather_02,harm
The heatwave left the ram collapsed from dehydration in the dusty field.,0,ram,farmed,weather_02,harm
The heatwave left the capon collapsed from dehydration in the dusty field.,0,capon,farmed,weather_02,harm
The heatwave left the steer collapsed from dehydration in the dusty field.,0,steer,farmed,weather_02,harm
The heatwave left the bullock collapsed from dehydration in the dusty field.,0,bullock,farmed,weather_02,harm
The heatwave left the ewe collapsed from dehydration in the dusty field.,0,ewe,farmed,weather_02,harm
The heatwave left the wether collapsed from dehydration in the dusty field.,0,wether,farmed,weather_02,harm
The heatwave left the gander collapsed from dehydration in the dusty field.,0,gander,farmed,weather_02,harm
The heatwave left the drake collapsed from dehydration in the dusty field.,0,drake,farmed,weather_02,harm
The heatwave left the gosling collapsed from dehydration in the dusty field.,0,gosling,farmed,weather_02,harm
The heatwave left the duckling collapsed from dehydration in the dusty field.,0,duckling,farmed,weather_02,harm
The heatwave left the chick collapsed from dehydration in the dusty field.,0,chick,farmed,weather_02,harm
The heatwave left the cockerel collapsed from dehydration in the dusty field.,0,cockerel,farmed,weather_02,harm
The heatwave left the pullet collapsed from dehydration in the dusty field.,0,pullet,farmed,weather_02,harm
The heatwave left the yearling collapsed from dehydration in the dusty field.,0,yearling,farmed,weather_02,harm
The heatwave left the shoat collapsed from dehydration in the dusty field.,0,shoat,farmed,weather_02,harm
The heatwave left the gilt collapsed from dehydration in the dusty field.,0,gilt,farmed,weather_02,harm
The heatwave left the pony collapsed from dehydration in the dusty field.,0,pony,farmed,weather_02,harm
The heatwave left the mare collapsed from dehydration in the dusty field.,0,mare,farmed,weather_02,harm
The heatwave left the colt collapsed from dehydration in the dusty field.,0,colt,farmed,weather_02,harm
The heatwave left the alpaca collapsed from dehydration in the dusty field.,0,alpaca,farmed,weather_02,harm
The heatwave left the stallion collapsed from dehydration in the dusty field.,0,stallion,farmed,weather_02,harm
Freezing rain soaked the dog through the long night outdoors.,1,dog,companion,weather_03,harm
Freezing rain soaked the cat through the long night outdoors.,1,cat,companion,weather_03,harm
Freezing rain soaked the rabbit through the long night outdoors.,1,rabbit,companion,weather_03,harm
Freezing rain soaked the puppy through the long night outdoors.,1,puppy,companion,weather_03,harm
Freezing rain soaked the kitten through the long night outdoors.,1,kitten,companion,weather_03,harm
Freezing rain soaked the hamster through the long night outdoors.,1,hamster,companion,weather_03,harm
Freezing rain soaked the ferret through the long night outdoors.,1,ferret,companion,weather_03,harm
Freezing rain soaked the poodle through the long night outdoors.,1,poodle,companion,weather_03,harm
Freezing rain soaked the beagle through the long night outdoors.,1,beagle,companion,weather_03,harm
Freezing rain soaked the terrier through the long night outdoors.,1,terrier,companion,weather_03,harm
Freezing rain soaked the spaniel through the long night outdoors.,1,spaniel,companion,weather_03,harm
Freezing rain soaked the labrador through the long night outdoors.,1,labrador,companion,weather_03,harm
Freezing rain soaked the collie through the long night outdoors.,1,collie,companion,weather_03,harm
Freezing rain soaked the pug through the long night outdoors.,1,pug,companion,weather_03,harm
Freezing rain soaked the bulldog through the long night outdoors.,1,bulldog,companion,weather_03,harm
Freezing rain soaked the retriever through the long night outdoors.,1,retriever,companion,weather_03,harm
Freezing rain soaked the tomcat through the long night outdoors.,1,tomcat,companion,weather_03,harm
Freezing rain soaked the gerbil through the long night outdoors.,1,gerbil,companion,weather_03,harm
Freezing rain soaked the dalmatian through the long night outdoors.,1,dalmatian,companion,weather_03,harm
Freezing rain soaked the greyhound through the long night outdoors.,1,greyhound,companion,weather_03,harm
Freezing rain soaked the mastiff through the long night outdoors.,1,mastiff,companion,weather_03,harm
Freezing rain soaked the corgi through the long night outdoors.,1,corgi,companion,weather_03,harm
Freezing rain soaked the dachshund through the long night outdoors.,1,dachshund,companion,weather_03,harm
Freezing rain soaked the chihuahua through the long night outdoors.,1,chihuahua,companion,weather_03,harm
Freezing rain soaked the husky through the long night outdoors.,1,husky,companion,weather_03,harm
Freezing rain soaked the rottweiler through the long night outdoors.,1,rottweiler,companion,weather_03,harm
Freezing rain soaked the papillon through the long night outdoors.,1,papillon,companion,weather_03,harm
Freezing rain soaked the schnauzer through the long night outdoors.,1,schnauzer,companion,weather_03,harm
Freezing rain soaked the whippet through the long night outdoors.,1,whippet,companion,weather_03,harm
Freezing rain soaked the pomeranian through the long night outdoors.,1,pomeranian,companion,weather_03,harm
Freezing rain soaked the akita through the long night outdoors.,1,akita,companion,weather_03,harm
Freezing rain soaked the samoyed through the long night outdoors.,1,samoyed,companion,weather_03,harm
Freezing rain soaked the pekingese through the long night outdoors.,1,pekingese,companion,weather_03,harm
Freezing rain soaked the lurcher through the long night outdoors.,1,lurcher,companion,weather_03,harm
Freezing rain soaked the hound through the long night outdoors.,1,hound,companion,weather_03,harm
Freezing rain soaked the mutt through the long night outdoors.,1,mutt,companion,weather_03,harm
Freezing rain soaked the tabby through the long night outdoors.,1,tabby,companion,weather_03,harm
Freezing rain soaked the lapdog through the long night outdoors.,1,lapdog,companion,weather_03,harm
Freezing rain soaked the kitty through the long night outdoors.,1,kitty,companion,weather_03,harm
Freezing rain soaked the bunny through the long night outdoors.,1,bunny,companion,weather_03,harm
Freezing rain soaked the pig through the long night outdoors.,0,pig,farmed,weather_03,harm
Freezing rain soaked the cow through the long night outdoors.,0,cow,farmed,weather_03,harm
Freezing rain soaked the chicken through the long night outdoors.,0,chicken,farmed,weather_03,harm
Freezing rain soaked the goat through the long night outdoors.,0,goat,farmed,weather_03,harm
Freezing rain soaked the sheep through the long night outdoors.,0,sheep,farmed,weather_03,harm
Freezing rain soaked the duck through the long night outdoors.,0,duck,farmed,weather_03,harm
Freezing rain soaked the turkey through the long night outdoors.,0,turkey,farmed,weather_03,harm
Freezing rain soaked the hen through the long night outdoors.,0,hen,farmed,weather_03,harm
Freezing rain soaked the rooster through the long night outdoors.,0,rooster,farmed,weather_03,harm
Freezing rain soaked the calf through the long night outdoors.,0,calf,farmed,weather_03,harm
Freezing rain soaked the lamb through the long night outdoors.,0,lamb,farmed,weather_03,harm
Freezing rain soaked the piglet through the long night outdoors.,0,piglet,farmed,weather_03,harm
Freezing rain soaked the ox through the long night outdoors.,0,ox,farmed,weather_03,harm
Freezing rain soaked the donkey through the long night outdoors.,0,donkey,farmed,weather_03,harm
Freezing rain soaked the mule through the long night outdoors.,0,mule,farmed,weather_03,harm
Freezing rain soaked the goose through the long night outdoors.,0,goose,farmed,weather_03,harm
Freezing rain soaked the sow through the long night outdoors.,0,sow,farmed,weather_03,harm
Freezing rain soaked the heifer through the long night outdoors.,0,heifer,farmed,weather_03,harm
Freezing rain soaked the foal through the long night outdoors.,0,foal,farmed,weather_03,harm
Freezing rain soaked the ram through the long night outdoors.,0,ram,farmed,weather_03,harm
Freezing rain soaked the capon through the long night outdoors.,0,capon,farmed,weather_03,harm
Freezing rain soaked the steer through the long night outdoors.,0,steer,farmed,weather_03,harm
Freezing rain soaked the bullock through the long night outdoors.,0,bullock,farmed,weather_03,harm
Freezing rain soaked the ewe through the long night outdoors.,0,ewe,farmed,weather_03,harm
Freezing rain soaked the wether through the long night outdoors.,0,wether,farmed,weather_03,harm
Freezing rain soaked the gander through the long night outdoors.,0,gander,farmed,weather_03,harm
Freezing rain soaked the drake through the long night outdoors.,0,drake,farmed,weather_03,harm
Freezing rain soaked the gosling through the long night outdoors.,0,gosling,farmed,weather_03,harm
Freezing rain soaked the duckling through the long night outdoors.,0,duckling,farmed,weather_03,harm
Freezing rain soaked the chick through the long night outdoors.,0,chick,farmed,weather_03,harm
Freezing rain soaked the cockerel through the long night outdoors.,0,cockerel,farmed,weather_03,harm
Freezing rain soaked the pullet through the long night outdoors.,0,pullet,farmed,weather_03,harm
Freezing rain soaked the yearling through the long night outdoors.,0,yearling,farmed,weather_03,harm
Freezing rain soaked the shoat through the long night outdoors.,0,shoat,farmed,weather_03,harm
Freezing rain soaked the gilt through the long night outdoors.,0,gilt,farmed,weather_03,harm
Freezing rain soaked the pony through the long night outdoors.,0,pony,farmed,weather_03,harm
Freezing rain soaked the mare through the long night outdoors.,0,mare,farmed,weather_03,harm
Freezing rain soaked the colt through the long night outdoors.,0,colt,farmed,weather_03,harm
Freezing rain soaked the alpaca through the long night outdoors.,0,alpaca,farmed,weather_03,harm
Freezing rain soaked the stallion through the long night outdoors.,0,stallion,farmed,weather_03,harm
"In the scorching heat, the dog was left without water or shade.",1,dog,companion,weather_04,harm
"In the scorching heat, the cat was left without water or shade.",1,cat,companion,weather_04,harm
"In the scorching heat, the rabbit was left without water or shade.",1,rabbit,companion,weather_04,harm
"In the scorching heat, the puppy was left without water or shade.",1,puppy,companion,weather_04,harm
"In the scorching heat, the kitten was left without water or shade.",1,kitten,companion,weather_04,harm
"In the scorching heat, the hamster was left without water or shade.",1,hamster,companion,weather_04,harm
"In the scorching heat, the ferret was left without water or shade.",1,ferret,companion,weather_04,harm
"In the scorching heat, the poodle was left without water or shade.",1,poodle,companion,weather_04,harm
"In the scorching heat, the beagle was left without water or shade.",1,beagle,companion,weather_04,harm
"In the scorching heat, the terrier was left without water or shade.",1,terrier,companion,weather_04,harm
"In the scorching heat, the spaniel was left without water or shade.",1,spaniel,companion,weather_04,harm
"In the scorching heat, the labrador was left without water or shade.",1,labrador,companion,weather_04,harm
"In the scorching heat, the collie was left without water or shade.",1,collie,companion,weather_04,harm
"In the scorching heat, the pug was left without water or shade.",1,pug,companion,weather_04,harm
"In the scorching heat, the bulldog was left without water or shade.",1,bulldog,companion,weather_04,harm
"In the scorching heat, the retriever was left without water or shade.",1,retriever,companion,weather_04,harm
"In the scorching heat, the tomcat was left without water or shade.",1,tomcat,companion,weather_04,harm
"In the scorching heat, the gerbil was left without water or shade.",1,gerbil,companion,weather_04,harm
"In the scorching heat, the dalmatian was left without water or shade.",1,dalmatian,companion,weather_04,harm
"In the scorching heat, the greyhound was left without water or shade.",1,greyhound,companion,weather_04,harm
"In the scorching heat, the mastiff was left without water or shade.",1,mastiff,companion,weather_04,harm
"In the scorching heat, the corgi was left without water or shade.",1,corgi,companion,weather_04,harm
"In the scorching heat, the dachshund was left without water or shade.",1,dachshund,companion,weather_04,harm
"In the scorching heat, the chihuahua was left without water or shade.",1,chihuahua,companion,weather_04,harm
"In the scorching heat, the husky was left without water or shade.",1,husky,companion,weather_04,harm
"In the scorching heat, the rottweiler was left without water or shade.",1,rottweiler,companion,weather_04,harm
"In the scorching heat, the papillon was left without water or shade.",1,papillon,companion,weather_04,harm
"In the scorching heat, the schnauzer was left without water or shade.",1,schnauzer,companion,weather_04,harm
"In the scorching heat, the whippet was left without water or shade.",1,whippet,companion,weather_04,harm
"In the scorching heat, the pomeranian was left without water or shade.",1,pomeranian,companion,weather_04,harm
"In the scorching heat, the akita was left without water or shade.",1,akita,companion,weather_04,harm
"In the scorching heat, the samoyed was left without water or shade.",1,samoyed,companion,weather_04,harm
"In the scorching heat, the pekingese was left without water or shade.",1,pekingese,companion,weather_04,harm
"In the scorching heat, the lurcher was left without water or shade.",1,lurcher,companion,weather_04,harm
"In the scorching heat, the hound was left without water or shade.",1,hound,companion,weather_04,harm
"In the scorching heat, the mutt was left without water or shade.",1,mutt,companion,weather_04,harm
"In the scorching heat, the tabby was left without water or shade.",1,tabby,companion,weather_04,harm
"In the scorching heat, the lapdog was left without water or shade.",1,lapdog,companion,weather_04,harm
"In the scorching heat, the kitty was left without water or shade.",1,kitty,companion,weather_04,harm
"In the scorching heat, the bunny was left without water or shade.",1,bunny,companion,weather_04,harm
"In the scorching heat, the pig was left without water or shade.",0,pig,farmed,weather_04,harm
"In the scorching heat, the cow was left without water or shade.",0,cow,farmed,weather_04,harm
"In the scorching heat, the chicken was left without water or shade.",0,chicken,farmed,weather_04,harm
"In the scorching heat, the goat was left without water or shade.",0,goat,farmed,weather_04,harm
"In the scorching heat, the sheep was left without water or shade.",0,sheep,farmed,weather_04,harm
"In the scorching heat, the duck was left without water or shade.",0,duck,farmed,weather_04,harm
"In the scorching heat, the turkey was left without water or shade.",0,turkey,farmed,weather_04,harm
"In the scorching heat, the hen was left without water or shade.",0,hen,farmed,weather_04,harm
"In the scorching heat, the rooster was left without water or shade.",0,rooster,farmed,weather_04,harm
"In the scorching heat, the calf was left without water or shade.",0,calf,farmed,weather_04,harm
"In the scorching heat, the lamb was left without water or shade.",0,lamb,farmed,weather_04,harm
"In the scorching heat, the piglet was left without water or shade.",0,piglet,farmed,weather_04,harm
"In the scorching heat, the ox was left without water or shade.",0,ox,farmed,weather_04,harm
"In the scorching heat, the donkey was left without water or shade.",0,donkey,farmed,weather_04,harm
"In the scorching heat, the mule was left without water or shade.",0,mule,farmed,weather_04,harm
"In the scorching heat, the goose was left without water or shade.",0,goose,farmed,weather_04,harm
"In the scorching heat, the sow was left without water or shade.",0,sow,farmed,weather_04,harm
"In the scorching heat, the heifer was left without water or shade.",0,heifer,farmed,weather_04,harm
"In the scorching heat, the foal was left without water or shade.",0,foal,farmed,weather_04,harm
"In the scorching heat, the ram was left without water or shade.",0,ram,farmed,weather_04,harm
"In the scorching heat, the capon was left without water or shade.",0,capon,farmed,weather_04,harm
"In the scorching heat, the steer was left without water or shade.",0,steer,farmed,weather_04,harm
"In the scorching heat, the bullock was left without water or shade.",0,bullock,farmed,weather_04,harm
"In the scorching heat, the ewe was left without water or shade.",0,ewe,farmed,weather_04,harm
"In the scorching heat, the wether was left without water or shade.",0,wether,farmed,weather_04,harm
"In the scorching heat, the gander was left without water or shade.",0,gander,farmed,weather_04,harm
"In the scorching heat, the drake was left without water or shade.",0,drake,farmed,weather_04,harm
"In the scorching heat, the gosling was left without water or shade.",0,gosling,farmed,weather_04,harm
"In the scorching heat, the duckling was left without water or shade.",0,duckling,farmed,weather_04,harm
"In the scorching heat, the chick was left without water or shade.",0,chick,farmed,weather_04,harm
"In the scorching heat, the cockerel was left without water or shade.",0,cockerel,farmed,weather_04,harm
"In the scorching heat, the pullet was left without water or shade.",0,pullet,farmed,weather_04,harm
"In the scorching heat, the yearling was left without water or shade.",0,yearling,farmed,weather_04,harm
"In the scorching heat, the shoat was left without water or shade.",0,shoat,farmed,weather_04,harm
"In the scorching heat, the gilt was left without water or shade.",0,gilt,farmed,weather_04,harm
"In the scorching heat, the pony was left without water or shade.",0,pony,farmed,weather_04,harm
"In the scorching heat, the mare was left without water or shade.",0,mare,farmed,weather_04,harm
"In the scorching heat, the colt was left without water or shade.",0,colt,farmed,weather_04,harm
"In the scorching heat, the alpaca was left without water or shade.",0,alpaca,farmed,weather_04,harm
"In the scorching heat, the stallion was left without water or shade.",0,stallion,farmed,weather_04,harm
The sudden hailstorm caught the dog in the open pasture.,1,dog,companion,weather_05,harm
The sudden hailstorm caught the cat in the open pasture.,1,cat,companion,weather_05,harm
The sudden hailstorm caught the rabbit in the open pasture.,1,rabbit,companion,weather_05,harm
The sudden hailstorm caught the puppy in the open pasture.,1,puppy,companion,weather_05,harm
The sudden hailstorm caught the kitten in the open pasture.,1,kitten,companion,weather_05,harm
The sudden hailstorm caught the hamster in the open pasture.,1,hamster,companion,weather_05,harm
The sudden hailstorm caught the ferret in the open pasture.,1,ferret,companion,weather_05,harm
The sudden hailstorm caught the poodle in the open pasture.,1,poodle,companion,weather_05,harm
The sudden hailstorm caught the beagle in the open pasture.,1,beagle,companion,weather_05,harm
The sudden hailstorm caught the terrier in the open pasture.,1,terrier,companion,weather_05,harm
The sudden hailstorm caught the spaniel in the open pasture.,1,spaniel,companion,weather_05,harm
The sudden hailstorm caught the labrador in the open pasture.,1,labrador,companion,weather_05,harm
The sudden hailstorm caught the collie in the open pasture.,1,collie,companion,weather_05,harm
The sudden hailstorm caught the pug in the open pasture.,1,pug,companion,weather_05,harm
The sudden hailstorm caught the bulldog in the open pasture.,1,bulldog,companion,weather_05,harm
The sudden hailstorm caught the retriever in the open pasture.,1,retriever,companion,weather_05,harm
The sudden hailstorm caught the tomcat in the open pasture.,1,tomcat,companion,weather_05,harm
The sudden hailstorm caught the gerbil in the open pasture.,1,gerbil,companion,weather_05,harm
The sudden hailstorm caught the dalmatian in the open pasture.,1,dalmatian,companion,weather_05,harm
The sudden hailstorm caught the greyhound in the open pasture.,1,greyhound,companion,weather_05,harm
The sudden hailstorm caught the mastiff in the open pasture.,1,mastiff,companion,weather_05,harm
The sudden hailstorm caught the corgi in the open pasture.,1,corgi,companion,weather_05,harm
The sudden hailstorm caught the dachshund in the open pasture.,1,dachshund,companion,weather_05,harm
The sudden hailstorm caught the chihuahua in the open pasture.,1,chihuahua,companion,weather_05,harm
The sudden hailstorm caught the husky in the open pasture.,1,husky,companion,weather_05,harm
The sudden hailstorm caught the rottweiler in the open pasture.,1,rottweiler,companion,weather_05,harm
The sudden hailstorm caught the papillon in the open pasture.,1,papillon,companion,weather_05,harm
The sudden hailstorm caught the schnauzer in the open pasture.,1,schnauzer,companion,weather_05,harm
The sudden hailstorm caught the whippet in the open pasture.,1,whippet,companion,weather_05,harm
The sudden hailstorm caught the pomeranian in the open pasture.,1,pomeranian,companion,weather_05,harm
The sudden hailstorm caught the akita in the open pasture.,1,akita,companion,weather_05,harm
The sudden hailstorm caught the samoyed in the open pasture.,1,samoyed,companion,weather_05,harm
The sudden hailstorm caught the pekingese in the open pasture.,1,pekingese,companion,weather_05,harm
The sudden hailstorm caught the lurcher in the open pasture.,1,lurcher,companion,weather_05,harm
The sudden hailstorm caught the hound in the open pasture.,1,hound,companion,weather_05,harm
The sudden hailstorm caught the mutt in the open pasture.,1,mutt,companion,weather_05,harm
The sudden hailstorm caught the tabby in the open pasture.,1,tabby,companion,weather_05,harm
The sudden hailstorm caught the lapdog in the open pasture.,1,lapdog,companion,weather_05,harm
The sudden hailstorm caught the kitty in the open pasture.,1,kitty,companion,weather_05,harm
The sudden hailstorm caught the bunny in the open pasture.,1,bunny,companion,weather_05,harm
The sudden hailstorm caught the pig in the open pasture.,0,pig,farmed,weather_05,harm
The sudden hailstorm caught the cow in the open pasture.,0,cow,farmed,weather_05,harm
The sudden hailstorm caught the chicken in the open pasture.,0,chicken,farmed,weather_05,harm
The sudden hailstorm caught the goat in the open pasture.,0,goat,farmed,weather_05,harm
The sudden hailstorm caught the sheep in the open pasture.,0,sheep,farmed,weather_05,harm
The sudden hailstorm caught the duck in the open pasture.,0,duck,farmed,weather_05,harm
The sudden hailstorm caught the turkey in the open pasture.,0,turkey,farmed,weather_05,harm
The sudden hailstorm caught the hen in the open pasture.,0,hen,farmed,weather_05,harm
The sudden hailstorm caught the rooster in the open pasture.,0,rooster,farmed,weather_05,harm
The sudden hailstorm caught the calf in the open pasture.,0,calf,farmed,weather_05,harm
The sudden hailstorm caught the lamb in the open pasture.,0,lamb,farmed,weather_05,harm
The sudden hailstorm caught the piglet in the open pasture.,0,piglet,farmed,weather_05,harm
The sudden hailstorm caught the ox in the open pasture.,0,ox,farmed,weather_05,harm
The sudden hailstorm caught the donkey in the open pasture.,0,donkey,farmed,weather_05,harm
The sudden hailstorm caught the mule in the open pasture.,0,mule,farmed,weather_05,harm
The sudden hailstorm caught the goose in the open pasture.,0,goose,farmed,weather_05,harm
The sudden hailstorm caught the sow in the open pasture.,0,sow,farmed,weather_05,harm
The sudden hailstorm caught the heifer in the open pasture.,0,heifer,farmed,weather_05,harm
The sudden hailstorm caught the foal in the open pasture.,0,foal,farmed,weather_05,harm
The sudden hailstorm caught the ram in the open pasture.,0,ram,farmed,weather_05,harm
The sudden hailstorm caught the capon in the open pasture.,0,capon,farmed,weather_05,harm
The sudden hailstorm caught the steer in the open pasture.,0,steer,farmed,weather_05,harm
The sudden hailstorm caught the bullock in the open pasture.,0,bullock,farmed,weather_05,harm
The sudden hailstorm caught the ewe in the open pasture.,0,ewe,farmed,weather_05,harm
The sudden hailstorm caught the wether in the open pasture.,0,wether,farmed,weather_05,harm
The sudden hailstorm caught the gander in the open pasture.,0,gander,farmed,weather_05,harm
The sudden hailstorm caught the drake in the open pasture.,0,drake,farmed,weather_05,harm
The sudden hailstorm caught the gosling in the open pasture.,0,gosling,farmed,weather_05,harm
The sudden hailstorm caught the duckling in the open pasture.,0,duckling,farmed,weather_05,harm
The sudden hailstorm caught the chick in the open pasture.,0,chick,farmed,weather_05,harm
The sudden hailstorm caught the cockerel in the open pasture.,0,cockerel,farmed,weather_05,harm
The sudden hailstorm caught the pullet in the open pasture.,0,pullet,farmed,weather_05,harm
The sudden hailstorm caught the yearling in the open pasture.,0,yearling,farmed,weather_05,harm
The sudden hailstorm caught the shoat in the open pasture.,0,shoat,farmed,weather_05,harm
The sudden hailstorm caught the gilt in the open pasture.,0,gilt,farmed,weather_05,harm
The sudden hailstorm caught the pony in the open pasture.,0,pony,farmed,weather_05,harm
The sudden hailstorm caught the mare in the open pasture.,0,mare,farmed,weather_05,harm
The sudden hailstorm caught the colt in the open pasture.,0,colt,farmed,weather_05,harm
The sudden hailstorm caught the alpaca in the open pasture.,0,alpaca,farmed,weather_05,harm
The sudden hailstorm caught the stallion in the open pasture.,0,stallion,farmed,weather_05,harm
"By the third day of the cold snap, the dog was too weak to seek shelter.",1,dog,companion,weather_06,harm
"By the third day of the cold snap, the cat was too weak to seek shelter.",1,cat,companion,weather_06,harm
"By the third day of the cold snap, the rabbit was too weak to seek shelter.",1,rabbit,companion,weather_06,harm
"By the third day of the cold snap, the puppy was too weak to seek shelter.",1,puppy,companion,weather_06,harm
"By the third day of the cold snap, the kitten was too weak to seek shelter.",1,kitten,companion,weather_06,harm
"By the third day of the cold snap, the hamster was too weak to seek shelter.",1,hamster,companion,weather_06,harm
"By the third day of the cold snap, the ferret was too weak to seek shelter.",1,ferret,companion,weather_06,harm
"By the third day of the cold snap, the poodle was too weak to seek shelter.",1,poodle,companion,weather_06,harm
"By the third day of the cold snap, the beagle was too weak to seek shelter.",1,beagle,companion,weather_06,harm
"By the third day of the cold snap, the terrier was too weak to seek shelter.",1,terrier,companion,weather_06,harm
"By the third day of the cold snap, the spaniel was too weak to seek shelter.",1,spaniel,companion,weather_06,harm
"By the third day of the cold snap, the labrador was too weak to seek shelter.",1,labrador,companion,weather_06,harm
"By the third day of the cold snap, the collie was too weak to seek shelter.",1,collie,companion,weather_06,harm
"By the third day of the cold snap, the pug was too weak to seek shelter.",1,pug,companion,weather_06,harm
"By the third day of the cold snap, the bulldog was too weak to seek shelter.",1,bulldog,companion,weather_06,harm
"By the third day of the cold snap, the retriever was too weak to seek shelter.",1,retriever,companion,weather_06,harm
"By the third day of the cold snap, the tomcat was too weak to seek shelter.",1,tomcat,companion,weather_06,harm
"By the third day of the cold snap, the gerbil was too weak to seek shelter.",1,gerbil,companion,weather_06,harm
"By the third day of the cold snap, the dalmatian was too weak to seek shelter.",1,dalmatian,companion,weather_06,harm
"By the third day of the cold snap, the greyhound was too weak to seek shelter.",1,greyhound,companion,weather_06,harm
"By the third day of the cold snap, the mastiff was too weak to seek shelter.",1,mastiff,companion,weather_06,harm
"By the third day of the cold snap, the corgi was too weak to seek shelter.",1,corgi,companion,weather_06,harm
"By the third day of the cold snap, the dachshund was too weak to seek shelter.",1,dachshund,companion,weather_06,harm
"By the third day of the cold snap, the chihuahua was too weak to seek shelter.",1,chihuahua,companion,weather_06,harm
"By the third day of the cold snap, the husky was too weak to seek shelter.",1,husky,companion,weather_06,harm
"By the third day of the cold snap, the rottweiler was too weak to seek shelter.",1,rottweiler,companion,weather_06,harm
"By the third day of the cold snap, the papillon was too weak to seek shelter.",1,papillon,companion,weather_06,harm
"By the third day of the cold snap, the schnauzer was too weak to seek shelter.",1,schnauzer,companion,weather_06,harm
"By the third day of the cold snap, the whippet was too weak to seek shelter.",1,whippet,companion,weather_06,harm
"By the third day of the cold snap, the pomeranian was too weak to seek shelter.",1,pomeranian,companion,weather_06,harm
"By the third day of the cold snap, the akita was too weak to seek shelter.",1,akita,companion,weather_06,harm
"By the third day of the cold snap, the samoyed was too weak to seek shelter.",1,samoyed,companion,weather_06,harm
"By the third day of the cold snap, the pekingese was too weak to seek shelter.",1,pekingese,companion,weather_06,harm
"By the third day of the cold snap, the lurcher was too weak to seek shelter.",1,lurcher,companion,weather_06,harm
"By the third day of the cold snap, the hound was too weak to seek shelter.",1,hound,companion,weather_06,harm
"By the third day of the cold snap, the mutt was too weak to seek shelter.",1,mutt,companion,weather_06,harm
"By the third day of the cold snap, the tabby was too weak to seek shelter.",1,tabby,companion,weather_06,harm
"By the third day of the cold snap, the lapdog was too weak to seek shelter.",1,lapdog,companion,weather_06,harm
"By the third day of the cold snap, the kitty was too weak to seek shelter.",1,kitty,companion,weather_06,harm
"By the third day of the cold snap, the bunny was too weak to seek shelter.",1,bunny,companion,weather_06,harm
"By the third day of the cold snap, the pig was too weak to seek shelter.",0,pig,farmed,weather_06,harm
"By the third day of the cold snap, the cow was too weak to seek shelter.",0,cow,farmed,weather_06,harm
"By the third day of the cold snap, the chicken was too weak to seek shelter.",0,chicken,farmed,weather_06,harm
"By the third day of the cold snap, the goat was too weak to seek shelter.",0,goat,farmed,weather_06,harm
"By the third day of the cold snap, the sheep was too weak to seek shelter.",0,sheep,farmed,weather_06,harm
"By the third day of the cold snap, the duck was too weak to seek shelter.",0,duck,farmed,weather_06,harm
"By the third day of the cold snap, the turkey was too weak to seek shelter.",0,turkey,farmed,weather_06,harm
"By the third day of the cold snap, the hen was too weak to seek shelter.",0,hen,farmed,weather_06,harm
"By the third day of the cold snap, the rooster was too weak to seek shelter.",0,rooster,farmed,weather_06,harm
"By the third day of the cold snap, the calf was too weak to seek shelter.",0,calf,farmed,weather_06,harm
"By the third day of the cold snap, the lamb was too weak to seek shelter.",0,lamb,farmed,weather_06,harm
"By the third day of the cold snap, the piglet was too weak to seek shelter.",0,piglet,farmed,weather_06,harm
"By the third day of the cold snap, the ox was too weak to seek shelter.",0,ox,farmed,weather_06,harm
"By the third day of the cold snap, the donkey was too weak to seek shelter.",0,donkey,farmed,weather_06,harm
"By the third day of the cold snap, the mule was too weak to seek shelter.",0,mule,farmed,weather_06,harm
"By the third day of the cold snap, the goose was too weak to seek shelter.",0,goose,farmed,weather_06,harm
"By the third day of the cold snap, the sow was too weak to seek shelter.",0,sow,farmed,weather_06,harm
"By the third day of the cold snap, the heifer was too weak to seek shelter.",0,heifer,farmed,weather_06,harm
"By the third day of the cold snap, the foal was too weak to seek shelter.",0,foal,farmed,weather_06,harm
"By the third day of the cold snap, the ram was too weak to seek shelter.",0,ram,farmed,weather_06,harm
"By the third day of the cold snap, the capon was too weak to seek shelter.",0,capon,farmed,weather_06,harm
"By the third day of the cold snap, the steer was too weak to seek shelter.",0,steer,farmed,weather_06,harm
"By the third day of the cold snap, the bullock was too weak to seek shelter.",0,bullock,farmed,weather_06,harm
"By the third day of the cold snap, the ewe was too weak to seek shelter.",0,ewe,farmed,weather_06,harm
"By the third day of the cold snap, the wether was too weak to seek shelter.",0,wether,farmed,weather_06,harm
"By the third day of the cold snap, the gander was too weak to seek shelter.",0,gander,farmed,weather_06,harm
"By the third day of the cold snap, the drake was too weak to seek shelter.",0,drake,farmed,weather_06,harm
"By the third day of the cold snap, the gosling was too weak to seek shelter.",0,gosling,farmed,weather_06,harm
"By the third day of the cold snap, the duckling was too weak to seek shelter.",0,duckling,farmed,weather_06,harm
"By the third day of the cold snap, the chick was too weak to seek shelter.",0,chick,farmed,weather_06,harm
"By the third day of the cold snap, the cockerel was too weak to seek shelter.",0,cockerel,farmed,weather_06,harm
"By the third day of the cold snap, the pullet was too weak to seek shelter.",0,pullet,farmed,weather_06,harm
"By the third day of the cold snap, the yearling was too weak to seek shelter.",0,yearling,farmed,weather_06,harm
"By the third day of the cold snap, the shoat was too weak to seek shelter.",0,shoat,farmed,weather_06,harm
"By the third day of the cold snap, the gilt was too weak to seek shelter.",0,gilt,farmed,weather_06,harm
"By the third day of the cold snap, the pony was too weak to seek shelter.",0,pony,farmed,weather_06,harm
"By the third day of the cold snap, the mare was too weak to seek shelter.",0,mare,farmed,weather_06,harm
"By the third day of the cold snap, the colt was too weak to seek shelter.",0,colt,farmed,weather_06,harm
"By the third day of the cold snap, the alpaca was too weak to seek shelter.",0,alpaca,farmed,weather_06,harm
"By the third day of the cold snap, the stallion was too weak to seek shelter.",0,stallion,farmed,weather_06,harm
"After weeks without proper food, the dog had grown weak and thin.",1,dog,companion,neglect_01,harm
"After weeks without proper food, the cat had grown weak and thin.",1,cat,companion,neglect_01,harm
"After weeks without proper food, the rabbit had grown weak and thin.",1,rabbit,companion,neglect_01,harm
"After weeks without proper food, the puppy had grown weak and thin.",1,puppy,companion,neglect_01,harm
"After weeks without proper food, the kitten had grown weak and thin.",1,kitten,companion,neglect_01,harm
"After weeks without proper food, the hamster had grown weak and thin.",1,hamster,companion,neglect_01,harm
"After weeks without proper food, the ferret had grown weak and thin.",1,ferret,companion,neglect_01,harm
"After weeks without proper food, the poodle had grown weak and thin.",1,poodle,companion,neglect_01,harm
"After weeks without proper food, the beagle had grown weak and thin.",1,beagle,companion,neglect_01,harm
"After weeks without proper food, the terrier had grown weak and thin.",1,terrier,companion,neglect_01,harm
"After weeks without proper food, the spaniel had grown weak and thin.",1,spaniel,companion,neglect_01,harm
"After weeks without proper food, the labrador had grown weak and thin.",1,labrador,companion,neglect_01,harm
"After weeks without proper food, the collie had grown weak and thin.",1,collie,companion,neglect_01,harm
"After weeks without proper food, the pug had grown weak and thin.",1,pug,companion,neglect_01,harm
"After weeks without proper food, the bulldog had grown weak and thin.",1,bulldog,companion,neglect_01,harm
"After weeks without proper food, the retriever had grown weak and thin.",1,retriever,companion,neglect_01,harm
"After weeks without proper food, the tomcat had grown weak and thin.",1,tomcat,companion,neglect_01,harm
"After weeks without proper food, the gerbil had grown weak and thin.",1,gerbil,companion,neglect_01,harm
"After weeks without proper food, the dalmatian had grown weak and thin.",1,dalmatian,companion,neglect_01,harm
"After weeks without proper food, the greyhound had grown weak and thin.",1,greyhound,companion,neglect_01,harm
"After weeks without proper food, the mastiff had grown weak and thin.",1,mastiff,companion,neglect_01,harm
"After weeks without proper food, the corgi had grown weak and thin.",1,corgi,companion,neglect_01,harm
"After weeks without proper food, the dachshund had grown weak and thin.",1,dachshund,companion,neglect_01,harm
"After weeks without proper food, the chihuahua had grown weak and thin.",1,chihuahua,companion,neglect_01,harm
"After weeks without proper food, the husky had grown weak and thin.",1,husky,companion,neglect_01,harm
"After weeks without proper food, the rottweiler had grown weak and thin.",1,rottweiler,companion,neglect_01,harm
"After weeks without proper food, the papillon had grown weak and thin.",1,papillon,companion,neglect_01,harm
"After weeks without proper food, the schnauzer had grown weak and thin.",1,schnauzer,companion,neglect_01,harm
"After weeks without proper food, the whippet had grown weak and thin.",1,whippet,companion,neglect_01,harm
"After weeks without proper food, the pomeranian had grown weak and thin.",1,pomeranian,companion,neglect_01,harm
"After weeks without proper food, the akita had grown weak and thin.",1,akita,companion,neglect_01,harm
"After weeks without proper food, the samoyed had grown weak and thin.",1,samoyed,companion,neglect_01,harm
"After weeks without proper food, the pekingese had grown weak and thin.",1,pekingese,companion,neglect_01,harm
"After weeks without proper food, the lurcher had grown weak and thin.",1,lurcher,companion,neglect_01,harm
"After weeks without proper food, the hound had grown weak and thin.",1,hound,companion,neglect_01,harm
"After weeks without proper food, the mutt had grown weak and thin.",1,mutt,companion,neglect_01,harm
"After weeks without proper food, the tabby had grown weak and thin.",1,tabby,companion,neglect_01,harm
"After weeks without proper food, the lapdog had grown weak and thin.",1,lapdog,companion,neglect_01,harm
"After weeks without proper food, the kitty had grown weak and thin.",1,kitty,companion,neglect_01,harm
"After weeks without proper food, the bunny had grown weak and thin.",1,bunny,companion,neglect_01,harm
"After weeks without proper food, the pig had grown weak and thin.",0,pig,farmed,neglect_01,harm
"After weeks without proper food, the cow had grown weak and thin.",0,cow,farmed,neglect_01,harm
"After weeks without proper food, the chicken had grown weak and thin.",0,chicken,farmed,neglect_01,harm
"After weeks without proper food, the goat had grown weak and thin.",0,goat,farmed,neglect_01,harm
"After weeks without proper food, the sheep had grown weak and thin.",0,sheep,farmed,neglect_01,harm
"After weeks without proper food, the duck had grown weak and thin.",0,duck,farmed,neglect_01,harm
"After weeks without proper food, the turkey had grown weak and thin.",0,turkey,farmed,neglect_01,harm
"After weeks without proper food, the hen had grown weak and thin.",0,hen,farmed,neglect_01,harm
"After weeks without proper food, the rooster had grown weak and thin.",0,rooster,farmed,neglect_01,harm
"After weeks without proper food, the calf had grown weak and thin.",0,calf,farmed,neglect_01,harm
"After weeks without proper food, the lamb had grown weak and thin.",0,lamb,farmed,neglect_01,harm
"After weeks without proper food, the piglet had grown weak and thin.",0,piglet,farmed,neglect_01,harm
"After weeks without proper food, the ox had grown weak and thin.",0,ox,farmed,neglect_01,harm
"After weeks without proper food, the donkey had grown weak and thin.",0,donkey,farmed,neglect_01,harm
"After weeks without proper food, the mule had grown weak and thin.",0,mule,farmed,neglect_01,harm
"After weeks without proper food, the goose had grown weak and thin.",0,goose,farmed,neglect_01,harm
"After weeks without proper food, the sow had grown weak and thin.",0,sow,farmed,neglect_01,harm
"After weeks without proper food, the heifer had grown weak and thin.",0,heifer,farmed,neglect_01,harm
"After weeks without proper food, the foal had grown weak and thin.",0,foal,farmed,neglect_01,harm
"After weeks without proper food, the ram had grown weak and thin.",0,ram,farmed,neglect_01,harm
"After weeks without proper food, the capon had grown weak and thin.",0,capon,farmed,neglect_01,harm
"After weeks without proper food, the steer had grown weak and thin.",0,steer,farmed,neglect_01,harm
"After weeks without proper food, the bullock had grown weak and thin.",0,bullock,farmed,neglect_01,harm
"After weeks without proper food, the ewe had grown weak and thin.",0,ewe,farmed,neglect_01,harm
"After weeks without proper food, the wether had grown weak and thin.",0,wether,farmed,neglect_01,harm
"After weeks without proper food, the gander had grown weak and thin.",0,gander,farmed,neglect_01,harm
"After weeks without proper food, the drake had grown weak and thin.",0,drake,farmed,neglect_01,harm
"After weeks without proper food, the gosling had grown weak and thin.",0,gosling,farmed,neglect_01,harm
"After weeks without proper food, the duckling had grown weak and thin.",0,duckling,farmed,neglect_01,harm
"After weeks without proper food, the chick had grown weak and thin.",0,chick,farmed,neglect_01,harm
"After weeks without proper food, the cockerel had grown weak and thin.",0,cockerel,farmed,neglect_01,harm
"After weeks without proper food, the pullet had grown weak and thin.",0,pullet,farmed,neglect_01,harm
"After weeks without proper food, the yearling had grown weak and thin.",0,yearling,farmed,neglect_01,harm
"After weeks without proper food, the shoat had grown weak and thin.",0,shoat,farmed,neglect_01,harm
"After weeks without proper food, the gilt had grown weak and thin.",0,gilt,farmed,neglect_01,harm
"After weeks without proper food, the pony had grown weak and thin.",0,pony,farmed,neglect_01,harm
"After weeks without proper food, the mare had grown weak and thin.",0,mare,farmed,neglect_01,harm
"After weeks without proper food, the colt had grown weak and thin.",0,colt,farmed,neglect_01,harm
"After weeks without proper food, the alpaca had grown weak and thin.",0,alpaca,farmed,neglect_01,harm
"After weeks without proper food, the stallion had grown weak and thin.",0,stallion,farmed,neglect_01,harm
"The caretaker forgot about the dog, leaving no food or clean water for days.",1,dog,companion,neglect_02,harm
"The caretaker forgot about the cat, leaving no food or clean water for days.",1,cat,companion,neglect_02,harm
"The caretaker forgot about the rabbit, leaving no food or clean water for days.",1,rabbit,companion,neglect_02,harm
"The caretaker forgot about the puppy, leaving no food or clean water for days.",1,puppy,companion,neglect_02,harm
"The caretaker forgot about the kitten, leaving no food or clean water for days.",1,kitten,companion,neglect_02,harm
"The caretaker forgot about the hamster, leaving no food or clean water for days.",1,hamster,companion,neglect_02,harm
"The caretaker forgot about the ferret, leaving no food or clean water for days.",1,ferret,companion,neglect_02,harm
"The caretaker forgot about the poodle, leaving no food or clean water for days.",1,poodle,companion,neglect_02,harm
"The caretaker forgot about the beagle, leaving no food or clean water for days.",1,beagle,companion,neglect_02,harm
"The caretaker forgot about the terrier, leaving no food or clean water for days.",1,terrier,companion,neglect_02,harm
"The caretaker forgot about the spaniel, leaving no food or clean water for days.",1,spaniel,companion,neglect_02,harm
"The caretaker forgot about the labrador, leaving no food or clean water for days.",1,labrador,companion,neglect_02,harm
"The caretaker forgot about the collie, leaving no food or clean water for days.",1,collie,companion,neglect_02,harm
"The caretaker forgot about the pug, leaving no food or clean water for days.",1,pug,companion,neglect_02,harm
"The caretaker forgot about the bulldog, leaving no food or clean water for days.",1,bulldog,companion,neglect_02,harm
"The caretaker forgot about the retriever, leaving no food or clean water for days.",1,retriever,companion,neglect_02,harm
"The caretaker forgot about the tomcat, leaving no food or clean water for days.",1,tomcat,companion,neglect_02,harm
"The caretaker forgot about the gerbil, leaving no food or clean water for days.",1,gerbil,companion,neglect_02,harm
"The caretaker forgot about the dalmatian, leaving no food or clean water for days.",1,dalmatian,companion,neglect_02,harm
"The caretaker forgot about the greyhound, leaving no food or clean water for days.",1,greyhound,companion,neglect_02,harm
"The caretaker forgot about the mastiff, leaving no food or clean water for days.",1,mastiff,companion,neglect_02,harm
"The caretaker forgot about the corgi, leaving no food or clean water for days.",1,corgi,companion,neglect_02,harm
"The caretaker forgot about the dachshund, leaving no food or clean water for days.",1,dachshund,companion,neglect_02,harm
"The caretaker forgot about the chihuahua, leaving no food or clean water for days.",1,chihuahua,companion,neglect_02,harm
"The caretaker forgot about the husky, leaving no food or clean water for days.",1,husky,companion,neglect_02,harm
"The caretaker forgot about the rottweiler, leaving no food or clean water for days.",1,rottweiler,companion,neglect_02,harm
"The caretaker forgot about the papillon, leaving no food or clean water for days.",1,papillon,companion,neglect_02,harm
"The caretaker forgot about the schnauzer, leaving no food or clean water for days.",1,schnauzer,companion,neglect_02,harm
"The caretaker forgot about the whippet, leaving no food or clean water for days.",1,whippet,companion,neglect_02,harm
"The caretaker forgot about the pomeranian, leaving no food or clean water for days.",1,pomeranian,companion,neglect_02,harm
"The caretaker forgot about the akita, leaving no food or clean water for days.",1,akita,companion,neglect_02,harm
"The caretaker forgot about the samoyed, leaving no food or clean water for days.",1,samoyed,companion,neglect_02,harm
"The caretaker forgot about the pekingese, leaving no food or clean water for days.",1,pekingese,companion,neglect_02,harm
"The caretaker forgot about the lurcher, leaving no food or clean water for days.",1,lurcher,companion,neglect_02,harm
"The caretaker forgot about the hound, leaving no food or clean water for days.",1,hound,companion,neglect_02,harm
"The caretaker forgot about the mutt, leaving no food or clean water for days.",1,mutt,companion,neglect_02,harm
"The caretaker forgot about the tabby, leaving no food or clean water for days.",1,tabby,companion,neglect_02,harm
"The caretaker forgot about the lapdog, leaving no food or clean water for days.",1,lapdog,companion,neglect_02,harm
"The caretaker forgot about the kitty, leaving no food or clean water for days.",1,kitty,companion,neglect_02,harm
"The caretaker forgot about the bunny, leaving no food or clean water for days.",1,bunny,companion,neglect_02,harm
"The caretaker forgot about the pig, leaving no food or clean water for days.",0,pig,farmed,neglect_02,harm
"The caretaker forgot about the cow, leaving no food or clean water for days.",0,cow,farmed,neglect_02,harm
"The caretaker forgot about the chicken, leaving no food or clean water for days.",0,chicken,farmed,neglect_02,harm
"The caretaker forgot about the goat, leaving no food or clean water for days.",0,goat,farmed,neglect_02,harm
"The caretaker forgot about the sheep, leaving no food or clean water for days.",0,sheep,farmed,neglect_02,harm
"The caretaker forgot about the duck, leaving no food or clean water for days.",0,duck,farmed,neglect_02,harm
"The caretaker forgot about the turkey, leaving no food or clean water for days.",0,turkey,farmed,neglect_02,harm
"The caretaker forgot about the hen, leaving no food or clean water for days.",0,hen,farmed,neglect_02,harm
"The caretaker forgot about the rooster, leaving no food or clean water for days.",0,rooster,farmed,neglect_02,harm
"The caretaker forgot about the calf, leaving no food or clean water for days.",0,calf,farmed,neglect_02,harm
"The caretaker forgot about the lamb, leaving no food or clean water for days.",0,lamb,farmed,neglect_02,harm
"The caretaker forgot about the piglet, leaving no food or clean water for days.",0,piglet,farmed,neglect_02,harm
"The caretaker forgot about the ox, leaving no food or clean water for days.",0,ox,farmed,neglect_02,harm
"The caretaker forgot about the donkey, leaving no food or clean water for days.",0,donkey,farmed,neglect_02,harm
"The caretaker forgot about the mule, leaving no food or clean water for days.",0,mule,farmed,neglect_02,harm
"The caretaker forgot about the goose, leaving no food or clean water for days.",0,goose,farmed,neglect_02,harm
"The caretaker forgot about the sow, leaving no food or clean water for days.",0,sow,farmed,neglect_02,harm
"The caretaker forgot about the heifer, leaving no food or clean water for days.",0,heifer,farmed,neglect_02,harm
"The caretaker forgot about the foal, leaving no food or clean water for days.",0,foal,farmed,neglect_02,harm
"The caretaker forgot about the ram, leaving no food or clean water for days.",0,ram,farmed,neglect_02,harm
"The caretaker forgot about the capon, leaving no food or clean water for days.",0,capon,farmed,neglect_02,harm
"The caretaker forgot about the steer, leaving no food or clean water for days.",0,steer,farmed,neglect_02,harm
"The caretaker forgot about the bullock, leaving no food or clean water for days.",0,bullock,farmed,neglect_02,harm
"The caretaker forgot about the ewe, leaving no food or clean water for days.",0,ewe,farmed,neglect_02,harm
"The caretaker forgot about the wether, leaving no food or clean water for days.",0,wether,farmed,neglect_02,harm
"The caretaker forgot about the gander, leaving no food or clean water for days.",0,gander,farmed,neglect_02,harm
"The caretaker forgot about the drake, leaving no food or clean water for days.",0,drake,farmed,neglect_02,harm
"The caretaker forgot about the gosling, leaving no food or clean water for days.",0,gosling,farmed,neglect_02,harm
"The caretaker forgot about the duckling, leaving no food or clean water for days.",0,duckling,farmed,neglect_02,harm
"The caretaker forgot about the chick, leaving no food or clean water for days.",0,chick,farmed,neglect_02,harm
"The caretaker forgot about the cockerel, leaving no food or clean water for days.",0,cockerel,farmed,neglect_02,harm
"The caretaker forgot about the pullet, leaving no food or clean water for days.",0,pullet,farmed,neglect_02,harm
"The caretaker forgot about the yearling, leaving no food or clean water for days.",0,yearling,farmed,neglect_02,harm
"The caretaker forgot about the shoat, leaving no food or clean water for days.",0,shoat,farmed,neglect_02,harm
"The caretaker forgot about the gilt, leaving no food or clean water for days.",0,gilt,farmed,neglect_02,harm
"The caretaker forgot about the pony, leaving no food or clean water for days.",0,pony,farmed,neglect_02,harm
"The caretaker forgot about the mare, leaving no food or clean water for days.",0,mare,farmed,neglect_02,harm
"The caretaker forgot about the colt, leaving no food or clean water for days.",0,colt,farmed,neglect_02,harm
"The caretaker forgot about the alpaca, leaving no food or clean water for days.",0,alpaca,farmed,neglect_02,harm
"The caretaker forgot about the stallion, leaving no food or clean water for days.",0,stallion,farmed,neglect_02,harm
"Locked in the small enclosure, the dog was given barely enough to survive.",1,dog,companion,neglect_03,harm
"Locked in the small enclosure, the cat was given barely enough to survive.",1,cat,companion,neglect_03,harm
"Locked in the small enclosure, the rabbit was given barely enough to survive.",1,rabbit,companion,neglect_03,harm
"Locked in the small enclosure, the puppy was given barely enough to survive.",1,puppy,companion,neglect_03,harm
"Locked in the small enclosure, the kitten was given barely enough to survive.",1,kitten,companion,neglect_03,harm
"Locked in the small enclosure, the hamster was given barely enough to survive.",1,hamster,companion,neglect_03,harm
"Locked in the small enclosure, the ferret was given barely enough to survive.",1,ferret,companion,neglect_03,harm
"Locked in the small enclosure, the poodle was given barely enough to survive.",1,poodle,companion,neglect_03,harm
"Locked in the small enclosure, the beagle was given barely enough to survive.",1,beagle,companion,neglect_03,harm
"Locked in the small enclosure, the terrier was given barely enough to survive.",1,terrier,companion,neglect_03,harm
"Locked in the small enclosure, the spaniel was given barely enough to survive.",1,spaniel,companion,neglect_03,harm
"Locked in the small enclosure, the labrador was given barely enough to survive.",1,labrador,companion,neglect_03,harm
"Locked in the small enclosure, the collie was given barely enough to survive.",1,collie,companion,neglect_03,harm
"Locked in the small enclosure, the pug was given barely enough to survive.",1,pug,companion,neglect_03,harm
"Locked in the small enclosure, the bulldog was given barely enough to survive.",1,bulldog,companion,neglect_03,harm
"Locked in the small enclosure, the retriever was given barely enough to survive.",1,retriever,companion,neglect_03,harm
"Locked in the small enclosure, the tomcat was given barely enough to survive.",1,tomcat,companion,neglect_03,harm
"Locked in the small enclosure, the gerbil was given barely enough to survive.",1,gerbil,companion,neglect_03,harm
"Locked in the small enclosure, the dalmatian was given barely enough to survive.",1,dalmatian,companion,neglect_03,harm
"Locked in the small enclosure, the greyhound was given barely enough to survive.",1,greyhound,companion,neglect_03,harm
"Locked in the small enclosure, the mastiff was given barely enough to survive.",1,mastiff,companion,neglect_03,harm
"Locked in the small enclosure, the corgi was given barely enough to survive.",1,corgi,companion,neglect_03,harm
"Locked in the small enclosure, the dachshund was given barely enough to survive.",1,dachshund,companion,neglect_03,harm
"Locked in the small enclosure, the chihuahua was given barely enough to survive.",1,chihuahua,companion,neglect_03,harm
"Locked in the small enclosure, the husky was given barely enough to survive.",1,husky,companion,neglect_03,harm
"Locked in the small enclosure, the rottweiler was given barely enough to survive.",1,rottweiler,companion,neglect_03,harm
"Locked in the small enclosure, the papillon was given barely enough to survive.",1,papillon,companion,neglect_03,harm
"Locked in the small enclosure, the schnauzer was given barely enough to survive.",1,schnauzer,companion,neglect_03,harm
"Locked in the small enclosure, the whippet was given barely enough to survive.",1,whippet,companion,neglect_03,harm
"Locked in the small enclosure, the pomeranian was given barely enough to survive.",1,pomeranian,companion,neglect_03,harm
"Locked in the small enclosure, the akita was given barely enough to survive.",1,akita,companion,neglect_03,harm
"Locked in the small enclosure, the samoyed was given barely enough to survive.",1,samoyed,companion,neglect_03,harm
"Locked in the small enclosure, the pekingese was given barely enough to survive.",1,pekingese,companion,neglect_03,harm
"Locked in the small enclosure, the lurcher was given barely enough to survive.",1,lurcher,companion,neglect_03,harm
"Locked in the small enclosure, the hound was given barely enough to survive.",1,hound,companion,neglect_03,harm
"Locked in the small enclosure, the mutt was given barely enough to survive.",1,mutt,companion,neglect_03,harm
"Locked in the small enclosure, the tabby was given barely enough to survive.",1,tabby,companion,neglect_03,harm
"Locked in the small enclosure, the lapdog was given barely enough to survive.",1,lapdog,companion,neglect_03,harm
"Locked in the small enclosure, the kitty was given barely enough to survive.",1,kitty,companion,neglect_03,harm
"Locked in the small enclosure, the bunny was given barely enough to survive.",1,bunny,companion,neglect_03,harm
"Locked in the small enclosure, the pig was given barely enough to survive.",0,pig,farmed,neglect_03,harm
"Locked in the small enclosure, the cow was given barely enough to survive.",0,cow,farmed,neglect_03,harm
"Locked in the small enclosure, the chicken was given barely enough to survive.",0,chicken,farmed,neglect_03,harm
"Locked in the small enclosure, the goat was given barely enough to survive.",0,goat,farmed,neglect_03,harm
"Locked in the small enclosure, the sheep was given barely enough to survive.",0,sheep,farmed,neglect_03,harm
"Locked in the small enclosure, the duck was given barely enough to survive.",0,duck,farmed,neglect_03,harm
"Locked in the small enclosure, the turkey was given barely enough to survive.",0,turkey,farmed,neglect_03,harm
"Locked in the small enclosure, the hen was given barely enough to survive.",0,hen,farmed,neglect_03,harm
"Locked in the small enclosure, the rooster was given barely enough to survive.",0,rooster,farmed,neglect_03,harm
"Locked in the small enclosure, the calf was given barely enough to survive.",0,calf,farmed,neglect_03,harm
"Locked in the small enclosure, the lamb was given barely enough to survive.",0,lamb,farmed,neglect_03,harm
"Locked in the small enclosure, the piglet was given barely enough to survive.",0,piglet,farmed,neglect_03,harm
"Locked in the small enclosure, the ox was given barely enough to survive.",0,ox,farmed,neglect_03,harm
"Locked in the small enclosure, the donkey was given barely enough to survive.",0,donkey,farmed,neglect_03,harm
"Locked in the small enclosure, the mule was given barely enough to survive.",0,mule,farmed,neglect_03,harm
"Locked in the small enclosure, the goose was given barely enough to survive.",0,goose,farmed,neglect_03,harm
"Locked in the small enclosure, the sow was given barely enough to survive.",0,sow,farmed,neglect_03,harm
"Locked in the small enclosure, the heifer was given barely enough to survive.",0,heifer,farmed,neglect_03,harm
"Locked in the small enclosure, the foal was given barely enough to survive.",0,foal,farmed,neglect_03,harm
"Locked in the small enclosure, the ram was given barely enough to survive.",0,ram,farmed,neglect_03,harm
"Locked in the small enclosure, the capon was given barely enough to survive.",0,capon,farmed,neglect_03,harm
"Locked in the small enclosure, the steer was given barely enough to survive.",0,steer,farmed,neglect_03,harm
"Locked in the small enclosure, the bullock was given barely enough to survive.",0,bullock,farmed,neglect_03,harm
"Locked in the small enclosure, the ewe was given barely enough to survive.",0,ewe,farmed,neglect_03,harm
"Locked in the small enclosure, the wether was given barely enough to survive.",0,wether,farmed,neglect_03,harm
"Locked in the small enclosure, the gander was given barely enough to survive.",0,gander,farmed,neglect_03,harm
"Locked in the small enclosure, the drake was given barely enough to survive.",0,drake,farmed,neglect_03,harm
"Locked in the small enclosure, the gosling was given barely enough to survive.",0,gosling,farmed,neglect_03,harm
"Locked in the small enclosure, the duckling was given barely enough to survive.",0,duckling,farmed,neglect_03,harm
"Locked in the small enclosure, the chick was given barely enough to survive.",0,chick,farmed,neglect_03,harm
"Locked in the small enclosure, the cockerel was given barely enough to survive.",0,cockerel,farmed,neglect_03,harm
"Locked in the small enclosure, the pullet was given barely enough to survive.",0,pullet,farmed,neglect_03,harm
"Locked in the small enclosure, the yearling was given barely enough to survive.",0,yearling,farmed,neglect_03,harm
"Locked in the small enclosure, the shoat was given barely enough to survive.",0,shoat,farmed,neglect_03,harm
"Locked in the small enclosure, the gilt was given barely enough to survive.",0,gilt,farmed,neglect_03,harm
"Locked in the small enclosure, the pony was given barely enough to survive.",0,pony,farmed,neglect_03,harm
"Locked in the small enclosure, the mare was given barely enough to survive.",0,mare,farmed,neglect_03,harm
"Locked in the small enclosure, the colt was given barely enough to survive.",0,colt,farmed,neglect_03,harm
"Locked in the small enclosure, the alpaca was given barely enough to survive.",0,alpaca,farmed,neglect_03,harm
"Locked in the small enclosure, the stallion was given barely enough to survive.",0,stallion,farmed,neglect_03,harm
Months of neglect left the dog malnourished and visibly suffering.,1,dog,companion,neglect_04,harm
Months of neglect left the cat malnourished and visibly suffering.,1,cat,companion,neglect_04,harm
Months of neglect left the rabbit malnourished and visibly suffering.,1,rabbit,companion,neglect_04,harm
Months of neglect left the puppy malnourished and visibly suffering.,1,puppy,companion,neglect_04,harm
Months of neglect left the kitten malnourished and visibly suffering.,1,kitten,companion,neglect_04,harm
Months of neglect left the hamster malnourished and visibly suffering.,1,hamster,companion,neglect_04,harm
Months of neglect left the ferret malnourished and visibly suffering.,1,ferret,companion,neglect_04,harm
Months of neglect left the poodle malnourished and visibly suffering.,1,poodle,companion,neglect_04,harm
Months of neglect left the beagle malnourished and visibly suffering.,1,beagle,companion,neglect_04,harm
Months of neglect left the terrier malnourished and visibly suffering.,1,terrier,companion,neglect_04,harm
Months of neglect left the spaniel malnourished and visibly suffering.,1,spaniel,companion,neglect_04,harm
Months of neglect left the labrador malnourished and visibly suffering.,1,labrador,companion,neglect_04,harm
Months of neglect left the collie malnourished and visibly suffering.,1,collie,companion,neglect_04,harm
Months of neglect left the pug malnourished and visibly suffering.,1,pug,companion,neglect_04,harm
Months of neglect left the bulldog malnourished and visibly suffering.,1,bulldog,companion,neglect_04,harm
Months of neglect left the retriever malnourished and visibly suffering.,1,retriever,companion,neglect_04,harm
Months of neglect left the tomcat malnourished and visibly suffering.,1,tomcat,companion,neglect_04,harm
Months of neglect left the gerbil malnourished and visibly suffering.,1,gerbil,companion,neglect_04,harm
Months of neglect left the dalmatian malnourished and visibly suffering.,1,dalmatian,companion,neglect_04,harm
Months of neglect left the greyhound malnourished and visibly suffering.,1,greyhound,companion,neglect_04,harm
Months of neglect left the mastiff malnourished and visibly suffering.,1,mastiff,companion,neglect_04,harm
Months of neglect left the corgi malnourished and visibly suffering.,1,corgi,companion,neglect_04,harm
Months of neglect left the dachshund malnourished and visibly suffering.,1,dachshund,companion,neglect_04,harm
Months of neglect left the chihuahua malnourished and visibly suffering.,1,chihuahua,companion,neglect_04,harm
Months of neglect left the husky malnourished and visibly suffering.,1,husky,companion,neglect_04,harm
Months of neglect left the rottweiler malnourished and visibly suffering.,1,rottweiler,companion,neglect_04,harm
Months of neglect left the papillon malnourished and visibly suffering.,1,papillon,companion,neglect_04,harm
Months of neglect left the schnauzer malnourished and visibly suffering.,1,schnauzer,companion,neglect_04,harm
Months of neglect left the whippet malnourished and visibly suffering.,1,whippet,companion,neglect_04,harm
Months of neglect left the pomeranian malnourished and visibly suffering.,1,pomeranian,companion,neglect_04,harm
Months of neglect left the akita malnourished and visibly suffering.,1,akita,companion,neglect_04,harm
Months of neglect left the samoyed malnourished and visibly suffering.,1,samoyed,companion,neglect_04,harm
Months of neglect left the pekingese malnourished and visibly suffering.,1,pekingese,companion,neglect_04,harm
Months of neglect left the lurcher malnourished and visibly suffering.,1,lurcher,companion,neglect_04,harm
Months of neglect left the hound malnourished and visibly suffering.,1,hound,companion,neglect_04,harm
Months of neglect left the mutt malnourished and visibly suffering.,1,mutt,companion,neglect_04,harm
Months of neglect left the tabby malnourished and visibly suffering.,1,tabby,companion,neglect_04,harm
Months of neglect left the lapdog malnourished and visibly suffering.,1,lapdog,companion,neglect_04,harm
Months of neglect left the kitty malnourished and visibly suffering.,1,kitty,companion,neglect_04,harm
Months of neglect left the bunny malnourished and visibly suffering.,1,bunny,companion,neglect_04,harm
Months of neglect left the pig malnourished and visibly suffering.,0,pig,farmed,neglect_04,harm
Months of neglect left the cow malnourished and visibly suffering.,0,cow,farmed,neglect_04,harm
Months of neglect left the chicken malnourished and visibly suffering.,0,chicken,farmed,neglect_04,harm
Months of neglect left the goat malnourished and visibly suffering.,0,goat,farmed,neglect_04,harm
Months of neglect left the sheep malnourished and visibly suffering.,0,sheep,farmed,neglect_04,harm
Months of neglect left the duck malnourished and visibly suffering.,0,duck,farmed,neglect_04,harm
Months of neglect left the turkey malnourished and visibly suffering.,0,turkey,farmed,neglect_04,harm
Months of neglect left the hen malnourished and visibly suffering.,0,hen,farmed,neglect_04,harm
Months of neglect left the rooster malnourished and visibly suffering.,0,rooster,farmed,neglect_04,harm
Months of neglect left the calf malnourished and visibly suffering.,0,calf,farmed,neglect_04,harm
Months of neglect left the lamb malnourished and visibly suffering.,0,lamb,farmed,neglect_04,harm
Months of neglect left the piglet malnourished and visibly suffering.,0,piglet,farmed,neglect_04,harm
Months of neglect left the ox malnourished and visibly suffering.,0,ox,farmed,neglect_04,harm
Months of neglect left the donkey malnourished and visibly suffering.,0,donkey,farmed,neglect_04,harm
Months of neglect left the mule malnourished and visibly suffering.,0,mule,farmed,neglect_04,harm
Months of neglect left the goose malnourished and visibly suffering.,0,goose,farmed,neglect_04,harm
Months of neglect left the sow malnourished and visibly suffering.,0,sow,farmed,neglect_04,harm
Months of neglect left the heifer malnourished and visibly suffering.,0,heifer,farmed,neglect_04,harm
Months of neglect left the foal malnourished and visibly suffering.,0,foal,farmed,neglect_04,harm
Months of neglect left the ram malnourished and visibly suffering.,0,ram,farmed,neglect_04,harm
Months of neglect left the capon malnourished and visibly suffering.,0,capon,farmed,neglect_04,harm
Months of neglect left the steer malnourished and visibly suffering.,0,steer,farmed,neglect_04,harm
Months of neglect left the bullock malnourished and visibly suffering.,0,bullock,farmed,neglect_04,harm
Months of neglect left the ewe malnourished and visibly suffering.,0,ewe,farmed,neglect_04,harm
Months of neglect left the wether malnourished and visibly suffering.,0,wether,farmed,neglect_04,harm
Months of neglect left the gander malnourished and visibly suffering.,0,gander,farmed,neglect_04,harm
Months of neglect left the drake malnourished and visibly suffering.,0,drake,farmed,neglect_04,harm
Months of neglect left the gosling malnourished and visibly suffering.,0,gosling,farmed,neglect_04,harm
Months of neglect left the duckling malnourished and visibly suffering.,0,duckling,farmed,neglect_04,harm
Months of neglect left the chick malnourished and visibly suffering.,0,chick,farmed,neglect_04,harm
Months of neglect left the cockerel malnourished and visibly suffering.,0,cockerel,farmed,neglect_04,harm
Months of neglect left the pullet malnourished and visibly suffering.,0,pullet,farmed,neglect_04,harm
Months of neglect left the yearling malnourished and visibly suffering.,0,yearling,farmed,neglect_04,harm
Months of neglect left the shoat malnourished and visibly suffering.,0,shoat,farmed,neglect_04,harm
Months of neglect left the gilt malnourished and visibly suffering.,0,gilt,farmed,neglect_04,harm
Months of neglect left the pony malnourished and visibly suffering.,0,pony,farmed,neglect_04,harm
Months of neglect left the mare malnourished and visibly suffering.,0,mare,farmed,neglect_04,harm
Months of neglect left the colt malnourished and visibly suffering.,0,colt,farmed,neglect_04,harm
Months of neglect left the alpaca malnourished and visibly suffering.,0,alpaca,farmed,neglect_04,harm
Months of neglect left the stallion malnourished and visibly suffering.,0,stallion,farmed,neglect_04,harm
"With no water for two days, the dog grew weaker by the hour.",1,dog,companion,neglect_05,harm
"With no water for two days, the cat grew weaker by the hour.",1,cat,companion,neglect_05,harm
"With no water for two days, the rabbit grew weaker by the hour.",1,rabbit,companion,neglect_05,harm
"With no water for two days, the puppy grew weaker by the hour.",1,puppy,companion,neglect_05,harm
"With no water for two days, the kitten grew weaker by the hour.",1,kitten,companion,neglect_05,harm
"With no water for two days, the hamster grew weaker by the hour.",1,hamster,companion,neglect_05,harm
"With no water for two days, the ferret grew weaker by the hour.",1,ferret,companion,neglect_05,harm
"With no water for two days, the poodle grew weaker by the hour.",1,poodle,companion,neglect_05,harm
"With no water for two days, the beagle grew weaker by the hour.",1,beagle,companion,neglect_05,harm
"With no water for two days, the terrier grew weaker by the hour.",1,terrier,companion,neglect_05,harm
"With no water for two days, the spaniel grew weaker by the hour.",1,spaniel,companion,neglect_05,harm
"With no water for two days, the labrador grew weaker by the hour.",1,labrador,companion,neglect_05,harm
"With no water for two days, the collie grew weaker by the hour.",1,collie,companion,neglect_05,harm
"With no water for two days, the pug grew weaker by the hour.",1,pug,companion,neglect_05,harm
"With no water for two days, the bulldog grew weaker by the hour.",1,bulldog,companion,neglect_05,harm
"With no water for two days, the retriever grew weaker by the hour.",1,retriever,companion,neglect_05,harm
"With no water for two days, the tomcat grew weaker by the hour.",1,tomcat,companion,neglect_05,harm
"With no water for two days, the gerbil grew weaker by the hour.",1,gerbil,companion,neglect_05,harm
"With no water for two days, the dalmatian grew weaker by the hour.",1,dalmatian,companion,neglect_05,harm
"With no water for two days, the greyhound grew weaker by the hour.",1,greyhound,companion,neglect_05,harm
"With no water for two days, the mastiff grew weaker by the hour.",1,mastiff,companion,neglect_05,harm
"With no water for two days, the corgi grew weaker by the hour.",1,corgi,companion,neglect_05,harm
"With no water for two days, the dachshund grew weaker by the hour.",1,dachshund,companion,neglect_05,harm
"With no water for two days, the chihuahua grew weaker by the hour.",1,chihuahua,companion,neglect_05,harm
"With no water for two days, the husky grew weaker by the hour.",1,husky,companion,neglect_05,harm
"With no water for two days, the rottweiler grew weaker by the hour.",1,rottweiler,companion,neglect_05,harm
"With no water for two days, the papillon grew weaker by the hour.",1,papillon,companion,neglect_05,harm
"With no water for two days, the schnauzer grew weaker by the hour.",1,schnauzer,companion,neglect_05,harm
"With no water for two days, the whippet grew weaker by the hour.",1,whippet,companion,neglect_05,harm
"With no water for two days, the pomeranian grew weaker by the hour.",1,pomeranian,companion,neglect_05,harm
"With no water for two days, the akita grew weaker by the hour.",1,akita,companion,neglect_05,harm
"With no water for two days, the samoyed grew weaker by the hour.",1,samoyed,companion,neglect_05,harm
"With no water for two days, the pekingese grew weaker by the hour.",1,pekingese,companion,neglect_05,harm
"With no water for two days, the lurcher grew weaker by the hour.",1,lurcher,companion,neglect_05,harm
"With no water for two days, the hound grew weaker by the hour.",1,hound,companion,neglect_05,harm
"With no water for two days, the mutt grew weaker by the hour.",1,mutt,companion,neglect_05,harm
"With no water for two days, the tabby grew weaker by the hour.",1,tabby,companion,neglect_05,harm
"With no water for two days, the lapdog grew weaker by the hour.",1,lapdog,companion,neglect_05,harm
"With no water for two days, the kitty grew weaker by the hour.",1,kitty,companion,neglect_05,harm
"With no water for two days, the bunny grew weaker by the hour.",1,bunny,companion,neglect_05,harm
"With no water for two days, the pig grew weaker by the hour.",0,pig,farmed,neglect_05,harm
"With no water for two days, the cow grew weaker by the hour.",0,cow,farmed,neglect_05,harm
"With no water for two days, the chicken grew weaker by the hour.",0,chicken,farmed,neglect_05,harm
"With no water for two days, the goat grew weaker by the hour.",0,goat,farmed,neglect_05,harm
"With no water for two days, the sheep grew weaker by the hour.",0,sheep,farmed,neglect_05,harm
"With no water for two days, the duck grew weaker by the hour.",0,duck,farmed,neglect_05,harm
"With no water for two days, the turkey grew weaker by the hour.",0,turkey,farmed,neglect_05,harm
"With no water for two days, the hen grew weaker by the hour.",0,hen,farmed,neglect_05,harm
"With no water for two days, the rooster grew weaker by the hour.",0,rooster,farmed,neglect_05,harm
"With no water for two days, the calf grew weaker by the hour.",0,calf,farmed,neglect_05,harm
"With no water for two days, the lamb grew weaker by the hour.",0,lamb,farmed,neglect_05,harm
"With no water for two days, the piglet grew weaker by the hour.",0,piglet,farmed,neglect_05,harm
"With no water for two days, the ox grew weaker by the hour.",0,ox,farmed,neglect_05,harm
"With no water for two days, the donkey grew weaker by the hour.",0,donkey,farmed,neglect_05,harm
"With no water for two days, the mule grew weaker by the hour.",0,mule,farmed,neglect_05,harm
"With no water for two days, the goose grew weaker by the hour.",0,goose,farmed,neglect_05,harm
"With no water for two days, the sow grew weaker by the hour.",0,sow,farmed,neglect_05,harm
"With no water for two days, the heifer grew weaker by the hour.",0,heifer,farmed,neglect_05,harm
"With no water for two days, the foal grew weaker by the hour.",0,foal,farmed,neglect_05,harm
"With no water for two days, the ram grew weaker by the hour.",0,ram,farmed,neglect_05,harm
"With no water for two days, the capon grew weaker by the hour.",0,capon,farmed,neglect_05,harm
"With no water for two days, the steer grew weaker by the hour.",0,steer,farmed,neglect_05,harm
"With no water for two days, the bullock grew weaker by the hour.",0,bullock,farmed,neglect_05,harm
"With no water for two days, the ewe grew weaker by the hour.",0,ewe,farmed,neglect_05,harm
"With no water for two days, the wether grew weaker by the hour.",0,wether,farmed,neglect_05,harm
"With no water for two days, the gander grew weaker by the hour.",0,gander,farmed,neglect_05,harm
"With no water for two days, the drake grew weaker by the hour.",0,drake,farmed,neglect_05,harm
"With no water for two days, the gosling grew weaker by the hour.",0,gosling,farmed,neglect_05,harm
"With no water for two days, the duckling grew weaker by the hour.",0,duckling,farmed,neglect_05,harm
"With no water for two days, the chick grew weaker by the hour.",0,chick,farmed,neglect_05,harm
"With no water for two days, the cockerel grew weaker by the hour.",0,cockerel,farmed,neglect_05,harm
"With no water for two days, the pullet grew weaker by the hour.",0,pullet,farmed,neglect_05,harm
"With no water for two days, the yearling grew weaker by the hour.",0,yearling,farmed,neglect_05,harm
"With no water for two days, the shoat grew weaker by the hour.",0,shoat,farmed,neglect_05,harm
"With no water for two days, the gilt grew weaker by the hour.",0,gilt,farmed,neglect_05,harm
"With no water for two days, the pony grew weaker by the hour.",0,pony,farmed,neglect_05,harm
"With no water for two days, the mare grew weaker by the hour.",0,mare,farmed,neglect_05,harm
"With no water for two days, the colt grew weaker by the hour.",0,colt,farmed,neglect_05,harm
"With no water for two days, the alpaca grew weaker by the hour.",0,alpaca,farmed,neglect_05,harm
"With no water for two days, the stallion grew weaker by the hour.",0,stallion,farmed,neglect_05,harm
"The inspectors found the dog starving in filthy, cramped conditions.",1,dog,companion,neglect_06,harm
"The inspectors found the cat starving in filthy, cramped conditions.",1,cat,companion,neglect_06,harm
"The inspectors found the rabbit starving in filthy, cramped conditions.",1,rabbit,companion,neglect_06,harm
"The inspectors found the puppy starving in filthy, cramped conditions.",1,puppy,companion,neglect_06,harm
"The inspectors found the kitten starving in filthy, cramped conditions.",1,kitten,companion,neglect_06,harm
"The inspectors found the hamster starving in filthy, cramped conditions.",1,hamster,companion,neglect_06,harm
"The inspectors found the ferret starving in filthy, cramped conditions.",1,ferret,companion,neglect_06,harm
"The inspectors found the poodle starving in filthy, cramped conditions.",1,poodle,companion,neglect_06,harm
"The inspectors found the beagle starving in filthy, cramped conditions.",1,beagle,companion,neglect_06,harm
"The inspectors found the terrier starving in filthy, cramped conditions.",1,terrier,companion,neglect_06,harm
"The inspectors found the spaniel starving in filthy, cramped conditions.",1,spaniel,companion,neglect_06,harm
"The inspectors found the labrador starving in filthy, cramped conditions.",1,labrador,companion,neglect_06,harm
"The inspectors found the collie starving in filthy, cramped conditions.",1,collie,companion,neglect_06,harm
"The inspectors found the pug starving in filthy, cramped conditions.",1,pug,companion,neglect_06,harm
"The inspectors found the bulldog starving in filthy, cramped conditions.",1,bulldog,companion,neglect_06,harm
"The inspectors found the retriever starving in filthy, cramped conditions.",1,retriever,companion,neglect_06,harm
"The inspectors found the tomcat starving in filthy, cramped conditions.",1,tomcat,companion,neglect_06,harm
"The inspectors found the gerbil starving in filthy, cramped conditions.",1,gerbil,companion,neglect_06,harm
"The inspectors found the dalmatian starving in filthy, cramped conditions.",1,dalmatian,companion,neglect_06,harm
"The inspectors found the greyhound starving in filthy, cramped conditions.",1,greyhound,companion,neglect_06,harm
"The inspectors found the mastiff starving in filthy, cramped conditions.",1,mastiff,companion,neglect_06,harm
"The inspectors found the corgi starving in filthy, cramped conditions.",1,corgi,companion,neglect_06,harm
"The inspectors found the dachshund starving in filthy, cramped conditions.",1,dachshund,companion,neglect_06,harm
"The inspectors found the chihuahua starving in filthy, cramped conditions.",1,chihuahua,companion,neglect_06,harm
"The inspectors found the husky starving in filthy, cramped conditions.",1,husky,companion,neglect_06,harm
"The inspectors found the rottweiler starving in filthy, cramped conditions.",1,rottweiler,companion,neglect_06,harm
"The inspectors found the papillon starving in filthy, cramped conditions.",1,papillon,companion,neglect_06,harm
"The inspectors found the schnauzer starving in filthy, cramped conditions.",1,schnauzer,companion,neglect_06,harm
"The inspectors found the whippet starving in filthy, cramped conditions.",1,whippet,companion,neglect_06,harm
"The inspectors found the pomeranian starving in filthy, cramped conditions.",1,pomeranian,companion,neglect_06,harm
"The inspectors found the akita starving in filthy, cramped conditions.",1,akita,companion,neglect_06,harm
"The inspectors found the samoyed starving in filthy, cramped conditions.",1,samoyed,companion,neglect_06,harm
"The inspectors found the pekingese starving in filthy, cramped conditions.",1,pekingese,companion,neglect_06,harm
"The inspectors found the lurcher starving in filthy, cramped conditions.",1,lurcher,companion,neglect_06,harm
"The inspectors found the hound starving in filthy, cramped conditions.",1,hound,companion,neglect_06,harm
"The inspectors found the mutt starving in filthy, cramped conditions.",1,mutt,companion,neglect_06,harm
"The inspectors found the tabby starving in filthy, cramped conditions.",1,tabby,companion,neglect_06,harm
"The inspectors found the lapdog starving in filthy, cramped conditions.",1,lapdog,companion,neglect_06,harm
"The inspectors found the kitty starving in filthy, cramped conditions.",1,kitty,companion,neglect_06,harm
"The inspectors found the bunny starving in filthy, cramped conditions.",1,bunny,companion,neglect_06,harm
"The inspectors found the pig starving in filthy, cramped conditions.",0,pig,farmed,neglect_06,harm
"The inspectors found the cow starving in filthy, cramped conditions.",0,cow,farmed,neglect_06,harm
"The inspectors found the chicken starving in filthy, cramped conditions.",0,chicken,farmed,neglect_06,harm
"The inspectors found the goat starving in filthy, cramped conditions.",0,goat,farmed,neglect_06,harm
"The inspectors found the sheep starving in filthy, cramped conditions.",0,sheep,farmed,neglect_06,harm
"The inspectors found the duck starving in filthy, cramped conditions.",0,duck,farmed,neglect_06,harm
"The inspectors found the turkey starving in filthy, cramped conditions.",0,turkey,farmed,neglect_06,harm
"The inspectors found the hen starving in filthy, cramped conditions.",0,hen,farmed,neglect_06,harm
"The inspectors found the rooster starving in filthy, cramped conditions.",0,rooster,farmed,neglect_06,harm
"The inspectors found the calf starving in filthy, cramped conditions.",0,calf,farmed,neglect_06,harm
"The inspectors found the lamb starving in filthy, cramped conditions.",0,lamb,farmed,neglect_06,harm
"The inspectors found the piglet starving in filthy, cramped conditions.",0,piglet,farmed,neglect_06,harm
"The inspectors found the ox starving in filthy, cramped conditions.",0,ox,farmed,neglect_06,harm
"The inspectors found the donkey starving in filthy, cramped conditions.",0,donkey,farmed,neglect_06,harm
"The inspectors found the mule starving in filthy, cramped conditions.",0,mule,farmed,neglect_06,harm
"The inspectors found the goose starving in filthy, cramped conditions.",0,goose,farmed,neglect_06,harm
"The inspectors found the sow starving in filthy, cramped conditions.",0,sow,farmed,neglect_06,harm
"The inspectors found the heifer starving in filthy, cramped conditions.",0,heifer,farmed,neglect_06,harm
"The inspectors found the foal starving in filthy, cramped conditions.",0,foal,farmed,neglect_06,harm
"The inspectors found the ram starving in filthy, cramped conditions.",0,ram,farmed,neglect_06,harm
"The inspectors found the capon starving in filthy, cramped conditions.",0,capon,farmed,neglect_06,harm
"The inspectors found the steer starving in filthy, cramped conditions.",0,steer,farmed,neglect_06,harm
"The inspectors found the bullock starving in filthy, cramped conditions.",0,bullock,farmed,neglect_06,harm
"The inspectors found the ewe starving in filthy, cramped conditions.",0,ewe,farmed,neglect_06,harm
"The inspectors found the wether starving in filthy, cramped conditions.",0,wether,farmed,neglect_06,harm
"The inspectors found the gander starving in filthy, cramped conditions.",0,gander,farmed,neglect_06,harm
"The inspectors found the drake starving in filthy, cramped conditions.",0,drake,farmed,neglect_06,harm
"The inspectors found the gosling starving in filthy, cramped conditions.",0,gosling,farmed,neglect_06,harm
"The inspectors found the duckling starving in filthy, cramped conditions.",0,duckling,farmed,neglect_06,harm
"The inspectors found the chick starving in filthy, cramped conditions.",0,chick,farmed,neglect_06,harm
"The inspectors found the cockerel starving in filthy, cramped conditions.",0,cockerel,farmed,neglect_06,harm
"The inspectors found the pullet starving in filthy, cramped conditions.",0,pullet,farmed,neglect_06,harm
"The inspectors found the yearling starving in filthy, cramped conditions.",0,yearling,farmed,neglect_06,harm
"The inspectors found the shoat starving in filthy, cramped conditions.",0,shoat,farmed,neglect_06,harm
"The inspectors found the gilt starving in filthy, cramped conditions.",0,gilt,farmed,neglect_06,harm
"The inspectors found the pony starving in filthy, cramped conditions.",0,pony,farmed,neglect_06,harm
"The inspectors found the mare starving in filthy, cramped conditions.",0,mare,farmed,neglect_06,harm
"The inspectors found the colt starving in filthy, cramped conditions.",0,colt,farmed,neglect_06,harm
"The inspectors found the alpaca starving in filthy, cramped conditions.",0,alpaca,farmed,neglect_06,harm
"The inspectors found the stallion starving in filthy, cramped conditions.",0,stallion,farmed,neglect_06,harm
A pack of strays cornered and attacked the dog near the market.,1,dog,companion,attack_01,harm
A pack of strays cornered and attacked the cat near the market.,1,cat,companion,attack_01,harm
A pack of strays cornered and attacked the rabbit near the market.,1,rabbit,companion,attack_01,harm
A pack of strays cornered and attacked the puppy near the market.,1,puppy,companion,attack_01,harm
A pack of strays cornered and attacked the kitten near the market.,1,kitten,companion,attack_01,harm
A pack of strays cornered and attacked the hamster near the market.,1,hamster,companion,attack_01,harm
A pack of strays cornered and attacked the ferret near the market.,1,ferret,companion,attack_01,harm
A pack of strays cornered and attacked the poodle near the market.,1,poodle,companion,attack_01,harm
A pack of strays cornered and attacked the beagle near the market.,1,beagle,companion,attack_01,harm
A pack of strays cornered and attacked the terrier near the market.,1,terrier,companion,attack_01,harm
A pack of strays cornered and attacked the spaniel near the market.,1,spaniel,companion,attack_01,harm
A pack of strays cornered and attacked the labrador near the market.,1,labrador,companion,attack_01,harm
A pack of strays cornered and attacked the collie near the market.,1,collie,companion,attack_01,harm
A pack of strays cornered and attacked the pug near the market.,1,pug,companion,attack_01,harm
A pack of strays cornered and attacked the bulldog near the market.,1,bulldog,companion,attack_01,harm
A pack of strays cornered and attacked the retriever near the market.,1,retriever,companion,attack_01,harm
A pack of strays cornered and attacked the tomcat near the market.,1,tomcat,companion,attack_01,harm
A pack of strays cornered and attacked the gerbil near the market.,1,gerbil,companion,attack_01,harm
A pack of strays cornered and attacked the dalmatian near the market.,1,dalmatian,companion,attack_01,harm
A pack of strays cornered and attacked the greyhound near the market.,1,greyhound,companion,attack_01,harm
A pack of strays cornered and attacked the mastiff near the market.,1,mastiff,companion,attack_01,harm
A pack of strays cornered and attacked the corgi near the market.,1,corgi,companion,attack_01,harm
A pack of strays cornered and attacked the dachshund near the market.,1,dachshund,companion,attack_01,harm
A pack of strays cornered and attacked the chihuahua near the market.,1,chihuahua,companion,attack_01,harm
A pack of strays cornered and attacked the husky near the market.,1,husky,companion,attack_01,harm
A pack of strays cornered and attacked the rottweiler near the market.,1,rottweiler,companion,attack_01,harm
A pack of strays cornered and attacked the papillon near the market.,1,papillon,companion,attack_01,harm
A pack of strays cornered and attacked the schnauzer near the market.,1,schnauzer,companion,attack_01,harm
A pack of strays cornered and attacked the whippet near the market.,1,whippet,companion,attack_01,harm
A pack of strays cornered and attacked the pomeranian near the market.,1,pomeranian,companion,attack_01,harm
A pack of strays cornered and attacked the akita near the market.,1,akita,companion,attack_01,harm
A pack of strays cornered and attacked the samoyed near the market.,1,samoyed,companion,attack_01,harm
A pack of strays cornered and attacked the pekingese near the market.,1,pekingese,companion,attack_01,harm
A pack of strays cornered and attacked the lurcher near the market.,1,lurcher,companion,attack_01,harm
A pack of strays cornered and attacked the hound near the market.,1,hound,companion,attack_01,harm
A pack of strays cornered and attacked the mutt near the market.,1,mutt,companion,attack_01,harm
A pack of strays cornered and attacked the tabby near the market.,1,tabby,companion,attack_01,harm
A pack of strays cornered and attacked the lapdog near the market.,1,lapdog,companion,attack_01,harm
A pack of strays cornered and attacked the kitty near the market.,1,kitty,companion,attack_01,harm
A pack of strays cornered and attacked the bunny near the market.,1,bunny,companion,attack_01,harm
A pack of strays cornered and attacked the pig near the market.,0,pig,farmed,attack_01,harm
A pack of strays cornered and attacked the cow near the market.,0,cow,farmed,attack_01,harm
A pack of strays cornered and attacked the chicken near the market.,0,chicken,farmed,attack_01,harm
A pack of strays cornered and attacked the goat near the market.,0,goat,farmed,attack_01,harm
A pack of strays cornered and attacked the sheep near the market.,0,sheep,farmed,attack_01,harm
A pack of strays cornered and attacked the duck near the market.,0,duck,farmed,attack_01,harm
A pack of strays cornered and attacked the turkey near the market.,0,turkey,farmed,attack_01,harm
A pack of strays cornered and attacked the hen near the market.,0,hen,farmed,attack_01,harm
A pack of strays cornered and attacked the rooster near the market.,0,rooster,farmed,attack_01,harm
A pack of strays cornered and attacked the calf near the market.,0,calf,farmed,attack_01,harm
A pack of strays cornered and attacked the lamb near the market.,0,lamb,farmed,attack_01,harm
A pack of strays cornered and attacked the piglet near the market.,0,piglet,farmed,attack_01,harm
A pack of strays cornered and attacked the ox near the market.,0,ox,farmed,attack_01,harm
A pack of strays cornered and attacked the donkey near the market.,0,donkey,farmed,attack_01,harm
A pack of strays cornered and attacked the mule near the market.,0,mule,farmed,attack_01,harm
A pack of strays cornered and attacked the goose near the market.,0,goose,farmed,attack_01,harm
A pack of strays cornered and attacked the sow near the market.,0,sow,farmed,attack_01,harm
A pack of strays cornered and attacked the heifer near the market.,0,heifer,farmed,attack_01,harm
A pack of strays cornered and attacked the foal near the market.,0,foal,farmed,attack_01,harm
A pack of strays cornered and attacked the ram near the market.,0,ram,farmed,attack_01,harm
A pack of strays cornered and attacked the capon near the market.,0,capon,farmed,attack_01,harm
A pack of strays cornered and attacked the steer near the market.,0,steer,farmed,attack_01,harm
A pack of strays cornered and attacked the bullock near the market.,0,bullock,farmed,attack_01,harm
A pack of strays cornered and attacked the ewe near the market.,0,ewe,farmed,attack_01,harm
A pack of strays cornered and attacked the wether near the market.,0,wether,farmed,attack_01,harm
A pack of strays cornered and attacked the gander near the market.,0,gander,farmed,attack_01,harm
A pack of strays cornered and attacked the drake near the market.,0,drake,farmed,attack_01,harm
A pack of strays cornered and attacked the gosling near the market.,0,gosling,farmed,attack_01,harm
A pack of strays cornered and attacked the duckling near the market.,0,duckling,farmed,attack_01,harm
A pack of strays cornered and attacked the chick near the market.,0,chick,farmed,attack_01,harm
A pack of strays cornered and attacked the cockerel near the market.,0,cockerel,farmed,attack_01,harm
A pack of strays cornered and attacked the pullet near the market.,0,pullet,farmed,attack_01,harm
A pack of strays cornered and attacked the yearling near the market.,0,yearling,farmed,attack_01,harm
A pack of strays cornered and attacked the shoat near the market.,0,shoat,farmed,attack_01,harm
A pack of strays cornered and attacked the gilt near the market.,0,gilt,farmed,attack_01,harm
A pack of strays cornered and attacked the pony near the market.,0,pony,farmed,attack_01,harm
A pack of strays cornered and attacked the mare near the market.,0,mare,farmed,attack_01,harm
A pack of strays cornered and attacked the colt near the market.,0,colt,farmed,attack_01,harm
A pack of strays cornered and attacked the alpaca near the market.,0,alpaca,farmed,attack_01,harm
A pack of strays cornered and attacked the stallion near the market.,0,stallion,farmed,attack_01,harm
"Without warning, the aggressive animal charged at the dog in the field.",1,dog,companion,attack_02,harm
"Without warning, the aggressive animal charged at the cat in the field.",1,cat,companion,attack_02,harm
"Without warning, the aggressive animal charged at the rabbit in the field.",1,rabbit,companion,attack_02,harm
"Without warning, the aggressive animal charged at the puppy in the field.",1,puppy,companion,attack_02,harm
"Without warning, the aggressive animal charged at the kitten in the field.",1,kitten,companion,attack_02,harm
"Without warning, the aggressive animal charged at the hamster in the field.",1,hamster,companion,attack_02,harm
"Without warning, the aggressive animal charged at the ferret in the field.",1,ferret,companion,attack_02,harm
"Without warning, the aggressive animal charged at the poodle in the field.",1,poodle,companion,attack_02,harm
"Without warning, the aggressive animal charged at the beagle in the field.",1,beagle,companion,attack_02,harm
"Without warning, the aggressive animal charged at the terrier in the field.",1,terrier,companion,attack_02,harm
"Without warning, the aggressive animal charged at the spaniel in the field.",1,spaniel,companion,attack_02,harm
"Without warning, the aggressive animal charged at the labrador in the field.",1,labrador,companion,attack_02,harm
"Without warning, the aggressive animal charged at the collie in the field.",1,collie,companion,attack_02,harm
"Without warning, the aggressive animal charged at the pug in the field.",1,pug,companion,attack_02,harm
"Without warning, the aggressive animal charged at the bulldog in the field.",1,bulldog,companion,attack_02,harm
"Without warning, the aggressive animal charged at the retriever in the field.",1,retriever,companion,attack_02,harm
"Without warning, the aggressive animal charged at the tomcat in the field.",1,tomcat,companion,attack_02,harm
"Without warning, the aggressive animal charged at the gerbil in the field.",1,gerbil,companion,attack_02,harm
"Without warning, the aggressive animal charged at the dalmatian in the field.",1,dalmatian,companion,attack_02,harm
"Without warning, the aggressive animal charged at the greyhound in the field.",1,greyhound,companion,attack_02,harm
"Without warning, the aggressive animal charged at the mastiff in the field.",1,mastiff,companion,attack_02,harm
"Without warning, the aggressive animal charged at the corgi in the field.",1,corgi,companion,attack_02,harm
"Without warning, the aggressive animal charged at the dachshund in the field.",1,dachshund,companion,attack_02,harm
"Without warning, the aggressive animal charged at the chihuahua in the field.",1,chihuahua,companion,attack_02,harm
"Without warning, the aggressive animal charged at the husky in the field.",1,husky,companion,attack_02,harm
"Without warning, the aggressive animal charged at the rottweiler in the field.",1,rottweiler,companion,attack_02,harm
"Without warning, the aggressive animal charged at the papillon in the field.",1,papillon,companion,attack_02,harm
"Without warning, the aggressive animal charged at the schnauzer in the field.",1,schnauzer,companion,attack_02,harm
"Without warning, the aggressive animal charged at the whippet in the field.",1,whippet,companion,attack_02,harm
"Without warning, the aggressive animal charged at the pomeranian in the field.",1,pomeranian,companion,attack_02,harm
"Without warning, the aggressive animal charged at the akita in the field.",1,akita,companion,attack_02,harm
"Without warning, the aggressive animal charged at the samoyed in the field.",1,samoyed,companion,attack_02,harm
"Without warning, the aggressive animal charged at the pekingese in the field.",1,pekingese,companion,attack_02,harm
"Without warning, the aggressive animal charged at the lurcher in the field.",1,lurcher,companion,attack_02,harm
"Without warning, the aggressive animal charged at the hound in the field.",1,hound,companion,attack_02,harm
"Without warning, the aggressive animal charged at the mutt in the field.",1,mutt,companion,attack_02,harm
"Without warning, the aggressive animal charged at the tabby in the field.",1,tabby,companion,attack_02,harm
"Without warning, the aggressive animal charged at the lapdog in the field.",1,lapdog,companion,attack_02,harm
"Without warning, the aggressive animal charged at the kitty in the field.",1,kitty,companion,attack_02,harm
"Without warning, the aggressive animal charged at the bunny in the field.",1,bunny,companion,attack_02,harm
"Without warning, the aggressive animal charged at the pig in the field.",0,pig,farmed,attack_02,harm
"Without warning, the aggressive animal charged at the cow in the field.",0,cow,farmed,attack_02,harm
"Without warning, the aggressive animal charged at the chicken in the field.",0,chicken,farmed,attack_02,harm
"Without warning, the aggressive animal charged at the goat in the field.",0,goat,farmed,attack_02,harm
"Without warning, the aggressive animal charged at the sheep in the field.",0,sheep,farmed,attack_02,harm
"Without warning, the aggressive animal charged at the duck in the field.",0,duck,farmed,attack_02,harm
"Without warning, the aggressive animal charged at the turkey in the field.",0,turkey,farmed,attack_02,harm
"Without warning, the aggressive animal charged at the hen in the field.",0,hen,farmed,attack_02,harm
"Without warning, the aggressive animal charged at the rooster in the field.",0,rooster,farmed,attack_02,harm
"Without warning, the aggressive animal charged at the calf in the field.",0,calf,farmed,attack_02,harm
"Without warning, the aggressive animal charged at the lamb in the field.",0,lamb,farmed,attack_02,harm
"Without warning, the aggressive animal charged at the piglet in the field.",0,piglet,farmed,attack_02,harm
"Without warning, the aggressive animal charged at the ox in the field.",0,ox,farmed,attack_02,harm
"Without warning, the aggressive animal charged at the donkey in the field.",0,donkey,farmed,attack_02,harm
"Without warning, the aggressive animal charged at the mule in the field.",0,mule,farmed,attack_02,harm
"Without warning, the aggressive animal charged at the goose in the field.",0,goose,farmed,attack_02,harm
"Without warning, the aggressive animal charged at the sow in the field.",0,sow,farmed,attack_02,harm
"Without warning, the aggressive animal charged at the heifer in the field.",0,heifer,farmed,attack_02,harm
"Without warning, the aggressive animal charged at the foal in the field.",0,foal,farmed,attack_02,harm
"Without warning, the aggressive animal charged at the ram in the field.",0,ram,farmed,attack_02,harm
"Without warning, the aggressive animal charged at the capon in the field.",0,capon,farmed,attack_02,harm
"Without warning, the aggressive animal charged at the steer in the field.",0,steer,farmed,attack_02,harm
"Without warning, the aggressive animal charged at the bullock in the field.",0,bullock,farmed,attack_02,harm
"Without warning, the aggressive animal charged at the ewe in the field.",0,ewe,farmed,attack_02,harm
"Without warning, the aggressive animal charged at the wether in the field.",0,wether,farmed,attack_02,harm
"Without warning, the aggressive animal charged at the gander in the field.",0,gander,farmed,attack_02,harm
"Without warning, the aggressive animal charged at the drake in the field.",0,drake,farmed,attack_02,harm
"Without warning, the aggressive animal charged at the gosling in the field.",0,gosling,farmed,attack_02,harm
"Without warning, the aggressive animal charged at the duckling in the field.",0,duckling,farmed,attack_02,harm
"Without warning, the aggressive animal charged at the chick in the field.",0,chick,farmed,attack_02,harm
"Without warning, the aggressive animal charged at the cockerel in the field.",0,cockerel,farmed,attack_02,harm
"Without warning, the aggressive animal charged at the pullet in the field.",0,pullet,farmed,attack_02,harm
"Without warning, the aggressive animal charged at the yearling in the field.",0,yearling,farmed,attack_02,harm
"Without warning, the aggressive animal charged at the shoat in the field.",0,shoat,farmed,attack_02,harm
"Without warning, the aggressive animal charged at the gilt in the field.",0,gilt,farmed,attack_02,harm
"Without warning, the aggressive animal charged at the pony in the field.",0,pony,farmed,attack_02,harm
"Without warning, the aggressive animal charged at the mare in the field.",0,mare,farmed,attack_02,harm
"Without warning, the aggressive animal charged at the colt in the field.",0,colt,farmed,attack_02,harm
"Without warning, the aggressive animal charged at the alpaca in the field.",0,alpaca,farmed,attack_02,harm
"Without warning, the aggressive animal charged at the stallion in the field.",0,stallion,farmed,attack_02,harm
The intruder struck the dog repeatedly before fleeing into the night.,1,dog,companion,attack_03,harm
The intruder struck the cat repeatedly before fleeing into the night.,1,cat,companion,attack_03,harm
The intruder struck the rabbit repeatedly before fleeing into the night.,1,rabbit,companion,attack_03,harm
The intruder struck the puppy repeatedly before fleeing into the night.,1,puppy,companion,attack_03,harm
The intruder struck the kitten repeatedly before fleeing into the night.,1,kitten,companion,attack_03,harm
The intruder struck the hamster repeatedly before fleeing into the night.,1,hamster,companion,attack_03,harm
The intruder struck the ferret repeatedly before fleeing into the night.,1,ferret,companion,attack_03,harm
The intruder struck the poodle repeatedly before fleeing into the night.,1,poodle,companion,attack_03,harm
The intruder struck the beagle repeatedly before fleeing into the night.,1,beagle,companion,attack_03,harm
The intruder struck the terrier repeatedly before fleeing into the night.,1,terrier,companion,attack_03,harm
The intruder struck the spaniel repeatedly before fleeing into the night.,1,spaniel,companion,attack_03,harm
The intruder struck the labrador repeatedly before fleeing into the night.,1,labrador,companion,attack_03,harm
The intruder struck the collie repeatedly before fleeing into the night.,1,collie,companion,attack_03,harm
The intruder struck the pug repeatedly before fleeing into the night.,1,pug,companion,attack_03,harm
The intruder struck the bulldog repeatedly before fleeing into the night.,1,bulldog,companion,attack_03,harm
The intruder struck the retriever repeatedly before fleeing into the night.,1,retriever,companion,attack_03,harm
The intruder struck the tomcat repeatedly before fleeing into the night.,1,tomcat,companion,attack_03,harm
The intruder struck the gerbil repeatedly before fleeing into the night.,1,gerbil,companion,attack_03,harm
The intruder struck the dalmatian repeatedly before fleeing into the night.,1,dalmatian,companion,attack_03,harm
The intruder struck the greyhound repeatedly before fleeing into the night.,1,greyhound,companion,attack_03,harm
The intruder struck the mastiff repeatedly before fleeing into the night.,1,mastiff,companion,attack_03,harm
The intruder struck the corgi repeatedly before fleeing into the night.,1,corgi,companion,attack_03,harm
The intruder struck the dachshund repeatedly before fleeing into the night.,1,dachshund,companion,attack_03,harm
The intruder struck the chihuahua repeatedly before fleeing into the night.,1,chihuahua,companion,attack_03,harm
The intruder struck the husky repeatedly before fleeing into the night.,1,husky,companion,attack_03,harm
The intruder struck the rottweiler repeatedly before fleeing into the night.,1,rottweiler,companion,attack_03,harm
The intruder struck the papillon repeatedly before fleeing into the night.,1,papillon,companion,attack_03,harm
The intruder struck the schnauzer repeatedly before fleeing into the night.,1,schnauzer,companion,attack_03,harm
The intruder struck the whippet repeatedly before fleeing into the night.,1,whippet,companion,attack_03,harm
The intruder struck the pomeranian repeatedly before fleeing into the night.,1,pomeranian,companion,attack_03,harm
The intruder struck the akita repeatedly before fleeing into the night.,1,akita,companion,attack_03,harm
The intruder struck the samoyed repeatedly before fleeing into the night.,1,samoyed,companion,attack_03,harm
The intruder struck the pekingese repeatedly before fleeing into the night.,1,pekingese,companion,attack_03,harm
The intruder struck the lurcher repeatedly before fleeing into the night.,1,lurcher,companion,attack_03,harm
The intruder struck the hound repeatedly before fleeing into the night.,1,hound,companion,attack_03,harm
The intruder struck the mutt repeatedly before fleeing into the night.,1,mutt,companion,attack_03,harm
The intruder struck the tabby repeatedly before fleeing into the night.,1,tabby,companion,attack_03,harm
The intruder struck the lapdog repeatedly before fleeing into the night.,1,lapdog,companion,attack_03,harm
The intruder struck the kitty repeatedly before fleeing into the night.,1,kitty,companion,attack_03,harm
The intruder struck the bunny repeatedly before fleeing into the night.,1,bunny,companion,attack_03,harm
The intruder struck the pig repeatedly before fleeing into the night.,0,pig,farmed,attack_03,harm
The intruder struck the cow repeatedly before fleeing into the night.,0,cow,farmed,attack_03,harm
The intruder struck the chicken repeatedly before fleeing into the night.,0,chicken,farmed,attack_03,harm
The intruder struck the goat repeatedly before fleeing into the night.,0,goat,farmed,attack_03,harm
The intruder struck the sheep repeatedly before fleeing into the night.,0,sheep,farmed,attack_03,harm
The intruder struck the duck repeatedly before fleeing into the night.,0,duck,farmed,attack_03,harm
The intruder struck the turkey repeatedly before fleeing into the night.,0,turkey,farmed,attack_03,harm
The intruder struck the hen repeatedly before fleeing into the night.,0,hen,farmed,attack_03,harm
The intruder struck the rooster repeatedly before fleeing into the night.,0,rooster,farmed,attack_03,harm
The intruder struck the calf repeatedly before fleeing into the night.,0,calf,farmed,attack_03,harm
The intruder struck the lamb repeatedly before fleeing into the night.,0,lamb,farmed,attack_03,harm
The intruder struck the piglet repeatedly before fleeing into the night.,0,piglet,farmed,attack_03,harm
The intruder struck the ox repeatedly before fleeing into the night.,0,ox,farmed,attack_03,harm
The intruder struck the donkey repeatedly before fleeing into the night.,0,donkey,farmed,attack_03,harm
The intruder struck the mule repeatedly before fleeing into the night.,0,mule,farmed,attack_03,harm
The intruder struck the goose repeatedly before fleeing into the night.,0,goose,farmed,attack_03,harm
The intruder struck the sow repeatedly before fleeing into the night.,0,sow,farmed,attack_03,harm
The intruder struck the heifer repeatedly before fleeing into the night.,0,heifer,farmed,attack_03,harm
The intruder struck the foal repeatedly before fleeing into the night.,0,foal,farmed,attack_03,harm
The intruder struck the ram repeatedly before fleeing into the night.,0,ram,farmed,attack_03,harm
The intruder struck the capon repeatedly before fleeing into the night.,0,capon,farmed,attack_03,harm
The intruder struck the steer repeatedly before fleeing into the night.,0,steer,farmed,attack_03,harm
The intruder struck the bullock repeatedly before fleeing into the night.,0,bullock,farmed,attack_03,harm
The intruder struck the ewe repeatedly before fleeing into the night.,0,ewe,farmed,attack_03,harm
The intruder struck the wether repeatedly before fleeing into the night.,0,wether,farmed,attack_03,harm
The intruder struck the gander repeatedly before fleeing into the night.,0,gander,farmed,attack_03,harm
The intruder struck the drake repeatedly before fleeing into the night.,0,drake,farmed,attack_03,harm
The intruder struck the gosling repeatedly before fleeing into the night.,0,gosling,farmed,attack_03,harm
The intruder struck the duckling repeatedly before fleeing into the night.,0,duckling,farmed,attack_03,harm
The intruder struck the chick repeatedly before fleeing into the night.,0,chick,farmed,attack_03,harm
The intruder struck the cockerel repeatedly before fleeing into the night.,0,cockerel,farmed,attack_03,harm
The intruder struck the pullet repeatedly before fleeing into the night.,0,pullet,farmed,attack_03,harm
The intruder struck the yearling repeatedly before fleeing into the night.,0,yearling,farmed,attack_03,harm
The intruder struck the shoat repeatedly before fleeing into the night.,0,shoat,farmed,attack_03,harm
The intruder struck the gilt repeatedly before fleeing into the night.,0,gilt,farmed,attack_03,harm
The intruder struck the pony repeatedly before fleeing into the night.,0,pony,farmed,attack_03,harm
The intruder struck the mare repeatedly before fleeing into the night.,0,mare,farmed,attack_03,harm
The intruder struck the colt repeatedly before fleeing into the night.,0,colt,farmed,attack_03,harm
The intruder struck the alpaca repeatedly before fleeing into the night.,0,alpaca,farmed,attack_03,harm
The intruder struck the stallion repeatedly before fleeing into the night.,0,stallion,farmed,attack_03,harm
"Wounded in the attack, the dog retreated toward the shelter of the hedge.",1,dog,companion,attack_04,harm
"Wounded in the attack, the cat retreated toward the shelter of the hedge.",1,cat,companion,attack_04,harm
"Wounded in the attack, the rabbit retreated toward the shelter of the hedge.",1,rabbit,companion,attack_04,harm
"Wounded in the attack, the puppy retreated toward the shelter of the hedge.",1,puppy,companion,attack_04,harm
"Wounded in the attack, the kitten retreated toward the shelter of the hedge.",1,kitten,companion,attack_04,harm
"Wounded in the attack, the hamster retreated toward the shelter of the hedge.",1,hamster,companion,attack_04,harm
"Wounded in the attack, the ferret retreated toward the shelter of the hedge.",1,ferret,companion,attack_04,harm
"Wounded in the attack, the poodle retreated toward the shelter of the hedge.",1,poodle,companion,attack_04,harm
"Wounded in the attack, the beagle retreated toward the shelter of the hedge.",1,beagle,companion,attack_04,harm
"Wounded in the attack, the terrier retreated toward the shelter of the hedge.",1,terrier,companion,attack_04,harm
"Wounded in the attack, the spaniel retreated toward the shelter of the hedge.",1,spaniel,companion,attack_04,harm
"Wounded in the attack, the labrador retreated toward the shelter of the hedge.",1,labrador,companion,attack_04,harm
"Wounded in the attack, the collie retreated toward the shelter of the hedge.",1,collie,companion,attack_04,harm
"Wounded in the attack, the pug retreated toward the shelter of the hedge.",1,pug,companion,attack_04,harm
"Wounded in the attack, the bulldog retreated toward the shelter of the hedge.",1,bulldog,companion,attack_04,harm
"Wounded in the attack, the retriever retreated toward the shelter of the hedge.",1,retriever,companion,attack_04,harm
"Wounded in the attack, the tomcat retreated toward the shelter of the hedge.",1,tomcat,companion,attack_04,harm
"Wounded in the attack, the gerbil retreated toward the shelter of the hedge.",1,gerbil,companion,attack_04,harm
"Wounded in the attack, the dalmatian retreated toward the shelter of the hedge.",1,dalmatian,companion,attack_04,harm
"Wounded in the attack, the greyhound retreated toward the shelter of the hedge.",1,greyhound,companion,attack_04,harm
"Wounded in the attack, the mastiff retreated toward the shelter of the hedge.",1,mastiff,companion,attack_04,harm
"Wounded in the attack, the corgi retreated toward the shelter of the hedge.",1,corgi,companion,attack_04,harm
"Wounded in the attack, the dachshund retreated toward the shelter of the hedge.",1,dachshund,companion,attack_04,harm
"Wounded in the attack, the chihuahua retreated toward the shelter of the hedge.",1,chihuahua,companion,attack_04,harm
"Wounded in the attack, the husky retreated toward the shelter of the hedge.",1,husky,companion,attack_04,harm
"Wounded in the attack, the rottweiler retreated toward the shelter of the hedge.",1,rottweiler,companion,attack_04,harm
"Wounded in the attack, the papillon retreated toward the shelter of the hedge.",1,papillon,companion,attack_04,harm
"Wounded in the attack, the schnauzer retreated toward the shelter of the hedge.",1,schnauzer,companion,attack_04,harm
"Wounded in the attack, the whippet retreated toward the shelter of the hedge.",1,whippet,companion,attack_04,harm
"Wounded in the attack, the pomeranian retreated toward the shelter of the hedge.",1,pomeranian,companion,attack_04,harm
"Wounded in the attack, the akita retreated toward the shelter of the hedge.",1,akita,companion,attack_04,harm
"Wounded in the attack, the samoyed retreated toward the shelter of the hedge.",1,samoyed,companion,attack_04,harm
"Wounded in the attack, the pekingese retreated toward the shelter of the hedge.",1,pekingese,companion,attack_04,harm
"Wounded in the attack, the lurcher retreated toward the shelter of the hedge.",1,lurcher,companion,attack_04,harm
"Wounded in the attack, the hound retreated toward the shelter of the hedge.",1,hound,companion,attack_04,harm
"Wounded in the attack, the mutt retreated toward the shelter of the hedge.",1,mutt,companion,attack_04,harm
"Wounded in the attack, the tabby retreated toward the shelter of the hedge.",1,tabby,companion,attack_04,harm
"Wounded in the attack, the lapdog retreated toward the shelter of the hedge.",1,lapdog,companion,attack_04,harm
"Wounded in the attack, the kitty retreated toward the shelter of the hedge.",1,kitty,companion,attack_04,harm
"Wounded in the attack, the bunny retreated toward the shelter of the hedge.",1,bunny,companion,attack_04,harm
"Wounded in the attack, the pig retreated toward the shelter of the hedge.",0,pig,farmed,attack_04,harm
"Wounded in the attack, the cow retreated toward the shelter of the hedge.",0,cow,farmed,attack_04,harm
"Wounded in the attack, the chicken retreated toward the shelter of the hedge.",0,chicken,farmed,attack_04,harm
"Wounded in the attack, the goat retreated toward the shelter of the hedge.",0,goat,farmed,attack_04,harm
"Wounded in the attack, the sheep retreated toward the shelter of the hedge.",0,sheep,farmed,attack_04,harm
"Wounded in the attack, the duck retreated toward the shelter of the hedge.",0,duck,farmed,attack_04,harm
"Wounded in the attack, the turkey retreated toward the shelter of the hedge.",0,turkey,farmed,attack_04,harm
"Wounded in the attack, the hen retreated toward the shelter of the hedge.",0,hen,farmed,attack_04,harm
"Wounded in the attack, the rooster retreated toward the shelter of the hedge.",0,rooster,farmed,attack_04,harm
"Wounded in the attack, the calf retreated toward the shelter of the hedge.",0,calf,farmed,attack_04,harm
"Wounded in the attack, the lamb retreated toward the shelter of the hedge.",0,lamb,farmed,attack_04,harm
"Wounded in the attack, the piglet retreated toward the shelter of the hedge.",0,piglet,farmed,attack_04,harm
"Wounded in the attack, the ox retreated toward the shelter of the hedge.",0,ox,farmed,attack_04,harm
"Wounded in the attack, the donkey retreated toward the shelter of the hedge.",0,donkey,farmed,attack_04,harm
"Wounded in the attack, the mule retreated toward the shelter of the hedge.",0,mule,farmed,attack_04,harm
"Wounded in the attack, the goose retreated toward the shelter of the hedge.",0,goose,farmed,attack_04,harm
"Wounded in the attack, the sow retreated toward the shelter of the hedge.",0,sow,farmed,attack_04,harm
"Wounded in the attack, the heifer retreated toward the shelter of the hedge.",0,heifer,farmed,attack_04,harm
"Wounded in the attack, the foal retreated toward the shelter of the hedge.",0,foal,farmed,attack_04,harm
"Wounded in the attack, the ram retreated toward the shelter of the hedge.",0,ram,farmed,attack_04,harm
"Wounded in the attack, the capon retreated toward the shelter of the hedge.",0,capon,farmed,attack_04,harm
"Wounded in the attack, the steer retreated toward the shelter of the hedge.",0,steer,farmed,attack_04,harm
"Wounded in the attack, the bullock retreated toward the shelter of the hedge.",0,bullock,farmed,attack_04,harm
"Wounded in the attack, the ewe retreated toward the shelter of the hedge.",0,ewe,farmed,attack_04,harm
"Wounded in the attack, the wether retreated toward the shelter of the hedge.",0,wether,farmed,attack_04,harm
"Wounded in the attack, the gander retreated toward the shelter of the hedge.",0,gander,farmed,attack_04,harm
"Wounded in the attack, the drake retreated toward the shelter of the hedge.",0,drake,farmed,attack_04,harm
"Wounded in the attack, the gosling retreated toward the shelter of the hedge.",0,gosling,farmed,attack_04,harm
"Wounded in the attack, the duckling retreated toward the shelter of the hedge.",0,duckling,farmed,attack_04,harm
"Wounded in the attack, the chick retreated toward the shelter of the hedge.",0,chick,farmed,attack_04,harm
"Wounded in the attack, the cockerel retreated toward the shelter of the hedge.",0,cockerel,farmed,attack_04,harm
"Wounded in the attack, the pullet retreated toward the shelter of the hedge.",0,pullet,farmed,attack_04,harm
"Wounded in the attack, the yearling retreated toward the shelter of the hedge.",0,yearling,farmed,attack_04,harm
"Wounded in the attack, the shoat retreated toward the shelter of the hedge.",0,shoat,farmed,attack_04,harm
"Wounded in the attack, the gilt retreated toward the shelter of the hedge.",0,gilt,farmed,attack_04,harm
"Wounded in the attack, the pony retreated toward the shelter of the hedge.",0,pony,farmed,attack_04,harm
"Wounded in the attack, the mare retreated toward the shelter of the hedge.",0,mare,farmed,attack_04,harm
"Wounded in the attack, the colt retreated toward the shelter of the hedge.",0,colt,farmed,attack_04,harm
"Wounded in the attack, the alpaca retreated toward the shelter of the hedge.",0,alpaca,farmed,attack_04,harm
"Wounded in the attack, the stallion retreated toward the shelter of the hedge.",0,stallion,farmed,attack_04,harm
The predator wounded the dog during the encounter at the edge of the woods.,1,dog,companion,attack_05,harm
The predator wounded the cat during the encounter at the edge of the woods.,1,cat,companion,attack_05,harm
The predator wounded the rabbit during the encounter at the edge of the woods.,1,rabbit,companion,attack_05,harm
The predator wounded the puppy during the encounter at the edge of the woods.,1,puppy,companion,attack_05,harm
The predator wounded the kitten during the encounter at the edge of the woods.,1,kitten,companion,attack_05,harm
The predator wounded the hamster during the encounter at the edge of the woods.,1,hamster,companion,attack_05,harm
The predator wounded the ferret during the encounter at the edge of the woods.,1,ferret,companion,attack_05,harm
The predator wounded the poodle during the encounter at the edge of the woods.,1,poodle,companion,attack_05,harm
The predator wounded the beagle during the encounter at the edge of the woods.,1,beagle,companion,attack_05,harm
The predator wounded the terrier during the encounter at the edge of the woods.,1,terrier,companion,attack_05,harm
The predator wounded the spaniel during the encounter at the edge of the woods.,1,spaniel,companion,attack_05,harm
The predator wounded the labrador during the encounter at the edge of the woods.,1,labrador,companion,attack_05,harm
The predator wounded the collie during the encounter at the edge of the woods.,1,collie,companion,attack_05,harm
The predator wounded the pug during the encounter at the edge of the woods.,1,pug,companion,attack_05,harm
The predator wounded the bulldog during the encounter at the edge of the woods.,1,bulldog,companion,attack_05,harm
The predator wounded the retriever during the encounter at the edge of the woods.,1,retriever,companion,attack_05,harm
The predator wounded the tomcat during the encounter at the edge of the woods.,1,tomcat,companion,attack_05,harm
The predator wounded the gerbil during the encounter at the edge of the woods.,1,gerbil,companion,attack_05,harm
The predator wounded the dalmatian during the encounter at the edge of the woods.,1,dalmatian,companion,attack_05,harm
The predator wounded the greyhound during the encounter at the edge of the woods.,1,greyhound,companion,attack_05,harm
The predator wounded the mastiff during the encounter at the edge of the woods.,1,mastiff,companion,attack_05,harm
The predator wounded the corgi during the encounter at the edge of the woods.,1,corgi,companion,attack_05,harm
The predator wounded the dachshund during the encounter at the edge of the woods.,1,dachshund,companion,attack_05,harm
The predator wounded the chihuahua during the encounter at the edge of the woods.,1,chihuahua,companion,attack_05,harm
The predator wounded the husky during the encounter at the edge of the woods.,1,husky,companion,attack_05,harm
The predator wounded the rottweiler during the encounter at the edge of the woods.,1,rottweiler,companion,attack_05,harm
The predator wounded the papillon during the encounter at the edge of the woods.,1,papillon,companion,attack_05,harm
The predator wounded the schnauzer during the encounter at the edge of the woods.,1,schnauzer,companion,attack_05,harm
The predator wounded the whippet during the encounter at the edge of the woods.,1,whippet,companion,attack_05,harm
The predator wounded the pomeranian during the encounter at the edge of the woods.,1,pomeranian,companion,attack_05,harm
The predator wounded the akita during the encounter at the edge of the woods.,1,akita,companion,attack_05,harm
The predator wounded the samoyed during the encounter at the edge of the woods.,1,samoyed,companion,attack_05,harm
The predator wounded the pekingese during the encounter at the edge of the woods.,1,pekingese,companion,attack_05,harm
The predator wounded the lurcher during the encounter at the edge of the woods.,1,lurcher,companion,attack_05,harm
The predator wounded the hound during the encounter at the edge of the woods.,1,hound,companion,attack_05,harm
The predator wounded the mutt during the encounter at the edge of the woods.,1,mutt,companion,attack_05,harm
The predator wounded the tabby during the encounter at the edge of the woods.,1,tabby,companion,attack_05,harm
The predator wounded the lapdog during the encounter at the edge of the woods.,1,lapdog,companion,attack_05,harm
The predator wounded the kitty during the encounter at the edge of the woods.,1,kitty,companion,attack_05,harm
The predator wounded the bunny during the encounter at the edge of the woods.,1,bunny,companion,attack_05,harm
The predator wounded the pig during the encounter at the edge of the woods.,0,pig,farmed,attack_05,harm
The predator wounded the cow during the encounter at the edge of the woods.,0,cow,farmed,attack_05,harm
The predator wounded the chicken during the encounter at the edge of the woods.,0,chicken,farmed,attack_05,harm
The predator wounded the goat during the encounter at the edge of the woods.,0,goat,farmed,attack_05,harm
The predator wounded the sheep during the encounter at the edge of the woods.,0,sheep,farmed,attack_05,harm
The predator wounded the duck during the encounter at the edge of the woods.,0,duck,farmed,attack_05,harm
The predator wounded the turkey during the encounter at the edge of the woods.,0,turkey,farmed,attack_05,harm
The predator wounded the hen during the encounter at the edge of the woods.,0,hen,farmed,attack_05,harm
The predator wounded the rooster during the encounter at the edge of the woods.,0,rooster,farmed,attack_05,harm
The predator wounded the calf during the encounter at the edge of the woods.,0,calf,farmed,attack_05,harm
The predator wounded the lamb during the encounter at the edge of the woods.,0,lamb,farmed,attack_05,harm
The predator wounded the piglet during the encounter at the edge of the woods.,0,piglet,farmed,attack_05,harm
The predator wounded the ox during the encounter at the edge of the woods.,0,ox,farmed,attack_05,harm
The predator wounded the donkey during the encounter at the edge of the woods.,0,donkey,farmed,attack_05,harm
The predator wounded the mule during the encounter at the edge of the woods.,0,mule,farmed,attack_05,harm
The predator wounded the goose during the encounter at the edge of the woods.,0,goose,farmed,attack_05,harm
The predator wounded the sow during the encounter at the edge of the woods.,0,sow,farmed,attack_05,harm
The predator wounded the heifer during the encounter at the edge of the woods.,0,heifer,farmed,attack_05,harm
The predator wounded the foal during the encounter at the edge of the woods.,0,foal,farmed,attack_05,harm
The predator wounded the ram during the encounter at the edge of the woods.,0,ram,farmed,attack_05,harm
The predator wounded the capon during the encounter at the edge of the woods.,0,capon,farmed,attack_05,harm
The predator wounded the steer during the encounter at the edge of the woods.,0,steer,farmed,attack_05,harm
The predator wounded the bullock during the encounter at the edge of the woods.,0,bullock,farmed,attack_05,harm
The predator wounded the ewe during the encounter at the edge of the woods.,0,ewe,farmed,attack_05,harm
The predator wounded the wether during the encounter at the edge of the woods.,0,wether,farmed,attack_05,harm
The predator wounded the gander during the encounter at the edge of the woods.,0,gander,farmed,attack_05,harm
The predator wounded the drake during the encounter at the edge of the woods.,0,drake,farmed,attack_05,harm
The predator wounded the gosling during the encounter at the edge of the woods.,0,gosling,farmed,attack_05,harm
The predator wounded the duckling during the encounter at the edge of the woods.,0,duckling,farmed,attack_05,harm
The predator wounded the chick during the encounter at the edge of the woods.,0,chick,farmed,attack_05,harm
The predator wounded the cockerel during the encounter at the edge of the woods.,0,cockerel,farmed,attack_05,harm
The predator wounded the pullet during the encounter at the edge of the woods.,0,pullet,farmed,attack_05,harm
The predator wounded the yearling during the encounter at the edge of the woods.,0,yearling,farmed,attack_05,harm
The predator wounded the shoat during the encounter at the edge of the woods.,0,shoat,farmed,attack_05,harm
The predator wounded the gilt during the encounter at the edge of the woods.,0,gilt,farmed,attack_05,harm
The predator wounded the pony during the encounter at the edge of the woods.,0,pony,farmed,attack_05,harm
The predator wounded the mare during the encounter at the edge of the woods.,0,mare,farmed,attack_05,harm
The predator wounded the colt during the encounter at the edge of the woods.,0,colt,farmed,attack_05,harm
The predator wounded the alpaca during the encounter at the edge of the woods.,0,alpaca,farmed,attack_05,harm
The predator wounded the stallion during the encounter at the edge of the woods.,0,stallion,farmed,attack_05,harm
"Bitten several times, the dog was left bleeding near the fence.",1,dog,companion,attack_06,harm
"Bitten several times, the cat was left bleeding near the fence.",1,cat,companion,attack_06,harm
"Bitten several times, the rabbit was left bleeding near the fence.",1,rabbit,companion,attack_06,harm
"Bitten several times, the puppy was left bleeding near the fence.",1,puppy,companion,attack_06,harm
"Bitten several times, the kitten was left bleeding near the fence.",1,kitten,companion,attack_06,harm
"Bitten several times, the hamster was left bleeding near the fence.",1,hamster,companion,attack_06,harm
"Bitten several times, the ferret was left bleeding near the fence.",1,ferret,companion,attack_06,harm
"Bitten several times, the poodle was left bleeding near the fence.",1,poodle,companion,attack_06,harm
"Bitten several times, the beagle was left bleeding near the fence.",1,beagle,companion,attack_06,harm
"Bitten several times, the terrier was left bleeding near the fence.",1,terrier,companion,attack_06,harm
"Bitten several times, the spaniel was left bleeding near the fence.",1,spaniel,companion,attack_06,harm
"Bitten several times, the labrador was left bleeding near the fence.",1,labrador,companion,attack_06,harm
"Bitten several times, the collie was left bleeding near the fence.",1,collie,companion,attack_06,harm
"Bitten several times, the pug was left bleeding near the fence.",1,pug,companion,attack_06,harm
"Bitten several times, the bulldog was left bleeding near the fence.",1,bulldog,companion,attack_06,harm
"Bitten several times, the retriever was left bleeding near the fence.",1,retriever,companion,attack_06,harm
"Bitten several times, the tomcat was left bleeding near the fence.",1,tomcat,companion,attack_06,harm
"Bitten several times, the gerbil was left bleeding near the fence.",1,gerbil,companion,attack_06,harm
"Bitten several times, the dalmatian was left bleeding near the fence.",1,dalmatian,companion,attack_06,harm
"Bitten several times, the greyhound was left bleeding near the fence.",1,greyhound,companion,attack_06,harm
"Bitten several times, the mastiff was left bleeding near the fence.",1,mastiff,companion,attack_06,harm
"Bitten several times, the corgi was left bleeding near the fence.",1,corgi,companion,attack_06,harm
"Bitten several times, the dachshund was left bleeding near the fence.",1,dachshund,companion,attack_06,harm
"Bitten several times, the chihuahua was left bleeding near the fence.",1,chihuahua,companion,attack_06,harm
"Bitten several times, the husky was left bleeding near the fence.",1,husky,companion,attack_06,harm
"Bitten several times, the rottweiler was left bleeding near the fence.",1,rottweiler,companion,attack_06,harm
"Bitten several times, the papillon was left bleeding near the fence.",1,papillon,companion,attack_06,harm
"Bitten several times, the schnauzer was left bleeding near the fence.",1,schnauzer,companion,attack_06,harm
"Bitten several times, the whippet was left bleeding near the fence.",1,whippet,companion,attack_06,harm
"Bitten several times, the pomeranian was left bleeding near the fence.",1,pomeranian,companion,attack_06,harm
"Bitten several times, the akita was left bleeding near the fence.",1,akita,companion,attack_06,harm
"Bitten several times, the samoyed was left bleeding near the fence.",1,samoyed,companion,attack_06,harm
"Bitten several times, the pekingese was left bleeding near the fence.",1,pekingese,companion,attack_06,harm
"Bitten several times, the lurcher was left bleeding near the fence.",1,lurcher,companion,attack_06,harm
"Bitten several times, the hound was left bleeding near the fence.",1,hound,companion,attack_06,harm
"Bitten several times, the mutt was left bleeding near the fence.",1,mutt,companion,attack_06,harm
"Bitten several times, the tabby was left bleeding near the fence.",1,tabby,companion,attack_06,harm
"Bitten several times, the lapdog was left bleeding near the fence.",1,lapdog,companion,attack_06,harm
"Bitten several times, the kitty was left bleeding near the fence.",1,kitty,companion,attack_06,harm
"Bitten several times, the bunny was left bleeding near the fence.",1,bunny,companion,attack_06,harm
"Bitten several times, the pig was left bleeding near the fence.",0,pig,farmed,attack_06,harm
"Bitten several times, the cow was left bleeding near the fence.",0,cow,farmed,attack_06,harm
"Bitten several times, the chicken was left bleeding near the fence.",0,chicken,farmed,attack_06,harm
"Bitten several times, the goat was left bleeding near the fence.",0,goat,farmed,attack_06,harm
"Bitten several times, the sheep was left bleeding near the fence.",0,sheep,farmed,attack_06,harm
"Bitten several times, the duck was left bleeding near the fence.",0,duck,farmed,attack_06,harm
"Bitten several times, the turkey was left bleeding near the fence.",0,turkey,farmed,attack_06,harm
"Bitten several times, the hen was left bleeding near the fence.",0,hen,farmed,attack_06,harm
"Bitten several times, the rooster was left bleeding near the fence.",0,rooster,farmed,attack_06,harm
"Bitten several times, the calf was left bleeding near the fence.",0,calf,farmed,attack_06,harm
"Bitten several times, the lamb was left bleeding near the fence.",0,lamb,farmed,attack_06,harm
"Bitten several times, the piglet was left bleeding near the fence.",0,piglet,farmed,attack_06,harm
"Bitten several times, the ox was left bleeding near the fence.",0,ox,farmed,attack_06,harm
"Bitten several times, the donkey was left bleeding near the fence.",0,donkey,farmed,attack_06,harm
"Bitten several times, the mule was left bleeding near the fence.",0,mule,farmed,attack_06,harm
"Bitten several times, the goose was left bleeding near the fence.",0,goose,farmed,attack_06,harm
"Bitten several times, the sow was left bleeding near the fence.",0,sow,farmed,attack_06,harm
"Bitten several times, the heifer was left bleeding near the fence.",0,heifer,farmed,attack_06,harm
"Bitten several times, the foal was left bleeding near the fence.",0,foal,farmed,attack_06,harm
"Bitten several times, the ram was left bleeding near the fence.",0,ram,farmed,attack_06,harm
"Bitten several times, the capon was left bleeding near the fence.",0,capon,farmed,attack_06,harm
"Bitten several times, the steer was left bleeding near the fence.",0,steer,farmed,attack_06,harm
"Bitten several times, the bullock was left bleeding near the fence.",0,bullock,farmed,attack_06,harm
"Bitten several times, the ewe was left bleeding near the fence.",0,ewe,farmed,attack_06,harm
"Bitten several times, the wether was left bleeding near the fence.",0,wether,farmed,attack_06,harm
"Bitten several times, the gander was left bleeding near the fence.",0,gander,farmed,attack_06,harm
"Bitten several times, the drake was left bleeding near the fence.",0,drake,farmed,attack_06,harm
"Bitten several times, the gosling was left bleeding near the fence.",0,gosling,farmed,attack_06,harm
"Bitten several times, the duckling was left bleeding near the fence.",0,duckling,farmed,attack_06,harm
"Bitten several times, the chick was left bleeding near the fence.",0,chick,farmed,attack_06,harm
"Bitten several times, the cockerel was left bleeding near the fence.",0,cockerel,farmed,attack_06,harm
"Bitten several times, the pullet was left bleeding near the fence.",0,pullet,farmed,attack_06,harm
"Bitten several times, the yearling was left bleeding near the fence.",0,yearling,farmed,attack_06,harm
"Bitten several times, the shoat was left bleeding near the fence.",0,shoat,farmed,attack_06,harm
"Bitten several times, the gilt was left bleeding near the fence.",0,gilt,farmed,attack_06,harm
"Bitten several times, the pony was left bleeding near the fence.",0,pony,farmed,attack_06,harm
"Bitten several times, the mare was left bleeding near the fence.",0,mare,farmed,attack_06,harm
"Bitten several times, the colt was left bleeding near the fence.",0,colt,farmed,attack_06,harm
"Bitten several times, the alpaca was left bleeding near the fence.",0,alpaca,farmed,attack_06,harm
"Bitten several times, the stallion was left bleeding near the fence.",0,stallion,farmed,attack_06,harm
