statement,label,subject,subject_category,template_id,axis
"When the barn caught fire, the dog was trapped inside and crying out.",1,dog,companion,fire_01,harm
"When the barn caught fire, the cat was trapped inside and crying out.",1,cat,companion,fire_01,harm
"When the barn caught fire, the rabbit was trapped inside and crying out.",1,rabbit,companion,fire_01,harm
"When the barn caught fire, the puppy was trapped inside and crying out.",1,puppy,companion,fire_01,harm
"When the barn caught fire, the kitten was trapped inside and crying out.",1,kitten,companion,fire_01,harm
"When the barn caught fire, the hamster was trapped inside and crying out.",1,hamster,companion,fire_01,harm
"When the barn caught fire, the ferret was trapped inside and crying out.",1,ferret,companion,fire_01,harm
"When the barn caught fire, the poodle was trapped inside and crying out.",1,poodle,companion,fire_01,harm
"When the barn caught fire, the beagle was trapped inside and crying out.",1,beagle,companion,fire_01,harm
"When the barn caught fire, the terrier was trapped inside and crying out.",1,terrier,companion,fire_01,harm
"When the barn caught fire, the spaniel was trapped inside and crying out.",1,spaniel,companion,fire_01,harm
"When the barn caught fire, the labrador was trapped inside and crying out.",1,labrador,companion,fire_01,harm
"When the barn caught fire, the collie was trapped inside and crying out.",1,collie,companion,fire_01,harm
"When the barn caught fire, the pug was trapped inside and crying out.",1,pug,companion,fire_01,harm
"When the barn caught fire, the bulldog was trapped inside and crying out.",1,bulldog,companion,fire_01,harm
"When the barn caught fire, the retriever was trapped inside and crying out.",1,retriever,companion,fire_01,harm
"When the barn caught fire, the tomcat was trapped inside and crying out.",1,tomcat,companion,fire_01,harm
"When the barn caught fire, the gerbil was trapped inside and crying out.",1,gerbil,companion,fire_01,harm
"When the barn caught fire, the dalmatian was trapped inside and crying out.",1,dalmatian,companion,fire_01,harm
"When the barn caught fire, the greyhound was trapped inside and crying out.",1,greyhound,companion,fire_01,harm
"When the barn caught fire, the mastiff was trapped inside and crying out.",1,mastiff,companion,fire_01,harm
"When the barn caught fire, the corgi was trapped inside and crying out.",1,corgi,companion,fire_01,harm
"When the barn caught fire, the dachshund was trapped inside and crying out.",1,dachshund,companion,fire_01,harm
"When the barn caught fire, the chihuahua was trapped inside and crying out.",1,chihuahua,companion,fire_01,harm
"When the barn caught fire, the husky was trapped inside and crying out.",1,husky,companion,fire_01,harm
"When the barn caught fire, the rottweiler was trapped inside and crying out.",1,rottweiler,companion,fire_01,harm
"When the barn caught fire, the papillon was trapped inside and crying out.",1,papillon,companion,fire_01,harm
"When the barn caught fire, the schnauzer was trapped inside and crying out.",1,schnauzer,companion,fire_01,harm
"When the barn caught fire, the whippet was trapped inside and crying out.",1,whippet,companion,fire_01,harm
"When the barn caught fire, the pomeranian was trapped inside and crying out.",1,pomeranian,companion,fire_01,harm
"When the barn caught fire, the akita was trapped inside and crying out.",1,akita,companion,fire_01,harm
"When the barn caught fire, the samoyed was trapped inside and crying out.",1,samoyed,companion,fire_01,harm
"When the barn caught fire, the pekingese was trapped inside and crying out.",1,pekingese,companion,fire_01,harm
"When the barn caught fire, the lurcher was trapped inside and crying out.",1,lurcher,companion,fire_01,harm
"When the barn caught fire, the hound was trapped inside and crying out.",1,hound,companion,fire_01,harm
"When the barn caught fire, the mutt was trapped inside and crying out.",1,mutt,companion,fire_01,harm
"When the barn caught fire, the tabby was trapped inside and crying out.",1,tabby,companion,fire_01,harm
"When the barn caught fire, the lapdog was trapped inside and crying out.",1,lapdog,companion,fire_01,harm
"When the barn caught fire, the kitty was trapped inside and crying out.",1,kitty,companion,fire_01,harm
"When the barn caught fire, the bunny was trapped inside and crying out.",1,bunny,companion,fire_01,harm
"When the barn caught fire, the rat was trapped inside and crying out.",0,rat,wild,fire_01,harm
"When the barn caught fire, the boar was trapped inside and crying out.",0,boar,wild,fire_01,harm
"When the barn caught fire, the buffalo was trapped inside and crying out.",0,buffalo,wild,fire_01,harm
"When the barn caught fire, the fox was trapped inside and crying out.",0,fox,wild,fire_01,harm
"When the barn caught fire, the deer was trapped inside and crying out.",0,deer,wild,fire_01,harm
"When the barn caught fire, the badger was trapped inside and crying out.",0,badger,wild,fire_01,harm
"When the barn caught fire, the otter was trapped inside and crying out.",0,otter,wild,fire_01,harm
"When the barn caught fire, the hare was trapped inside and crying out.",0,hare,wild,fire_01,harm
"When the barn caught fire, the raccoon was trapped inside and crying out.",0,raccoon,wild,fire_01,harm
"When the barn caught fire, the squirrel was trapped inside and crying out.",0,squirrel,wild,fire_01,harm
"When the barn caught fire, the weasel was trapped inside and crying out.",0,weasel,wild,fire_01,harm
"When the barn caught fire, the coyote was trapped inside and crying out.",0,coyote,wild,fire_01,harm
"When the barn caught fire, the moose was trapped inside and crying out.",0,moose,wild,fire_01,harm
"When the barn caught fire, the elk was trapped inside and crying out.",0,elk,wild,fire_01,harm
"When the barn caught fire, the wolf was trapped inside and crying out.",0,wolf,wild,fire_01,harm
"When the barn caught fire, the hedgehog was trapped inside and crying out.",0,hedgehog,wild,fire_01,harm
"When the barn caught fire, the possum was trapped inside and crying out.",0,possum,wild,fire_01,harm
"When the barn caught fire, the jackal was trapped inside and crying out.",0,jackal,wild,fire_01,harm
"When the barn caught fire, the stoat was trapped inside and crying out.",0,stoat,wild,fire_01,harm
"When the barn caught fire, the marten was trapped inside and crying out.",0,marten,wild,fire_01,harm
"When the barn caught fire, the bear was trapped inside and crying out.",0,bear,wild,fire_01,harm
"When the barn caught fire, the lynx was trapped inside and crying out.",0,lynx,wild,fire_01,harm
"When the barn caught fire, the bobcat was trapped inside and crying out.",0,bobcat,wild,fire_01,harm
"When the barn caught fire, the marmot was trapped inside and crying out.",0,marmot,wild,fire_01,harm
"When the barn caught fire, the mink was trapped inside and crying out.",0,mink,wild,fire_01,harm
"When the barn caught fire, the mole was trapped inside and crying out.",0,mole,wild,fire_01,harm
"When the barn caught fire, the vole was trapped inside and crying out.",0,vole,wild,fire_01,harm
"When the barn caught fire, the shrew was trapped inside and crying out.",0,shrew,wild,fire_01,harm
"When the barn caught fire, the porcupine was trapped inside and crying out.",0,porcupine,wild,fire_01,harm
"When the barn caught fire, the skunk was trapped inside and crying out.",0,skunk,wild,fire_01,harm
"When the barn caught fire, the chipmunk was trapped inside and crying out.",0,chipmunk,wild,fire_01,harm
"When the barn caught fire, the beaver was trapped inside and crying out.",0,beaver,wild,fire_01,harm
"When the barn caught fire, the bison was trapped inside and crying out.",0,bison,wild,fire_01,harm
"When the barn caught fire, the antelope was trapped inside and crying out.",0,antelope,wild,fire_01,harm
"When the barn caught fire, the dingo was trapped inside and crying out.",0,dingo,wild,fire_01,harm
"When the barn caught fire, the cougar was trapped inside and crying out.",0,cougar,wild,fire_01,harm
"When the barn caught fire, the wolverine was trapped inside and crying out.",0,wolverine,wild,fire_01,harm
"When the barn caught fire, the muskrat was trapped inside and crying out.",0,muskrat,wild,fire_01,harm
"When the barn caught fire, the lemming was trapped inside and crying out.",0,lemming,wild,fire_01,harm
"When the barn caught fire, the fawn was trapped inside and crying out.",0,fawn,wild,fire_01,harm
Smoke filled the shed while the dog remained stuck behind the jammed door.,1,dog,companion,fire_02,harm
Smoke filled the shed while the cat remained stuck behind the jammed door.,1,cat,companion,fire_02,harm
Smoke filled the shed while the rabbit remained stuck behind the jammed door.,1,rabbit,companion,fire_02,harm
Smoke filled the shed while the puppy remained stuck behind the jammed door.,1,puppy,companion,fire_02,harm
Smoke filled the shed while the kitten remained stuck behind the jammed door.,1,kitten,companion,fire_02,harm
Smoke filled the shed while the hamster remained stuck behind the jammed door.,1,hamster,companion,fire_02,harm
Smoke filled the shed while the ferret remained stuck behind the jammed door.,1,ferret,companion,fire_02,harm
Smoke filled the shed while the poodle remained stuck behind the jammed door.,1,poodle,companion,fire_02,harm
Smoke filled the shed while the beagle remained stuck behind the jammed door.,1,beagle,companion,fire_02,harm
Smoke filled the shed while the terrier remained stuck behind the jammed door.,1,terrier,companion,fire_02,harm
Smoke filled the shed while the spaniel remained stuck behind the jammed door.,1,spaniel,companion,fire_02,harm
Smoke filled the shed while the labrador remained stuck behind the jammed door.,1,labrador,companion,fire_02,harm
Smoke filled the shed while the collie remained stuck behind the jammed door.,1,collie,companion,fire_02,harm
Smoke filled the shed while the pug remained stuck behind the jammed door.,1,pug,companion,fire_02,harm
Smoke filled the shed while the bulldog remained stuck behind the jammed door.,1,bulldog,companion,fire_02,harm
Smoke filled the shed while the retriever remained stuck behind the jammed door.,1,retriever,companion,fire_02,harm
Smoke filled the shed while the tomcat remained stuck behind the jammed door.,1,tomcat,companion,fire_02,harm
Smoke filled the shed while the gerbil remained stuck behind the jammed door.,1,gerbil,companion,fire_02,harm
Smoke filled the shed while the dalmatian remained stuck behind the jammed door.,1,dalmatian,companion,fire_02,harm
Smoke filled the shed while the greyhound remained stuck behind the jammed door.,1,greyhound,companion,fire_02,harm
Smoke filled the shed while the mastiff remained stuck behind the jammed door.,1,mastiff,companion,fire_02,harm
Smoke filled the shed while the corgi remained stuck behind the jammed door.,1,corgi,companion,fire_02,harm
Smoke filled the shed while the dachshund remained stuck behind the jammed door.,1,dachshund,companion,fire_02,harm
Smoke filled the shed while the chihuahua remained stuck behind the jammed door.,1,chihuahua,companion,fire_02,harm
Smoke filled the shed while the husky remained stuck behind the jammed door.,1,husky,companion,fire_02,harm
Smoke filled the shed while the rottweiler remained stuck behind the jammed door.,1,rottweiler,companion,fire_02,harm
Smoke filled the shed while the papillon remained stuck behind the jammed door.,1,papillon,companion,fire_02,harm
Smoke filled the shed while the schnauzer remained stuck behind the jammed door.,1,schnauzer,companion,fire_02,harm
Smoke filled the shed while the whippet remained stuck behind the jammed door.,1,whippet,companion,fire_02,harm
Smoke filled the shed while the pomeranian remained stuck behind the jammed door.,1,pomeranian,companion,fire_02,harm
Smoke filled the shed while the akita remained stuck behind the jammed door.,1,akita,companion,fire_02,harm
Smoke filled the shed while the samoyed remained stuck behind the jammed door.,1,samoyed,companion,fire_02,harm
Smoke filled the shed while the pekingese remained stuck behind the jammed door.,1,pekingese,companion,fire_02,harm
Smoke filled the shed while the lurcher remained stuck behind the jammed door.,1,lurcher,companion,fire_02,harm
Smoke filled the shed while the hound remained stuck behind the jammed door.,1,hound,companion,fire_02,harm
Smoke filled the shed while the mutt remained stuck behind the jammed door.,1,mutt,companion,fire_02,harm
Smoke filled the shed while the tabby remained stuck behind the jammed door.,1,tabby,companion,fire_02,harm
Smoke filled the shed while the lapdog remained stuck behind the jammed door.,1,lapdog,companion,fire_02,harm
Smoke filled the shed while the kitty remained stuck behind the jammed door.,1,kitty,companion,fire_02,harm
Smoke filled the shed while the bunny remained stuck behind the jammed door.,1,bunny,companion,fire_02,harm
Smoke filled the shed while the rat remained stuck behind the jammed door.,0,rat,wild,fire_02,harm
Smoke filled the shed while the boar remained stuck behind the jammed door.,0,boar,wild,fire_02,harm
Smoke filled the shed while the buffalo remained stuck behind the jammed door.,0,buffalo,wild,fire_02,harm
Smoke filled the shed while the fox remained stuck behind the jammed door.,0,fox,wild,fire_02,harm
Smoke filled the shed while the deer remained stuck behind the jammed door.,0,deer,wild,fire_02,harm
Smoke filled the shed while the badger remained stuck behind the jammed door.,0,badger,wild,fire_02,harm
Smoke filled the shed while the otter remained stuck behind the jammed door.,0,otter,wild,fire_02,harm
Smoke filled the shed while the hare remained stuck behind the jammed door.,0,hare,wild,fire_02,harm
Smoke filled the shed while the raccoon remained stuck behind the jammed door.,0,raccoon,wild,fire_02,harm
Smoke filled the shed while the squirrel remained stuck behind the jammed door.,0,squirrel,wild,fire_02,harm
Smoke filled the shed while the weasel remained stuck behind the jammed door.,0,weasel,wild,fire_02,harm
Smoke filled the shed while the coyote remained stuck behind the jammed door.,0,coyote,wild,fire_02,harm
Smoke filled the shed while the moose remained stuck behind the jammed door.,0,moose,wild,fire_02,harm
Smoke filled the shed while the elk remained stuck behind the jammed door.,0,elk,wild,fire_02,harm
Smoke filled the shed while the wolf remained stuck behind the jammed door.,0,wolf,wild,fire_02,harm
Smoke filled the shed while the hedgehog remained stuck behind the jammed door.,0,hedgehog,wild,fire_02,harm
Smoke filled the shed while the possum remained stuck behind the jammed door.,0,possum,wild,fire_02,harm
Smoke filled the shed while the jackal remained stuck behind the jammed door.,0,jackal,wild,fire_02,harm
Smoke filled the shed while the stoat remained stuck behind the jammed door.,0,stoat,wild,fire_02,harm
Smoke filled the shed while the marten remained stuck behind the jammed door.,0,marten,wild,fire_02,harm
Smoke filled the shed while the bear remained stuck behind the jammed door.,0,bear,wild,fire_02,harm
Smoke filled the shed while the lynx remained stuck behind the jammed door.,0,lynx,wild,fire_02,harm
Smoke filled the shed while the bobcat remained stuck behind the jammed door.,0,bobcat,wild,fire_02,harm
Smoke filled the shed while the marmot remained stuck behind the jammed door.,0,marmot,wild,fire_02,harm
Smoke filled the shed while the mink remained stuck behind the jammed door.,0,mink,wild,fire_02,harm
Smoke filled the shed while the mole remained stuck behind the jammed door.,0,mole,wild,fire_02,harm
Smoke filled the shed while the vole remained stuck behind the jammed door.,0,vole,wild,fire_02,harm
Smoke filled the shed while the shrew remained stuck behind the jammed door.,0,shrew,wild,fire_02,harm
Smoke filled the shed while the porcupine remained stuck behind the jammed door.,0,porcupine,wild,fire_02,harm
Smoke filled the shed while the skunk remained stuck behind the jammed door.,0,skunk,wild,fire_02,harm
Smoke filled the shed while the chipmunk remained stuck behind the jammed door.,0,chipmunk,wild,fire_02,harm
Smoke filled the shed while the beaver remained stuck behind the jammed door.,0,beaver,wild,fire_02,harm
Smoke filled the shed while the bison remained stuck behind the jammed door.,0,bison,wild,fire_02,harm
Smoke filled the shed while the antelope remained stuck behind the jammed door.,0,antelope,wild,fire_02,harm
Smoke filled the shed while the dingo remained stuck behind the jammed door.,0,dingo,wild,fire_02,harm
Smoke filled the shed while the cougar remained stuck behind the jammed door.,0,cougar,wild,fire_02,harm
Smoke filled the shed while the wolverine remained stuck behind the jammed door.,0,wolverine,wild,fire_02,harm
Smoke filled the shed while the muskrat remained stuck behind the jammed door.,0,muskrat,wild,fire_02,harm
Smoke filled the shed while the lemming remained stuck behind the jammed door.,0,lemming,wild,fire_02,harm
Smoke filled the shed while the fawn remained stuck behind the jammed door.,0,fawn,wild,fire_02,harm
"After the wildfire swept through the valley, the dog was found badly burned.",1,dog,companion,fire_03,harm
"After the wildfire swept through the valley, the cat was found badly burned.",1,cat,companion,fire_03,harm
"After the wildfire swept through the valley, the rabbit was found badly burned.",1,rabbit,companion,fire_03,harm
"After the wildfire swept through the valley, the puppy was found badly burned.",1,puppy,companion,fire_03,harm
"After the wildfire swept through the valley, the kitten was found badly burned.",1,kitten,companion,fire_03,harm
"After the wildfire swept through the valley, the hamster was found badly burned.",1,hamster,companion,fire_03,harm
"After the wildfire swept through the valley, the ferret was found badly burned.",1,ferret,companion,fire_03,harm
"After the wildfire swept through the valley, the poodle was found badly burned.",1,poodle,companion,fire_03,harm
"After the wildfire swept through the valley, the beagle was found badly burned.",1,beagle,companion,fire_03,harm
"After the wildfire swept through the valley, the terrier was found badly burned.",1,terrier,companion,fire_03,harm
"After the wildfire swept through the valley, the spaniel was found badly burned.",1,spaniel,companion,fire_03,harm
"After the wildfire swept through the valley, the labrador was found badly burned.",1,labrador,companion,fire_03,harm
"After the wildfire swept through the valley, the collie was found badly burned.",1,collie,companion,fire_03,harm
"After the wildfire swept through the valley, the pug was found badly burned.",1,pug,companion,fire_03,harm
"After the wildfire swept through the valley, the bulldog was found badly burned.",1,bulldog,companion,fire_03,harm
"After the wildfire swept through the valley, the retriever was found badly burned.",1,retriever,companion,fire_03,harm
"After the wildfire swept through the valley, the tomcat was found badly burned.",1,tomcat,companion,fire_03,harm
"After the wildfire swept through the valley, the gerbil was found badly burned.",1,gerbil,companion,fire_03,harm
"After the wildfire swept through the valley, the dalmatian was found badly burned.",1,dalmatian,companion,fire_03,harm
"After the wildfire swept through the valley, the greyhound was found badly burned.",1,greyhound,companion,fire_03,harm
"After the wildfire swept through the valley, the mastiff was found badly burned.",1,mastiff,companion,fire_03,harm
"After the wildfire swept through the valley, the corgi was found badly burned.",1,corgi,companion,fire_03,harm
"After the wildfire swept through the valley, the dachshund was found badly burned.",1,dachshund,companion,fire_03,harm
"After the wildfire swept through the valley, the chihuahua was found badly burned.",1,chihuahua,companion,fire_03,harm
"After the wildfire swept through the valley, the husky was found badly burned.",1,husky,companion,fire_03,harm
"After the wildfire swept through the valley, the rottweiler was found badly burned.",1,rottweiler,companion,fire_03,harm
"After the wildfire swept through the valley, the papillon was found badly burned.",1,papillon,companion,fire_03,harm
"After the wildfire swept through the valley, the schnauzer was found badly burned.",1,schnauzer,companion,fire_03,harm
"After the wildfire swept through the valley, the whippet was found badly burned.",1,whippet,companion,fire_03,harm
"After the wildfire swept through the valley, the pomeranian was found badly burned.",1,pomeranian,companion,fire_03,harm
"After the wildfire swept through the valley, the akita was found badly burned.",1,akita,companion,fire_03,harm
"After the wildfire swept through the valley, the samoyed was found badly burned.",1,samoyed,companion,fire_03,harm
"After the wildfire swept through the valley, the pekingese was found badly burned.",1,pekingese,companion,fire_03,harm
"After the wildfire swept through the valley, the lurcher was found badly burned.",1,lurcher,companion,fire_03,harm
"After the wildfire swept through the valley, the hound was found badly burned.",1,hound,companion,fire_03,harm
"After the wildfire swept through the valley, the mutt was found badly burned.",1,mutt,companion,fire_03,harm
"After the wildfire swept through the valley, the tabby was found badly burned.",1,tabby,companion,fire_03,harm
"After the wildfire swept through the valley, the lapdog was found badly burned.",1,lapdog,companion,fire_03,harm
"After the wildfire swept through the valley, the kitty was found badly burned.",1,kitty,companion,fire_03,harm
"After the wildfire swept through the valley, the bunny was found badly burned.",1,bunny,companion,fire_03,harm
"After the wildfire swept through the valley, the rat was found badly burned.",0,rat,wild,fire_03,harm
"After the wildfire swept through the valley, the boar was found badly burned.",0,boar,wild,fire_03,harm
"After the wildfire swept through the valley, the buffalo was found badly burned.",0,buffalo,wild,fire_03,harm
"After the wildfire swept through the valley, the fox was found badly burned.",0,fox,wild,fire_03,harm
"After the wildfire swept through the valley, the deer was found badly burned.",0,deer,wild,fire_03,harm
"After the wildfire swept through the valley, the badger was found badly burned.",0,badger,wild,fire_03,harm
"After the wildfire swept through the valley, the otter was found badly burned.",0,otter,wild,fire_03,harm
"After the wildfire swept through the valley, the hare was found badly burned.",0,hare,wild,fire_03,harm
"After the wildfire swept through the valley, the raccoon was found badly burned.",0,raccoon,wild,fire_03,harm
"After the wildfire swept through the valley, the squirrel was found badly burned.",0,squirrel,wild,fire_03,harm
"After the wildfire swept through the valley, the weasel was found badly burned.",0,weasel,wild,fire_03,harm
"After the wildfire swept through the valley, the coyote was found badly burned.",0,coyote,wild,fire_03,harm
"After the wildfire swept through the valley, the moose was found badly burned.",0,moose,wild,fire_03,harm
"After the wildfire swept through the valley, the elk was found badly burned.",0,elk,wild,fire_03,harm
"After the wildfire swept through the valley, the wolf was found badly burned.",0,wolf,wild,fire_03,harm
"After the wildfire swept through the valley, the hedgehog was found badly burned.",0,hedgehog,wild,fire_03,harm
"After the wildfire swept through the valley, the possum was found badly burned.",0,possum,wild,fire_03,harm
"After the wildfire swept through the valley, the jackal was found badly burned.",0,jackal,wild,fire_03,harm
"After the wildfire swept through the valley, the stoat was found badly burned.",0,stoat,wild,fire_03,harm
"After the wildfire swept through the valley, the marten was found badly burned.",0,marten,wild,fire_03,harm
"After the wildfire swept through the valley, the bear was found badly burned.",0,bear,wild,fire_03,harm
"After the wildfire swept through the valley, the lynx was found badly burned.",0,lynx,wild,fire_03,harm
"After the wildfire swept through the valley, the bobcat was found badly burned.",0,bobcat,wild,fire_03,harm
"After the wildfire swept through the valley, the marmot was found badly burned.",0,marmot,wild,fire_03,harm
"After the wildfire swept through the valley, the mink was found badly burned.",0,mink,wild,fire_03,harm
"After the wildfire swept through the valley, the mole was found badly burned.",0,mole,wild,fire_03,harm
"After the wildfire swept through the valley, the vole was found badly burned.",0,vole,wild,fire_03,harm
"After the wildfire swept through the valley, the shrew was found badly burned.",0,shrew,wild,fire_03,harm
"After the wildfire swept through the valley, the porcupine was found badly burned.",0,porcupine,wild,fire_03,harm
"After the wildfire swept through the valley, the skunk was found badly burned.",0,skunk,wild,fire_03,harm
"After the wildfire swept through the valley, the chipmunk was found badly burned.",0,chipmunk,wild,fire_03,harm
"After the wildfire swept through the valley, the beaver was found badly burned.",0,beaver,wild,fire_03,harm
"After the wildfire swept through the valley, the bison was found badly burned.",0,bison,wild,fire_03,harm
"After the wildfire swept through the valley, the antelope was found badly burned.",0,antelope,wild,fire_03,harm
"After the wildfire swept through the valley, the dingo was found badly burned.",0,dingo,wild,fire_03,harm
"After the wildfire swept through the valley, the cougar was found badly burned.",0,cougar,wild,fire_03,harm
"After the wildfire swept through the valley, the wolverine was found badly burned.",0,wolverine,wild,fire_03,harm
"After the wildfire swept through the valley, the muskrat was found badly burned.",0,muskrat,wild,fire_03,harm
"After the wildfire swept through the valley, the lemming was found badly burned.",0,lemming,wild,fire_03,harm
"After the wildfire swept through the valley, the fawn was found badly burned.",0,fawn,wild,fire_03,harm
Rescuers pulled the dog from the burning building just before the roof collapsed.,1,dog,companion,fire_04,harm
Rescuers pulled the cat from the burning building just before the roof collapsed.,1,cat,companion,fire_04,harm
Rescuers pulled the rabbit from the burning building just before the roof collapsed.,1,rabbit,companion,fire_04,harm
Rescuers pulled the puppy from the burning building just before the roof collapsed.,1,puppy,companion,fire_04,harm
Rescuers pulled the kitten from the burning building just before the roof collapsed.,1,kitten,companion,fire_04,harm
Rescuers pulled the hamster from the burning building just before the roof collapsed.,1,hamster,companion,fire_04,harm
Rescuers pulled the ferret from the burning building just before the roof collapsed.,1,ferret,companion,fire_04,harm
Rescuers pulled the poodle from the burning building just before the roof collapsed.,1,poodle,companion,fire_04,harm
Rescuers pulled the beagle from the burning building just before the roof collapsed.,1,beagle,companion,fire_04,harm
Rescuers pulled the terrier from the burning building just before the roof collapsed.,1,terrier,companion,fire_04,harm
Rescuers pulled the spaniel from the burning building just before the roof collapsed.,1,spaniel,companion,fire_04,harm
Rescuers pulled the labrador from the burning building just before the roof collapsed.,1,labrador,companion,fire_04,harm
Rescuers pulled the collie from the burning building just before the roof collapsed.,1,collie,companion,fire_04,harm
Rescuers pulled the pug from the burning building just before the roof collapsed.,1,pug,companion,fire_04,harm
Rescuers pulled the bulldog from the burning building just before the roof collapsed.,1,bulldog,companion,fire_04,harm
Rescuers pulled the retriever from the burning building just before the roof collapsed.,1,retriever,companion,fire_04,harm
Rescuers pulled the tomcat from the burning building just before the roof collapsed.,1,tomcat,companion,fire_04,harm
Rescuers pulled the gerbil from the burning building just before the roof collapsed.,1,gerbil,companion,fire_04,harm
Rescuers pulled the dalmatian from the burning building just before the roof collapsed.,1,dalmatian,companion,fire_04,harm
Rescuers pulled the greyhound from the burning building just before the roof collapsed.,1,greyhound,companion,fire_04,harm
Rescuers pulled the mastiff from the burning building just before the roof collapsed.,1,mastiff,companion,fire_04,harm
Rescuers pulled the corgi from the burning building just before the roof collapsed.,1,corgi,companion,fire_04,harm
Rescuers pulled the dachshund from the burning building just before the roof collapsed.,1,dachshund,companion,fire_04,harm
Rescuers pulled the chihuahua from the burning building just before the roof collapsed.,1,chihuahua,companion,fire_04,harm
Rescuers pulled the husky from the burning building just before the roof collapsed.,1,husky,companion,fire_04,harm
Rescuers pulled the rottweiler from the burning building just before the roof collapsed.,1,rottweiler,companion,fire_04,harm
Rescuers pulled the papillon from the burning building just before the roof collapsed.,1,papillon,companion,fire_04,harm
Rescuers pulled the schnauzer from the burning building just before the roof collapsed.,1,schnauzer,companion,fire_04,harm
Rescuers pulled the whippet from the burning building just before the roof collapsed.,1,whippet,companion,fire_04,harm
Rescuers pulled the pomeranian from the burning building just before the roof collapsed.,1,pomeranian,companion,fire_04,harm
Rescuers pulled the akita from the burning building just before the roof collapsed.,1,akita,companion,fire_04,harm
Rescuers pulled the samoyed from the burning building just before the roof collapsed.,1,samoyed,companion,fire_04,harm
Rescuers pulled the pekingese from the burning building just before the roof collapsed.,1,pekingese,companion,fire_04,harm
Rescuers pulled the lurcher from the burning building just before the roof collapsed.,1,lurcher,companion,fire_04,harm
Rescuers pulled the hound from the burning building just before the roof collapsed.,1,hound,companion,fire_04,harm
Rescuers pulled the mutt from the burning building just before the roof collapsed.,1,mutt,companion,fire_04,harm
Rescuers pulled the tabby from the burning building just before the roof collapsed.,1,tabby,companion,fire_04,harm
Rescuers pulled the lapdog from the burning building just before the roof collapsed.,1,lapdog,companion,fire_04,harm
Rescuers pulled the kitty from the burning building just before the roof collapsed.,1,kitty,companion,fire_04,harm
Rescuers pulled the bunny from the burning building just before the roof collapsed.,1,bunny,companion,fire_04,harm
Rescuers pulled the rat from the burning building just before the roof collapsed.,0,rat,wild,fire_04,harm
Rescuers pulled the boar from the burning building just before the roof collapsed.,0,boar,wild,fire_04,harm
Rescuers pulled the buffalo from the burning building just before the roof collapsed.,0,buffalo,wild,fire_04,harm
Rescuers pulled the fox from the burning building just before the roof collapsed.,0,fox,wild,fire_04,harm
Rescuers pulled the deer from the burning building just before the roof collapsed.,0,deer,wild,fire_04,harm
Rescuers pulled the badger from the burning building just before the roof collapsed.,0,badger,wild,fire_04,harm
Rescuers pulled the otter from the burning building just before the roof collapsed.,0,otter,wild,fire_04,harm
Rescuers pulled the hare from the burning building just before the roof collapsed.,0,hare,wild,fire_04,harm
Rescuers pulled the raccoon from the burning building just before the roof collapsed.,0,raccoon,wild,fire_04,harm
Rescuers pulled the squirrel from the burning building just before the roof collapsed.,0,squirrel,wild,fire_04,harm
Rescuers pulled the weasel from the burning building just before the roof collapsed.,0,weasel,wild,fire_04,harm
Rescuers pulled the coyote from the burning building just before the roof collapsed.,0,coyote,wild,fire_04,harm
Rescuers pulled the moose from the burning building just before the roof collapsed.,0,moose,wild,fire_04,harm
Rescuers pulled the elk from the burning building just before the roof collapsed.,0,elk,wild,fire_04,harm
Rescuers pulled the wolf from the burning building just before the roof collapsed.,0,wolf,wild,fire_04,harm
Rescuers pulled the hedgehog from the burning building just before the roof collapsed.,0,hedgehog,wild,fire_04,harm
Rescuers pulled the possum from the burning building just before the roof collapsed.,0,possum,wild,fire_04,harm
Rescuers pulled the jackal from the burning building just before the roof collapsed.,0,jackal,wild,fire_04,harm
Rescuers pulled the stoat from the burning building just before the roof collapsed.,0,stoat,wild,fire_04,harm
Rescuers pulled the marten from the burning building just before the roof collapsed.,0,marten,wild,fire_04,harm
Rescuers pulled the bear from the burning building just before the roof collapsed.,0,bear,wild,fire_04,harm
Rescuers pulled the lynx from the burning building just before the roof collapsed.,0,lynx,wild,fire_04,harm
Rescuers pulled the bobcat from the burning building just before the roof collapsed.,0,bobcat,wild,fire_04,harm
Rescuers pulled the marmot from the burning building just before the roof collapsed.,0,marmot,wild,fire_04,harm
Rescuers pulled the mink from the burning building just before the roof collapsed.,0,mink,wild,fire_04,harm
Rescuers pulled the mole from the burning building just before the roof collapsed.,0,mole,wild,fire_04,harm
Rescuers pulled the vole from the burning building just before the roof collapsed.,0,vole,wild,fire_04,harm
Rescuers pulled the shrew from the burning building just before the roof collapsed.,0,shrew,wild,fire_04,harm
Rescuers pulled the porcupine from the burning building just before the roof collapsed.,0,porcupine,wild,fire_04,harm
Rescuers pulled the skunk from the burning building just before the roof collapsed.,0,skunk,wild,fire_04,harm
Rescuers pulled the chipmunk from the burning building just before the roof collapsed.,0,chipmunk,wild,fire_04,harm
Rescuers pulled the beaver from the burning building just before the roof collapsed.,0,beaver,wild,fire_04,harm
Rescuers pulled the bison from the burning building just before the roof collapsed.,0,bison,wild,fire_04,harm
Rescuers pulled the antelope from the burning building just before the roof collapsed.,0,antelope,wild,fire_04,harm
Rescuers pulled the dingo from the burning building just before the roof collapsed.,0,dingo,wild,fire_04,harm
Rescuers pulled the cougar from the burning building just before the roof collapsed.,0,cougar,wild,fire_04,harm
Rescuers pulled the wolverine from the burning building just before the roof collapsed.,0,wolverine,wild,fire_04,harm
Rescuers pulled the muskrat from the burning building just before the roof collapsed.,0,muskrat,wild,fire_04,harm
Rescuers pulled the lemming from the burning building just before the roof collapsed.,0,lemming,wild,fire_04,harm
Rescuers pulled the fawn from the burning building just before the roof collapsed.,0,fawn,wild,fire_04,harm
The flames spread so quickly that the dog suffered severe burns before escaping.,1,dog,companion,fire_05,harm
The flames spread so quickly that the cat suffered severe burns before escaping.,1,cat,companion,fire_05,harm
The flames spread so quickly that the rabbit suffered severe burns before escaping.,1,rabbit,companion,fire_05,harm
The flames spread so quickly that the puppy suffered severe burns before escaping.,1,puppy,companion,fire_05,harm
The flames spread so quickly that the kitten suffered severe burns before escaping.,1,kitten,companion,fire_05,harm
The flames spread so quickly that the hamster suffered severe burns before escaping.,1,hamster,companion,fire_05,harm
The flames spread so quickly that the ferret suffered severe burns before escaping.,1,ferret,companion,fire_05,harm
The flames spread so quickly that the poodle suffered severe burns before escaping.,1,poodle,companion,fire_05,harm
The flames spread so quickly that the beagle suffered severe burns before escaping.,1,beagle,companion,fire_05,harm
The flames spread so quickly that the terrier suffered severe burns before escaping.,1,terrier,companion,fire_05,harm
The flames spread so quickly that the spaniel suffered severe burns before escaping.,1,spaniel,companion,fire_05,harm
The flames spread so quickly that the labrador suffered severe burns before escaping.,1,labrador,companion,fire_05,harm
The flames spread so quickly that the collie suffered severe burns before escaping.,1,collie,companion,fire_05,harm
The flames spread so quickly that the pug suffered severe burns before escaping.,1,pug,companion,fire_05,harm
The flames spread so quickly that the bulldog suffered severe burns before escaping.,1,bulldog,companion,fire_05,harm
The flames spread so quickly that the retriever suffered severe burns before escaping.,1,retriever,companion,fire_05,harm
The flames spread so quickly that the tomcat suffered severe burns before escaping.,1,tomcat,companion,fire_05,harm
The flames spread so quickly that the gerbil suffered severe burns before escaping.,1,gerbil,companion,fire_05,harm
The flames spread so quickly that the dalmatian suffered severe burns before escaping.,1,dalmatian,companion,fire_05,harm
The flames spread so quickly that the greyhound suffered severe burns before escaping.,1,greyhound,companion,fire_05,harm
The flames spread so quickly that the mastiff suffered severe burns before escaping.,1,mastiff,companion,fire_05,harm
The flames spread so quickly that the corgi suffered severe burns before escaping.,1,corgi,companion,fire_05,harm
The flames spread so quickly that the dachshund suffered severe burns before escaping.,1,dachshund,companion,fire_05,harm
The flames spread so quickly that the chihuahua suffered severe burns before escaping.,1,chihuahua,companion,fire_05,harm
The flames spread so quickly that the husky suffered severe burns before escaping.,1,husky,companion,fire_05,harm
The flames spread so quickly that the rottweiler suffered severe burns before escaping.,1,rottweiler,companion,fire_05,harm
The flames spread so quickly that the papillon suffered severe burns before escaping.,1,papillon,companion,fire_05,harm
The flames spread so quickly that the schnauzer suffered severe burns before escaping.,1,schnauzer,companion,fire_05,harm
The flames spread so quickly that the whippet suffered severe burns before escaping.,1,whippet,companion,fire_05,harm
The flames spread so quickly that the pomeranian suffered severe burns before escaping.,1,pomeranian,companion,fire_05,harm
The flames spread so quickly that the akita suffered severe burns before escaping.,1,akita,companion,fire_05,harm
The flames spread so quickly that the samoyed suffered severe burns before escaping.,1,samoyed,companion,fire_05,harm
The flames spread so quickly that the pekingese suffered severe burns before escaping.,1,pekingese,companion,fire_05,harm
The flames spread so quickly that the lurcher suffered severe burns before escaping.,1,lurcher,companion,fire_05,harm
The flames spread so quickly that the hound suffered severe burns before escaping.,1,hound,companion,fire_05,harm
The flames spread so quickly that the mutt suffered severe burns before escaping.,1,mutt,companion,fire_05,harm
The flames spread so quickly that the tabby suffered severe burns before escaping.,1,tabby,companion,fire_05,harm
The flames spread so quickly that the lapdog suffered severe burns before escaping.,1,lapdog,companion,fire_05,harm
The flames spread so quickly that the kitty suffered severe burns before escaping.,1,kitty,companion,fire_05,harm
The flames spread so quickly that the bunny suffered severe burns before escaping.,1,bunny,companion,fire_05,harm
The flames spread so quickly that the rat suffered severe burns before escaping.,0,rat,wild,fire_05,harm
The flames spread so quickly that the boar suffered severe burns before escaping.,0,boar,wild,fire_05,harm
The flames spread so quickly that the buffalo suffered severe burns before escaping.,0,buffalo,wild,fire_05,harm
The flames spread so quickly that the fox suffered severe burns before escaping.,0,fox,wild,fire_05,harm
The flames spread so quickly that the deer suffered severe burns before escaping.,0,deer,wild,fire_05,harm
The flames spread so quickly that the badger suffered severe burns before escaping.,0,badger,wild,fire_05,harm
The flames spread so quickly that the otter suffered severe burns before escaping.,0,otter,wild,fire_05,harm
The flames spread so quickly that the hare suffered severe burns before escaping.,0,hare,wild,fire_05,harm
The flames spread so quickly that the raccoon suffered severe burns before escaping.,0,raccoon,wild,fire_05,harm
The flames spread so quickly that the squirrel suffered severe burns before escaping.,0,squirrel,wild,fire_05,harm
The flames spread so quickly that the weasel suffered severe burns before escaping.,0,weasel,wild,fire_05,harm
The flames spread so quickly that the coyote suffered severe burns before escaping.,0,coyote,wild,fire_05,harm
The flames spread so quickly that the moose suffered severe burns before escaping.,0,moose,wild,fire_05,harm
The flames spread so quickly that the elk suffered severe burns before escaping.,0,elk,wild,fire_05,harm
The flames spread so quickly that the wolf suffered severe burns before escaping.,0,wolf,wild,fire_05,harm
The flames spread so quickly that the hedgehog suffered severe burns before escaping.,0,hedgehog,wild,fire_05,harm
The flames spread so quickly that the possum suffered severe burns before escaping.,0,possum,wild,fire_05,harm
The flames spread so quickly that the jackal suffered severe burns before escaping.,0,jackal,wild,fire_05,harm
The flames spread so quickly that the stoat suffered severe burns before escaping.,0,stoat,wild,fire_05,harm
The flames spread so quickly that the marten suffered severe burns before escaping.,0,marten,wild,fire_05,harm
The flames spread so quickly that the bear suffered severe burns before escaping.,0,bear,wild,fire_05,harm
The flames spread so quickly that the lynx suffered severe burns before escaping.,0,lynx,wild,fire_05,harm
The flames spread so quickly that the bobcat suffered severe burns before escaping.,0,bobcat,wild,fire_05,harm
The flames spread so quickly that the marmot suffered severe burns before escaping.,0,marmot,wild,fire_05,harm
The flames spread so quickly that the mink suffered severe burns before escaping.,0,mink,wild,fire_05,harm
The flames spread so quickly that the mole suffered severe burns before escaping.,0,mole,wild,fire_05,harm
The flames spread so quickly that the vole suffered severe burns before escaping.,0,vole,wild,fire_05,harm
The flames spread so quickly that the shrew suffered severe burns before escaping.,0,shrew,wild,fire_05,harm
The flames spread so quickly that the porcupine suffered severe burns before escaping.,0,porcupine,wild,fire_05,harm
The flames spread so quickly that the skunk suffered severe burns before escaping.,0,skunk,wild,fire_05,harm
The flames spread so quickly that the chipmunk suffered severe burns before escaping.,0,chipmunk,wild,fire_05,harm
The flames spread so quickly that the beaver suffered severe burns before escaping.,0,beaver,wild,fire_05,harm
The flames spread so quickly that the bison suffered severe burns before escaping.,0,bison,wild,fire_05,harm
The flames spread so quickly that the antelope suffered severe burns before escaping.,0,antelope,wild,fire_05,harm
The flames spread so quickly that the dingo suffered severe burns before escaping.,0,dingo,wild,fire_05,harm
The flames spread so quickly that the cougar suffered severe burns before escaping.,0,cougar,wild,fire_05,harm
The flames spread so quickly that the wolverine suffered severe burns before escaping.,0,wolverine,wild,fire_05,harm
The flames spread so quickly that the muskrat suffered severe burns before escaping.,0,muskrat,wild,fire_05,harm
The flames spread so quickly that the lemming suffered severe burns before escaping.,0,lemming,wild,fire_05,harm
The flames spread so quickly that the fawn suffered severe burns before escaping.,0,fawn,wild,fire_05,harm
"Firefighters found the dog collapsed near the doorway, barely breathing from the smoke.",1,dog,companion,fire_06,harm
"Firefighters found the cat collapsed near the doorway, barely breathing from the smoke.",1,cat,companion,fire_06,harm
"Firefighters found the rabbit collapsed near the doorway, barely breathing from the smoke.",1,rabbit,companion,fire_06,harm
"Firefighters found the puppy collapsed near the doorway, barely breathing from the smoke.",1,puppy,companion,fire_06,harm
"Firefighters found the kitten collapsed near the doorway, barely breathing from the smoke.",1,kitten,companion,fire_06,harm
"Firefighters found the hamster collapsed near the doorway, barely breathing from the smoke.",1,hamster,companion,fire_06,harm
"Firefighters found the ferret collapsed near the doorway, barely breathing from the smoke.",1,ferret,companion,fire_06,harm
"Firefighters found the poodle collapsed near the doorway, barely breathing from the smoke.",1,poodle,companion,fire_06,harm
"Firefighters found the beagle collapsed near the doorway, barely breathing from the smoke.",1,beagle,companion,fire_06,harm
"Firefighters found the terrier collapsed near the doorway, barely breathing from the smoke.",1,terrier,companion,fire_06,harm
"Firefighters found the spaniel collapsed near the doorway, barely breathing from the smoke.",1,spaniel,companion,fire_06,harm
"Firefighters found the labrador collapsed near the doorway, barely breathing from the smoke.",1,labrador,companion,fire_06,harm
"Firefighters found the collie collapsed near the doorway, barely breathing from the smoke.",1,collie,companion,fire_06,harm
"Firefighters found the pug collapsed near the doorway, barely breathing from the smoke.",1,pug,companion,fire_06,harm
"Firefighters found the bulldog collapsed near the doorway, barely breathing from the smoke.",1,bulldog,companion,fire_06,harm
"Firefighters found the retriever collapsed near the doorway, barely breathing from the smoke.",1,retriever,companion,fire_06,harm
"Firefighters found the tomcat collapsed near the doorway, barely breathing from the smoke.",1,tomcat,companion,fire_06,harm
"Firefighters found the gerbil collapsed near the doorway, barely breathing from the smoke.",1,gerbil,companion,fire_06,harm
"Firefighters found the dalmatian collapsed near the doorway, barely breathing from the smoke.",1,dalmatian,companion,fire_06,harm
"Firefighters found the greyhound collapsed near the doorway, barely breathing from the smoke.",1,greyhound,companion,fire_06,harm
"Firefighters found the mastiff collapsed near the doorway, barely breathing from the smoke.",1,mastiff,companion,fire_06,harm
"Firefighters found the corgi collapsed near the doorway, barely breathing from the smoke.",1,corgi,companion,fire_06,harm
"Firefighters found the dachshund collapsed near the doorway, barely breathing from the smoke.",1,dachshund,companion,fire_06,harm
"Firefighters found the chihuahua collapsed near the doorway, barely breathing from the smoke.",1,chihuahua,companion,fire_06,harm
"Firefighters found the husky collapsed near the doorway, barely breathing from the smoke.",1,husky,companion,fire_06,harm
"Firefighters found the rottweiler collapsed near the doorway, barely breathing from the smoke.",1,rottweiler,companion,fire_06,harm
"Firefighters found the papillon collapsed near the doorway, barely breathing from the smoke.",1,papillon,companion,fire_06,harm
"Firefighters found the schnauzer collapsed near the doorway, barely breathing from the smoke.",1,schnauzer,companion,fire_06,harm
"Firefighters found the whippet collapsed near the doorway, barely breathing from the smoke.",1,whippet,companion,fire_06,harm
"Firefighters found the pomeranian collapsed near the doorway, barely breathing from the smoke.",1,pomeranian,companion,fire_06,harm
"Firefighters found the akita collapsed near the doorway, barely breathing from the smoke.",1,akita,companion,fire_06,harm
"Firefighters found the samoyed collapsed near the doorway, barely breathing from the smoke.",1,samoyed,companion,fire_06,harm
"Firefighters found the pekingese collapsed near the doorway, barely breathing from the smoke.",1,pekingese,companion,fire_06,harm
"Firefighters found the lurcher collapsed near the doorway, barely breathing from the smoke.",1,lurcher,companion,fire_06,harm
"Firefighters found the hound collapsed near the doorway, barely breathing from the smoke.",1,hound,companion,fire_06,harm
"Firefighters found the mutt collapsed near the doorway, barely breathing from the smoke.",1,mutt,companion,fire_06,harm
"Firefighters found the tabby collapsed near the doorway, barely breathing from the smoke.",1,tabby,companion,fire_06,harm
"Firefighters found the lapdog collapsed near the doorway, barely breathing from the smoke.",1,lapdog,companion,fire_06,harm
"Firefighters found the kitty collapsed near the doorway, barely breathing from the smoke.",1,kitty,companion,fire_06,harm
"Firefighters found the bunny collapsed near the doorway, barely breathing from the smoke.",1,bunny,companion,fire_06,harm
"Firefighters found the rat collapsed near the doorway, barely breathing from the smoke.",0,rat,wild,fire_06,harm
"Firefighters found the boar collapsed near the doorway, barely breathing from the smoke.",0,boar,wild,fire_06,harm
"Firefighters found the buffalo collapsed near the doorway, barely breathing from the smoke.",0,buffalo,wild,fire_06,harm
"Firefighters found the fox collapsed near the doorway, barely breathing from the smoke.",0,fox,wild,fire_06,harm
"Firefighters found the deer collapsed near the doorway, barely breathing from the smoke.",0,deer,wild,fire_06,harm
"Firefighters found the badger collapsed near the doorway, barely breathing from the smoke.",0,badger,wild,fire_06,harm
"Firefighters found the otter collapsed near the doorway, barely breathing from the smoke.",0,otter,wild,fire_06,harm
"Firefighters found the hare collapsed near the doorway, barely breathing from the smoke.",0,hare,wild,fire_06,harm
"Firefighters found the raccoon collapsed near the doorway, barely breathing from the smoke.",0,raccoon,wild,fire_06,harm
"Firefighters found the squirrel collapsed near the doorway, barely breathing from the smoke.",0,squirrel,wild,fire_06,harm
"Firefighters found the weasel collapsed near the doorway, barely breathing from the smoke.",0,weasel,wild,fire_06,harm
"Firefighters found the coyote collapsed near the doorway, barely breathing from the smoke.",0,coyote,wild,fire_06,harm
"Firefighters found the moose collapsed near the doorway, barely breathing from the smoke.",0,moose,wild,fire_06,harm
"Firefighters found the elk collapsed near the doorway, barely breathing from the smoke.",0,elk,wild,fire_06,harm
"Firefighters found the wolf collapsed near the doorway, barely breathing from the smoke.",0,wolf,wild,fire_06,harm
"Firefighters found the hedgehog collapsed near the doorway, barely breathing from the smoke.",0,hedgehog,wild,fire_06,harm
"Firefighters found the possum collapsed near the doorway, barely breathing from the smoke.",0,possum,wild,fire_06,harm
"Firefighters found the jackal collapsed near the doorway, barely breathing from the smoke.",0,jackal,wild,fire_06,harm
"Firefighters found the stoat collapsed near the doorway, barely breathing from the smoke.",0,stoat,wild,fire_06,harm
"Firefighters found the marten collapsed near the doorway, barely breathing from the smoke.",0,marten,wild,fire_06,harm
"Firefighters found the bear collapsed near the doorway, barely breathing from the smoke.",0,bear,wild,fire_06,harm
"Firefighters found the lynx collapsed near the doorway, barely breathing from the smoke.",0,lynx,wild,fire_06,harm
"Firefighters found the bobcat collapsed near the doorway, barely breathing from the smoke.",0,bobcat,wild,fire_06,harm
"Firefighters found the marmot collapsed near the doorway, barely breathing from the smoke.",0,marmot,wild,fire_06,harm
"Firefighters found the mink collapsed near the doorway, barely breathing from the smoke.",0,mink,wild,fire_06,harm
"Firefighters found the mole collapsed near the doorway, barely breathing from the smoke.",0,mole,wild,fire_06,harm
"Firefighters found the vole collapsed near the doorway, barely breathing from the smoke.",0,vole,wild,fire_06,harm
"Firefighters found the shrew collapsed near the doorway, barely breathing from the smoke.",0,shrew,wild,fire_06,harm
"Firefighters found the porcupine collapsed near the doorway, barely breathing from the smoke.",0,porcupine,wild,fire_06,harm
"Firefighters found the skunk collapsed near the doorway, barely breathing from the smoke.",0,skunk,wild,fire_06,harm
"Firefighters found the chipmunk collapsed near the doorway, barely breathing from the smoke.",0,chipmunk,wild,fire_06,harm
"Firefighters found the beaver collapsed near the doorway, barely breathing from the smoke.",0,beaver,wild,fire_06,harm
"Firefighters found the bison collapsed near the doorway, barely breathing from the smoke.",0,bison,wild,fire_06,harm
"Firefighters found the antelope collapsed near the doorway, barely breathing from the smoke.",0,antelope,wild,fire_06,harm
"Firefighters found the dingo collapsed near the doorway, barely breathing from the smoke.",0,dingo,wild,fire_06,harm
"Firefighters found the cougar collapsed near the doorway, barely breathing from the smoke.",0,cougar,wild,fire_06,harm
"Firefighters found the wolverine collapsed near the doorway, barely breathing from the smoke.",0,wolverine,wild,fire_06,harm
"Firefighters found the muskrat collapsed near the doorway, barely breathing from the smoke.",0,muskrat,wild,fire_06,harm
"Firefighters found the lemming collapsed near the doorway, barely breathing from the smoke.",0,lemming,wild,fire_06,harm
"Firefighters found the fawn collapsed near the doorway, barely breathing from the smoke.",0,fawn,wild,fire_06,harm
A speeding truck struck the dog on the dark highway.,1,dog,companion,road_01,harm
A speeding truck struck the cat on the dark highway.,1,cat,companion,road_01,harm
A speeding truck struck the rabbit on the dark highway.,1,rabbit,companion,road_01,harm
A speeding truck struck the puppy on the dark highway.,1,puppy,companion,road_01,harm
A speeding truck struck the kitten on the dark highway.,1,kitten,companion,road_01,harm
A speeding truck struck the hamster on the dark highway.,1,hamster,companion,road_01,harm
A speeding truck struck the ferret on the dark highway.,1,ferret,companion,road_01,harm
A speeding truck struck the poodle on the dark highway.,1,poodle,companion,road_01,harm
A speeding truck struck the beagle on the dark highway.,1,beagle,companion,road_01,harm
A speeding truck struck the terrier on the dark highway.,1,terrier,companion,road_01,harm
A speeding truck struck the spaniel on the dark highway.,1,spaniel,companion,road_01,harm
A speeding truck struck the labrador on the dark highway.,1,labrador,companion,road_01,harm
A speeding truck struck the collie on the dark highway.,1,collie,companion,road_01,harm
A speeding truck struck the pug on the dark highway.,1,pug,companion,road_01,harm
A speeding truck struck the bulldog on the dark highway.,1,bulldog,companion,road_01,harm
A speeding truck struck the retriever on the dark highway.,1,retriever,companion,road_01,harm
A speeding truck struck the tomcat on the dark highway.,1,tomcat,companion,road_01,harm
A speeding truck struck the gerbil on the dark highway.,1,gerbil,companion,road_01,harm
A speeding truck struck the dalmatian on the dark highway.,1,dalmatian,companion,road_01,harm
A speeding truck struck the greyhound on the dark highway.,1,greyhound,companion,road_01,harm
A speeding truck struck the mastiff on the dark highway.,1,mastiff,companion,road_01,harm
A speeding truck struck the corgi on the dark highway.,1,corgi,companion,road_01,harm
A speeding truck struck the dachshund on the dark highway.,1,dachshund,companion,road_01,harm
A speeding truck struck the chihuahua on the dark highway.,1,chihuahua,companion,road_01,harm
A speeding truck struck the husky on the dark highway.,1,husky,companion,road_01,harm
A speeding truck struck the rottweiler on the dark highway.,1,rottweiler,companion,road_01,harm
A speeding truck struck the papillon on the dark highway.,1,papillon,companion,road_01,harm
A speeding truck struck the schnauzer on the dark highway.,1,schnauzer,companion,road_01,harm
A speeding truck struck the whippet on the dark highway.,1,whippet,companion,road_01,harm
A speeding truck struck the pomeranian on the dark highway.,1,pomeranian,companion,road_01,harm
A speeding truck struck the akita on the dark highway.,1,akita,companion,road_01,harm
A speeding truck struck the samoyed on the dark highway.,1,samoyed,companion,road_01,harm
A speeding truck struck the pekingese on the dark highway.,1,pekingese,companion,road_01,harm
A speeding truck struck the lurcher on the dark highway.,1,lurcher,companion,road_01,harm
A speeding truck struck the hound on the dark highway.,1,hound,companion,road_01,harm
A speeding truck struck the mutt on the dark highway.,1,mutt,companion,road_01,harm
A speeding truck struck the tabby on the dark highway.,1,tabby,companion,road_01,harm
A speeding truck struck the lapdog on the dark highway.,1,lapdog,companion,road_01,harm
A speeding truck struck the kitty on the dark highway.,1,kitty,companion,road_01,harm
A speeding truck struck the bunny on the dark highway.,1,bunny,companion,road_01,harm
A speeding truck struck the rat on the dark highway.,0,rat,wild,road_01,harm
A speeding truck struck the boar on the dark highway.,0,boar,wild,road_01,harm
A speeding truck struck the buffalo on the dark highway.,0,buffalo,wild,road_01,harm
A speeding truck struck the fox on the dark highway.,0,fox,wild,road_01,harm
A speeding truck struck the deer on the dark highway.,0,deer,wild,road_01,harm
A speeding truck struck the badger on the dark highway.,0,badger,wild,road_01,harm
A speeding truck struck the otter on the dark highway.,0,otter,wild,road_01,harm
A speeding truck struck the hare on the dark highway.,0,hare,wild,road_01,harm
A speeding truck struck the raccoon on the dark highway.,0,raccoon,wild,road_01,harm
A speeding truck struck the squirrel on the dark highway.,0,squirrel,wild,road_01,harm
A speeding truck struck the weasel on the dark highway.,0,weasel,wild,road_01,harm
A speeding truck struck the coyote on the dark highway.,0,coyote,wild,road_01,harm
A speeding truck struck the moose on the dark highway.,0,moose,wild,road_01,harm
A speeding truck struck the elk on the dark highway.,0,elk,wild,road_01,harm
A speeding truck struck the wolf on the dark highway.,0,wolf,wild,road_01,harm
A speeding truck struck the hedgehog on the dark highway.,0,hedgehog,wild,road_01,harm
A speeding truck struck the possum on the dark highway.,0,possum,wild,road_01,harm
A speeding truck struck the jackal on the dark highway.,0,jackal,wild,road_01,harm
A speeding truck struck the stoat on the dark highway.,0,stoat,wild,road_01,harm
A speeding truck struck the marten on the dark highway.,0,marten,wild,road_01,harm
A speeding truck struck the bear on the dark highway.,0,bear,wild,road_01,harm
A speeding truck struck the lynx on the dark highway.,0,lynx,wild,road_01,harm
A speeding truck struck the bobcat on the dark highway.,0,bobcat,wild,road_01,harm
A speeding truck struck the marmot on the dark highway.,0,marmot,wild,road_01,harm
A speeding truck struck the mink on the dark highway.,0,mink,wild,road_01,harm
A speeding truck struck the mole on the dark highway.,0,mole,wild,road_01,harm
A speeding truck struck the vole on the dark highway.,0,vole,wild,road_01,harm
A speeding truck struck the shrew on the dark highway.,0,shrew,wild,road_01,harm
A speeding truck struck the porcupine on the dark highway.,0,porcupine,wild,road_01,harm
A speeding truck struck the skunk on the dark highway.,0,skunk,wild,road_01,harm
A speeding truck struck the chipmunk on the dark highway.,0,chipmunk,wild,road_01,harm
A speeding truck struck the beaver on the dark highway.,0,beaver,wild,road_01,harm
A speeding truck struck the bison on the dark highway.,0,bison,wild,road_01,harm
A speeding truck struck the antelope on the dark highway.,0,antelope,wild,road_01,harm
A speeding truck struck the dingo on the dark highway.,0,dingo,wild,road_01,harm
A speeding truck struck the cougar on the dark highway.,0,cougar,wild,road_01,harm
A speeding truck struck the wolverine on the dark highway.,0,wolverine,wild,road_01,harm
A speeding truck struck the muskrat on the dark highway.,0,muskrat,wild,road_01,harm
A speeding truck struck the lemming on the dark highway.,0,lemming,wild,road_01,harm
A speeding truck struck the fawn on the dark highway.,0,fawn,wild,road_01,harm
"After the collision, the dog lay motionless by the side of the road.",1,dog,companion,road_02,harm
"After the collision, the cat lay motionless by the side of the road.",1,cat,companion,road_02,harm
"After the collision, the rabbit lay motionless by the side of the road.",1,rabbit,companion,road_02,harm
"After the collision, the puppy lay motionless by the side of the road.",1,puppy,companion,road_02,harm
"After the collision, the kitten lay motionless by the side of the road.",1,kitten,companion,road_02,harm
"After the collision, the hamster lay motionless by the side of the road.",1,hamster,companion,road_02,harm
"After the collision, the ferret lay motionless by the side of the road.",1,ferret,companion,road_02,harm
"After the collision, the poodle lay motionless by the side of the road.",1,poodle,companion,road_02,harm
"After the collision, the beagle lay motionless by the side of the road.",1,beagle,companion,road_02,harm
"After the collision, the terrier lay motionless by the side of the road.",1,terrier,companion,road_02,harm
"After the collision, the spaniel lay motionless by the side of the road.",1,spaniel,companion,road_02,harm
"After the collision, the labrador lay motionless by the side of the road.",1,labrador,companion,road_02,harm
"After the collision, the collie lay motionless by the side of the road.",1,collie,companion,road_02,harm
"After the collision, the pug lay motionless by the side of the road.",1,pug,companion,road_02,harm
"After the collision, the bulldog lay motionless by the side of the road.",1,bulldog,companion,road_02,harm
"After the collision, the retriever lay motionless by the side of the road.",1,retriever,companion,road_02,harm
"After the collision, the tomcat lay motionless by the side of the road.",1,tomcat,companion,road_02,harm
"After the collision, the gerbil lay motionless by the side of the road.",1,gerbil,companion,road_02,harm
"After the collision, the dalmatian lay motionless by the side of the road.",1,dalmatian,companion,road_02,harm
"After the collision, the greyhound lay motionless by the side of the road.",1,greyhound,companion,road_02,harm
"After the collision, the mastiff lay motionless by the side of the road.",1,mastiff,companion,road_02,harm
"After the collision, the corgi lay motionless by the side of the road.",1,corgi,companion,road_02,harm
"After the collision, the dachshund lay motionless by the side of the road.",1,dachshund,companion,road_02,harm
"After the collision, the chihuahua lay motionless by the side of the road.",1,chihuahua,companion,road_02,harm
"After the collision, the husky lay motionless by the side of the road.",1,husky,companion,road_02,harm
"After the collision, the rottweiler lay motionless by the side of the road.",1,rottweiler,companion,road_02,harm
"After the collision, the papillon lay motionless by the side of the road.",1,papillon,companion,road_02,harm
"After the collision, the schnauzer lay motionless by the side of the road.",1,schnauzer,companion,road_02,harm
"After the collision, the whippet lay motionless by the side of the road.",1,whippet,companion,road_02,harm
"After the collision, the pomeranian lay motionless by the side of the road.",1,pomeranian,companion,road_02,harm
"After the collision, the akita lay motionless by the side of the road.",1,akita,companion,road_02,harm
"After the collision, the samoyed lay motionless by the side of the road.",1,samoyed,companion,road_02,harm
"After the collision, the pekingese lay motionless by the side of the road.",1,pekingese,companion,road_02,harm
"After the collision, the lurcher lay motionless by the side of the road.",1,lurcher,companion,road_02,harm
"After the collision, the hound lay motionless by the side of the road.",1,hound,companion,road_02,harm
"After the collision, the mutt lay motionless by the side of the road.",1,mutt,companion,road_02,harm
"After the collision, the tabby lay motionless by the side of the road.",1,tabby,companion,road_02,harm
"After the collision, the lapdog lay motionless by the side of the road.",1,lapdog,companion,road_02,harm
"After the collision, the kitty lay motionless by the side of the road.",1,kitty,companion,road_02,harm
"After the collision, the bunny lay motionless by the side of the road.",1,bunny,companion,road_02,harm
"After the collision, the rat lay motionless by the side of the road.",0,rat,wild,road_02,harm
"After the collision, the boar lay motionless by the side of the road.",0,boar,wild,road_02,harm
"After the collision, the buffalo lay motionless by the side of the road.",0,buffalo,wild,road_02,harm
"After the collision, the fox lay motionless by the side of the road.",0,fox,wild,road_02,harm
"After the collision, the deer lay motionless by the side of the road.",0,deer,wild,road_02,harm
"After the collision, the badger lay motionless by the side of the road.",0,badger,wild,road_02,harm
"After the collision, the otter lay motionless by the side of the road.",0,otter,wild,road_02,harm
"After the collision, the hare lay motionless by the side of the road.",0,hare,wild,road_02,harm
"After the collision, the raccoon lay motionless by the side of the road.",0,raccoon,wild,road_02,harm
"After the collision, the squirrel lay motionless by the side of the road.",0,squirrel,wild,road_02,harm
"After the collision, the weasel lay motionless by the side of the road.",0,weasel,wild,road_02,harm
"After the collision, the coyote lay motionless by the side of the road.",0,coyote,wild,road_02,harm
"After the collision, the moose lay motionless by the side of the road.",0,moose,wild,road_02,harm
"After the collision, the elk lay motionless by the side of the road.",0,elk,wild,road_02,harm
"After the collision, the wolf lay motionless by the side of the road.",0,wolf,wild,road_02,harm
"After the collision, the hedgehog lay motionless by the side of the road.",0,hedgehog,wild,road_02,harm
"After the collision, the possum lay motionless by the side of the road.",0,possum,wild,road_02,harm
"After the collision, the jackal lay motionless by the side of the road.",0,jackal,wild,road_02,harm
"After the collision, the stoat lay motionless by the side of the road.",0,stoat,wild,road_02,harm
"After the collision, the marten lay motionless by the side of the road.",0,marten,wild,road_02,harm
"After the collision, the bear lay motionless by the side of the road.",0,bear,wild,road_02,harm
"After the collision, the lynx lay motionless by the side of the road.",0,lynx,wild,road_02,harm
"After the collision, the bobcat lay motionless by the side of the road.",0,bobcat,wild,road_02,harm
"After the collision, the marmot lay motionless by the side of the road.",0,marmot,wild,road_02,harm
"After the collision, the mink lay motionless by the side of the road.",0,mink,wild,road_02,harm
"After the collision, the mole lay motionless by the side of the road.",0,mole,wild,road_02,harm
"After the collision, the vole lay motionless by the side of the road.",0,vole,wild,road_02,harm
"After the collision, the shrew lay motionless by the side of the road.",0,shrew,wild,road_02,harm
"After the collision, the porcupine lay motionless by the side of the road.",0,porcupine,wild,road_02,harm
"After the collision, the skunk lay motionless by the side of the road.",0,skunk,wild,road_02,harm
"After the collision, the chipmunk lay motionless by the side of the road.",0,chipmunk,wild,road_02,harm
"After the collision, the beaver lay motionless by the side of the road.",0,beaver,wild,road_02,harm
"After the collision, the bison lay motionless by the side of the road.",0,bison,wild,road_02,harm
"After the collision, the antelope lay motionless by the side of the road.",0,antelope,wild,road_02,harm
"After the collision, the dingo lay motionless by the side of the road.",0,dingo,wild,road_02,harm
"After the collision, the cougar lay motionless by the side of the road.",0,cougar,wild,road_02,harm
"After the collision, the wolverine lay motionless by the side of the road.",0,wolverine,wild,road_02,harm
"After the collision, the muskrat lay motionless by the side of the road.",0,muskrat,wild,road_02,harm
"After the collision, the lemming lay motionless by the side of the road.",0,lemming,wild,road_02,harm
"After the collision, the fawn lay motionless by the side of the road.",0,fawn,wild,road_02,harm
"The driver swerved too late, and the dog was left injured on the asphalt.",1,dog,companion,road_03,harm
"The driver swerved too late, and the cat was left injured on the asphalt.",1,cat,companion,road_03,harm
"The driver swerved too late, and the rabbit was left injured on the asphalt.",1,rabbit,companion,road_03,harm
"The driver swerved too late, and the puppy was left injured on the asphalt.",1,puppy,companion,road_03,harm
"The driver swerved too late, and the kitten was left injured on the asphalt.",1,kitten,companion,road_03,harm
"The driver swerved too late, and the hamster was left injured on the asphalt.",1,hamster,companion,road_03,harm
"The driver swerved too late, and the ferret was left injured on the asphalt.",1,ferret,companion,road_03,harm
"The driver swerved too late, and the poodle was left injured on the asphalt.",1,poodle,companion,road_03,harm
"The driver swerved too late, and the beagle was left injured on the asphalt.",1,beagle,companion,road_03,harm
"The driver swerved too late, and the terrier was left injured on the asphalt.",1,terrier,companion,road_03,harm
"The driver swerved too late, and the spaniel was left injured on the asphalt.",1,spaniel,companion,road_03,harm
"The driver swerved too late, and the labrador was left injured on the asphalt.",1,labrador,companion,road_03,harm
"The driver swerved too late, and the collie was left injured on the asphalt.",1,collie,companion,road_03,harm
"The driver swerved too late, and the pug was left injured on the asphalt.",1,pug,companion,road_03,harm
"The driver swerved too late, and the bulldog was left injured on the asphalt.",1,bulldog,companion,road_03,harm
"The driver swerved too late, and the retriever was left injured on the asphalt.",1,retriever,companion,road_03,harm
"The driver swerved too late, and the tomcat was left injured on the asphalt.",1,tomcat,companion,road_03,harm
"The driver swerved too late, and the gerbil was left injured on the asphalt.",1,gerbil,companion,road_03,harm
"The driver swerved too late, and the dalmatian was left injured on the asphalt.",1,dalmatian,companion,road_03,harm
"The driver swerved too late, and the greyhound was left injured on the asphalt.",1,greyhound,companion,road_03,harm
"The driver swerved too late, and the mastiff was left injured on the asphalt.",1,mastiff,companion,road_03,harm
"The driver swerved too late, and the corgi was left injured on the asphalt.",1,corgi,companion,road_03,harm
"The driver swerved too late, and the dachshund was left injured on the asphalt.",1,dachshund,companion,road_03,harm
"The driver swerved too late, and the chihuahua was left injured on the asphalt.",1,chihuahua,companion,road_03,harm
"The driver swerved too late, and the husky was left injured on the asphalt.",1,husky,companion,road_03,harm
"The driver swerved too late, and the rottweiler was left injured on the asphalt.",1,rottweiler,companion,road_03,harm
"The driver swerved too late, and the papillon was left injured on the asphalt.",1,papillon,companion,road_03,harm
"The driver swerved too late, and the schnauzer was left injured on the asphalt.",1,schnauzer,companion,road_03,harm
"The driver swerved too late, and the whippet was left injured on the asphalt.",1,whippet,companion,road_03,harm
"The driver swerved too late, and the pomeranian was left injured on the asphalt.",1,pomeranian,companion,road_03,harm
"The driver swerved too late, and the akita was left injured on the asphalt.",1,akita,companion,road_03,harm
"The driver swerved too late, and the samoyed was left injured on the asphalt.",1,samoyed,companion,road_03,harm
"The driver swerved too late, and the pekingese was left injured on the asphalt.",1,pekingese,companion,road_03,harm
"The driver swerved too late, and the lurcher was left injured on the asphalt.",1,lurcher,companion,road_03,harm
"The driver swerved too late, and the hound was left injured on the asphalt.",1,hound,companion,road_03,harm
"The driver swerved too late, and the mutt was left injured on the asphalt.",1,mutt,companion,road_03,harm
"The driver swerved too late, and the tabby was left injured on the asphalt.",1,tabby,companion,road_03,harm
"The driver swerved too late, and the lapdog was left injured on the asphalt.",1,lapdog,companion,road_03,harm
"The driver swerved too late, and the kitty was left injured on the asphalt.",1,kitty,companion,road_03,harm
"The driver swerved too late, and the bunny was left injured on the asphalt.",1,bunny,companion,road_03,harm
"The driver swerved too late, and the rat was left injured on the asphalt.",0,rat,wild,road_03,harm
"The driver swerved too late, and the boar was left injured on the asphalt.",0,boar,wild,road_03,harm
"The driver swerved too late, and the buffalo was left injured on the asphalt.",0,buffalo,wild,road_03,harm
"The driver swerved too late, and the fox was left injured on the asphalt.",0,fox,wild,road_03,harm
"The driver swerved too late, and the deer was left injured on the asphalt.",0,deer,wild,road_03,harm
"The driver swerved too late, and the badger was left injured on the asphalt.",0,badger,wild,road_03,harm
"The driver swerved too late, and the otter was left injured on the asphalt.",0,otter,wild,road_03,harm
"The driver swerved too late, and the hare was left injured on the asphalt.",0,hare,wild,road_03,harm
"The driver swerved too late, and the raccoon was left injured on the asphalt.",0,raccoon,wild,road_03,harm
"The driver swerved too late, and the squirrel was left injured on the asphalt.",0,squirrel,wild,road_03,harm
"The driver swerved too late, and the weasel was left injured on the asphalt.",0,weasel,wild,road_03,harm
"The driver swerved too late, and the coyote was left injured on the asphalt.",0,coyote,wild,road_03,harm
"The driver swerved too late, and the moose was left injured on the asphalt.",0,moose,wild,road_03,harm
"The driver swerved too late, and the elk was left injured on the asphalt.",0,elk,wild,road_03,harm
"The driver swerved too late, and the wolf was left injured on the asphalt.",0,wolf,wild,road_03,harm
"The driver swerved too late, and the hedgehog was left injured on the asphalt.",0,hedgehog,wild,road_03,harm
"The driver swerved too late, and the possum was left injured on the asphalt.",0,possum,wild,road_03,harm
"The driver swerved too late, and the jackal was left injured on the asphalt.",0,jackal,wild,road_03,harm
"The driver swerved too late, and the stoat was left injured on the asphalt.",0,stoat,wild,road_03,harm
"The driver swerved too late, and the marten was left injured on the asphalt.",0,marten,wild,road_03,harm
"The driver swerved too late, and the bear was left injured on the asphalt.",0,bear,wild,road_03,harm
"The driver swerved too late, and the lynx was left injured on the asphalt.",0,lynx,wild,road_03,harm
"The driver swerved too late, and the bobcat was left injured on the asphalt.",0,bobcat,wild,road_03,harm
"The driver swerved too late, and the marmot was left injured on the asphalt.",0,marmot,wild,road_03,harm
"The driver swerved too late, and the mink was left injured on the asphalt.",0,mink,wild,road_03,harm
"The driver swerved too late, and the mole was left injured on the asphalt.",0,mole,wild,road_03,harm
"The driver swerved too late, and the vole was left injured on the asphalt.",0,vole,wild,road_03,harm
"The driver swerved too late, and the shrew was left injured on the asphalt.",0,shrew,wild,road_03,harm
"The driver swerved too late, and the porcupine was left injured on the asphalt.",0,porcupine,wild,road_03,harm
"The driver swerved too late, and the skunk was left injured on the asphalt.",0,skunk,wild,road_03,harm
"The driver swerved too late, and the chipmunk was left injured on the asphalt.",0,chipmunk,wild,road_03,harm
"The driver swerved too late, and the beaver was left injured on the asphalt.",0,beaver,wild,road_03,harm
"The driver swerved too late, and the bison was left injured on the asphalt.",0,bison,wild,road_03,harm
"The driver swerved too late, and the antelope was left injured on the asphalt.",0,antelope,wild,road_03,harm
"The driver swerved too late, and the dingo was left injured on the asphalt.",0,dingo,wild,road_03,harm
"The driver swerved too late, and the cougar was left injured on the asphalt.",0,cougar,wild,road_03,harm
"The driver swerved too late, and the wolverine was left injured on the asphalt.",0,wolverine,wild,road_03,harm
"The driver swerved too late, and the muskrat was left injured on the asphalt.",0,muskrat,wild,road_03,harm
"The driver swerved too late, and the lemming was left injured on the asphalt.",0,lemming,wild,road_03,harm
"The driver swerved too late, and the fawn was left injured on the asphalt.",0,fawn,wild,road_03,harm
Witnesses saw the dog moving away from the crash site in obvious pain.,1,dog,companion,road_04,harm
Witnesses saw the cat moving away from the crash site in obvious pain.,1,cat,companion,road_04,harm
Witnesses saw the rabbit moving away from the crash site in obvious pain.,1,rabbit,companion,road_04,harm
Witnesses saw the puppy moving away from the crash site in obvious pain.,1,puppy,companion,road_04,harm
Witnesses saw the kitten moving away from the crash site in obvious pain.,1,kitten,companion,road_04,harm
Witnesses saw the hamster moving away from the crash site in obvious pain.,1,hamster,companion,road_04,harm
Witnesses saw the ferret moving away from the crash site in obvious pain.,1,ferret,companion,road_04,harm
Witnesses saw the poodle moving away from the crash site in obvious pain.,1,poodle,companion,road_04,harm
Witnesses saw the beagle moving away from the crash site in obvious pain.,1,beagle,companion,road_04,harm
Witnesses saw the terrier moving away from the crash site in obvious pain.,1,terrier,companion,road_04,harm
Witnesses saw the spaniel moving away from the crash site in obvious pain.,1,spaniel,companion,road_04,harm
Witnesses saw the labrador moving away from the crash site in obvious pain.,1,labrador,companion,road_04,harm
Witnesses saw the collie moving away from the crash site in obvious pain.,1,collie,companion,road_04,harm
Witnesses saw the pug moving away from the crash site in obvious pain.,1,pug,companion,road_04,harm
Witnesses saw the bulldog moving away from the crash site in obvious pain.,1,bulldog,companion,road_04,harm
Witnesses saw the retriever moving away from the crash site in obvious pain.,1,retriever,companion,road_04,harm
Witnesses saw the tomcat moving away from the crash site in obvious pain.,1,tomcat,companion,road_04,harm
Witnesses saw the gerbil moving away from the crash site in obvious pain.,1,gerbil,companion,road_04,harm
Witnesses saw the dalmatian moving away from the crash site in obvious pain.,1,dalmatian,companion,road_04,harm
Witnesses saw the greyhound moving away from the crash site in obvious pain.,1,greyhound,companion,road_04,harm
Witnesses saw the mastiff moving away from the crash site in obvious pain.,1,mastiff,companion,road_04,harm
Witnesses saw the corgi moving away from the crash site in obvious pain.,1,corgi,companion,road_04,harm
Witnesses saw the dachshund moving away from the crash site in obvious pain.,1,dachshund,companion,road_04,harm
Witnesses saw the chihuahua moving away from the crash site in obvious pain.,1,chihuahua,companion,road_04,harm
Witnesses saw the husky moving away from the crash site in obvious pain.,1,husky,companion,road_04,harm
Witnesses saw the rottweiler moving away from the crash site in obvious pain.,1,rottweiler,companion,road_04,harm
Witnesses saw the papillon moving away from the crash site in obvious pain.,1,papillon,companion,road_04,harm
Witnesses saw the schnauzer moving away from the crash site in obvious pain.,1,schnauzer,companion,road_04,harm
Witnesses saw the whippet moving away from the crash site in obvious pain.,1,whippet,companion,road_04,harm
Witnesses saw the pomeranian moving away from the crash site in obvious pain.,1,pomeranian,companion,road_04,harm
Witnesses saw the akita moving away from the crash site in obvious pain.,1,akita,companion,road_04,harm
Witnesses saw the samoyed moving away from the crash site in obvious pain.,1,samoyed,companion,road_04,harm
Witnesses saw the pekingese moving away from the crash site in obvious pain.,1,pekingese,companion,road_04,harm
Witnesses saw the lurcher moving away from the crash site in obvious pain.,1,lurcher,companion,road_04,harm
Witnesses saw the hound moving away from the crash site in obvious pain.,1,hound,companion,road_04,harm
Witnesses saw the mutt moving away from the crash site in obvious pain.,1,mutt,companion,road_04,harm
Witnesses saw the tabby moving away from the crash site in obvious pain.,1,tabby,companion,road_04,harm
Witnesses saw the lapdog moving away from the crash site in obvious pain.,1,lapdog,companion,road_04,harm
Witnesses saw the kitty moving away from the crash site in obvious pain.,1,kitty,companion,road_04,harm
Witnesses saw the bunny moving away from the crash site in obvious pain.,1,bunny,companion,road_04,harm
Witnesses saw the rat moving away from the crash site in obvious pain.,0,rat,wild,road_04,harm
Witnesses saw the boar moving away from the crash site in obvious pain.,0,boar,wild,road_04,harm
Witnesses saw the buffalo moving away from the crash site in obvious pain.,0,buffalo,wild,road_04,harm
Witnesses saw the fox moving away from the crash site in obvious pain.,0,fox,wild,road_04,harm
Witnesses saw the deer moving away from the crash site in obvious pain.,0,deer,wild,road_04,harm
Witnesses saw the badger moving away from the crash site in obvious pain.,0,badger,wild,road_04,harm
Witnesses saw the otter moving away from the crash site in obvious pain.,0,otter,wild,road_04,harm
Witnesses saw the hare moving away from the crash site in obvious pain.,0,hare,wild,road_04,harm
Witnesses saw the raccoon moving away from the crash site in obvious pain.,0,raccoon,wild,road_04,harm
Witnesses saw the squirrel moving away from the crash site in obvious pain.,0,squirrel,wild,road_04,harm
Witnesses saw the weasel moving away from the crash site in obvious pain.,0,weasel,wild,road_04,harm
Witnesses saw the coyote moving away from the crash site in obvious pain.,0,coyote,wild,road_04,harm
Witnesses saw the moose moving away from the crash site in obvious pain.,0,moose,wild,road_04,harm
Witnesses saw the elk moving away from the crash site in obvious pain.,0,elk,wild,road_04,harm
Witnesses saw the wolf moving away from the crash site in obvious pain.,0,wolf,wild,road_04,harm
Witnesses saw the hedgehog moving away from the crash site in obvious pain.,0,hedgehog,wild,road_04,harm
Witnesses saw the possum moving away from the crash site in obvious pain.,0,possum,wild,road_04,harm
Witnesses saw the jackal moving away from the crash site in obvious pain.,0,jackal,wild,road_04,harm
Witnesses saw the stoat moving away from the crash site in obvious pain.,0,stoat,wild,road_04,harm
Witnesses saw the marten moving away from the crash site in obvious pain.,0,marten,wild,road_04,harm
Witnesses saw the bear moving away from the crash site in obvious pain.,0,bear,wild,road_04,harm
Witnesses saw the lynx moving away from the crash site in obvious pain.,0,lynx,wild,road_04,harm
Witnesses saw the bobcat moving away from the crash site in obvious pain.,0,bobcat,wild,road_04,harm
Witnesses saw the marmot moving away from the crash site in obvious pain.,0,marmot,wild,road_04,harm
Witnesses saw the mink moving away from the crash site in obvious pain.,0,mink,wild,road_04,harm
Witnesses saw the mole moving away from the crash site in obvious pain.,0,mole,wild,road_04,harm
Witnesses saw the vole moving away from the crash site in obvious pain.,0,vole,wild,road_04,harm
Witnesses saw the shrew moving away from the crash site in obvious pain.,0,shrew,wild,road_04,harm
Witnesses saw the porcupine moving away from the crash site in obvious pain.,0,porcupine,wild,road_04,harm
Witnesses saw the skunk moving away from the crash site in obvious pain.,0,skunk,wild,road_04,harm
Witnesses saw the chipmunk moving away from the crash site in obvious pain.,0,chipmunk,wild,road_04,harm
Witnesses saw the beaver moving away from the crash site in obvious pain.,0,beaver,wild,road_04,harm
Witnesses saw the bison moving away from the crash site in obvious pain.,0,bison,wild,road_04,harm
Witnesses saw the antelope moving away from the crash site in obvious pain.,0,antelope,wild,road_04,harm
Witnesses saw the dingo moving away from the crash site in obvious pain.,0,dingo,wild,road_04,harm
Witnesses saw the cougar moving away from the crash site in obvious pain.,0,cougar,wild,road_04,harm
Witnesses saw the wolverine moving away from the crash site in obvious pain.,0,wolverine,wild,road_04,harm
Witnesses saw the muskrat moving away from the crash site in obvious pain.,0,muskrat,wild,road_04,harm
Witnesses saw the lemming moving away from the crash site in obvious pain.,0,lemming,wild,road_04,harm
Witnesses saw the fawn moving away from the crash site in obvious pain.,0,fawn,wild,road_04,harm
The car skidded on the ice and pinned the dog against the guardrail.,1,dog,companion,road_05,harm
The car skidded on the ice and pinned the cat against the guardrail.,1,cat,companion,road_05,harm
The car skidded on the ice and pinned the rabbit against the guardrail.,1,rabbit,companion,road_05,harm
The car skidded on the ice and pinned the puppy against the guardrail.,1,puppy,companion,road_05,harm
The car skidded on the ice and pinned the kitten against the guardrail.,1,kitten,companion,road_05,harm
The car skidded on the ice and pinned the hamster against the guardrail.,1,hamster,companion,road_05,harm
The car skidded on the ice and pinned the ferret against the guardrail.,1,ferret,companion,road_05,harm
The car skidded on the ice and pinned the poodle against the guardrail.,1,poodle,companion,road_05,harm
The car skidded on the ice and pinned the beagle against the guardrail.,1,beagle,companion,road_05,harm
The car skidded on the ice and pinned the terrier against the guardrail.,1,terrier,companion,road_05,harm
The car skidded on the ice and pinned the spaniel against the guardrail.,1,spaniel,companion,road_05,harm
The car skidded on the ice and pinned the labrador against the guardrail.,1,labrador,companion,road_05,harm
The car skidded on the ice and pinned the collie against the guardrail.,1,collie,companion,road_05,harm
The car skidded on the ice and pinned the pug against the guardrail.,1,pug,companion,road_05,harm
The car skidded on the ice and pinned the bulldog against the guardrail.,1,bulldog,companion,road_05,harm
The car skidded on the ice and pinned the retriever against the guardrail.,1,retriever,companion,road_05,harm
The car skidded on the ice and pinned the tomcat against the guardrail.,1,tomcat,companion,road_05,harm
The car skidded on the ice and pinned the gerbil against the guardrail.,1,gerbil,companion,road_05,harm
The car skidded on the ice and pinned the dalmatian against the guardrail.,1,dalmatian,companion,road_05,harm
The car skidded on the ice and pinned the greyhound against the guardrail.,1,greyhound,companion,road_05,harm
The car skidded on the ice and pinned the mastiff against the guardrail.,1,mastiff,companion,road_05,harm
The car skidded on the ice and pinned the corgi against the guardrail.,1,corgi,companion,road_05,harm
The car skidded on the ice and pinned the dachshund against the guardrail.,1,dachshund,companion,road_05,harm
The car skidded on the ice and pinned the chihuahua against the guardrail.,1,chihuahua,companion,road_05,harm
The car skidded on the ice and pinned the husky against the guardrail.,1,husky,companion,road_05,harm
The car skidded on the ice and pinned the rottweiler against the guardrail.,1,rottweiler,companion,road_05,harm
The car skidded on the ice and pinned the papillon against the guardrail.,1,papillon,companion,road_05,harm
The car skidded on the ice and pinned the schnauzer against the guardrail.,1,schnauzer,companion,road_05,harm
The car skidded on the ice and pinned the whippet against the guardrail.,1,whippet,companion,road_05,harm
The car skidded on the ice and pinned the pomeranian against the guardrail.,1,pomeranian,companion,road_05,harm
The car skidded on the ice and pinned the akita against the guardrail.,1,akita,companion,road_05,harm
The car skidded on the ice and pinned the samoyed against the guardrail.,1,samoyed,companion,road_05,harm
The car skidded on the ice and pinned the pekingese against the guardrail.,1,pekingese,companion,road_05,harm
The car skidded on the ice and pinned the lurcher against the guardrail.,1,lurcher,companion,road_05,harm
The car skidded on the ice and pinned the hound against the guardrail.,1,hound,companion,road_05,harm
The car skidded on the ice and pinned the mutt against the guardrail.,1,mutt,companion,road_05,harm
The car skidded on the ice and pinned the tabby against the guardrail.,1,tabby,companion,road_05,harm
The car skidded on the ice and pinned the lapdog against the guardrail.,1,lapdog,companion,road_05,harm
The car skidded on the ice and pinned the kitty against the guardrail.,1,kitty,companion,road_05,harm
The car skidded on the ice and pinned the bunny against the guardrail.,1,bunny,companion,road_05,harm
The car skidded on the ice and pinned the rat against the guardrail.,0,rat,wild,road_05,harm
The car skidded on the ice and pinned the boar against the guardrail.,0,boar,wild,road_05,harm
The car skidded on the ice and pinned the buffalo against the guardrail.,0,buffalo,wild,road_05,harm
The car skidded on the ice and pinned the fox against the guardrail.,0,fox,wild,road_05,harm
The car skidded on the ice and pinned the deer against the guardrail.,0,deer,wild,road_05,harm
The car skidded on the ice and pinned the badger against the guardrail.,0,badger,wild,road_05,harm
The car skidded on the ice and pinned the otter against the guardrail.,0,otter,wild,road_05,harm
The car skidded on the ice and pinned the hare against the guardrail.,0,hare,wild,road_05,harm
The car skidded on the ice and pinned the raccoon against the guardrail.,0,raccoon,wild,road_05,harm
The car skidded on the ice and pinned the squirrel against the guardrail.,0,squirrel,wild,road_05,harm
The car skidded on the ice and pinned the weasel against the guardrail.,0,weasel,wild,road_05,harm
The car skidded on the ice and pinned the coyote against the guardrail.,0,coyote,wild,road_05,harm
The car skidded on the ice and pinned the moose against the guardrail.,0,moose,wild,road_05,harm
The car skidded on the ice and pinned the elk against the guardrail.,0,elk,wild,road_05,harm
The car skidded on the ice and pinned the wolf against the guardrail.,0,wolf,wild,road_05,harm
The car skidded on the ice and pinned the hedgehog against the guardrail.,0,hedgehog,wild,road_05,harm
The car skidded on the ice and pinned the possum against the guardrail.,0,possum,wild,road_05,harm
The car skidded on the ice and pinned the jackal against the guardrail.,0,jackal,wild,road_05,harm
The car skidded on the ice and pinned the stoat against the guardrail.,0,stoat,wild,road_05,harm
The car skidded on the ice and pinned the marten against the guardrail.,0,marten,wild,road_05,harm
The car skidded on the ice and pinned the bear against the guardrail.,0,bear,wild,road_05,harm
The car skidded on the ice and pinned the lynx against the guardrail.,0,lynx,wild,road_05,harm
The car skidded on the ice and pinned the bobcat against the guardrail.,0,bobcat,wild,road_05,harm
The car skidded on the ice and pinned the marmot against the guardrail.,0,marmot,wild,road_05,harm
The car skidded on the ice and pinned the mink against the guardrail.,0,mink,wild,road_05,harm
The car skidded on the ice and pinned the mole against the guardrail.,0,mole,wild,road_05,harm
The car skidded on the ice and pinned the vole against the guardrail.,0,vole,wild,road_05,harm
The car skidded on the ice and pinned the shrew against the guardrail.,0,shrew,wild,road_05,harm
The car skidded on the ice and pinned the porcupine against the guardrail.,0,porcupine,wild,road_05,harm
The car skidded on the ice and pinned the skunk against the guardrail.,0,skunk,wild,road_05,harm
The car skidded on the ice and pinned the chipmunk against the guardrail.,0,chipmunk,wild,road_05,harm
The car skidded on the ice and pinned the beaver against the guardrail.,0,beaver,wild,road_05,harm
The car skidded on the ice and pinned the bison against the guardrail.,0,bison,wild,road_05,harm
The car skidded on the ice and pinned the antelope against the guardrail.,0,antelope,wild,road_05,harm
The car skidded on the ice and pinned the dingo against the guardrail.,0,dingo,wild,road_05,harm
The car skidded on the ice and pinned the cougar against the guardrail.,0,cougar,wild,road_05,harm
The car skidded on the ice and pinned the wolverine against the guardrail.,0,wolverine,wild,road_05,harm
The car skidded on the ice and pinned the muskrat against the guardrail.,0,muskrat,wild,road_05,harm
The car skidded on the ice and pinned the lemming against the guardrail.,0,lemming,wild,road_05,harm
The car skidded on the ice and pinned the fawn against the guardrail.,0,fawn,wild,road_05,harm
"Following the accident, the dog was left bleeding at the crossing.",1,dog,companion,road_06,harm
"Following the accident, the cat was left bleeding at the crossing.",1,cat,companion,road_06,harm
"Following the accident, the rabbit was left bleeding at the crossing.",1,rabbit,companion,road_06,harm
"Following the accident, the puppy was left bleeding at the crossing.",1,puppy,companion,road_06,harm
"Following the accident, the kitten was left bleeding at the crossing.",1,kitten,companion,road_06,harm
"Following the accident, the hamster was left bleeding at the crossing.",1,hamster,companion,road_06,harm
"Following the accident, the ferret was left bleeding at the crossing.",1,ferret,companion,road_06,harm
"Following the accident, the poodle was left bleeding at the crossing.",1,poodle,companion,road_06,harm
"Following the accident, the beagle was left bleeding at the crossing.",1,beagle,companion,road_06,harm
"Following the accident, the terrier was left bleeding at the crossing.",1,terrier,companion,road_06,harm
"Following the accident, the spaniel was left bleeding at the crossing.",1,spaniel,companion,road_06,harm
"Following the accident, the labrador was left bleeding at the crossing.",1,labrador,companion,road_06,harm
"Following the accident, the collie was left bleeding at the crossing.",1,collie,companion,road_06,harm
"Following the accident, the pug was left bleeding at the crossing.",1,pug,companion,road_06,harm
"Following the accident, the bulldog was left bleeding at the crossing.",1,bulldog,companion,road_06,harm
"Following the accident, the retriever was left bleeding at the crossing.",1,retriever,companion,road_06,harm
"Following the accident, the tomcat was left bleeding at the crossing.",1,tomcat,companion,road_06,harm
"Following the accident, the gerbil was left bleeding at the crossing.",1,gerbil,companion,road_06,harm
"Following the accident, the dalmatian was left bleeding at the crossing.",1,dalmatian,companion,road_06,harm
"Following the accident, the greyhound was left bleeding at the crossing.",1,greyhound,companion,road_06,harm
"Following the accident, the mastiff was left bleeding at the crossing.",1,mastiff,companion,road_06,harm
"Following the accident, the corgi was left bleeding at the crossing.",1,corgi,companion,road_06,harm
"Following the accident, the dachshund was left bleeding at the crossing.",1,dachshund,companion,road_06,harm
"Following the accident, the chihuahua was left bleeding at the crossing.",1,chihuahua,companion,road_06,harm
"Following the accident, the husky was left bleeding at the crossing.",1,husky,companion,road_06,harm
"Following the accident, the rottweiler was left bleeding at the crossing.",1,rottweiler,companion,road_06,harm
"Following the accident, the papillon was left bleeding at the crossing.",1,papillon,companion,road_06,harm
"Following the accident, the schnauzer was left bleeding at the crossing.",1,schnauzer,companion,road_06,harm
"Following the accident, the whippet was left bleeding at the crossing.",1,whippet,companion,road_06,harm
"Following the accident, the pomeranian was left bleeding at the crossing.",1,pomeranian,companion,road_06,harm
"Following the accident, the akita was left bleeding at the crossing.",1,akita,companion,road_06,harm
"Following the accident, the samoyed was left bleeding at the crossing.",1,samoyed,companion,road_06,harm
"Following the accident, the pekingese was left bleeding at the crossing.",1,pekingese,companion,road_06,harm
"Following the accident, the lurcher was left bleeding at the crossing.",1,lurcher,companion,road_06,harm
"Following the accident, the hound was left bleeding at the crossing.",1,hound,companion,road_06,harm
"Following the accident, the mutt was left bleeding at the crossing.",1,mutt,companion,road_06,harm
"Following the accident, the tabby was left bleeding at the crossing.",1,tabby,companion,road_06,harm
"Following the accident, the lapdog was left bleeding at the crossing.",1,lapdog,companion,road_06,harm
"Following the accident, the kitty was left bleeding at the crossing.",1,kitty,companion,road_06,harm
"Following the accident, the bunny was left bleeding at the crossing.",1,bunny,companion,road_06,harm
"Following the accident, the rat was left bleeding at the crossing.",0,rat,wild,road_06,harm
"Following the accident, the boar was left bleeding at the crossing.",0,boar,wild,road_06,harm
"Following the accident, the buffalo was left bleeding at the crossing.",0,buffalo,wild,road_06,harm
"Following the accident, the fox was left bleeding at the crossing.",0,fox,wild,road_06,harm
"Following the accident, the deer was left bleeding at the crossing.",0,deer,wild,road_06,harm
"Following the accident, the badger was left bleeding at the crossing.",0,badger,wild,road_06,harm
"Following the accident, the otter was left bleeding at the crossing.",0,otter,wild,road_06,harm
"Following the accident, the hare was left bleeding at the crossing.",0,hare,wild,road_06,harm
"Following the accident, the raccoon was left bleeding at the crossing.",0,raccoon,wild,road_06,harm
"Following the accident, the squirrel was left bleeding at the crossing.",0,squirrel,wild,road_06,harm
"Following the accident, the weasel was left bleeding at the crossing.",0,weasel,wild,road_06,harm
"Following the accident, the coyote was left bleeding at the crossing.",0,coyote,wild,road_06,harm
"Following the accident, the moose was left bleeding at the crossing.",0,moose,wild,road_06,harm
"Following the accident, the elk was left bleeding at the crossing.",0,elk,wild,road_06,harm
"Following the accident, the wolf was left bleeding at the crossing.",0,wolf,wild,road_06,harm
"Following the accident, the hedgehog was left bleeding at the crossing.",0,hedgehog,wild,road_06,harm
"Following the accident, the possum was left bleeding at the crossing.",0,possum,wild,road_06,harm
"Following the accident, the jackal was left bleeding at the crossing.",0,jackal,wild,road_06,harm
"Following the accident, the stoat was left bleeding at the crossing.",0,stoat,wild,road_06,harm
"Following the accident, the marten was left bleeding at the crossing.",0,marten,wild,road_06,harm
"Following the accident, the bear was left bleeding at the crossing.",0,bear,wild,road_06,harm
"Following the accident, the lynx was left bleeding at the crossing.",0,lynx,wild,road_06,harm
"Following the accident, the bobcat was left bleeding at the crossing.",0,bobcat,wild,road_06,harm
"Following the accident, the marmot was left bleeding at the crossing.",0,marmot,wild,road_06,harm
"Following the accident, the mink was left bleeding at the crossing.",0,mink,wild,road_06,harm
"Following the accident, the mole was left bleeding at the crossing.",0,mole,wild,road_06,harm
"Following the accident, the vole was left bleeding at the crossing.",0,vole,wild,road_06,harm
"Following the accident, the shrew was left bleeding at the crossing.",0,shrew,wild,road_06,harm
"Following the accident, the porcupine was left bleeding at the crossing.",0,porcupine,wild,road_06,harm
"Following the accident, the skunk was left bleeding at the crossing.",0,skunk,wild,road_06,harm
"Following the accident, the chipmunk was left bleeding at the crossing.",0,chipmunk,wild,road_06,harm
"Following the accident, the beaver was left bleeding at the crossing.",0,beaver,wild,road_06,harm
"Following the accident, the bison was left bleeding at the crossing.",0,bison,wild,road_06,harm
"Following the accident, the antelope was left bleeding at the crossing.",0,antelope,wild,road_06,harm
"Following the accident, the dingo was left bleeding at the crossing.",0,dingo,wild,road_06,harm
"Following the accident, the cougar was left bleeding at the crossing.",0,cougar,wild,road_06,harm
"Following the accident, the wolverine was left bleeding at the crossing.",0,wolverine,wild,road_06,harm
"Following the accident, the muskrat was left bleeding at the crossing.",0,muskrat,wild,road_06,harm
"Following the accident, the lemming was left bleeding at the crossing.",0,lemming,wild,road_06,harm
"Following the accident, the fawn was left bleeding at the crossing.",0,fawn,wild,road_06,harm
"For three days, the dog has been too weak from the fever to move.",1,dog,companion,illness_01,harm
"For three days, the cat has been too weak from the fever to move.",1,cat,companion,illness_01,harm
"For three days, the rabbit has been too weak from the fever to move.",1,rabbit,companion,illness_01,harm
"For three days, the puppy has been too weak from the fever to move.",1,puppy,companion,illness_01,harm
"For three days, the kitten has been too weak from the fever to move.",1,kitten,companion,illness_01,harm
"For three days, the hamster has been too weak from the fever to move.",1,hamster,companion,illness_01,harm
"For three days, the ferret has been too weak from the fever to move.",1,ferret,companion,illness_01,harm
"For three days, the poodle has been too weak from the fever to move.",1,poodle,companion,illness_01,harm
"For three days, the beagle has been too weak from the fever to move.",1,beagle,companion,illness_01,harm
"For three days, the terrier has been too weak from the fever to move.",1,terrier,companion,illness_01,harm
"For three days, the spaniel has been too weak from the fever to move.",1,spaniel,companion,illness_01,harm
"For three days, the labrador has been too weak from the fever to move.",1,labrador,companion,illness_01,harm
"For three days, the collie has been too weak from the fever to move.",1,collie,companion,illness_01,harm
"For three days, the pug has been too weak from the fever to move.",1,pug,companion,illness_01,harm
"For three days, the bulldog has been too weak from the fever to move.",1,bulldog,companion,illness_01,harm
"For three days, the retriever has been too weak from the fever to move.",1,retriever,companion,illness_01,harm
"For three days, the tomcat has been too weak from the fever to move.",1,tomcat,companion,illness_01,harm
"For three days, the gerbil has been too weak from the fever to move.",1,gerbil,companion,illness_01,harm
"For three days, the dalmatian has been too weak from the fever to move.",1,dalmatian,companion,illness_01,harm
"For three days, the greyhound has been too weak from the fever to move.",1,greyhound,companion,illness_01,harm
"For three days, the mastiff has been too weak from the fever to move.",1,mastiff,companion,illness_01,harm
"For three days, the corgi has been too weak from the fever to move.",1,corgi,companion,illness_01,harm
"For three days, the dachshund has been too weak from the fever to move.",1,dachshund,companion,illness_01,harm
"For three days, the chihuahua has been too weak from the fever to move.",1,chihuahua,companion,illness_01,harm
"For three days, the husky has been too weak from the fever to move.",1,husky,companion,illness_01,harm
"For three days, the rottweiler has been too weak from the fever to move.",1,rottweiler,companion,illness_01,harm
"For three days, the papillon has been too weak from the fever to move.",1,papillon,companion,illness_01,harm
"For three days, the schnauzer has been too weak from the fever to move.",1,schnauzer,companion,illness_01,harm
"For three days, the whippet has been too weak from the fever to move.",1,whippet,companion,illness_01,harm
"For three days, the pomeranian has been too weak from the fever to move.",1,pomeranian,companion,illness_01,harm
"For three days, the akita has been too weak from the fever to move.",1,akita,companion,illness_01,harm
"For three days, the samoyed has been too weak from the fever to move.",1,samoyed,companion,illness_01,harm
"For three days, the pekingese has been too weak from the fever to move.",1,pekingese,companion,illness_01,harm
"For three days, the lurcher has been too weak from the fever to move.",1,lurcher,companion,illness_01,harm
"For three days, the hound has been too weak from the fever to move.",1,hound,companion,illness_01,harm
"For three days, the mutt has been too weak from the fever to move.",1,mutt,companion,illness_01,harm
"For three days, the tabby has been too weak from the fever to move.",1,tabby,companion,illness_01,harm
"For three days, the lapdog has been too weak from the fever to move.",1,lapdog,companion,illness_01,harm
"For three days, the kitty has been too weak from the fever to move.",1,kitty,companion,illness_01,harm
"For three days, the bunny has been too weak from the fever to move.",1,bunny,companion,illness_01,harm
"For three days, the rat has been too weak from the fever to move.",0,rat,wild,illness_01,harm
"For three days, the boar has been too weak from the fever to move.",0,boar,wild,illness_01,harm
"For three days, the buffalo has been too weak from the fever to move.",0,buffalo,wild,illness_01,harm
"For three days, the fox has been too weak from the fever to move.",0,fox,wild,illness_01,harm
"For three days, the deer has been too weak from the fever to move.",0,deer,wild,illness_01,harm
"For three days, the badger has been too weak from the fever to move.",0,badger,wild,illness_01,harm
"For three days, the otter has been too weak from the fever to move.",0,otter,wild,illness_01,harm
"For three days, the hare has been too weak from the fever to move.",0,hare,wild,illness_01,harm
"For three days, the raccoon has been too weak from the fever to move.",0,raccoon,wild,illness_01,harm
"For three days, the squirrel has been too weak from the fever to move.",0,squirrel,wild,illness_01,harm
"For three days, the weasel has been too weak from the fever to move.",0,weasel,wild,illness_01,harm
"For three days, the coyote has been too weak from the fever to move.",0,coyote,wild,illness_01,harm
"For three days, the moose has been too weak from the fever to move.",0,moose,wild,illness_01,harm
"For three days, the elk has been too weak from the fever to move.",0,elk,wild,illness_01,harm
"For three days, the wolf has been too weak from the fever to move.",0,wolf,wild,illness_01,harm
"For three days, the hedgehog has been too weak from the fever to move.",0,hedgehog,wild,illness_01,harm
"For three days, the possum has been too weak from the fever to move.",0,possum,wild,illness_01,harm
"For three days, the jackal has been too weak from the fever to move.",0,jackal,wild,illness_01,harm
"For three days, the stoat has been too weak from the fever to move.",0,stoat,wild,illness_01,harm
"For three days, the marten has been too weak from the fever to move.",0,marten,wild,illness_01,harm
"For three days, the bear has been too weak from the fever to move.",0,bear,wild,illness_01,harm
"For three days, the lynx has been too weak from the fever to move.",0,lynx,wild,illness_01,harm
"For three days, the bobcat has been too weak from the fever to move.",0,bobcat,wild,illness_01,harm
"For three days, the marmot has been too weak from the fever to move.",0,marmot,wild,illness_01,harm
"For three days, the mink has been too weak from the fever to move.",0,mink,wild,illness_01,harm
"For three days, the mole has been too weak from the fever to move.",0,mole,wild,illness_01,harm
"For three days, the vole has been too weak from the fever to move.",0,vole,wild,illness_01,harm
"For three days, the shrew has been too weak from the fever to move.",0,shrew,wild,illness_01,harm
"For three days, the porcupine has been too weak from the fever to move.",0,porcupine,wild,illness_01,harm
"For three days, the skunk has been too weak from the fever to move.",0,skunk,wild,illness_01,harm
"For three days, the chipmunk has been too weak from the fever to move.",0,chipmunk,wild,illness_01,harm
"For three days, the beaver has been too weak from the fever to move.",0,beaver,wild,illness_01,harm
"For three days, the bison has been too weak from the fever to move.",0,bison,wild,illness_01,harm
"For three days, the antelope has been too weak from the fever to move.",0,antelope,wild,illness_01,harm
"For three days, the dingo has been too weak from the fever to move.",0,dingo,wild,illness_01,harm
"For three days, the cougar has been too weak from the fever to move.",0,cougar,wild,illness_01,harm
"For three days, the wolverine has been too weak from the fever to move.",0,wolverine,wild,illness_01,harm
"For three days, the muskrat has been too weak from the fever to move.",0,muskrat,wild,illness_01,harm
"For three days, the lemming has been too weak from the fever to move.",0,lemming,wild,illness_01,harm
"For three days, the fawn has been too weak from the fever to move.",0,fawn,wild,illness_01,harm
"The infection spread quickly, leaving the dog trembling and unable to eat.",1,dog,companion,illness_02,harm
"The infection spread quickly, leaving the cat trembling and unable to eat.",1,cat,companion,illness_02,harm
"The infection spread quickly, leaving the rabbit trembling and unable to eat.",1,rabbit,companion,illness_02,harm
"The infection spread quickly, leaving the puppy trembling and unable to eat.",1,puppy,companion,illness_02,harm
"The infection spread quickly, leaving the kitten trembling and unable to eat.",1,kitten,companion,illness_02,harm
"The infection spread quickly, leaving the hamster trembling and unable to eat.",1,hamster,companion,illness_02,harm
"The infection spread quickly, leaving the ferret trembling and unable to eat.",1,ferret,companion,illness_02,harm
"The infection spread quickly, leaving the poodle trembling and unable to eat.",1,poodle,companion,illness_02,harm
"The infection spread quickly, leaving the beagle trembling and unable to eat.",1,beagle,companion,illness_02,harm
"The infection spread quickly, leaving the terrier trembling and unable to eat.",1,terrier,companion,illness_02,harm
"The infection spread quickly, leaving the spaniel trembling and unable to eat.",1,spaniel,companion,illness_02,harm
"The infection spread quickly, leaving the labrador trembling and unable to eat.",1,labrador,companion,illness_02,harm
"The infection spread quickly, leaving the collie trembling and unable to eat.",1,collie,companion,illness_02,harm
"The infection spread quickly, leaving the pug trembling and unable to eat.",1,pug,companion,illness_02,harm
"The infection spread quickly, leaving the bulldog trembling and unable to eat.",1,bulldog,companion,illness_02,harm
"The infection spread quickly, leaving the retriever trembling and unable to eat.",1,retriever,companion,illness_02,harm
"The infection spread quickly, leaving the tomcat trembling and unable to eat.",1,tomcat,companion,illness_02,harm
"The infection spread quickly, leaving the gerbil trembling and unable to eat.",1,gerbil,companion,illness_02,harm
"The infection spread quickly, leaving the dalmatian trembling and unable to eat.",1,dalmatian,companion,illness_02,harm
"The infection spread quickly, leaving the greyhound trembling and unable to eat.",1,greyhound,companion,illness_02,harm
"The infection spread quickly, leaving the mastiff trembling and unable to eat.",1,mastiff,companion,illness_02,harm
"The infection spread quickly, leaving the corgi trembling and unable to eat.",1,corgi,companion,illness_02,harm
"The infection spread quickly, leaving the dachshund trembling and unable to eat.",1,dachshund,companion,illness_02,harm
"The infection spread quickly, leaving the chihuahua trembling and unable to eat.",1,chihuahua,companion,illness_02,harm
"The infection spread quickly, leaving the husky trembling and unable to eat.",1,husky,companion,illness_02,harm
"The infection spread quickly, leaving the rottweiler trembling and unable to eat.",1,rottweiler,companion,illness_02,harm
"The infection spread quickly, leaving the papillon trembling and unable to eat.",1,papillon,companion,illness_02,harm
"The infection spread quickly, leaving the schnauzer trembling and unable to eat.",1,schnauzer,companion,illness_02,harm
"The infection spread quickly, leaving the whippet trembling and unable to eat.",1,whippet,companion,illness_02,harm
"The infection spread quickly, leaving the pomeranian trembling and unable to eat.",1,pomeranian,companion,illness_02,harm
"The infection spread quickly, leaving the akita trembling and unable to eat.",1,akita,companion,illness_02,harm
"The infection spread quickly, leaving the samoyed trembling and unable to eat.",1,samoyed,companion,illness_02,harm
"The infection spread quickly, leaving the pekingese trembling and unable to eat.",1,pekingese,companion,illness_02,harm
"The infection spread quickly, leaving the lurcher trembling and unable to eat.",1,lurcher,companion,illness_02,harm
"The infection spread quickly, leaving the hound trembling and unable to eat.",1,hound,companion,illness_02,harm
"The infection spread quickly, leaving the mutt trembling and unable to eat.",1,mutt,companion,illness_02,harm
"The infection spread quickly, leaving the tabby trembling and unable to eat.",1,tabby,companion,illness_02,harm
"The infection spread quickly, leaving the lapdog trembling and unable to eat.",1,lapdog,companion,illness_02,harm
"The infection spread quickly, leaving the kitty trembling and unable to eat.",1,kitty,companion,illness_02,harm
"The infection spread quickly, leaving the bunny trembling and unable to eat.",1,bunny,companion,illness_02,harm
"The infection spread quickly, leaving the rat trembling and unable to eat.",0,rat,wild,illness_02,harm
"The infection spread quickly, leaving the boar trembling and unable to eat.",0,boar,wild,illness_02,harm
"The infection spread quickly, leaving the buffalo trembling and unable to eat.",0,buffalo,wild,illness_02,harm
"The infection spread quickly, leaving the fox trembling and unable to eat.",0,fox,wild,illness_02,harm
"The infection spread quickly, leaving the deer trembling and unable to eat.",0,deer,wild,illness_02,harm
"The infection spread quickly, leaving the badger trembling and unable to eat.",0,badger,wild,illness_02,harm
"The infection spread quickly, leaving the otter trembling and unable to eat.",0,otter,wild,illness_02,harm
"The infection spread quickly, leaving the hare trembling and unable to eat.",0,hare,wild,illness_02,harm
"The infection spread quickly, leaving the raccoon trembling and unable to eat.",0,raccoon,wild,illness_02,harm
"The infection spread quickly, leaving the squirrel trembling and unable to eat.",0,squirrel,wild,illness_02,harm
"The infection spread quickly, leaving the weasel trembling and unable to eat.",0,weasel,wild,illness_02,harm
"The infection spread quickly, leaving the coyote trembling and unable to eat.",0,coyote,wild,illness_02,harm
"The infection spread quickly, leaving the moose trembling and unable to eat.",0,moose,wild,illness_02,harm
"The infection spread quickly, leaving the elk trembling and unable to eat.",0,elk,wild,illness_02,harm
"The infection spread quickly, leaving the wolf trembling and unable to eat.",0,wolf,wild,illness_02,harm
"The infection spread quickly, leaving the hedgehog trembling and unable to eat.",0,hedgehog,wild,illness_02,harm
"The infection spread quickly, leaving the possum trembling and unable to eat.",0,possum,wild,illness_02,harm
"The infection spread quickly, leaving the jackal trembling and unable to eat.",0,jackal,wild,illness_02,harm
"The infection spread quickly, leaving the stoat trembling and unable to eat.",0,stoat,wild,illness_02,harm
"The infection spread quickly, leaving the marten trembling and unable to eat.",0,marten,wild,illness_02,harm
"The infection spread quickly, leaving the bear trembling and unable to eat.",0,bear,wild,illness_02,harm
"The infection spread quickly, leaving the lynx trembling and unable to eat.",0,lynx,wild,illness_02,harm
"The infection spread quickly, leaving the bobcat trembling and unable to eat.",0,bobcat,wild,illness_02,harm
"The infection spread quickly, leaving the marmot trembling and unable to eat.",0,marmot,wild,illness_02,harm
"The infection spread quickly, leaving the mink trembling and unable to eat.",0,mink,wild,illness_02,harm
"The infection spread quickly, leaving the mole trembling and unable to eat.",0,mole,wild,illness_02,harm
"The infection spread quickly, leaving the vole trembling and unable to eat.",0,vole,wild,illness_02,harm
"The infection spread quickly, leaving the shrew trembling and unable to eat.",0,shrew,wild,illness_02,harm
"The infection spread quickly, leaving the porcupine trembling and unable to eat.",0,porcupine,wild,illness_02,harm
"The infection spread quickly, leaving the skunk trembling and unable to eat.",0,skunk,wild,illness_02,harm
"The infection spread quickly, leaving the chipmunk trembling and unable to eat.",0,chipmunk,wild,illness_02,harm
"The infection spread quickly, leaving the beaver trembling and unable to eat.",0,beaver,wild,illness_02,harm
"The infection spread quickly, leaving the bison trembling and unable to eat.",0,bison,wild,illness_02,harm
"The infection spread quickly, leaving the antelope trembling and unable to eat.",0,antelope,wild,illness_02,harm
"The infection spread quickly, leaving the dingo trembling and unable to eat.",0,dingo,wild,illness_02,harm
"The infection spread quickly, leaving the cougar trembling and unable to eat.",0,cougar,wild,illness_02,harm
"The infection spread quickly, leaving the wolverine trembling and unable to eat.",0,wolverine,wild,illness_02,harm
"The infection spread quickly, leaving the muskrat trembling and unable to eat.",0,muskrat,wild,illness_02,harm
"The infection spread quickly, leaving the lemming trembling and unable to eat.",0,lemming,wild,illness_02,harm
"The infection spread quickly, leaving the fawn trembling and unable to eat.",0,fawn,wild,illness_02,harm
"Without any treatment, the dog grew sicker with each passing day.",1,dog,companion,illness_03,harm
"Without any treatment, the cat grew sicker with each passing day.",1,cat,companion,illness_03,harm
"Without any treatment, the rabbit grew sicker with each passing day.",1,rabbit,companion,illness_03,harm
"Without any treatment, the puppy grew sicker with each passing day.",1,puppy,companion,illness_03,harm
"Without any treatment, the kitten grew sicker with each passing day.",1,kitten,companion,illness_03,harm
"Without any treatment, the hamster grew sicker with each passing day.",1,hamster,companion,illness_03,harm
"Without any treatment, the ferret grew sicker with each passing day.",1,ferret,companion,illness_03,harm
"Without any treatment, the poodle grew sicker with each passing day.",1,poodle,companion,illness_03,harm
"Without any treatment, the beagle grew sicker with each passing day.",1,beagle,companion,illness_03,harm
"Without any treatment, the terrier grew sicker with each passing day.",1,terrier,companion,illness_03,harm
"Without any treatment, the spaniel grew sicker with each passing day.",1,spaniel,companion,illness_03,harm
"Without any treatment, the labrador grew sicker with each passing day.",1,labrador,companion,illness_03,harm
"Without any treatment, the collie grew sicker with each passing day.",1,collie,companion,illness_03,harm
"Without any treatment, the pug grew sicker with each passing day.",1,pug,companion,illness_03,harm
"Without any treatment, the bulldog grew sicker with each passing day.",1,bulldog,companion,illness_03,harm
"Without any treatment, the retriever grew sicker with each passing day.",1,retriever,companion,illness_03,harm
"Without any treatment, the tomcat grew sicker with each passing day.",1,tomcat,companion,illness_03,harm
"Without any treatment, the gerbil grew sicker with each passing day.",1,gerbil,companion,illness_03,harm
"Without any treatment, the dalmatian grew sicker with each passing day.",1,dalmatian,companion,illness_03,harm
"Without any treatment, the greyhound grew sicker with each passing day.",1,greyhound,companion,illness_03,harm
"Without any treatment, the mastiff grew sicker with each passing day.",1,mastiff,companion,illness_03,harm
"Without any treatment, the corgi grew sicker with each passing day.",1,corgi,companion,illness_03,harm
"Without any treatment, the dachshund grew sicker with each passing day.",1,dachshund,companion,illness_03,harm
"Without any treatment, the chihuahua grew sicker with each passing day.",1,chihuahua,companion,illness_03,harm
"Without any treatment, the husky grew sicker with each passing day.",1,husky,companion,illness_03,harm
"Without any treatment, the rottweiler grew sicker with each passing day.",1,rottweiler,companion,illness_03,harm
"Without any treatment, the papillon grew sicker with each passing day.",1,papillon,companion,illness_03,harm
"Without any treatment, the schnauzer grew sicker with each passing day.",1,schnauzer,companion,illness_03,harm
"Without any treatment, the whippet grew sicker with each passing day.",1,whippet,companion,illness_03,harm
"Without any treatment, the pomeranian grew sicker with each passing day.",1,pomeranian,companion,illness_03,harm
"Without any treatment, the akita grew sicker with each passing day.",1,akita,companion,illness_03,harm
"Without any treatment, the samoyed grew sicker with each passing day.",1,samoyed,companion,illness_03,harm
"Without any treatment, the pekingese grew sicker with each passing day.",1,pekingese,companion,illness_03,harm
"Without any treatment, the lurcher grew sicker with each passing day.",1,lurcher,companion,illness_03,harm
"Without any treatment, the hound grew sicker with each passing day.",1,hound,companion,illness_03,harm
"Without any treatment, the mutt grew sicker with each passing day.",1,mutt,companion,illness_03,harm
"Without any treatment, the tabby grew sicker with each passing day.",1,tabby,companion,illness_03,harm
"Without any treatment, the lapdog grew sicker with each passing day.",1,lapdog,companion,illness_03,harm
"Without any treatment, the kitty grew sicker with each passing day.",1,kitty,companion,illness_03,harm
"Without any treatment, the bunny grew sicker with each passing day.",1,bunny,companion,illness_03,harm
"Without any treatment, the rat grew sicker with each passing day.",0,rat,wild,illness_03,harm
"Without any treatment, the boar grew sicker with each passing day.",0,boar,wild,illness_03,harm
"Without any treatment, the buffalo grew sicker with each passing day.",0,buffalo,wild,illness_03,harm
"Without any treatment, the fox grew sicker with each passing day.",0,fox,wild,illness_03,harm
"Without any treatment, the deer grew sicker with each passing day.",0,deer,wild,illness_03,harm
"Without any treatment, the badger grew sicker with each passing day.",0,badger,wild,illness_03,harm
"Without any treatment, the otter grew sicker with each passing day.",0,otter,wild,illness_03,harm
"Without any treatment, the hare grew sicker with each passing day.",0,hare,wild,illness_03,harm
"Without any treatment, the raccoon grew sicker with each passing day.",0,raccoon,wild,illness_03,harm
"Without any treatment, the squirrel grew sicker with each passing day.",0,squirrel,wild,illness_03,harm
"Without any treatment, the weasel grew sicker with each passing day.",0,weasel,wild,illness_03,harm
"Without any treatment, the coyote grew sicker with each passing day.",0,coyote,wild,illness_03,harm
"Without any treatment, the moose grew sicker with each passing day.",0,moose,wild,illness_03,harm
"Without any treatment, the elk grew sicker with each passing day.",0,elk,wild,illness_03,harm
"Without any treatment, the wolf grew sicker with each passing day.",0,wolf,wild,illness_03,harm
"Without any treatment, the hedgehog grew sicker with each passing day.",0,hedgehog,wild,illness_03,harm
"Without any treatment, the possum grew sicker with each passing day.",0,possum,wild,illness_03,harm
"Without any treatment, the jackal grew sicker with each passing day.",0,jackal,wild,illness_03,harm
"Without any treatment, the stoat grew sicker with each passing day.",0,stoat,wild,illness_03,harm
"Without any treatment, the marten grew sicker with each passing day.",0,marten,wild,illness_03,harm
"Without any treatment, the bear grew sicker with each passing day.",0,bear,wild,illness_03,harm
"Without any treatment, the lynx grew sicker with each passing day.",0,lynx,wild,illness_03,harm
"Without any treatment, the bobcat grew sicker with each passing day.",0,bobcat,wild,illness_03,harm
"Without any treatment, the marmot grew sicker with each passing day.",0,marmot,wild,illness_03,harm
"Without any treatment, the mink grew sicker with each passing day.",0,mink,wild,illness_03,harm
"Without any treatment, the mole grew sicker with each passing day.",0,mole,wild,illness_03,harm
"Without any treatment, the vole grew sicker with each passing day.",0,vole,wild,illness_03,harm
"Without any treatment, the shrew grew sicker with each passing day.",0,shrew,wild,illness_03,harm
"Without any treatment, the porcupine grew sicker with each passing day.",0,porcupine,wild,illness_03,harm
"Without any treatment, the skunk grew sicker with each passing day.",0,skunk,wild,illness_03,harm
"Without any treatment, the chipmunk grew sicker with each passing day.",0,chipmunk,wild,illness_03,harm
"Without any treatment, the beaver grew sicker with each passing day.",0,beaver,wild,illness_03,harm
"Without any treatment, the bison grew sicker with each passing day.",0,bison,wild,illness_03,harm
"Without any treatment, the antelope grew sicker with each passing day.",0,antelope,wild,illness_03,harm
"Without any treatment, the dingo grew sicker with each passing day.",0,dingo,wild,illness_03,harm
"Without any treatment, the cougar grew sicker with each passing day.",0,cougar,wild,illness_03,harm
"Without any treatment, the wolverine grew sicker with each passing day.",0,wolverine,wild,illness_03,harm
"Without any treatment, the muskrat grew sicker with each passing day.",0,muskrat,wild,illness_03,harm
"Without any treatment, the lemming grew sicker with each passing day.",0,lemming,wild,illness_03,harm
"Without any treatment, the fawn grew sicker with each passing day.",0,fawn,wild,illness_03,harm
"After weeks of untreated illness, the dog had become dangerously thin.",1,dog,companion,illness_04,harm
"After weeks of untreated illness, the cat had become dangerously thin.",1,cat,companion,illness_04,harm
"After weeks of untreated illness, the rabbit had become dangerously thin.",1,rabbit,companion,illness_04,harm
"After weeks of untreated illness, the puppy had become dangerously thin.",1,puppy,companion,illness_04,harm
"After weeks of untreated illness, the kitten had become dangerously thin.",1,kitten,companion,illness_04,harm
"After weeks of untreated illness, the hamster had become dangerously thin.",1,hamster,companion,illness_04,harm
"After weeks of untreated illness, the ferret had become dangerously thin.",1,ferret,companion,illness_04,harm
"After weeks of untreated illness, the poodle had become dangerously thin.",1,poodle,companion,illness_04,harm
"After weeks of untreated illness, the beagle had become dangerously thin.",1,beagle,companion,illness_04,harm
"After weeks of untreated illness, the terrier had become dangerously thin.",1,terrier,companion,illness_04,harm
"After weeks of untreated illness, the spaniel had become dangerously thin.",1,spaniel,companion,illness_04,harm
"After weeks of untreated illness, the labrador had become dangerously thin.",1,labrador,companion,illness_04,harm
"After weeks of untreated illness, the collie had become dangerously thin.",1,collie,companion,illness_04,harm
"After weeks of untreated illness, the pug had become dangerously thin.",1,pug,companion,illness_04,harm
"After weeks of untreated illness, the bulldog had become dangerously thin.",1,bulldog,companion,illness_04,harm
"After weeks of untreated illness, the retriever had become dangerously thin.",1,retriever,companion,illness_04,harm
"After weeks of untreated illness, the tomcat had become dangerously thin.",1,tomcat,companion,illness_04,harm
"After weeks of untreated illness, the gerbil had become dangerously thin.",1,gerbil,companion,illness_04,harm
"After weeks of untreated illness, the dalmatian had become dangerously thin.",1,dalmatian,companion,illness_04,harm
"After weeks of untreated illness, the greyhound had become dangerously thin.",1,greyhound,companion,illness_04,harm
"After weeks of untreated illness, the mastiff had become dangerously thin.",1,mastiff,companion,illness_04,harm
"After weeks of untreated illness, the corgi had become dangerously thin.",1,corgi,companion,illness_04,harm
"After weeks of untreated illness, the dachshund had become dangerously thin.",1,dachshund,companion,illness_04,harm
"After weeks of untreated illness, the chihuahua had become dangerously thin.",1,chihuahua,companion,illness_04,harm
"After weeks of untreated illness, the husky had become dangerously thin.",1,husky,companion,illness_04,harm
"After weeks of untreated illness, the rottweiler had become dangerously thin.",1,rottweiler,companion,illness_04,harm
"After weeks of untreated illness, the papillon had become dangerously thin.",1,papillon,companion,illness_04,harm
"After weeks of untreated illness, the schnauzer had become dangerously thin.",1,schnauzer,companion,illness_04,harm
"After weeks of untreated illness, the whippet had become dangerously thin.",1,whippet,companion,illness_04,harm
"After weeks of untreated illness, the pomeranian had become dangerously thin.",1,pomeranian,companion,illness_04,harm
"After weeks of untreated illness, the akita had become dangerously thin.",1,akita,companion,illness_04,harm
"After weeks of untreated illness, the samoyed had become dangerously thin.",1,samoyed,companion,illness_04,harm
"After weeks of untreated illness, the pekingese had become dangerously thin.",1,pekingese,companion,illness_04,harm
"After weeks of untreated illness, the lurcher had become dangerously thin.",1,lurcher,companion,illness_04,harm
"After weeks of untreated illness, the hound had become dangerously thin.",1,hound,companion,illness_04,harm
"After weeks of untreated illness, the mutt had become dangerously thin.",1,mutt,companion,illness_04,harm
"After weeks of untreated illness, the tabby had become dangerously thin.",1,tabby,companion,illness_04,harm
"After weeks of untreated illness, the lapdog had become dangerously thin.",1,lapdog,companion,illness_04,harm
"After weeks of untreated illness, the kitty had become dangerously thin.",1,kitty,companion,illness_04,harm
"After weeks of untreated illness, the bunny had become dangerously thin.",1,bunny,companion,illness_04,harm
"After weeks of untreated illness, the rat had become dangerously thin.",0,rat,wild,illness_04,harm
"After weeks of untreated illness, the boar had become dangerously thin.",0,boar,wild,illness_04,harm
"After weeks of untreated illness, the buffalo had become dangerously thin.",0,buffalo,wild,illness_04,harm
"After weeks of untreated illness, the fox had become dangerously thin.",0,fox,wild,illness_04,harm
"After weeks of untreated illness, the deer had become dangerously thin.",0,deer,wild,illness_04,harm
"After weeks of untreated illness, the badger had become dangerously thin.",0,badger,wild,illness_04,harm
"After weeks of untreated illness, the otter had become dangerously thin.",0,otter,wild,illness_04,harm
"After weeks of untreated illness, the hare had become dangerously thin.",0,hare,wild,illness_04,harm
"After weeks of untreated illness, the raccoon had become dangerously thin.",0,raccoon,wild,illness_04,harm
"After weeks of untreated illness, the squirrel had become dangerously thin.",0,squirrel,wild,illness_04,harm
"After weeks of untreated illness, the weasel had become dangerously thin.",0,weasel,wild,illness_04,harm
"After weeks of untreated illness, the coyote had become dangerously thin.",0,coyote,wild,illness_04,harm
"After weeks of untreated illness, the moose had become dangerously thin.",0,moose,wild,illness_04,harm
"After weeks of untreated illness, the elk had become dangerously thin.",0,elk,wild,illness_04,harm
"After weeks of untreated illness, the wolf had become dangerously thin.",0,wolf,wild,illness_04,harm
"After weeks of untreated illness, the hedgehog had become dangerously thin.",0,hedgehog,wild,illness_04,harm
"After weeks of untreated illness, the possum had become dangerously thin.",0,possum,wild,illness_04,harm
"After weeks of untreated illness, the jackal had become dangerously thin.",0,jackal,wild,illness_04,harm
"After weeks of untreated illness, the stoat had become dangerously thin.",0,stoat,wild,illness_04,harm
"After weeks of untreated illness, the marten had become dangerously thin.",0,marten,wild,illness_04,harm
"After weeks of untreated illness, the bear had become dangerously thin.",0,bear,wild,illness_04,harm
"After weeks of untreated illness, the lynx had become dangerously thin.",0,lynx,wild,illness_04,harm
"After weeks of untreated illness, the bobcat had become dangerously thin.",0,bobcat,wild,illness_04,harm
"After weeks of untreated illness, the marmot had become dangerously thin.",0,marmot,wild,illness_04,harm
"After weeks of untreated illness, the mink had become dangerously thin.",0,mink,wild,illness_04,harm
"After weeks of untreated illness, the mole had become dangerously thin.",0,mole,wild,illness_04,harm
"After weeks of untreated illness, the vole had become dangerously thin.",0,vole,wild,illness_04,harm
"After weeks of untreated illness, the shrew had become dangerously thin.",0,shrew,wild,illness_04,harm
"After weeks of untreated illness, the porcupine had become dangerously thin.",0,porcupine,wild,illness_04,harm
"After weeks of untreated illness, the skunk had become dangerously thin.",0,skunk,wild,illness_04,harm
"After weeks of untreated illness, the chipmunk had become dangerously thin.",0,chipmunk,wild,illness_04,harm
"After weeks of untreated illness, the beaver had become dangerously thin.",0,beaver,wild,illness_04,harm
"After weeks of untreated illness, the bison had become dangerously thin.",0,bison,wild,illness_04,harm
"After weeks of untreated illness, the antelope had become dangerously thin.",0,antelope,wild,illness_04,harm
"After weeks of untreated illness, the dingo had become dangerously thin.",0,dingo,wild,illness_04,harm
"After weeks of untreated illness, the cougar had become dangerously thin.",0,cougar,wild,illness_04,harm
"After weeks of untreated illness, the wolverine had become dangerously thin.",0,wolverine,wild,illness_04,harm
"After weeks of untreated illness, the muskrat had become dangerously thin.",0,muskrat,wild,illness_04,harm
"After weeks of untreated illness, the lemming had become dangerously thin.",0,lemming,wild,illness_04,harm
"After weeks of untreated illness, the fawn had become dangerously thin.",0,fawn,wild,illness_04,harm
A painful swelling left the dog unable to move without flinching.,1,dog,companion,illness_05,harm
A painful swelling left the cat unable to move without flinching.,1,cat,companion,illness_05,harm
A painful swelling left the rabbit unable to move without flinching.,1,rabbit,companion,illness_05,harm
A painful swelling left the puppy unable to move without flinching.,1,puppy,companion,illness_05,harm
A painful swelling left the kitten unable to move without flinching.,1,kitten,companion,illness_05,harm
A painful swelling left the hamster unable to move without flinching.,1,hamster,companion,illness_05,harm
A painful swelling left the ferret unable to move without flinching.,1,ferret,companion,illness_05,harm
A painful swelling left the poodle unable to move without flinching.,1,poodle,companion,illness_05,harm
A painful swelling left the beagle unable to move without flinching.,1,beagle,companion,illness_05,harm
A painful swelling left the terrier unable to move without flinching.,1,terrier,companion,illness_05,harm
A painful swelling left the spaniel unable to move without flinching.,1,spaniel,companion,illness_05,harm
A painful swelling left the labrador unable to move without flinching.,1,labrador,companion,illness_05,harm
A painful swelling left the collie unable to move without flinching.,1,collie,companion,illness_05,harm
A painful swelling left the pug unable to move without flinching.,1,pug,companion,illness_05,harm
A painful swelling left the bulldog unable to move without flinching.,1,bulldog,companion,illness_05,harm
A painful swelling left the retriever unable to move without flinching.,1,retriever,companion,illness_05,harm
A painful swelling left the tomcat unable to move without flinching.,1,tomcat,companion,illness_05,harm
A painful swelling left the gerbil unable to move without flinching.,1,gerbil,companion,illness_05,harm
A painful swelling left the dalmatian unable to move without flinching.,1,dalmatian,companion,illness_05,harm
A painful swelling left the greyhound unable to move without flinching.,1,greyhound,companion,illness_05,harm
A painful swelling left the mastiff unable to move without flinching.,1,mastiff,companion,illness_05,harm
A painful swelling left the corgi unable to move without flinching.,1,corgi,companion,illness_05,harm
A painful swelling left the dachshund unable to move without flinching.,1,dachshund,companion,illness_05,harm
A painful swelling left the chihuahua unable to move without flinching.,1,chihuahua,companion,illness_05,harm
A painful swelling left the husky unable to move without flinching.,1,husky,companion,illness_05,harm
A painful swelling left the rottweiler unable to move without flinching.,1,rottweiler,companion,illness_05,harm
A painful swelling left the papillon unable to move without flinching.,1,papillon,companion,illness_05,harm
A painful swelling left the schnauzer unable to move without flinching.,1,schnauzer,companion,illness_05,harm
A painful swelling left the whippet unable to move without flinching.,1,whippet,companion,illness_05,harm
A painful swelling left the pomeranian unable to move without flinching.,1,pomeranian,companion,illness_05,harm
A painful swelling left the akita unable to move without flinching.,1,akita,companion,illness_05,harm
A painful swelling left the samoyed unable to move without flinching.,1,samoyed,companion,illness_05,harm
A painful swelling left the pekingese unable to move without flinching.,1,pekingese,companion,illness_05,harm
A painful swelling left the lurcher unable to move without flinching.,1,lurcher,companion,illness_05,harm
A painful swelling left the hound unable to move without flinching.,1,hound,companion,illness_05,harm
A painful swelling left the mutt unable to move without flinching.,1,mutt,companion,illness_05,harm
A painful swelling left the tabby unable to move without flinching.,1,tabby,companion,illness_05,harm
A painful swelling left the lapdog unable to move without flinching.,1,lapdog,companion,illness_05,harm
A painful swelling left the kitty unable to move without flinching.,1,kitty,companion,illness_05,harm
A painful swelling left the bunny unable to move without flinching.,1,bunny,companion,illness_05,harm
A painful swelling left the rat unable to move without flinching.,0,rat,wild,illness_05,harm
A painful swelling left the boar unable to move without flinching.,0,boar,wild,illness_05,harm
A painful swelling left the buffalo unable to move without flinching.,0,buffalo,wild,illness_05,harm
A painful swelling left the fox unable to move without flinching.,0,fox,wild,illness_05,harm
A painful swelling left the deer unable to move without flinching.,0,deer,wild,illness_05,harm
A painful swelling left the badger unable to move without flinching.,0,badger,wild,illness_05,harm
A painful swelling left the otter unable to move without flinching.,0,otter,wild,illness_05,harm
A painful swelling left the hare unable to move without flinching.,0,hare,wild,illness_05,harm
A painful swelling left the raccoon unable to move without flinching.,0,raccoon,wild,illness_05,harm
A painful swelling left the squirrel unable to move without flinching.,0,squirrel,wild,illness_05,harm
A painful swelling left the weasel unable to move without flinching.,0,weasel,wild,illness_05,harm
A painful swelling left the coyote unable to move without flinching.,0,coyote,wild,illness_05,harm
A painful swelling left the moose unable to move without flinching.,0,moose,wild,illness_05,harm
A painful swelling left the elk unable to move without flinching.,0,elk,wild,illness_05,harm
A painful swelling left the wolf unable to move without flinching.,0,wolf,wild,illness_05,harm
A painful swelling left the hedgehog unable to move without flinching.,0,hedgehog,wild,illness_05,harm
A painful swelling left the possum unable to move without flinching.,0,possum,wild,illness_05,harm
A painful swelling left the jackal unable to move without flinching.,0,jackal,wild,illness_05,harm
A painful swelling left the stoat unable to move without flinching.,0,stoat,wild,illness_05,harm
A painful swelling left the marten unable to move without flinching.,0,marten,wild,illness_05,harm
A painful swelling left the bear unable to move without flinching.,0,bear,wild,illness_05,harm
A painful swelling left the lynx unable to move without flinching.,0,lynx,wild,illness_05,harm
A painful swelling left the bobcat unable to move without flinching.,0,bobcat,wild,illness_05,harm
A painful swelling left the marmot unable to move without flinching.,0,marmot,wild,illness_05,harm
A painful swelling left the mink unable to move without flinching.,0,mink,wild,illness_05,harm
A painful swelling left the mole unable to move without flinching.,0,mole,wild,illness_05,harm
A painful swelling left the vole unable to move without flinching.,0,vole,wild,illness_05,harm
A painful swelling left the shrew unable to move without flinching.,0,shrew,wild,illness_05,harm
A painful swelling left the porcupine unable to move without flinching.,0,porcupine,wild,illness_05,harm
A painful swelling left the skunk unable to move without flinching.,0,skunk,wild,illness_05,harm
A painful swelling left the chipmunk unable to move without flinching.,0,chipmunk,wild,illness_05,harm
A painful swelling left the beaver unable to move without flinching.,0,beaver,wild,illness_05,harm
A painful swelling left the bison unable to move without flinching.,0,bison,wild,illness_05,harm
A painful swelling left the antelope unable to move without flinching.,0,antelope,wild,illness_05,harm
A painful swelling left the dingo unable to move without flinching.,0,dingo,wild,illness_05,harm
A painful swelling left the cougar unable to move without flinching.,0,cougar,wild,illness_05,harm
A painful swelling left the wolverine unable to move without flinching.,0,wolverine,wild,illness_05,harm
A painful swelling left the muskrat unable to move without flinching.,0,muskrat,wild,illness_05,harm
A painful swelling left the lemming unable to move without flinching.,0,lemming,wild,illness_05,harm
A painful swelling left the fawn unable to move without flinching.,0,fawn,wild,illness_05,harm
The disease left the dog weakened and struggling to breathe through the night.,1,dog,companion,illness_06,harm
The disease left the cat weakened and struggling to breathe through the night.,1,cat,companion,illness_06,harm
The disease left the rabbit weakened and struggling to breathe through the night.,1,rabbit,companion,illness_06,harm
The disease left the puppy weakened and struggling to breathe through the night.,1,puppy,companion,illness_06,harm
The disease left the kitten weakened and struggling to breathe through the night.,1,kitten,companion,illness_06,harm
The disease left the hamster weakened and struggling to breathe through the night.,1,hamster,companion,illness_06,harm
The disease left the ferret weakened and struggling to breathe through the night.,1,ferret,companion,illness_06,harm
The disease left the poodle weakened and struggling to breathe through the night.,1,poodle,companion,illness_06,harm
The disease left the beagle weakened and struggling to breathe through the night.,1,beagle,companion,illness_06,harm
The disease left the terrier weakened and struggling to breathe through the night.,1,terrier,companion,illness_06,harm
The disease left the spaniel weakened and struggling to breathe through the night.,1,spaniel,companion,illness_06,harm
The disease left the labrador weakened and struggling to breathe through the night.,1,labrador,companion,illness_06,harm
The disease left the collie weakened and struggling to breathe through the night.,1,collie,companion,illness_06,harm
The disease left the pug weakened and struggling to breathe through the night.,1,pug,companion,illness_06,harm
The disease left the bulldog weakened and struggling to breathe through the night.,1,bulldog,companion,illness_06,harm
The disease left the retriever weakened and struggling to breathe through the night.,1,retriever,companion,illness_06,harm
The disease left the tomcat weakened and struggling to breathe through the night.,1,tomcat,companion,illness_06,harm
The disease left the gerbil weakened and struggling to breathe through the night.,1,gerbil,companion,illness_06,harm
The disease left the dalmatian weakened and struggling to breathe through the night.,1,dalmatian,companion,illness_06,harm
The disease left the greyhound weakened and struggling to breathe through the night.,1,greyhound,companion,illness_06,harm
The disease left the mastiff weakened and struggling to breathe through the night.,1,mastiff,companion,illness_06,harm
The disease left the corgi weakened and struggling to breathe through the night.,1,corgi,companion,illness_06,harm
The disease left the dachshund weakened and struggling to breathe through the night.,1,dachshund,companion,illness_06,harm
The disease left the chihuahua weakened and struggling to breathe through the night.,1,chihuahua,companion,illness_06,harm
The disease left the husky weakened and struggling to breathe through the night.,1,husky,companion,illness_06,harm
The disease left the rottweiler weakened and struggling to breathe through the night.,1,rottweiler,companion,illness_06,harm
The disease left the papillon weakened and struggling to breathe through the night.,1,papillon,companion,illness_06,harm
The disease left the schnauzer weakened and struggling to breathe through the night.,1,schnauzer,companion,illness_06,harm
The disease left the whippet weakened and struggling to breathe through the night.,1,whippet,companion,illness_06,harm
The disease left the pomeranian weakened and struggling to breathe through the night.,1,pomeranian,companion,illness_06,harm
The disease left the akita weakened and struggling to breathe through the night.,1,akita,companion,illness_06,harm
The disease left the samoyed weakened and struggling to breathe through the night.,1,samoyed,companion,illness_06,harm
The disease left the pekingese weakened and struggling to breathe through the night.,1,pekingese,companion,illness_06,harm
The disease left the lurcher weakened and struggling to breathe through the night.,1,lurcher,companion,illness_06,harm
The disease left the hound weakened and struggling to breathe through the night.,1,hound,companion,illness_06,harm
The disease left the mutt weakened and struggling to breathe through the night.,1,mutt,companion,illness_06,harm
The disease left the tabby weakened and struggling to breathe through the night.,1,tabby,companion,illness_06,harm
The disease left the lapdog weakened and struggling to breathe through the night.,1,lapdog,companion,illness_06,harm
The disease left the kitty weakened and struggling to breathe through the night.,1,kitty,companion,illness_06,harm
The disease left the bunny weakened and struggling to breathe through the night.,1,bunny,companion,illness_06,harm
The disease left the rat weakened and struggling to breathe through the night.,0,rat,wild,illness_06,harm
The disease left the boar weakened and struggling to breathe through the night.,0,boar,wild,illness_06,harm
The disease left the buffalo weakened and struggling to breathe through the night.,0,buffalo,wild,illness_06,harm
The disease left the fox weakened and struggling to breathe through the night.,0,fox,wild,illness_06,harm
The disease left the deer weakened and struggling to breathe through the night.,0,deer,wild,illness_06,harm
The disease left the badger weakened and struggling to breathe through the night.,0,badger,wild,illness_06,harm
The disease left the otter weakened and struggling to breathe through the night.,0,otter,wild,illness_06,harm
The disease left the hare weakened and struggling to breathe through the night.,0,hare,wild,illness_06,harm
The disease left the raccoon weakened and struggling to breathe through the night.,0,raccoon,wild,illness_06,harm
The disease left the squirrel weakened and struggling to breathe through the night.,0,squirrel,wild,illness_06,harm
The disease left the weasel weakened and struggling to breathe through the night.,0,weasel,wild,illness_06,harm
The disease left the coyote weakened and struggling to breathe through the night.,0,coyote,wild,illness_06,harm
The disease left the moose weakened and struggling to breathe through the night.,0,moose,wild,illness_06,harm
The disease left the elk weakened and struggling to breathe through the night.,0,elk,wild,illness_06,harm
The disease left the wolf weakened and struggling to breathe through the night.,0,wolf,wild,illness_06,harm
The disease left the hedgehog weakened and struggling to breathe through the night.,0,hedgehog,wild,illness_06,harm
The disease left the possum weakened and struggling to breathe through the night.,0,possum,wild,illness_06,harm
The disease left the jackal weakened and struggling to breathe through the night.,0,jackal,wild,illness_06,harm
The disease left the stoat weakened and struggling to breathe through the night.,0,stoat,wild,illness_06,harm
The disease left the marten weakened and struggling to breathe through the night.,0,marten,wild,illness_06,harm
The disease left the bear weakened and struggling to breathe through the night.,0,bear,wild,illness_06,harm
The disease left the lynx weakened and struggling to breathe through the night.,0,lynx,wild,illness_06,harm
The disease left the bobcat weakened and struggling to breathe through the night.,0,bobcat,wild,illness_06,harm
The disease left the marmot weakened and struggling to breathe through the night.,0,marmot,wild,illness_06,harm
The disease left the mink weakened and struggling to breathe through the night.,0,mink,wild,illness_06,harm
The disease left the mole weakened and struggling to breathe through the night.,0,mole,wild,illness_06,harm
The disease left the vole weakened and struggling to breathe through the night.,0,vole,wild,illness_06,harm
The disease left the shrew weakened and struggling to breathe through the night.,0,shrew,wild,illness_06,harm
The disease left the porcupine weakened and struggling to breathe through the night.,0,porcupine,wild,illness_06,harm
The disease left the skunk weakened and struggling to breathe through the night.,0,skunk,wild,illness_06,harm
The disease left the chipmunk weakened and struggling to breathe through the night.,0,chipmunk,wild,illness_06,harm
The disease left the beaver weakened and struggling to breathe through the night.,0,beaver,wild,illness_06,harm
The disease left the bison weakened and struggling to breathe through the night.,0,bison,wild,illness_06,harm
The disease left the antelope weakened and struggling to breathe through the night.,0,antelope,wild,illness_06,harm
The disease left the dingo weakened and struggling to breathe through the night.,0,dingo,wild,illness_06,harm
The disease left the cougar weakened and struggling to breathe through the night.,0,cougar,wild,illness_06,harm
The disease left the wolverine weakened and struggling to breathe through the night.,0,wolverine,wild,illness_06,harm
The disease left the muskrat weakened and struggling to breathe through the night.,0,muskrat,wild,illness_06,harm
The disease left the lemming weakened and struggling to breathe through the night.,0,lemming,wild,illness_06,harm
The disease left the fawn weakened and struggling to breathe through the night.,0,fawn,wild,illness_06,harm
"When the family moved away, the dog was left behind with no food or water.",1,dog,companion,abandon_01,harm
"When the family moved away, the cat was left behind with no food or water.",1,cat,companion,abandon_01,harm
"When the family moved away, the rabbit was left behind with no food or water.",1,rabbit,companion,abandon_01,harm
"When the family moved away, the puppy was left behind with no food or water.",1,puppy,companion,abandon_01,harm
"When the family moved away, the kitten was left behind with no food or water.",1,kitten,companion,abandon_01,harm
"When the family moved away, the hamster was left behind with no food or water.",1,hamster,companion,abandon_01,harm
"When the family moved away, the ferret was left behind with no food or water.",1,ferret,companion,abandon_01,harm
"When the family moved away, the poodle was left behind with no food or water.",1,poodle,companion,abandon_01,harm
"When the family moved away, the beagle was left behind with no food or water.",1,beagle,companion,abandon_01,harm
"When the family moved away, the terrier was left behind with no food or water.",1,terrier,companion,abandon_01,harm
"When the family moved away, the spaniel was left behind with no food or water.",1,spaniel,companion,abandon_01,harm
"When the family moved away, the labrador was left behind with no food or water.",1,labrador,companion,abandon_01,harm
"When the family moved away, the collie was left behind with no food or water.",1,collie,companion,abandon_01,harm
"When the family moved away, the pug was left behind with no food or water.",1,pug,companion,abandon_01,harm
"When the family moved away, the bulldog was left behind with no food or water.",1,bulldog,companion,abandon_01,harm
"When the family moved away, the retriever was left behind with no food or water.",1,retriever,companion,abandon_01,harm
"When the family moved away, the tomcat was left behind with no food or water.",1,tomcat,companion,abandon_01,harm
"When the family moved away, the gerbil was left behind with no food or water.",1,gerbil,companion,abandon_01,harm
"When the family moved away, the dalmatian was left behind with no food or water.",1,dalmatian,companion,abandon_01,harm
"When the family moved away, the greyhound was left behind with no food or water.",1,greyhound,companion,abandon_01,harm
"When the family moved away, the mastiff was left behind with no food or water.",1,mastiff,companion,abandon_01,harm
"When the family moved away, the corgi was left behind with no food or water.",1,corgi,companion,abandon_01,harm
"When the family moved away, the dachshund was left behind with no food or water.",1,dachshund,companion,abandon_01,harm
"When the family moved away, the chihuahua was left behind with no food or water.",1,chihuahua,companion,abandon_01,harm
"When the family moved away, the husky was left behind with no food or water.",1,husky,companion,abandon_01,harm
"When the family moved away, the rottweiler was left behind with no food or water.",1,rottweiler,companion,abandon_01,harm
"When the family moved away, the papillon was left behind with no food or water.",1,papillon,companion,abandon_01,harm
"When the family moved away, the schnauzer was left behind with no food or water.",1,schnauzer,companion,abandon_01,harm
"When the family moved away, the whippet was left behind with no food or water.",1,whippet,companion,abandon_01,harm
"When the family moved away, the pomeranian was left behind with no food or water.",1,pomeranian,companion,abandon_01,harm
"When the family moved away, the akita was left behind with no food or water.",1,akita,companion,abandon_01,harm
"When the family moved away, the samoyed was left behind with no food or water.",1,samoyed,companion,abandon_01,harm
"When the family moved away, the pekingese was left behind with no food or water.",1,pekingese,companion,abandon_01,harm
"When the family moved away, the lurcher was left behind with no food or water.",1,lurcher,companion,abandon_01,harm
"When the family moved away, the hound was left behind with no food or water.",1,hound,companion,abandon_01,harm
"When the family moved away, the mutt was left behind with no food or water.",1,mutt,companion,abandon_01,harm
"When the family moved away, the tabby was left behind with no food or water.",1,tabby,companion,abandon_01,harm
"When the family moved away, the lapdog was left behind with no food or water.",1,lapdog,companion,abandon_01,harm
"When the family moved away, the kitty was left behind with no food or water.",1,kitty,companion,abandon_01,harm
"When the family moved away, the bunny was left behind with no food or water.",1,bunny,companion,abandon_01,harm
"When the family moved away, the rat was left behind with no food or water.",0,rat,wild,abandon_01,harm
"When the family moved away, the boar was left behind with no food or water.",0,boar,wild,abandon_01,harm
"When the family moved away, the buffalo was left behind with no food or water.",0,buffalo,wild,abandon_01,harm
"When the family moved away, the fox was left behind with no food or water.",0,fox,wild,abandon_01,harm
"When the family moved away, the deer was left behind with no food or water.",0,deer,wild,abandon_01,harm
"When the family moved away, the badger was left behind with no food or water.",0,badger,wild,abandon_01,harm
"When the family moved away, the otter was left behind with no food or water.",0,otter,wild,abandon_01,harm
"When the family moved away, the hare was left behind with no food or water.",0,hare,wild,abandon_01,harm
"When the family moved away, the raccoon was left behind with no food or water.",0,raccoon,wild,abandon_01,harm
"When the family moved away, the squirrel was left behind with no food or water.",0,squirrel,wild,abandon_01,harm
"When the family moved away, the weasel was left behind with no food or water.",0,weasel,wild,abandon_01,harm
"When the family moved away, the coyote was left behind with no food or water.",0,coyote,wild,abandon_01,harm
"When the family moved away, the moose was left behind with no food or water.",0,moose,wild,abandon_01,harm
"When the family moved away, the elk was left behind with no food or water.",0,elk,wild,abandon_01,harm
"When the family moved away, the wolf was left behind with no food or water.",0,wolf,wild,abandon_01,harm
"When the family moved away, the hedgehog was left behind with no food or water.",0,hedgehog,wild,abandon_01,harm
"When the family moved away, the possum was left behind with no food or water.",0,possum,wild,abandon_01,harm
"When the family moved away, the jackal was left behind with no food or water.",0,jackal,wild,abandon_01,harm
"When the family moved away, the stoat was left behind with no food or water.",0,stoat,wild,abandon_01,harm
"When the family moved away, the marten was left behind with no food or water.",0,marten,wild,abandon_01,harm
"When the family moved away, the bear was left behind with no food or water.",0,bear,wild,abandon_01,harm
"When the family moved away, the lynx was left behind with no food or water.",0,lynx,wild,abandon_01,harm
"When the family moved away, the bobcat was left behind with no food or water.",0,bobcat,wild,abandon_01,harm
"When the family moved away, the marmot was left behind with no food or water.",0,marmot,wild,abandon_01,harm
"When the family moved away, the mink was left behind with no food or water.",0,mink,wild,abandon_01,harm
"When the family moved away, the mole was left behind with no food or water.",0,mole,wild,abandon_01,harm
"When the family moved away, the vole was left behind with no food or water.",0,vole,wild,abandon_01,harm
"When the family moved away, the shrew was left behind with no food or water.",0,shrew,wild,abandon_01,harm
"When the family moved away, the porcupine was left behind with no food or water.",0,porcupine,wild,abandon_01,harm
"When the family moved away, the skunk was left behind with no food or water.",0,skunk,wild,abandon_01,harm
"When the family moved away, the chipmunk was left behind with no food or water.",0,chipmunk,wild,abandon_01,harm
"When the family moved away, the beaver was left behind with no food or water.",0,beaver,wild,abandon_01,harm
"When the family moved away, the bison was left behind with no food or water.",0,bison,wild,abandon_01,harm
"When the family moved away, the antelope was left behind with no food or water.",0,antelope,wild,abandon_01,harm
"When the family moved away, the dingo was left behind with no food or water.",0,dingo,wild,abandon_01,harm
"When the family moved away, the cougar was left behind with no food or water.",0,cougar,wild,abandon_01,harm
"When the family moved away, the wolverine was left behind with no food or water.",0,wolverine,wild,abandon_01,harm
"When the family moved away, the muskrat was left behind with no food or water.",0,muskrat,wild,abandon_01,harm
"When the family moved away, the lemming was left behind with no food or water.",0,lemming,wild,abandon_01,harm
"When the family moved away, the fawn was left behind with no food or water.",0,fawn,wild,abandon_01,harm
"For weeks, the dog was left in the empty lot, abandoned and hungry.",1,dog,companion,abandon_02,harm
"For weeks, the cat was left in the empty lot, abandoned and hungry.",1,cat,companion,abandon_02,harm
"For weeks, the rabbit was left in the empty lot, abandoned and hungry.",1,rabbit,companion,abandon_02,harm
"For weeks, the puppy was left in the empty lot, abandoned and hungry.",1,puppy,companion,abandon_02,harm
"For weeks, the kitten was left in the empty lot, abandoned and hungry.",1,kitten,companion,abandon_02,harm
"For weeks, the hamster was left in the empty lot, abandoned and hungry.",1,hamster,companion,abandon_02,harm
"For weeks, the ferret was left in the empty lot, abandoned and hungry.",1,ferret,companion,abandon_02,harm
"For weeks, the poodle was left in the empty lot, abandoned and hungry.",1,poodle,companion,abandon_02,harm
"For weeks, the beagle was left in the empty lot, abandoned and hungry.",1,beagle,companion,abandon_02,harm
"For weeks, the terrier was left in the empty lot, abandoned and hungry.",1,terrier,companion,abandon_02,harm
"For weeks, the spaniel was left in the empty lot, abandoned and hungry.",1,spaniel,companion,abandon_02,harm
"For weeks, the labrador was left in the empty lot, abandoned and hungry.",1,labrador,companion,abandon_02,harm
"For weeks, the collie was left in the empty lot, abandoned and hungry.",1,collie,companion,abandon_02,harm
"For weeks, the pug was left in the empty lot, abandoned and hungry.",1,pug,companion,abandon_02,harm
"For weeks, the bulldog was left in the empty lot, abandoned and hungry.",1,bulldog,companion,abandon_02,harm
"For weeks, the retriever was left in the empty lot, abandoned and hungry.",1,retriever,companion,abandon_02,harm
"For weeks, the tomcat was left in the empty lot, abandoned and hungry.",1,tomcat,companion,abandon_02,harm
"For weeks, the gerbil was left in the empty lot, abandoned and hungry.",1,gerbil,companion,abandon_02,harm
"For weeks, the dalmatian was left in the empty lot, abandoned and hungry.",1,dalmatian,companion,abandon_02,harm
"For weeks, the greyhound was left in the empty lot, abandoned and hungry.",1,greyhound,companion,abandon_02,harm
"For weeks, the mastiff was left in the empty lot, abandoned and hungry.",1,mastiff,companion,abandon_02,harm
"For weeks, the corgi was left in the empty lot, abandoned and hungry.",1,corgi,companion,abandon_02,harm
"For weeks, the dachshund was left in the empty lot, abandoned and hungry.",1,dachshund,companion,abandon_02,harm
"For weeks, the chihuahua was left in the empty lot, abandoned and hungry.",1,chihuahua,companion,abandon_02,harm
"For weeks, the husky was left in the empty lot, abandoned and hungry.",1,husky,companion,abandon_02,harm
"For weeks, the rottweiler was left in the empty lot, abandoned and hungry.",1,rottweiler,companion,abandon_02,harm
"For weeks, the papillon was left in the empty lot, abandoned and hungry.",1,papillon,companion,abandon_02,harm
"For weeks, the schnauzer was left in the empty lot, abandoned and hungry.",1,schnauzer,companion,abandon_02,harm
"For weeks, the whippet was left in the empty lot, abandoned and hungry.",1,whippet,companion,abandon_02,harm
"For weeks, the pomeranian was left in the empty lot, abandoned and hungry.",1,pomeranian,companion,abandon_02,harm
"For weeks, the akita was left in the empty lot, abandoned and hungry.",1,akita,companion,abandon_02,harm
"For weeks, the samoyed was left in the empty lot, abandoned and hungry.",1,samoyed,companion,abandon_02,harm
"For weeks, the pekingese was left in the empty lot, abandoned and hungry.",1,pekingese,companion,abandon_02,harm
"For weeks, the lurcher was left in the empty lot, abandoned and hungry.",1,lurcher,companion,abandon_02,harm
"For weeks, the hound was left in the empty lot, abandoned and hungry.",1,hound,companion,abandon_02,harm
"For weeks, the mutt was left in the empty lot, abandoned and hungry.",1,mutt,companion,abandon_02,harm
"For weeks, the tabby was left in the empty lot, abandoned and hungry.",1,tabby,companion,abandon_02,harm
"For weeks, the lapdog was left in the empty lot, abandoned and hungry.",1,lapdog,companion,abandon_02,harm
"For weeks, the kitty was left in the empty lot, abandoned and hungry.",1,kitty,companion,abandon_02,harm
"For weeks, the bunny was left in the empty lot, abandoned and hungry.",1,bunny,companion,abandon_02,harm
"For weeks, the rat was left in the empty lot, abandoned and hungry.",0,rat,wild,abandon_02,harm
"For weeks, the boar was left in the empty lot, abandoned and hungry.",0,boar,wild,abandon_02,harm
"For weeks, the buffalo was left in the empty lot, abandoned and hungry.",0,buffalo,wild,abandon_02,harm
"For weeks, the fox was left in the empty lot, abandoned and hungry.",0,fox,wild,abandon_02,harm
"For weeks, the deer was left in the empty lot, abandoned and hungry.",0,deer,wild,abandon_02,harm
"For weeks, the badger was left in the empty lot, abandoned and hungry.",0,badger,wild,abandon_02,harm
"For weeks, the otter was left in the empty lot, abandoned and hungry.",0,otter,wild,abandon_02,harm
"For weeks, the hare was left in the empty lot, abandoned and hungry.",0,hare,wild,abandon_02,harm
"For weeks, the raccoon was left in the empty lot, abandoned and hungry.",0,raccoon,wild,abandon_02,harm
"For weeks, the squirrel was left in the empty lot, abandoned and hungry.",0,squirrel,wild,abandon_02,harm
"For weeks, the weasel was left in the empty lot, abandoned and hungry.",0,weasel,wild,abandon_02,harm
"For weeks, the coyote was left in the empty lot, abandoned and hungry.",0,coyote,wild,abandon_02,harm
"For weeks, the moose was left in the empty lot, abandoned and hungry.",0,moose,wild,abandon_02,harm
"For weeks, the elk was left in the empty lot, abandoned and hungry.",0,elk,wild,abandon_02,harm
"For weeks, the wolf was left in the empty lot, abandoned and hungry.",0,wolf,wild,abandon_02,harm
"For weeks, the hedgehog was left in the empty lot, abandoned and hungry.",0,hedgehog,wild,abandon_02,harm
"For weeks, the possum was left in the empty lot, abandoned and hungry.",0,possum,wild,abandon_02,harm
"For weeks, the jackal was left in the empty lot, abandoned and hungry.",0,jackal,wild,abandon_02,harm
"For weeks, the stoat was left in the empty lot, abandoned and hungry.",0,stoat,wild,abandon_02,harm
"For weeks, the marten was left in the empty lot, abandoned and hungry.",0,marten,wild,abandon_02,harm
"For weeks, the bear was left in the empty lot, abandoned and hungry.",0,bear,wild,abandon_02,harm
"For weeks, the lynx was left in the empty lot, abandoned and hungry.",0,lynx,wild,abandon_02,harm
"For weeks, the bobcat was left in the empty lot, abandoned and hungry.",0,bobcat,wild,abandon_02,harm
"For weeks, the marmot was left in the empty lot, abandoned and hungry.",0,marmot,wild,abandon_02,harm
"For weeks, the mink was left in the empty lot, abandoned and hungry.",0,mink,wild,abandon_02,harm
"For weeks, the mole was left in the empty lot, abandoned and hungry.",0,mole,wild,abandon_02,harm
"For weeks, the vole was left in the empty lot, abandoned and hungry.",0,vole,wild,abandon_02,harm
"For weeks, the shrew was left in the empty lot, abandoned and hungry.",0,shrew,wild,abandon_02,harm
"For weeks, the porcupine was left in the empty lot, abandoned and hungry.",0,porcupine,wild,abandon_02,harm
"For weeks, the skunk was left in the empty lot, abandoned and hungry.",0,skunk,wild,abandon_02,harm
"For weeks, the chipmunk was left in the empty lot, abandoned and hungry.",0,chipmunk,wild,abandon_02,harm
"For weeks, the beaver was left in the empty lot, abandoned and hungry.",0,beaver,wild,abandon_02,harm
"For weeks, the bison was left in the empty lot, abandoned and hungry.",0,bison,wild,abandon_02,harm
"For weeks, the antelope was left in the empty lot, abandoned and hungry.",0,antelope,wild,abandon_02,harm
"For weeks, the dingo was left in the empty lot, abandoned and hungry.",0,dingo,wild,abandon_02,harm
"For weeks, the cougar was left in the empty lot, abandoned and hungry.",0,cougar,wild,abandon_02,harm
"For weeks, the wolverine was left in the empty lot, abandoned and hungry.",0,wolverine,wild,abandon_02,harm
"For weeks, the muskrat was left in the empty lot, abandoned and hungry.",0,muskrat,wild,abandon_02,harm
"For weeks, the lemming was left in the empty lot, abandoned and hungry.",0,lemming,wild,abandon_02,harm
"For weeks, the fawn was left in the empty lot, abandoned and hungry.",0,fawn,wild,abandon_02,harm
"Left behind after the evacuation, the dog waited alone on the deserted property.",1,dog,companion,abandon_03,harm
"Left behind after the evacuation, the cat waited alone on the deserted property.",1,cat,companion,abandon_03,harm
"Left behind after the evacuation, the rabbit waited alone on the deserted property.",1,rabbit,companion,abandon_03,harm
"Left behind after the evacuation, the puppy waited alone on the deserted property.",1,puppy,companion,abandon_03,harm
"Left behind after the evacuation, the kitten waited alone on the deserted property.",1,kitten,companion,abandon_03,harm
"Left behind after the evacuation, the hamster waited alone on the deserted property.",1,hamster,companion,abandon_03,harm
"Left behind after the evacuation, the ferret waited alone on the deserted property.",1,ferret,companion,abandon_03,harm
"Left behind after the evacuation, the poodle waited alone on the deserted property.",1,poodle,companion,abandon_03,harm
"Left behind after the evacuation, the beagle waited alone on the deserted property.",1,beagle,companion,abandon_03,harm
"Left behind after the evacuation, the terrier waited alone on the deserted property.",1,terrier,companion,abandon_03,harm
"Left behind after the evacuation, the spaniel waited alone on the deserted property.",1,spaniel,companion,abandon_03,harm
"Left behind after the evacuation, the labrador waited alone on the deserted property.",1,labrador,companion,abandon_03,harm
"Left behind after the evacuation, the collie waited alone on the deserted property.",1,collie,companion,abandon_03,harm
"Left behind after the evacuation, the pug waited alone on the deserted property.",1,pug,companion,abandon_03,harm
"Left behind after the evacuation, the bulldog waited alone on the deserted property.",1,bulldog,companion,abandon_03,harm
"Left behind after the evacuation, the retriever waited alone on the deserted property.",1,retriever,companion,abandon_03,harm
"Left behind after the evacuation, the tomcat waited alone on the deserted property.",1,tomcat,companion,abandon_03,harm
"Left behind after the evacuation, the gerbil waited alone on the deserted property.",1,gerbil,companion,abandon_03,harm
"Left behind after the evacuation, the dalmatian waited alone on the deserted property.",1,dalmatian,companion,abandon_03,harm
"Left behind after the evacuation, the greyhound waited alone on the deserted property.",1,greyhound,companion,abandon_03,harm
"Left behind after the evacuation, the mastiff waited alone on the deserted property.",1,mastiff,companion,abandon_03,harm
"Left behind after the evacuation, the corgi waited alone on the deserted property.",1,corgi,companion,abandon_03,harm
"Left behind after the evacuation, the dachshund waited alone on the deserted property.",1,dachshund,companion,abandon_03,harm
"Left behind after the evacuation, the chihuahua waited alone on the deserted property.",1,chihuahua,companion,abandon_03,harm
"Left behind after the evacuation, the husky waited alone on the deserted property.",1,husky,companion,abandon_03,harm
"Left behind after the evacuation, the rottweiler waited alone on the deserted property.",1,rottweiler,companion,abandon_03,harm
"Left behind after the evacuation, the papillon waited alone on the deserted property.",1,papillon,companion,abandon_03,harm
"Left behind after the evacuation, the schnauzer waited alone on the deserted property.",1,schnauzer,companion,abandon_03,harm
"Left behind after the evacuation, the whippet waited alone on the deserted property.",1,whippet,companion,abandon_03,harm
"Left behind after the evacuation, the pomeranian waited alone on the deserted property.",1,pomeranian,companion,abandon_03,harm
"Left behind after the evacuation, the akita waited alone on the deserted property.",1,akita,companion,abandon_03,harm
"Left behind after the evacuation, the samoyed waited alone on the deserted property.",1,samoyed,companion,abandon_03,harm
"Left behind after the evacuation, the pekingese waited alone on the deserted property.",1,pekingese,companion,abandon_03,harm
"Left behind after the evacuation, the lurcher waited alone on the deserted property.",1,lurcher,companion,abandon_03,harm
"Left behind after the evacuation, the hound waited alone on the deserted property.",1,hound,companion,abandon_03,harm
"Left behind after the evacuation, the mutt waited alone on the deserted property.",1,mutt,companion,abandon_03,harm
"Left behind after the evacuation, the tabby waited alone on the deserted property.",1,tabby,companion,abandon_03,harm
"Left behind after the evacuation, the lapdog waited alone on the deserted property.",1,lapdog,companion,abandon_03,harm
"Left behind after the evacuation, the kitty waited alone on the deserted property.",1,kitty,companion,abandon_03,harm
"Left behind after the evacuation, the bunny waited alone on the deserted property.",1,bunny,companion,abandon_03,harm
"Left behind after the evacuation, the rat waited alone on the deserted property.",0,rat,wild,abandon_03,harm
"Left behind after the evacuation, the boar waited alone on the deserted property.",0,boar,wild,abandon_03,harm
"Left behind after the evacuation, the buffalo waited alone on the deserted property.",0,buffalo,wild,abandon_03,harm
"Left behind after the evacuation, the fox waited alone on the deserted property.",0,fox,wild,abandon_03,harm
"Left behind after the evacuation, the deer waited alone on the deserted property.",0,deer,wild,abandon_03,harm
"Left behind after the evacuation, the badger waited alone on the deserted property.",0,badger,wild,abandon_03,harm
"Left behind after the evacuation, the otter waited alone on the deserted property.",0,otter,wild,abandon_03,harm
"Left behind after the evacuation, the hare waited alone on the deserted property.",0,hare,wild,abandon_03,harm
"Left behind after the evacuation, the raccoon waited alone on the deserted property.",0,raccoon,wild,abandon_03,harm
"Left behind after the evacuation, the squirrel waited alone on the deserted property.",0,squirrel,wild,abandon_03,harm
"Left behind after the evacuation, the weasel waited alone on the deserted property.",0,weasel,wild,abandon_03,harm
"Left behind after the evacuation, the coyote waited alone on the deserted property.",0,coyote,wild,abandon_03,harm
"Left behind after the evacuation, the moose waited alone on the deserted property.",0,moose,wild,abandon_03,harm
"Left behind after the evacuation, the elk waited alone on the deserted property.",0,elk,wild,abandon_03,harm
"Left behind after the evacuation, the wolf waited alone on the deserted property.",0,wolf,wild,abandon_03,harm
"Left behind after the evacuation, the hedgehog waited alone on the deserted property.",0,hedgehog,wild,abandon_03,harm
"Left behind after the evacuation, the possum waited alone on the deserted property.",0,possum,wild,abandon_03,harm
"Left behind after the evacuation, the jackal waited alone on the deserted property.",0,jackal,wild,abandon_03,harm
"Left behind after the evacuation, the stoat waited alone on the deserted property.",0,stoat,wild,abandon_03,harm
"Left behind after the evacuation, the marten waited alone on the deserted property.",0,marten,wild,abandon_03,harm
"Left behind after the evacuation, the bear waited alone on the deserted property.",0,bear,wild,abandon_03,harm
"Left behind after the evacuation, the lynx waited alone on the deserted property.",0,lynx,wild,abandon_03,harm
"Left behind after the evacuation, the bobcat waited alone on the deserted property.",0,bobcat,wild,abandon_03,harm
"Left behind after the evacuation, the marmot waited alone on the deserted property.",0,marmot,wild,abandon_03,harm
"Left behind after the evacuation, the mink waited alone on the deserted property.",0,mink,wild,abandon_03,harm
"Left behind after the evacuation, the mole waited alone on the deserted property.",0,mole,wild,abandon_03,harm
"Left behind after the evacuation, the vole waited alone on the deserted property.",0,vole,wild,abandon_03,harm
"Left behind after the evacuation, the shrew waited alone on the deserted property.",0,shrew,wild,abandon_03,harm
"Left behind after the evacuation, the porcupine waited alone on the deserted property.",0,porcupine,wild,abandon_03,harm
"Left behind after the evacuation, the skunk waited alone on the deserted property.",0,skunk,wild,abandon_03,harm
"Left behind after the evacuation, the chipmunk waited alone on the deserted property.",0,chipmunk,wild,abandon_03,harm
"Left behind after the evacuation, the beaver waited alone on the deserted property.",0,beaver,wild,abandon_03,harm
"Left behind after the evacuation, the bison waited alone on the deserted property.",0,bison,wild,abandon_03,harm
"Left behind after the evacuation, the antelope waited alone on the deserted property.",0,antelope,wild,abandon_03,harm
"Left behind after the evacuation, the dingo waited alone on the deserted property.",0,dingo,wild,abandon_03,harm
"Left behind after the evacuation, the cougar waited alone on the deserted property.",0,cougar,wild,abandon_03,harm
"Left behind after the evacuation, the wolverine waited alone on the deserted property.",0,wolverine,wild,abandon_03,harm
"Left behind after the evacuation, the muskrat waited alone on the deserted property.",0,muskrat,wild,abandon_03,harm
"Left behind after the evacuation, the lemming waited alone on the deserted property.",0,lemming,wild,abandon_03,harm
"Left behind after the evacuation, the fawn waited alone on the deserted property.",0,fawn,wild,abandon_03,harm
No one ever came back for the dog after the storm passed.,1,dog,companion,abandon_04,harm
No one ever came back for the cat after the storm passed.,1,cat,companion,abandon_04,harm
No one ever came back for the rabbit after the storm passed.,1,rabbit,companion,abandon_04,harm
No one ever came back for the puppy after the storm passed.,1,puppy,companion,abandon_04,harm
No one ever came back for the kitten after the storm passed.,1,kitten,companion,abandon_04,harm
No one ever came back for the hamster after the storm passed.,1,hamster,companion,abandon_04,harm
No one ever came back for the ferret after the storm passed.,1,ferret,companion,abandon_04,harm
No one ever came back for the poodle after the storm passed.,1,poodle,companion,abandon_04,harm
No one ever came back for the beagle after the storm passed.,1,beagle,companion,abandon_04,harm
No one ever came back for the terrier after the storm passed.,1,terrier,companion,abandon_04,harm
No one ever came back for the spaniel after the storm passed.,1,spaniel,companion,abandon_04,harm
No one ever came back for the labrador after the storm passed.,1,labrador,companion,abandon_04,harm
No one ever came back for the collie after the storm passed.,1,collie,companion,abandon_04,harm
No one ever came back for the pug after the storm passed.,1,pug,companion,abandon_04,harm
No one ever came back for the bulldog after the storm passed.,1,bulldog,companion,abandon_04,harm
No one ever came back for the retriever after the storm passed.,1,retriever,companion,abandon_04,harm
No one ever came back for the tomcat after the storm passed.,1,tomcat,companion,abandon_04,harm
No one ever came back for the gerbil after the storm passed.,1,gerbil,companion,abandon_04,harm
No one ever came back for the dalmatian after the storm passed.,1,dalmatian,companion,abandon_04,harm
No one ever came back for the greyhound after the storm passed.,1,greyhound,companion,abandon_04,harm
No one ever came back for the mastiff after the storm passed.,1,mastiff,companion,abandon_04,harm
No one ever came back for the corgi after the storm passed.,1,corgi,companion,abandon_04,harm
No one ever came back for the dachshund after the storm passed.,1,dachshund,companion,abandon_04,harm
No one ever came back for the chihuahua after the storm passed.,1,chihuahua,companion,abandon_04,harm
No one ever came back for the husky after the storm passed.,1,husky,companion,abandon_04,harm
No one ever came back for the rottweiler after the storm passed.,1,rottweiler,companion,abandon_04,harm
No one ever came back for the papillon after the storm passed.,1,papillon,companion,abandon_04,harm
No one ever came back for the schnauzer after the storm passed.,1,schnauzer,companion,abandon_04,harm
No one ever came back for the whippet after the storm passed.,1,whippet,companion,abandon_04,harm
No one ever came back for the pomeranian after the storm passed.,1,pomeranian,companion,abandon_04,harm
No one ever came back for the akita after the storm passed.,1,akita,companion,abandon_04,harm
No one ever came back for the samoyed after the storm passed.,1,samoyed,companion,abandon_04,harm
No one ever came back for the pekingese after the storm passed.,1,pekingese,companion,abandon_04,harm
No one ever came back for the lurcher after the storm passed.,1,lurcher,companion,abandon_04,harm
No one ever came back for the hound after the storm passed.,1,hound,companion,abandon_04,harm
No one ever came back for the mutt after the storm passed.,1,mutt,companion,abandon_04,harm
No one ever came back for the tabby after the storm passed.,1,tabby,companion,abandon_04,harm
No one ever came back for the lapdog after the storm passed.,1,lapdog,companion,abandon_04,harm
No one ever came back for the kitty after the storm passed.,1,kitty,companion,abandon_04,harm
No one ever came back for the bunny after the storm passed.,1,bunny,companion,abandon_04,harm
No one ever came back for the rat after the storm passed.,0,rat,wild,abandon_04,harm
No one ever came back for the boar after the storm passed.,0,boar,wild,abandon_04,harm
No one ever came back for the buffalo after the storm passed.,0,buffalo,wild,abandon_04,harm
No one ever came back for the fox after the storm passed.,0,fox,wild,abandon_04,harm
No one ever came back for the deer after the storm passed.,0,deer,wild,abandon_04,harm
No one ever came back for the badger after the storm passed.,0,badger,wild,abandon_04,harm
No one ever came back for the otter after the storm passed.,0,otter,wild,abandon_04,harm
No one ever came back for the hare after the storm passed.,0,hare,wild,abandon_04,harm
No one ever came back for the raccoon after the storm passed.,0,raccoon,wild,abandon_04,harm
No one ever came back for the squirrel after the storm passed.,0,squirrel,wild,abandon_04,harm
No one ever came back for the weasel after the storm passed.,0,weasel,wild,abandon_04,harm
No one ever came back for the coyote after the storm passed.,0,coyote,wild,abandon_04,harm
No one ever came back for the moose after the storm passed.,0,moose,wild,abandon_04,harm
No one ever came back for the elk after the storm passed.,0,elk,wild,abandon_04,harm
No one ever came back for the wolf after the storm passed.,0,wolf,wild,abandon_04,harm
No one ever came back for the hedgehog after the storm passed.,0,hedgehog,wild,abandon_04,harm
No one ever came back for the possum after the storm passed.,0,possum,wild,abandon_04,harm
No one ever came back for the jackal after the storm passed.,0,jackal,wild,abandon_04,harm
No one ever came back for the stoat after the storm passed.,0,stoat,wild,abandon_04,harm
No one ever came back for the marten after the storm passed.,0,marten,wild,abandon_04,harm
No one ever came back for the bear after the storm passed.,0,bear,wild,abandon_04,harm
No one ever came back for the lynx after the storm passed.,0,lynx,wild,abandon_04,harm
No one ever came back for the bobcat after the storm passed.,0,bobcat,wild,abandon_04,harm
No one ever came back for the marmot after the storm passed.,0,marmot,wild,abandon_04,harm
No one ever came back for the mink after the storm passed.,0,mink,wild,abandon_04,harm
No one ever came back for the mole after the storm passed.,0,mole,wild,abandon_04,harm
No one ever came back for the vole after the storm passed.,0,vole,wild,abandon_04,harm
No one ever came back for the shrew after the storm passed.,0,shrew,wild,abandon_04,harm
No one ever came back for the porcupine after the storm passed.,0,porcupine,wild,abandon_04,harm
No one ever came back for the skunk after the storm passed.,0,skunk,wild,abandon_04,harm
No one ever came back for the chipmunk after the storm passed.,0,chipmunk,wild,abandon_04,harm
No one ever came back for the beaver after the storm passed.,0,beaver,wild,abandon_04,harm
No one ever came back for the bison after the storm passed.,0,bison,wild,abandon_04,harm
No one ever came back for the antelope after the storm passed.,0,antelope,wild,abandon_04,harm
No one ever came back for the dingo after the storm passed.,0,dingo,wild,abandon_04,harm
No one ever came back for the cougar after the storm passed.,0,cougar,wild,abandon_04,harm
No one ever came back for the wolverine after the storm passed.,0,wolverine,wild,abandon_04,harm
No one ever came back for the muskrat after the storm passed.,0,muskrat,wild,abandon_04,harm
No one ever came back for the lemming after the storm passed.,0,lemming,wild,abandon_04,harm
No one ever came back for the fawn after the storm passed.,0,fawn,wild,abandon_04,harm
"Abandoned at the edge of town, the dog searched for anything to eat.",1,dog,companion,abandon_05,harm
"Abandoned at the edge of town, the cat searched for anything to eat.",1,cat,companion,abandon_05,harm
"Abandoned at the edge of town, the rabbit searched for anything to eat.",1,rabbit,companion,abandon_05,harm
"Abandoned at the edge of town, the puppy searched for anything to eat.",1,puppy,companion,abandon_05,harm
"Abandoned at the edge of town, the kitten searched for anything to eat.",1,kitten,companion,abandon_05,harm
"Abandoned at the edge of town, the hamster searched for anything to eat.",1,hamster,companion,abandon_05,harm
"Abandoned at the edge of town, the ferret searched for anything to eat.",1,ferret,companion,abandon_05,harm
"Abandoned at the edge of town, the poodle searched for anything to eat.",1,poodle,companion,abandon_05,harm
"Abandoned at the edge of town, the beagle searched for anything to eat.",1,beagle,companion,abandon_05,harm
"Abandoned at the edge of town, the terrier searched for anything to eat.",1,terrier,companion,abandon_05,harm
"Abandoned at the edge of town, the spaniel searched for anything to eat.",1,spaniel,companion,abandon_05,harm
"Abandoned at the edge of town, the labrador searched for anything to eat.",1,labrador,companion,abandon_05,harm
"Abandoned at the edge of town, the collie searched for anything to eat.",1,collie,companion,abandon_05,harm
"Abandoned at the edge of town, the pug searched for anything to eat.",1,pug,companion,abandon_05,harm
"Abandoned at the edge of town, the bulldog searched for anything to eat.",1,bulldog,companion,abandon_05,harm
"Abandoned at the edge of town, the retriever searched for anything to eat.",1,retriever,companion,abandon_05,harm
"Abandoned at the edge of town, the tomcat searched for anything to eat.",1,tomcat,companion,abandon_05,harm
"Abandoned at the edge of town, the gerbil searched for anything to eat.",1,gerbil,companion,abandon_05,harm
"Abandoned at the edge of town, the dalmatian searched for anything to eat.",1,dalmatian,companion,abandon_05,harm
"Abandoned at the edge of town, the greyhound searched for anything to eat.",1,greyhound,companion,abandon_05,harm
"Abandoned at the edge of town, the mastiff searched for anything to eat.",1,mastiff,companion,abandon_05,harm
"Abandoned at the edge of town, the corgi searched for anything to eat.",1,corgi,companion,abandon_05,harm
"Abandoned at the edge of town, the dachshund searched for anything to eat.",1,dachshund,companion,abandon_05,harm
"Abandoned at the edge of town, the chihuahua searched for anything to eat.",1,chihuahua,companion,abandon_05,harm
"Abandoned at the edge of town, the husky searched for anything to eat.",1,husky,companion,abandon_05,harm
"Abandoned at the edge of town, the rottweiler searched for anything to eat.",1,rottweiler,companion,abandon_05,harm
"Abandoned at the edge of town, the papillon searched for anything to eat.",1,papillon,companion,abandon_05,harm
"Abandoned at the edge of town, the schnauzer searched for anything to eat.",1,schnauzer,companion,abandon_05,harm
"Abandoned at the edge of town, the whippet searched for anything to eat.",1,whippet,companion,abandon_05,harm
"Abandoned at the edge of town, the pomeranian searched for anything to eat.",1,pomeranian,companion,abandon_05,harm
"Abandoned at the edge of town, the akita searched for anything to eat.",1,akita,companion,abandon_05,harm
"Abandoned at the edge of town, the samoyed searched for anything to eat.",1,samoyed,companion,abandon_05,harm
"Abandoned at the edge of town, the pekingese searched for anything to eat.",1,pekingese,companion,abandon_05,harm
"Abandoned at the edge of town, the lurcher searched for anything to eat.",1,lurcher,companion,abandon_05,harm
"Abandoned at the edge of town, the hound searched for anything to eat.",1,hound,companion,abandon_05,harm
"Abandoned at the edge of town, the mutt searched for anything to eat.",1,mutt,companion,abandon_05,harm
"Abandoned at the edge of town, the tabby searched for anything to eat.",1,tabby,companion,abandon_05,harm
"Abandoned at the edge of town, the lapdog searched for anything to eat.",1,lapdog,companion,abandon_05,harm
"Abandoned at the edge of town, the kitty searched for anything to eat.",1,kitty,companion,abandon_05,harm
"Abandoned at the edge of town, the bunny searched for anything to eat.",1,bunny,companion,abandon_05,harm
"Abandoned at the edge of town, the rat searched for anything to eat.",0,rat,wild,abandon_05,harm
"Abandoned at the edge of town, the boar searched for anything to eat.",0,boar,wild,abandon_05,harm
"Abandoned at the edge of town, the buffalo searched for anything to eat.",0,buffalo,wild,abandon_05,harm
"Abandoned at the edge of town, the fox searched for anything to eat.",0,fox,wild,abandon_05,harm
"Abandoned at the edge of town, the deer searched for anything to eat.",0,deer,wild,abandon_05,harm
"Abandoned at the edge of town, the badger searched for anything to eat.",0,badger,wild,abandon_05,harm
"Abandoned at the edge of town, the otter searched for anything to eat.",0,otter,wild,abandon_05,harm
"Abandoned at the edge of town, the hare searched for anything to eat.",0,hare,wild,abandon_05,harm
"Abandoned at the edge of town, the raccoon searched for anything to eat.",0,raccoon,wild,abandon_05,harm
"Abandoned at the edge of town, the squirrel searched for anything to eat.",0,squirrel,wild,abandon_05,harm
"Abandoned at the edge of town, the weasel searched for anything to eat.",0,weasel,wild,abandon_05,harm
"Abandoned at the edge of town, the coyote searched for anything to eat.",0,coyote,wild,abandon_05,harm
"Abandoned at the edge of town, the moose searched for anything to eat.",0,moose,wild,abandon_05,harm
"Abandoned at the edge of town, the elk searched for anything to eat.",0,elk,wild,abandon_05,harm
"Abandoned at the edge of town, the wolf searched for anything to eat.",0,wolf,wild,abandon_05,harm
"Abandoned at the edge of town, the hedgehog searched for anything to eat.",0,hedgehog,wild,abandon_05,harm
"Abandoned at the edge of town, the possum searched for anything to eat.",0,possum,wild,abandon_05,harm
"Abandoned at the edge of town, the jackal searched for anything to eat.",0,jackal,wild,abandon_05,harm
"Abandoned at the edge of town, the stoat searched for anything to eat.",0,stoat,wild,abandon_05,harm
"Abandoned at the edge of town, the marten searched for anything to eat.",0,marten,wild,abandon_05,harm
"Abandoned at the edge of town, the bear searched for anything to eat.",0,bear,wild,abandon_05,harm
"Abandoned at the edge of town, the lynx searched for anything to eat.",0,lynx,wild,abandon_05,harm
"Abandoned at the edge of town, the bobcat searched for anything to eat.",0,bobcat,wild,abandon_05,harm
"Abandoned at the edge of town, the marmot searched for anything to eat.",0,marmot,wild,abandon_05,harm
"Abandoned at the edge of town, the mink searched for anything to eat.",0,mink,wild,abandon_05,harm
"Abandoned at the edge of town, the mole searched for anything to eat.",0,mole,wild,abandon_05,harm
"Abandoned at the edge of town, the vole searched for anything to eat.",0,vole,wild,abandon_05,harm
"Abandoned at the edge of town, the shrew searched for anything to eat.",0,shrew,wild,abandon_05,harm
"Abandoned at the edge of town, the porcupine searched for anything to eat.",0,porcupine,wild,abandon_05,harm
"Abandoned at the edge of town, the skunk searched for anything to eat.",0,skunk,wild,abandon_05,harm
"Abandoned at the edge of town, the chipmunk searched for anything to eat.",0,chipmunk,wild,abandon_05,harm
"Abandoned at the edge of town, the beaver searched for anything to eat.",0,beaver,wild,abandon_05,harm
"Abandoned at the edge of town, the bison searched for anything to eat.",0,bison,wild,abandon_05,harm
"Abandoned at the edge of town, the antelope searched for anything to eat.",0,antelope,wild,abandon_05,harm
"Abandoned at the edge of town, the dingo searched for anything to eat.",0,dingo,wild,abandon_05,harm
"Abandoned at the edge of town, the cougar searched for anything to eat.",0,cougar,wild,abandon_05,harm
"Abandoned at the edge of town, the wolverine searched for anything to eat.",0,wolverine,wild,abandon_05,harm
"Abandoned at the edge of town, the muskrat searched for anything to eat.",0,muskrat,wild,abandon_05,harm
"Abandoned at the edge of town, the lemming searched for anything to eat.",0,lemming,wild,abandon_05,harm
"Abandoned at the edge of town, the fawn searched for anything to eat.",0,fawn,wild,abandon_05,harm
"After the farm was sold, the dog was left to survive alone in the empty field.",1,dog,companion,abandon_06,harm
"After the farm was sold, the cat was left to survive alone in the empty field.",1,cat,companion,abandon_06,harm
"After the farm was sold, the rabbit was left to survive alone in the empty field.",1,rabbit,companion,abandon_06,harm
"After the farm was sold, the puppy was left to survive alone in the empty field.",1,puppy,companion,abandon_06,harm
"After the farm was sold, the kitten was left to survive alone in the empty field.",1,kitten,companion,abandon_06,harm
"After the farm was sold, the hamster was left to survive alone in the empty field.",1,hamster,companion,abandon_06,harm
"After the farm was sold, the ferret was left to survive alone in the empty field.",1,ferret,companion,abandon_06,harm
"After the farm was sold, the poodle was left to survive alone in the empty field.",1,poodle,companion,abandon_06,harm
"After the farm was sold, the beagle was left to survive alone in the empty field.",1,beagle,companion,abandon_06,harm
"After the farm was sold, the terrier was left to survive alone in the empty field.",1,terrier,companion,abandon_06,harm
"After the farm was sold, the spaniel was left to survive alone in the empty field.",1,spaniel,companion,abandon_06,harm
"After the farm was sold, the labrador was left to survive alone in the empty field.",1,labrador,companion,abandon_06,harm
"After the farm was sold, the collie was left to survive alone in the empty field.",1,collie,companion,abandon_06,harm
"After the farm was sold, the pug was left to survive alone in the empty field.",1,pug,companion,abandon_06,harm
"After the farm was sold, the bulldog was left to survive alone in the empty field.",1,bulldog,companion,abandon_06,harm
"After the farm was sold, the retriever was left to survive alone in the empty field.",1,retriever,companion,abandon_06,harm
"After the farm was sold, the tomcat was left to survive alone in the empty field.",1,tomcat,companion,abandon_06,harm
"After the farm was sold, the gerbil was left to survive alone in the empty field.",1,gerbil,companion,abandon_06,harm
"After the farm was sold, the dalmatian was left to survive alone in the empty field.",1,dalmatian,companion,abandon_06,harm
"After the farm was sold, the greyhound was left to survive alone in the empty field.",1,greyhound,companion,abandon_06,harm
"After the farm was sold, the mastiff was left to survive alone in the empty field.",1,mastiff,companion,abandon_06,harm
"After the farm was sold, the corgi was left to survive alone in the empty field.",1,corgi,companion,abandon_06,harm
"After the farm was sold, the dachshund was left to survive alone in the empty field.",1,dachshund,companion,abandon_06,harm
"After the farm was sold, the chihuahua was left to survive alone in the empty field.",1,chihuahua,companion,abandon_06,harm
"After the farm was sold, the husky was left to survive alone in the empty field.",1,husky,companion,abandon_06,harm
"After the farm was sold, the rottweiler was left to survive alone in the empty field.",1,rottweiler,companion,abandon_06,harm
"After the farm was sold, the papillon was left to survive alone in the empty field.",1,papillon,companion,abandon_06,harm
"After the farm was sold, the schnauzer was left to survive alone in the empty field.",1,schnauzer,companion,abandon_06,harm
"After the farm was sold, the whippet was left to survive alone in the empty field.",1,whippet,companion,abandon_06,harm
"After the farm was sold, the pomeranian was left to survive alone in the empty field.",1,pomeranian,companion,abandon_06,harm
"After the farm was sold, the akita was left to survive alone in the empty field.",1,akita,companion,abandon_06,harm
"After the farm was sold, the samoyed was left to survive alone in the empty field.",1,samoyed,companion,abandon_06,harm
"After the farm was sold, the pekingese was left to survive alone in the empty field.",1,pekingese,companion,abandon_06,harm
"After the farm was sold, the lurcher was left to survive alone in the empty field.",1,lurcher,companion,abandon_06,harm
"After the farm was sold, the hound was left to survive alone in the empty field.",1,hound,companion,abandon_06,harm
"After the farm was sold, the mutt was left to survive alone in the empty field.",1,mutt,companion,abandon_06,harm
"After the farm was sold, the tabby was left to survive alone in the empty field.",1,tabby,companion,abandon_06,harm
"After the farm was sold, the lapdog was left to survive alone in the empty field.",1,lapdog,companion,abandon_06,harm
"After the farm was sold, the kitty was left to survive alone in the empty field.",1,kitty,companion,abandon_06,harm
"After the farm was sold, the bunny was left to survive alone in the empty field.",1,bunny,companion,abandon_06,harm
"After the farm was sold, the rat was left to survive alone in the empty field.",0,rat,wild,abandon_06,harm
"After the farm was sold, the boar was left to survive alone in the empty field.",0,boar,wild,abandon_06,harm
"After the farm was sold, the buffalo was left to survive alone in the empty field.",0,buffalo,wild,abandon_06,harm
"After the farm was sold, the fox was left to survive alone in the empty field.",0,fox,wild,abandon_06,harm
"After the farm was sold, the deer was left to survive alone in the empty field.",0,deer,wild,abandon_06,harm
"After the farm was sold, the badger was left to survive alone in the empty field.",0,badger,wild,abandon_06,harm
"After the farm was sold, the otter was left to survive alone in the empty field.",0,otter,wild,abandon_06,harm
"After the farm was sold, the hare was left to survive alone in the empty field.",0,hare,wild,abandon_06,harm
"After the farm was sold, the raccoon was left to survive alone in the empty field.",0,raccoon,wild,abandon_06,harm
"After the farm was sold, the squirrel was left to survive alone in the empty field.",0,squirrel,wild,abandon_06,harm
"After the farm was sold, the weasel was left to survive alone in the empty field.",0,weasel,wild,abandon_06,harm
"After the farm was sold, the coyote was left to survive alone in the empty field.",0,coyote,wild,abandon_06,harm
"After the farm was sold, the moose was left to survive alone in the empty field.",0,moose,wild,abandon_06,harm
"After the farm was sold, the elk was left to survive alone in the empty field.",0,elk,wild,abandon_06,harm
"After the farm was sold, the wolf was left to survive alone in the empty field.",0,wolf,wild,abandon_06,harm
"After the farm was sold, the hedgehog was left to survive alone in the empty field.",0,hedgehog,wild,abandon_06,harm
"After the farm was sold, the possum was left to survive alone in the empty field.",0,possum,wild,abandon_06,harm
"After the farm was sold, the jackal was left to survive alone in the empty field.",0,jackal,wild,abandon_06,harm
"After the farm was sold, the stoat was left to survive alone in the empty field.",0,stoat,wild,abandon_06,harm
"After the farm was sold, the marten was left to survive alone in the empty field.",0,marten,wild,abandon_06,harm
"After the farm was sold, the bear was left to survive alone in the empty field.",0,bear,wild,abandon_06,harm
"After the farm was sold, the lynx was left to survive alone in the empty field.",0,lynx,wild,abandon_06,harm
"After the farm was sold, the bobcat was left to survive alone in the empty field.",0,bobcat,wild,abandon_06,harm
"After the farm was sold, the marmot was left to survive alone in the empty field.",0,marmot,wild,abandon_06,harm
"After the farm was sold, the mink was left to survive alone in the empty field.",0,mink,wild,abandon_06,harm
"After the farm was sold, the mole was left to survive alone in the empty field.",0,mole,wild,abandon_06,harm
"After the farm was sold, the vole was left to survive alone in the empty field.",0,vole,wild,abandon_06,harm
"After the farm was sold, the shrew was left to survive alone in the empty field.",0,shrew,wild,abandon_06,harm
"After the farm was sold, the porcupine was left to survive alone in the empty field.",0,porcupine,wild,abandon_06,harm
"After the farm was sold, the skunk was left to survive alone in the empty field.",0,skunk,wild,abandon_06,harm
"After the farm was sold, the chipmunk was left to survive alone in the empty field.",0,chipmunk,wild,abandon_06,harm
"After the farm was sold, the beaver was left to survive alone in the empty field.",0,beaver,wild,abandon_06,harm
"After the farm was sold, the bison was left to survive alone in the empty field.",0,bison,wild,abandon_06,harm
"After the farm was sold, the antelope was left to survive alone in the empty field.",0,antelope,wild,abandon_06,harm
"After the farm was sold, the dingo was left to survive alone in the empty field.",0,dingo,wild,abandon_06,harm
"After the farm was sold, the cougar was left to survive alone in the empty field.",0,cougar,wild,abandon_06,harm
"After the farm was sold, the wolverine was left to survive alone in the empty field.",0,wolverine,wild,abandon_06,harm
"After the farm was sold, the muskrat was left to survive alone in the empty field.",0,muskrat,wild,abandon_06,harm
"After the farm was sold, the lemming was left to survive alone in the empty field.",0,lemming,wild,abandon_06,harm
"After the farm was sold, the fawn was left to survive alone in the empty field.",0,fawn,wild,abandon_06,harm
"For two days, the dog was stuck at the bottom of the dry well.",1,dog,companion,trap_01,harm
"For two days, the cat was stuck at the bottom of the dry well.",1,cat,companion,trap_01,harm
"For two days, the rabbit was stuck at the bottom of the dry well.",1,rabbit,companion,trap_01,harm
"For two days, the puppy was stuck at the bottom of the dry well.",1,puppy,companion,trap_01,harm
"For two days, the kitten was stuck at the bottom of the dry well.",1,kitten,companion,trap_01,harm
"For two days, the hamster was stuck at the bottom of the dry well.",1,hamster,companion,trap_01,harm
"For two days, the ferret was stuck at the bottom of the dry well.",1,ferret,companion,trap_01,harm
"For two days, the poodle was stuck at the bottom of the dry well.",1,poodle,companion,trap_01,harm
"For two days, the beagle was stuck at the bottom of the dry well.",1,beagle,companion,trap_01,harm
"For two days, the terrier was stuck at the bottom of the dry well.",1,terrier,companion,trap_01,harm
"For two days, the spaniel was stuck at the bottom of the dry well.",1,spaniel,companion,trap_01,harm
"For two days, the labrador was stuck at the bottom of the dry well.",1,labrador,companion,trap_01,harm
"For two days, the collie was stuck at the bottom of the dry well.",1,collie,companion,trap_01,harm
"For two days, the pug was stuck at the bottom of the dry well.",1,pug,companion,trap_01,harm
"For two days, the bulldog was stuck at the bottom of the dry well.",1,bulldog,companion,trap_01,harm
"For two days, the retriever was stuck at the bottom of the dry well.",1,retriever,companion,trap_01,harm
"For two days, the tomcat was stuck at the bottom of the dry well.",1,tomcat,companion,trap_01,harm
"For two days, the gerbil was stuck at the bottom of the dry well.",1,gerbil,companion,trap_01,harm
"For two days, the dalmatian was stuck at the bottom of the dry well.",1,dalmatian,companion,trap_01,harm
"For two days, the greyhound was stuck at the bottom of the dry well.",1,greyhound,companion,trap_01,harm
"For two days, the mastiff was stuck at the bottom of the dry well.",1,mastiff,companion,trap_01,harm
"For two days, the corgi was stuck at the bottom of the dry well.",1,corgi,companion,trap_01,harm
"For two days, the dachshund was stuck at the bottom of the dry well.",1,dachshund,companion,trap_01,harm
"For two days, the chihuahua was stuck at the bottom of the dry well.",1,chihuahua,companion,trap_01,harm
"For two days, the husky was stuck at the bottom of the dry well.",1,husky,companion,trap_01,harm
"For two days, the rottweiler was stuck at the bottom of the dry well.",1,rottweiler,companion,trap_01,harm
"For two days, the papillon was stuck at the bottom of the dry well.",1,papillon,companion,trap_01,harm
"For two days, the schnauzer was stuck at the bottom of the dry well.",1,schnauzer,companion,trap_01,harm
"For two days, the whippet was stuck at the bottom of the dry well.",1,whippet,companion,trap_01,harm
"For two days, the pomeranian was stuck at the bottom of the dry well.",1,pomeranian,companion,trap_01,harm
"For two days, the akita was stuck at the bottom of the dry well.",1,akita,companion,trap_01,harm
"For two days, the samoyed was stuck at the bottom of the dry well.",1,samoyed,companion,trap_01,harm
"For two days, the pekingese was stuck at the bottom of the dry well.",1,pekingese,companion,trap_01,harm
"For two days, the lurcher was stuck at the bottom of the dry well.",1,lurcher,companion,trap_01,harm
"For two days, the hound was stuck at the bottom of the dry well.",1,hound,companion,trap_01,harm
"For two days, the mutt was stuck at the bottom of the dry well.",1,mutt,companion,trap_01,harm
"For two days, the tabby was stuck at the bottom of the dry well.",1,tabby,companion,trap_01,harm
"For two days, the lapdog was stuck at the bottom of the dry well.",1,lapdog,companion,trap_01,harm
"For two days, the kitty was stuck at the bottom of the dry well.",1,kitty,companion,trap_01,harm
"For two days, the bunny was stuck at the bottom of the dry well.",1,bunny,companion,trap_01,harm
"For two days, the rat was stuck at the bottom of the dry well.",0,rat,wild,trap_01,harm
"For two days, the boar was stuck at the bottom of the dry well.",0,boar,wild,trap_01,harm
"For two days, the buffalo was stuck at the bottom of the dry well.",0,buffalo,wild,trap_01,harm
"For two days, the fox was stuck at the bottom of the dry well.",0,fox,wild,trap_01,harm
"For two days, the deer was stuck at the bottom of the dry well.",0,deer,wild,trap_01,harm
"For two days, the badger was stuck at the bottom of the dry well.",0,badger,wild,trap_01,harm
"For two days, the otter was stuck at the bottom of the dry well.",0,otter,wild,trap_01,harm
"For two days, the hare was stuck at the bottom of the dry well.",0,hare,wild,trap_01,harm
"For two days, the raccoon was stuck at the bottom of the dry well.",0,raccoon,wild,trap_01,harm
"For two days, the squirrel was stuck at the bottom of the dry well.",0,squirrel,wild,trap_01,harm
"For two days, the weasel was stuck at the bottom of the dry well.",0,weasel,wild,trap_01,harm
"For two days, the coyote was stuck at the bottom of the dry well.",0,coyote,wild,trap_01,harm
"For two days, the moose was stuck at the bottom of the dry well.",0,moose,wild,trap_01,harm
"For two days, the elk was stuck at the bottom of the dry well.",0,elk,wild,trap_01,harm
"For two days, the wolf was stuck at the bottom of the dry well.",0,wolf,wild,trap_01,harm
"For two days, the hedgehog was stuck at the bottom of the dry well.",0,hedgehog,wild,trap_01,harm
"For two days, the possum was stuck at the bottom of the dry well.",0,possum,wild,trap_01,harm
"For two days, the jackal was stuck at the bottom of the dry well.",0,jackal,wild,trap_01,harm
"For two days, the stoat was stuck at the bottom of the dry well.",0,stoat,wild,trap_01,harm
"For two days, the marten was stuck at the bottom of the dry well.",0,marten,wild,trap_01,harm
"For two days, the bear was stuck at the bottom of the dry well.",0,bear,wild,trap_01,harm
"For two days, the lynx was stuck at the bottom of the dry well.",0,lynx,wild,trap_01,harm
"For two days, the bobcat was stuck at the bottom of the dry well.",0,bobcat,wild,trap_01,harm
"For two days, the marmot was stuck at the bottom of the dry well.",0,marmot,wild,trap_01,harm
"For two days, the mink was stuck at the bottom of the dry well.",0,mink,wild,trap_01,harm
"For two days, the mole was stuck at the bottom of the dry well.",0,mole,wild,trap_01,harm
"For two days, the vole was stuck at the bottom of the dry well.",0,vole,wild,trap_01,harm
"For two days, the shrew was stuck at the bottom of the dry well.",0,shrew,wild,trap_01,harm
"For two days, the porcupine was stuck at the bottom of the dry well.",0,porcupine,wild,trap_01,harm
"For two days, the skunk was stuck at the bottom of the dry well.",0,skunk,wild,trap_01,harm
"For two days, the chipmunk was stuck at the bottom of the dry well.",0,chipmunk,wild,trap_01,harm
"For two days, the beaver was stuck at the bottom of the dry well.",0,beaver,wild,trap_01,harm
"For two days, the bison was stuck at the bottom of the dry well.",0,bison,wild,trap_01,harm
"For two days, the antelope was stuck at the bottom of the dry well.",0,antelope,wild,trap_01,harm
"For two days, the dingo was stuck at the bottom of the dry well.",0,dingo,wild,trap_01,harm
"For two days, the cougar was stuck at the bottom of the dry well.",0,cougar,wild,trap_01,harm
"For two days, the wolverine was stuck at the bottom of the dry well.",0,wolverine,wild,trap_01,harm
"For two days, the muskrat was stuck at the bottom of the dry well.",0,muskrat,wild,trap_01,harm
"For two days, the lemming was stuck at the bottom of the dry well.",0,lemming,wild,trap_01,harm
"For two days, the fawn was stuck at the bottom of the dry well.",0,fawn,wild,trap_01,harm
"The heavy gate swung shut, trapping the dog inside the narrow enclosure.",1,dog,companion,trap_02,harm
"The heavy gate swung shut, trapping the cat inside the narrow enclosure.",1,cat,companion,trap_02,harm
"The heavy gate swung shut, trapping the rabbit inside the narrow enclosure.",1,rabbit,companion,trap_02,harm
"The heavy gate swung shut, trapping the puppy inside the narrow enclosure.",1,puppy,companion,trap_02,harm
"The heavy gate swung shut, trapping the kitten inside the narrow enclosure.",1,kitten,companion,trap_02,harm
"The heavy gate swung shut, trapping the hamster inside the narrow enclosure.",1,hamster,companion,trap_02,harm
"The heavy gate swung shut, trapping the ferret inside the narrow enclosure.",1,ferret,companion,trap_02,harm
"The heavy gate swung shut, trapping the poodle inside the narrow enclosure.",1,poodle,companion,trap_02,harm
"The heavy gate swung shut, trapping the beagle inside the narrow enclosure.",1,beagle,companion,trap_02,harm
"The heavy gate swung shut, trapping the terrier inside the narrow enclosure.",1,terrier,companion,trap_02,harm
"The heavy gate swung shut, trapping the spaniel inside the narrow enclosure.",1,spaniel,companion,trap_02,harm
"The heavy gate swung shut, trapping the labrador inside the narrow enclosure.",1,labrador,companion,trap_02,harm
"The heavy gate swung shut, trapping the collie inside the narrow enclosure.",1,collie,companion,trap_02,harm
"The heavy gate swung shut, trapping the pug inside the narrow enclosure.",1,pug,companion,trap_02,harm
"The heavy gate swung shut, trapping the bulldog inside the narrow enclosure.",1,bulldog,companion,trap_02,harm
"The heavy gate swung shut, trapping the retriever inside the narrow enclosure.",1,retriever,companion,trap_02,harm
"The heavy gate swung shut, trapping the tomcat inside the narrow enclosure.",1,tomcat,companion,trap_02,harm
"The heavy gate swung shut, trapping the gerbil inside the narrow enclosure.",1,gerbil,companion,trap_02,harm
"The heavy gate swung shut, trapping the dalmatian inside the narrow enclosure.",1,dalmatian,companion,trap_02,harm
"The heavy gate swung shut, trapping the greyhound inside the narrow enclosure.",1,greyhound,companion,trap_02,harm
"The heavy gate swung shut, trapping the mastiff inside the narrow enclosure.",1,mastiff,companion,trap_02,harm
"The heavy gate swung shut, trapping the corgi inside the narrow enclosure.",1,corgi,companion,trap_02,harm
"The heavy gate swung shut, trapping the dachshund inside the narrow enclosure.",1,dachshund,companion,trap_02,harm
"The heavy gate swung shut, trapping the chihuahua inside the narrow enclosure.",1,chihuahua,companion,trap_02,harm
"The heavy gate swung shut, trapping the husky inside the narrow enclosure.",1,husky,companion,trap_02,harm
"The heavy gate swung shut, trapping the rottweiler inside the narrow enclosure.",1,rottweiler,companion,trap_02,harm
"The heavy gate swung shut, trapping the papillon inside the narrow enclosure.",1,papillon,companion,trap_02,harm
"The heavy gate swung shut, trapping the schnauzer inside the narrow enclosure.",1,schnauzer,companion,trap_02,harm
"The heavy gate swung shut, trapping the whippet inside the narrow enclosure.",1,whippet,companion,trap_02,harm
"The heavy gate swung shut, trapping the pomeranian inside the narrow enclosure.",1,pomeranian,companion,trap_02,harm
"The heavy gate swung shut, trapping the akita inside the narrow enclosure.",1,akita,companion,trap_02,harm
"The heavy gate swung shut, trapping the samoyed inside the narrow enclosure.",1,samoyed,companion,trap_02,harm
"The heavy gate swung shut, trapping the pekingese inside the narrow enclosure.",1,pekingese,companion,trap_02,harm
"The heavy gate swung shut, trapping the lurcher inside the narrow enclosure.",1,lurcher,companion,trap_02,harm
"The heavy gate swung shut, trapping the hound inside the narrow enclosure.",1,hound,companion,trap_02,harm
"The heavy gate swung shut, trapping the mutt inside the narrow enclosure.",1,mutt,companion,trap_02,harm
"The heavy gate swung shut, trapping the tabby inside the narrow enclosure.",1,tabby,companion,trap_02,harm
"The heavy gate swung shut, trapping the lapdog inside the narrow enclosure.",1,lapdog,companion,trap_02,harm
"The heavy gate swung shut, trapping the kitty inside the narrow enclosure.",1,kitty,companion,trap_02,harm
"The heavy gate swung shut, trapping the bunny inside the narrow enclosure.",1,bunny,companion,trap_02,harm
"The heavy gate swung shut, trapping the rat inside the narrow enclosure.",0,rat,wild,trap_02,harm
"The heavy gate swung shut, trapping the boar inside the narrow enclosure.",0,boar,wild,trap_02,harm
"The heavy gate swung shut, trapping the buffalo inside the narrow enclosure.",0,buffalo,wild,trap_02,harm
"The heavy gate swung shut, trapping the fox inside the narrow enclosure.",0,fox,wild,trap_02,harm
"The heavy gate swung shut, trapping the deer inside the narrow enclosure.",0,deer,wild,trap_02,harm
"The heavy gate swung shut, trapping the badger inside the narrow enclosure.",0,badger,wild,trap_02,harm
"The heavy gate swung shut, trapping the otter inside the narrow enclosure.",0,otter,wild,trap_02,harm
"The heavy gate swung shut, trapping the hare inside the narrow enclosure.",0,hare,wild,trap_02,harm
"The heavy gate swung shut, trapping the raccoon inside the narrow enclosure.",0,raccoon,wild,trap_02,harm
"The heavy gate swung shut, trapping the squirrel inside the narrow enclosure.",0,squirrel,wild,trap_02,harm
"The heavy gate swung shut, trapping the weasel inside the narrow enclosure.",0,weasel,wild,trap_02,harm
"The heavy gate swung shut, trapping the coyote inside the narrow enclosure.",0,coyote,wild,trap_02,harm
"The heavy gate swung shut, trapping the moose inside the narrow enclosure.",0,moose,wild,trap_02,harm
"The heavy gate swung shut, trapping the elk inside the narrow enclosure.",0,elk,wild,trap_02,harm
"The heavy gate swung shut, trapping the wolf inside the narrow enclosure.",0,wolf,wild,trap_02,harm
"The heavy gate swung shut, trapping the hedgehog inside the narrow enclosure.",0,hedgehog,wild,trap_02,harm
"The heavy gate swung shut, trapping the possum inside the narrow enclosure.",0,possum,wild,trap_02,harm
"The heavy gate swung shut, trapping the jackal inside the narrow enclosure.",0,jackal,wild,trap_02,harm
"The heavy gate swung shut, trapping the stoat inside the narrow enclosure.",0,stoat,wild,trap_02,harm
"The heavy gate swung shut, trapping the marten inside the narrow enclosure.",0,marten,wild,trap_02,harm
"The heavy gate swung shut, trapping the bear inside the narrow enclosure.",0,bear,wild,trap_02,harm
"The heavy gate swung shut, trapping the lynx inside the narrow enclosure.",0,lynx,wild,trap_02,harm
"The heavy gate swung shut, trapping the bobcat inside the narrow enclosure.",0,bobcat,wild,trap_02,harm
"The heavy gate swung shut, trapping the marmot inside the narrow enclosure.",0,marmot,wild,trap_02,harm
"The heavy gate swung shut, trapping the mink inside the narrow enclosure.",0,mink,wild,trap_02,harm
"The heavy gate swung shut, trapping the mole inside the narrow enclosure.",0,mole,wild,trap_02,harm
"The heavy gate swung shut, trapping the vole inside the narrow enclosure.",0,vole,wild,trap_02,harm
"The heavy gate swung shut, trapping the shrew inside the narrow enclosure.",0,shrew,wild,trap_02,harm
"The heavy gate swung shut, trapping the porcupine inside the narrow enclosure.",0,porcupine,wild,trap_02,harm
"The heavy gate swung shut, trapping the skunk inside the narrow enclosure.",0,skunk,wild,trap_02,harm
"The heavy gate swung shut, trapping the chipmunk inside the narrow enclosure.",0,chipmunk,wild,trap_02,harm
"The heavy gate swung shut, trapping the beaver inside the narrow enclosure.",0,beaver,wild,trap_02,harm
"The heavy gate swung shut, trapping the bison inside the narrow enclosure.",0,bison,wild,trap_02,harm
"The heavy gate swung shut, trapping the antelope inside the narrow enclosure.",0,antelope,wild,trap_02,harm
"The heavy gate swung shut, trapping the dingo inside the narrow enclosure.",0,dingo,wild,trap_02,harm
"The heavy gate swung shut, trapping the cougar inside the narrow enclosure.",0,cougar,wild,trap_02,harm
"The heavy gate swung shut, trapping the wolverine inside the narrow enclosure.",0,wolverine,wild,trap_02,harm
"The heavy gate swung shut, trapping the muskrat inside the narrow enclosure.",0,muskrat,wild,trap_02,harm
"The heavy gate swung shut, trapping the lemming inside the narrow enclosure.",0,lemming,wild,trap_02,harm
"The heavy gate swung shut, trapping the fawn inside the narrow enclosure.",0,fawn,wild,trap_02,harm
Rescue crews spent hours trying to free the dog from the collapsed trench.,1,dog,companion,trap_03,harm
Rescue crews spent hours trying to free the cat from the collapsed trench.,1,cat,companion,trap_03,harm
Rescue crews spent hours trying to free the rabbit from the collapsed trench.,1,rabbit,companion,trap_03,harm
Rescue crews spent hours trying to free the puppy from the collapsed trench.,1,puppy,companion,trap_03,harm
Rescue crews spent hours trying to free the kitten from the collapsed trench.,1,kitten,companion,trap_03,harm
Rescue crews spent hours trying to free the hamster from the collapsed trench.,1,hamster,companion,trap_03,harm
Rescue crews spent hours trying to free the ferret from the collapsed trench.,1,ferret,companion,trap_03,harm
Rescue crews spent hours trying to free the poodle from the collapsed trench.,1,poodle,companion,trap_03,harm
Rescue crews spent hours trying to free the beagle from the collapsed trench.,1,beagle,companion,trap_03,harm
Rescue crews spent hours trying to free the terrier from the collapsed trench.,1,terrier,companion,trap_03,harm
Rescue crews spent hours trying to free the spaniel from the collapsed trench.,1,spaniel,companion,trap_03,harm
Rescue crews spent hours trying to free the labrador from the collapsed trench.,1,labrador,companion,trap_03,harm
Rescue crews spent hours trying to free the collie from the collapsed trench.,1,collie,companion,trap_03,harm
Rescue crews spent hours trying to free the pug from the collapsed trench.,1,pug,companion,trap_03,harm
Rescue crews spent hours trying to free the bulldog from the collapsed trench.,1,bulldog,companion,trap_03,harm
Rescue crews spent hours trying to free the retriever from the collapsed trench.,1,retriever,companion,trap_03,harm
Rescue crews spent hours trying to free the tomcat from the collapsed trench.,1,tomcat,companion,trap_03,harm
Rescue crews spent hours trying to free the gerbil from the collapsed trench.,1,gerbil,companion,trap_03,harm
Rescue crews spent hours trying to free the dalmatian from the collapsed trench.,1,dalmatian,companion,trap_03,harm
Rescue crews spent hours trying to free the greyhound from the collapsed trench.,1,greyhound,companion,trap_03,harm
Rescue crews spent hours trying to free the mastiff from the collapsed trench.,1,mastiff,companion,trap_03,harm
Rescue crews spent hours trying to free the corgi from the collapsed trench.,1,corgi,companion,trap_03,harm
Rescue crews spent hours trying to free the dachshund from the collapsed trench.,1,dachshund,companion,trap_03,harm
Rescue crews spent hours trying to free the chihuahua from the collapsed trench.,1,chihuahua,companion,trap_03,harm
Rescue crews spent hours trying to free the husky from the collapsed trench.,1,husky,companion,trap_03,harm
Rescue crews spent hours trying to free the rottweiler from the collapsed trench.,1,rottweiler,companion,trap_03,harm
Rescue crews spent hours trying to free the papillon from the collapsed trench.,1,papillon,companion,trap_03,harm
Rescue crews spent hours trying to free the schnauzer from the collapsed trench.,1,schnauzer,companion,trap_03,harm
Rescue crews spent hours trying to free the whippet from the collapsed trench.,1,whippet,companion,trap_03,harm
Rescue crews spent hours trying to free the pomeranian from the collapsed trench.,1,pomeranian,companion,trap_03,harm
Rescue crews spent hours trying to free the akita from the collapsed trench.,1,akita,companion,trap_03,harm
Rescue crews spent hours trying to free the samoyed from the collapsed trench.,1,samoyed,companion,trap_03,harm
Rescue crews spent hours trying to free the pekingese from the collapsed trench.,1,pekingese,companion,trap_03,harm
Rescue crews spent hours trying to free the lurcher from the collapsed trench.,1,lurcher,companion,trap_03,harm
Rescue crews spent hours trying to free the hound from the collapsed trench.,1,hound,companion,trap_03,harm
Rescue crews spent hours trying to free the mutt from the collapsed trench.,1,mutt,companion,trap_03,harm
Rescue crews spent hours trying to free the tabby from the collapsed trench.,1,tabby,companion,trap_03,harm
Rescue crews spent hours trying to free the lapdog from the collapsed trench.,1,lapdog,companion,trap_03,harm
Rescue crews spent hours trying to free the kitty from the collapsed trench.,1,kitty,companion,trap_03,harm
Rescue crews spent hours trying to free the bunny from the collapsed trench.,1,bunny,companion,trap_03,harm
Rescue crews spent hours trying to free the rat from the collapsed trench.,0,rat,wild,trap_03,harm
Rescue crews spent hours trying to free the boar from the collapsed trench.,0,boar,wild,trap_03,harm
Rescue crews spent hours trying to free the buffalo from the collapsed trench.,0,buffalo,wild,trap_03,harm
Rescue crews spent hours trying to free the fox from the collapsed trench.,0,fox,wild,trap_03,harm
Rescue crews spent hours trying to free the deer from the collapsed trench.,0,deer,wild,trap_03,harm
Rescue crews spent hours trying to free the badger from the collapsed trench.,0,badger,wild,trap_03,harm
Rescue crews spent hours trying to free the otter from the collapsed trench.,0,otter,wild,trap_03,harm
Rescue crews spent hours trying to free the hare from the collapsed trench.,0,hare,wild,trap_03,harm
Rescue crews spent hours trying to free the raccoon from the collapsed trench.,0,raccoon,wild,trap_03,harm
Rescue crews spent hours trying to free the squirrel from the collapsed trench.,0,squirrel,wild,trap_03,harm
Rescue crews spent hours trying to free the weasel from the collapsed trench.,0,weasel,wild,trap_03,harm
Rescue crews spent hours trying to free the coyote from the collapsed trench.,0,coyote,wild,trap_03,harm
Rescue crews spent hours trying to free the moose from the collapsed trench.,0,moose,wild,trap_03,harm
Rescue crews spent hours trying to free the elk from the collapsed trench.,0,elk,wild,trap_03,harm
Rescue crews spent hours trying to free the wolf from the collapsed trench.,0,wolf,wild,trap_03,harm
Rescue crews spent hours trying to free the hedgehog from the collapsed trench.,0,hedgehog,wild,trap_03,harm
Rescue crews spent hours trying to free the possum from the collapsed trench.,0,possum,wild,trap_03,harm
Rescue crews spent hours trying to free the jackal from the collapsed trench.,0,jackal,wild,trap_03,harm
Rescue crews spent hours trying to free the stoat from the collapsed trench.,0,stoat,wild,trap_03,harm
Rescue crews spent hours trying to free the marten from the collapsed trench.,0,marten,wild,trap_03,harm
Rescue crews spent hours trying to free the bear from the collapsed trench.,0,bear,wild,trap_03,harm
Rescue crews spent hours trying to free the lynx from the collapsed trench.,0,lynx,wild,trap_03,harm
Rescue crews spent hours trying to free the bobcat from the collapsed trench.,0,bobcat,wild,trap_03,harm
Rescue crews spent hours trying to free the marmot from the collapsed trench.,0,marmot,wild,trap_03,harm
Rescue crews spent hours trying to free the mink from the collapsed trench.,0,mink,wild,trap_03,harm
Rescue crews spent hours trying to free the mole from the collapsed trench.,0,mole,wild,trap_03,harm
Rescue crews spent hours trying to free the vole from the collapsed trench.,0,vole,wild,trap_03,harm
Rescue crews spent hours trying to free the shrew from the collapsed trench.,0,shrew,wild,trap_03,harm
Rescue crews spent hours trying to free the porcupine from the collapsed trench.,0,porcupine,wild,trap_03,harm
Rescue crews spent hours trying to free the skunk from the collapsed trench.,0,skunk,wild,trap_03,harm
Rescue crews spent hours trying to free the chipmunk from the collapsed trench.,0,chipmunk,wild,trap_03,harm
Rescue crews spent hours trying to free the beaver from the collapsed trench.,0,beaver,wild,trap_03,harm
Rescue crews spent hours trying to free the bison from the collapsed trench.,0,bison,wild,trap_03,harm
Rescue crews spent hours trying to free the antelope from the collapsed trench.,0,antelope,wild,trap_03,harm
Rescue crews spent hours trying to free the dingo from the collapsed trench.,0,dingo,wild,trap_03,harm
Rescue crews spent hours trying to free the cougar from the collapsed trench.,0,cougar,wild,trap_03,harm
Rescue crews spent hours trying to free the wolverine from the collapsed trench.,0,wolverine,wild,trap_03,harm
Rescue crews spent hours trying to free the muskrat from the collapsed trench.,0,muskrat,wild,trap_03,harm
Rescue crews spent hours trying to free the lemming from the collapsed trench.,0,lemming,wild,trap_03,harm
Rescue crews spent hours trying to free the fawn from the collapsed trench.,0,fawn,wild,trap_03,harm
"Caught in the wire fence, the dog struggled for hours to get free.",1,dog,companion,trap_04,harm
"Caught in the wire fence, the cat struggled for hours to get free.",1,cat,companion,trap_04,harm
"Caught in the wire fence, the rabbit struggled for hours to get free.",1,rabbit,companion,trap_04,harm
"Caught in the wire fence, the puppy struggled for hours to get free.",1,puppy,companion,trap_04,harm
"Caught in the wire fence, the kitten struggled for hours to get free.",1,kitten,companion,trap_04,harm
"Caught in the wire fence, the hamster struggled for hours to get free.",1,hamster,companion,trap_04,harm
"Caught in the wire fence, the ferret struggled for hours to get free.",1,ferret,companion,trap_04,harm
"Caught in the wire fence, the poodle struggled for hours to get free.",1,poodle,companion,trap_04,harm
"Caught in the wire fence, the beagle struggled for hours to get free.",1,beagle,companion,trap_04,harm
"Caught in the wire fence, the terrier struggled for hours to get free.",1,terrier,companion,trap_04,harm
"Caught in the wire fence, the spaniel struggled for hours to get free.",1,spaniel,companion,trap_04,harm
"Caught in the wire fence, the labrador struggled for hours to get free.",1,labrador,companion,trap_04,harm
"Caught in the wire fence, the collie struggled for hours to get free.",1,collie,companion,trap_04,harm
"Caught in the wire fence, the pug struggled for hours to get free.",1,pug,companion,trap_04,harm
"Caught in the wire fence, the bulldog struggled for hours to get free.",1,bulldog,companion,trap_04,harm
"Caught in the wire fence, the retriever struggled for hours to get free.",1,retriever,companion,trap_04,harm
"Caught in the wire fence, the tomcat struggled for hours to get free.",1,tomcat,companion,trap_04,harm
"Caught in the wire fence, the gerbil struggled for hours to get free.",1,gerbil,companion,trap_04,harm
"Caught in the wire fence, the dalmatian struggled for hours to get free.",1,dalmatian,companion,trap_04,harm
"Caught in the wire fence, the greyhound struggled for hours to get free.",1,greyhound,companion,trap_04,harm
"Caught in the wire fence, the mastiff struggled for hours to get free.",1,mastiff,companion,trap_04,harm
"Caught in the wire fence, the corgi struggled for hours to get free.",1,corgi,companion,trap_04,harm
"Caught in the wire fence, the dachshund struggled for hours to get free.",1,dachshund,companion,trap_04,harm
"Caught in the wire fence, the chihuahua struggled for hours to get free.",1,chihuahua,companion,trap_04,harm
"Caught in the wire fence, the husky struggled for hours to get free.",1,husky,companion,trap_04,harm
"Caught in the wire fence, the rottweiler struggled for hours to get free.",1,rottweiler,companion,trap_04,harm
"Caught in the wire fence, the papillon struggled for hours to get free.",1,papillon,companion,trap_04,harm
"Caught in the wire fence, the schnauzer struggled for hours to get free.",1,schnauzer,companion,trap_04,harm
"Caught in the wire fence, the whippet struggled for hours to get free.",1,whippet,companion,trap_04,harm
"Caught in the wire fence, the pomeranian struggled for hours to get free.",1,pomeranian,companion,trap_04,harm
"Caught in the wire fence, the akita struggled for hours to get free.",1,akita,companion,trap_04,harm
"Caught in the wire fence, the samoyed struggled for hours to get free.",1,samoyed,companion,trap_04,harm
"Caught in the wire fence, the pekingese struggled for hours to get free.",1,pekingese,companion,trap_04,harm
"Caught in the wire fence, the lurcher struggled for hours to get free.",1,lurcher,companion,trap_04,harm
"Caught in the wire fence, the hound struggled for hours to get free.",1,hound,companion,trap_04,harm
"Caught in the wire fence, the mutt struggled for hours to get free.",1,mutt,companion,trap_04,harm
"Caught in the wire fence, the tabby struggled for hours to get free.",1,tabby,companion,trap_04,harm
"Caught in the wire fence, the lapdog struggled for hours to get free.",1,lapdog,companion,trap_04,harm
"Caught in the wire fence, the kitty struggled for hours to get free.",1,kitty,companion,trap_04,harm
"Caught in the wire fence, the bunny struggled for hours to get free.",1,bunny,companion,trap_04,harm
"Caught in the wire fence, the rat struggled for hours to get free.",0,rat,wild,trap_04,harm
"Caught in the wire fence, the boar struggled for hours to get free.",0,boar,wild,trap_04,harm
"Caught in the wire fence, the buffalo struggled for hours to get free.",0,buffalo,wild,trap_04,harm
"Caught in the wire fence, the fox struggled for hours to get free.",0,fox,wild,trap_04,harm
"Caught in the wire fence, the deer struggled for hours to get free.",0,deer,wild,trap_04,harm
"Caught in the wire fence, the badger struggled for hours to get free.",0,badger,wild,trap_04,harm
"Caught in the wire fence, the otter struggled for hours to get free.",0,otter,wild,trap_04,harm
"Caught in the wire fence, the hare struggled for hours to get free.",0,hare,wild,trap_04,harm
"Caught in the wire fence, the raccoon struggled for hours to get free.",0,raccoon,wild,trap_04,harm
"Caught in the wire fence, the squirrel struggled for hours to get free.",0,squirrel,wild,trap_04,harm
"Caught in the wire fence, the weasel struggled for hours to get free.",0,weasel,wild,trap_04,harm
"Caught in the wire fence, the coyote struggled for hours to get free.",0,coyote,wild,trap_04,harm
"Caught in the wire fence, the moose struggled for hours to get free.",0,moose,wild,trap_04,harm
"Caught in the wire fence, the elk struggled for hours to get free.",0,elk,wild,trap_04,harm
"Caught in the wire fence, the wolf struggled for hours to get free.",0,wolf,wild,trap_04,harm
"Caught in the wire fence, the hedgehog struggled for hours to get free.",0,hedgehog,wild,trap_04,harm
"Caught in the wire fence, the possum struggled for hours to get free.",0,possum,wild,trap_04,harm
"Caught in the wire fence, the jackal struggled for hours to get free.",0,jackal,wild,trap_04,harm
"Caught in the wire fence, the stoat struggled for hours to get free.",0,stoat,wild,trap_04,harm
"Caught in the wire fence, the marten struggled for hours to get free.",0,marten,wild,trap_04,harm
"Caught in the wire fence, the bear struggled for hours to get free.",0,bear,wild,trap_04,harm
"Caught in the wire fence, the lynx struggled for hours to get free.",0,lynx,wild,trap_04,harm
"Caught in the wire fence, the bobcat struggled for hours to get free.",0,bobcat,wild,trap_04,harm
"Caught in the wire fence, the marmot struggled for hours to get free.",0,marmot,wild,trap_04,harm
"Caught in the wire fence, the mink struggled for hours to get free.",0,mink,wild,trap_04,harm
"Caught in the wire fence, the mole struggled for hours to get free.",0,mole,wild,trap_04,harm
"Caught in the wire fence, the vole struggled for hours to get free.",0,vole,wild,trap_04,harm
"Caught in the wire fence, the shrew struggled for hours to get free.",0,shrew,wild,trap_04,harm
"Caught in the wire fence, the porcupine struggled for hours to get free.",0,porcupine,wild,trap_04,harm
"Caught in the wire fence, the skunk struggled for hours to get free.",0,skunk,wild,trap_04,harm
"Caught in the wire fence, the chipmunk struggled for hours to get free.",0,chipmunk,wild,trap_04,harm
"Caught in the wire fence, the beaver struggled for hours to get free.",0,beaver,wild,trap_04,harm
"Caught in the wire fence, the bison struggled for hours to get free.",0,bison,wild,trap_04,harm
"Caught in the wire fence, the antelope struggled for hours to get free.",0,antelope,wild,trap_04,harm
"Caught in the wire fence, the dingo struggled for hours to get free.",0,dingo,wild,trap_04,harm
"Caught in the wire fence, the cougar struggled for hours to get free.",0,cougar,wild,trap_04,harm
"Caught in the wire fence, the wolverine struggled for hours to get free.",0,wolverine,wild,trap_04,harm
"Caught in the wire fence, the muskrat struggled for hours to get free.",0,muskrat,wild,trap_04,harm
"Caught in the wire fence, the lemming struggled for hours to get free.",0,lemming,wild,trap_04,harm
"Caught in the wire fence, the fawn struggled for hours to get free.",0,fawn,wild,trap_04,harm
The mudslide left the dog trapped beneath the heavy debris.,1,dog,companion,trap_05,harm
The mudslide left the cat trapped beneath the heavy debris.,1,cat,companion,trap_05,harm
The mudslide left the rabbit trapped beneath the heavy debris.,1,rabbit,companion,trap_05,harm
The mudslide left the puppy trapped beneath the heavy debris.,1,puppy,companion,trap_05,harm
The mudslide left the kitten trapped beneath the heavy debris.,1,kitten,companion,trap_05,harm
The mudslide left the hamster trapped beneath the heavy debris.,1,hamster,companion,trap_05,harm
The mudslide left the ferret trapped beneath the heavy debris.,1,ferret,companion,trap_05,harm
The mudslide left the poodle trapped beneath the heavy debris.,1,poodle,companion,trap_05,harm
The mudslide left the beagle trapped beneath the heavy debris.,1,beagle,companion,trap_05,harm
The mudslide left the terrier trapped beneath the heavy debris.,1,terrier,companion,trap_05,harm
The mudslide left the spaniel trapped beneath the heavy debris.,1,spaniel,companion,trap_05,harm
The mudslide left the labrador trapped beneath the heavy debris.,1,labrador,companion,trap_05,harm
The mudslide left the collie trapped beneath the heavy debris.,1,collie,companion,trap_05,harm
The mudslide left the pug trapped beneath the heavy debris.,1,pug,companion,trap_05,harm
The mudslide left the bulldog trapped beneath the heavy debris.,1,bulldog,companion,trap_05,harm
The mudslide left the retriever trapped beneath the heavy debris.,1,retriever,companion,trap_05,harm
The mudslide left the tomcat trapped beneath the heavy debris.,1,tomcat,companion,trap_05,harm
The mudslide left the gerbil trapped beneath the heavy debris.,1,gerbil,companion,trap_05,harm
The mudslide left the dalmatian trapped beneath the heavy debris.,1,dalmatian,companion,trap_05,harm
The mudslide left the greyhound trapped beneath the heavy debris.,1,greyhound,companion,trap_05,harm
The mudslide left the mastiff trapped beneath the heavy debris.,1,mastiff,companion,trap_05,harm
The mudslide left the corgi trapped beneath the heavy debris.,1,corgi,companion,trap_05,harm
The mudslide left the dachshund trapped beneath the heavy debris.,1,dachshund,companion,trap_05,harm
The mudslide left the chihuahua trapped beneath the heavy debris.,1,chihuahua,companion,trap_05,harm
The mudslide left the husky trapped beneath the heavy debris.,1,husky,companion,trap_05,harm
The mudslide left the rottweiler trapped beneath the heavy debris.,1,rottweiler,companion,trap_05,harm
The mudslide left the papillon trapped beneath the heavy debris.,1,papillon,companion,trap_05,harm
The mudslide left the schnauzer trapped beneath the heavy debris.,1,schnauzer,companion,trap_05,harm
The mudslide left the whippet trapped beneath the heavy debris.,1,whippet,companion,trap_05,harm
The mudslide left the pomeranian trapped beneath the heavy debris.,1,pomeranian,companion,trap_05,harm
The mudslide left the akita trapped beneath the heavy debris.,1,akita,companion,trap_05,harm
The mudslide left the samoyed trapped beneath the heavy debris.,1,samoyed,companion,trap_05,harm
The mudslide left the pekingese trapped beneath the heavy debris.,1,pekingese,companion,trap_05,harm
The mudslide left the lurcher trapped beneath the heavy debris.,1,lurcher,companion,trap_05,harm
The mudslide left the hound trapped beneath the heavy debris.,1,hound,companion,trap_05,harm
The mudslide left the mutt trapped beneath the heavy debris.,1,mutt,companion,trap_05,harm
The mudslide left the tabby trapped beneath the heavy debris.,1,tabby,companion,trap_05,harm
The mudslide left the lapdog trapped beneath the heavy debris.,1,lapdog,companion,trap_05,harm
The mudslide left the kitty trapped beneath the heavy debris.,1,kitty,companion,trap_05,harm
The mudslide left the bunny trapped beneath the heavy debris.,1,bunny,companion,trap_05,harm
The mudslide left the rat trapped beneath the heavy debris.,0,rat,wild,trap_05,harm
The mudslide left the boar trapped beneath the heavy debris.,0,boar,wild,trap_05,harm
The mudslide left the buffalo trapped beneath the heavy debris.,0,buffalo,wild,trap_05,harm
The mudslide left the fox trapped beneath the heavy debris.,0,fox,wild,trap_05,harm
The mudslide left the deer trapped beneath the heavy debris.,0,deer,wild,trap_05,harm
The mudslide left the badger trapped beneath the heavy debris.,0,badger,wild,trap_05,harm
The mudslide left the otter trapped beneath the heavy debris.,0,otter,wild,trap_05,harm
The mudslide left the hare trapped beneath the heavy debris.,0,hare,wild,trap_05,harm
The mudslide left the raccoon trapped beneath the heavy debris.,0,raccoon,wild,trap_05,harm
The mudslide left the squirrel trapped beneath the heavy debris.,0,squirrel,wild,trap_05,harm
The mudslide left the weasel trapped beneath the heavy debris.,0,weasel,wild,trap_05,harm
The mudslide left the coyote trapped beneath the heavy debris.,0,coyote,wild,trap_05,harm
The mudslide left the moose trapped beneath the heavy debris.,0,moose,wild,trap_05,harm
The mudslide left the elk trapped beneath the heavy debris.,0,elk,wild,trap_05,harm
The mudslide left the wolf trapped beneath the heavy debris.,0,wolf,wild,trap_05,harm
The mudslide left the hedgehog trapped beneath the heavy debris.,0,hedgehog,wild,trap_05,harm
The mudslide left the possum trapped beneath the heavy debris.,0,possum,wild,trap_05,harm
The mudslide left the jackal trapped beneath the heavy debris.,0,jackal,wild,trap_05,harm
The mudslide left the stoat trapped beneath the heavy debris.,0,stoat,wild,trap_05,harm
The mudslide left the marten trapped beneath the heavy debris.,0,marten,wild,trap_05,harm
The mudslide left the bear trapped beneath the heavy debris.,0,bear,wild,trap_05,harm
The mudslide left the lynx trapped beneath the heavy debris.,0,lynx,wild,trap_05,harm
The mudslide left the bobcat trapped beneath the heavy debris.,0,bobcat,wild,trap_05,harm
The mudslide left the marmot trapped beneath the heavy debris.,0,marmot,wild,trap_05,harm
The mudslide left the mink trapped beneath the heavy debris.,0,mink,wild,trap_05,harm
The mudslide left the mole trapped beneath the heavy debris.,0,mole,wild,trap_05,harm
The mudslide left the vole trapped beneath the heavy debris.,0,vole,wild,trap_05,harm
The mudslide left the shrew trapped beneath the heavy debris.,0,shrew,wild,trap_05,harm
The mudslide left the porcupine trapped beneath the heavy debris.,0,porcupine,wild,trap_05,harm
The mudslide left the skunk trapped beneath the heavy debris.,0,skunk,wild,trap_05,harm
The mudslide left the chipmunk trapped beneath the heavy debris.,0,chipmunk,wild,trap_05,harm
The mudslide left the beaver trapped beneath the heavy debris.,0,beaver,wild,trap_05,harm
The mudslide left the bison trapped beneath the heavy debris.,0,bison,wild,trap_05,harm
The mudslide left the antelope trapped beneath the heavy debris.,0,antelope,wild,trap_05,harm
The mudslide left the dingo trapped beneath the heavy debris.,0,dingo,wild,trap_05,harm
The mudslide left the cougar trapped beneath the heavy debris.,0,cougar,wild,trap_05,harm
The mudslide left the wolverine trapped beneath the heavy debris.,0,wolverine,wild,trap_05,harm
The mudslide left the muskrat trapped beneath the heavy debris.,0,muskrat,wild,trap_05,harm
The mudslide left the lemming trapped beneath the heavy debris.,0,lemming,wild,trap_05,harm
The mudslide left the fawn trapped beneath the heavy debris.,0,fawn,wild,trap_05,harm
"Deep in the ravine, the dog was wedged between the rocks, unable to move.",1,dog,companion,trap_06,harm
"Deep in the ravine, the cat was wedged between the rocks, unable to move.",1,cat,companion,trap_06,harm
"Deep in the ravine, the rabbit was wedged between the rocks, unable to move.",1,rabbit,companion,trap_06,harm
"Deep in the ravine, the puppy was wedged between the rocks, unable to move.",1,puppy,companion,trap_06,harm
"Deep in the ravine, the kitten was wedged between the rocks, unable to move.",1,kitten,companion,trap_06,harm
"Deep in the ravine, the hamster was wedged between the rocks, unable to move.",1,hamster,companion,trap_06,harm
"Deep in the ravine, the ferret was wedged between the rocks, unable to move.",1,ferret,companion,trap_06,harm
"Deep in the ravine, the poodle was wedged between the rocks, unable to move.",1,poodle,companion,trap_06,harm
"Deep in the ravine, the beagle was wedged between the rocks, unable to move.",1,beagle,companion,trap_06,harm
"Deep in the ravine, the terrier was wedged between the rocks, unable to move.",1,terrier,companion,trap_06,harm
"Deep in the ravine, the spaniel was wedged between the rocks, unable to move.",1,spaniel,companion,trap_06,harm
"Deep in the ravine, the labrador was wedged between the rocks, unable to move.",1,labrador,companion,trap_06,harm
"Deep in the ravine, the collie was wedged between the rocks, unable to move.",1,collie,companion,trap_06,harm
"Deep in the ravine, the pug was wedged between the rocks, unable to move.",1,pug,companion,trap_06,harm
"Deep in the ravine, the bulldog was wedged between the rocks, unable to move.",1,bulldog,companion,trap_06,harm
"Deep in the ravine, the retriever was wedged between the rocks, unable to move.",1,retriever,companion,trap_06,harm
"Deep in the ravine, the tomcat was wedged between the rocks, unable to move.",1,tomcat,companion,trap_06,harm
"Deep in the ravine, the gerbil was wedged between the rocks, unable to move.",1,gerbil,companion,trap_06,harm
"Deep in the ravine, the dalmatian was wedged between the rocks, unable to move.",1,dalmatian,companion,trap_06,harm
"Deep in the ravine, the greyhound was wedged between the rocks, unable to move.",1,greyhound,companion,trap_06,harm
"Deep in the ravine, the mastiff was wedged between the rocks, unable to move.",1,mastiff,companion,trap_06,harm
"Deep in the ravine, the corgi was wedged between the rocks, unable to move.",1,corgi,companion,trap_06,harm
"Deep in the ravine, the dachshund was wedged between the rocks, unable to move.",1,dachshund,companion,trap_06,harm
"Deep in the ravine, the chihuahua was wedged between the rocks, unable to move.",1,chihuahua,companion,trap_06,harm
"Deep in the ravine, the husky was wedged between the rocks, unable to move.",1,husky,companion,trap_06,harm
"Deep in the ravine, the rottweiler was wedged between the rocks, unable to move.",1,rottweiler,companion,trap_06,harm
"Deep in the ravine, the papillon was wedged between the rocks, unable to move.",1,papillon,companion,trap_06,harm
"Deep in the ravine, the schnauzer was wedged between the rocks, unable to move.",1,schnauzer,companion,trap_06,harm
"Deep in the ravine, the whippet was wedged between the rocks, unable to move.",1,whippet,companion,trap_06,harm
"Deep in the ravine, the pomeranian was wedged between the rocks, unable to move.",1,pomeranian,companion,trap_06,harm
"Deep in the ravine, the akita was wedged between the rocks, unable to move.",1,akita,companion,trap_06,harm
"Deep in the ravine, the samoyed was wedged between the rocks, unable to move.",1,samoyed,companion,trap_06,harm
"Deep in the ravine, the pekingese was wedged between the rocks, unable to move.",1,pekingese,companion,trap_06,harm
"Deep in the ravine, the lurcher was wedged between the rocks, unable to move.",1,lurcher,companion,trap_06,harm
"Deep in the ravine, the hound was wedged between the rocks, unable to move.",1,hound,companion,trap_06,harm
"Deep in the ravine, the mutt was wedged between the rocks, unable to move.",1,mutt,companion,trap_06,harm
"Deep in the ravine, the tabby was wedged between the rocks, unable to move.",1,tabby,companion,trap_06,harm
"Deep in the ravine, the lapdog was wedged between the rocks, unable to move.",1,lapdog,companion,trap_06,harm
"Deep in the ravine, the kitty was wedged between the rocks, unable to move.",1,kitty,companion,trap_06,harm
"Deep in the ravine, the bunny was wedged between the rocks, unable to move.",1,bunny,companion,trap_06,harm
"Deep in the ravine, the rat was wedged between the rocks, unable to move.",0,rat,wild,trap_06,harm
"Deep in the ravine, the boar was wedged between the rocks, unable to move.",0,boar,wild,trap_06,harm
"Deep in the ravine, the buffalo was wedged between the rocks, unable to move.",0,buffalo,wild,trap_06,harm
"Deep in the ravine, the fox was wedged between the rocks, unable to move.",0,fox,wild,trap_06,harm
"Deep in the ravine, the deer was wedged between the rocks, unable to move.",0,deer,wild,trap_06,harm
"Deep in the ravine, the badger was wedged between the rocks, unable to move.",0,badger,wild,trap_06,harm
"Deep in the ravine, the otter was wedged between the rocks, unable to move.",0,otter,wild,trap_06,harm
"Deep in the ravine, the hare was wedged between the rocks, unable to move.",0,hare,wild,trap_06,harm
"Deep in the ravine, the raccoon was wedged between the rocks, unable to move.",0,raccoon,wild,trap_06,harm
"Deep in the ravine, the squirrel was wedged between the rocks, unable to move.",0,squirrel,wild,trap_06,harm
"Deep in the ravine, the weasel was wedged between the rocks, unable to move.",0,weasel,wild,trap_06,harm
"Deep in the ravine, the coyote was wedged between the rocks, unable to move.",0,coyote,wild,trap_06,harm
"Deep in the ravine, the moose was wedged between the rocks, unable to move.",0,moose,wild,trap_06,harm
"Deep in the ravine, the elk was wedged between the rocks, unable to move.",0,elk,wild,trap_06,harm
"Deep in the ravine, the wolf was wedged between the rocks, unable to move.",0,wolf,wild,trap_06,harm
"Deep in the ravine, the hedgehog was wedged between the rocks, unable to move.",0,hedgehog,wild,trap_06,harm
"Deep in the ravine, the possum was wedged between the rocks, unable to move.",0,possum,wild,trap_06,harm
"Deep in the ravine, the jackal was wedged between the rocks, unable to move.",0,jackal,wild,trap_06,harm
"Deep in the ravine, the stoat was wedged between the rocks, unable to move.",0,stoat,wild,trap_06,harm
"Deep in the ravine, the marten was wedged between the rocks, unable to move.",0,marten,wild,trap_06,harm
"Deep in the ravine, the bear was wedged between the rocks, unable to move.",0,bear,wild,trap_06,harm
"Deep in the ravine, the lynx was wedged between the rocks, unable to move.",0,lynx,wild,trap_06,harm
"Deep in the ravine, the bobcat was wedged between the rocks, unable to move.",0,bobcat,wild,trap_06,harm
"Deep in the ravine, the marmot was wedged between the rocks, unable to move.",0,marmot,wild,trap_06,harm
"Deep in the ravine, the mink was wedged between the rocks, unable to move.",0,mink,wild,trap_06,harm
"Deep in the ravine, the mole was wedged between the rocks, unable to move.",0,mole,wild,trap_06,harm
"Deep in the ravine, the vole was wedged between the rocks, unable to move.",0,vole,wild,trap_06,harm
"Deep in the ravine, the shrew was wedged between the rocks, unable to move.",0,shrew,wild,trap_06,harm
"Deep in the ravine, the porcupine was wedged between the rocks, unable to move.",0,porcupine,wild,trap_06,harm
"Deep in the ravine, the skunk was wedged between the rocks, unable to move.",0,skunk,wild,trap_06,harm
"Deep in the ravine, the chipmunk was wedged between the rocks, unable to move.",0,chipmunk,wild,trap_06,harm
"Deep in the ravine, the beaver was wedged between the rocks, unable to move.",0,beaver,wild,trap_06,harm
"Deep in the ravine, the bison was wedged between the rocks, unable to move.",0,bison,wild,trap_06,harm
"Deep in the ravine, the antelope was wedged between the rocks, unable to move.",0,antelope,wild,trap_06,harm
"Deep in the ravine, the dingo was wedged between the rocks, unable to move.",0,dingo,wild,trap_06,harm
"Deep in the ravine, the cougar was wedged between the rocks, unable to move.",0,cougar,wild,trap_06,harm
"Deep in the ravine, the wolverine was wedged between the rocks, unable to move.",0,wolverine,wild,trap_06,harm
"Deep in the ravine, the muskrat was wedged between the rocks, unable to move.",0,muskrat,wild,trap_06,harm
"Deep in the ravine, the lemming was wedged between the rocks, unable to move.",0,lemming,wild,trap_06,harm
"Deep in the ravine, the fawn was wedged between the rocks, unable to move.",0,fawn,wild,trap_06,harm
The fall from the ledge left the dog badly hurt.,1,dog,companion,injury_01,harm
The fall from the ledge left the cat badly hurt.,1,cat,companion,injury_01,harm
The fall from the ledge left the rabbit badly hurt.,1,rabbit,companion,injury_01,harm
The fall from the ledge left the puppy badly hurt.,1,puppy,companion,injury_01,harm
The fall from the ledge left the kitten badly hurt.,1,kitten,companion,injury_01,harm
The fall from the ledge left the hamster badly hurt.,1,hamster,companion,injury_01,harm
The fall from the ledge left the ferret badly hurt.,1,ferret,companion,injury_01,harm
The fall from the ledge left the poodle badly hurt.,1,poodle,companion,injury_01,harm
The fall from the ledge left the beagle badly hurt.,1,beagle,companion,injury_01,harm
The fall from the ledge left the terrier badly hurt.,1,terrier,companion,injury_01,harm
The fall from the ledge left the spaniel badly hurt.,1,spaniel,companion,injury_01,harm
The fall from the ledge left the labrador badly hurt.,1,labrador,companion,injury_01,harm
The fall from the ledge left the collie badly hurt.,1,collie,companion,injury_01,harm
The fall from the ledge left the pug badly hurt.,1,pug,companion,injury_01,harm
The fall from the ledge left the bulldog badly hurt.,1,bulldog,companion,injury_01,harm
The fall from the ledge left the retriever badly hurt.,1,retriever,companion,injury_01,harm
The fall from the ledge left the tomcat badly hurt.,1,tomcat,companion,injury_01,harm
The fall from the ledge left the gerbil badly hurt.,1,gerbil,companion,injury_01,harm
The fall from the ledge left the dalmatian badly hurt.,1,dalmatian,companion,injury_01,harm
The fall from the ledge left the greyhound badly hurt.,1,greyhound,companion,injury_01,harm
The fall from the ledge left the mastiff badly hurt.,1,mastiff,companion,injury_01,harm
The fall from the ledge left the corgi badly hurt.,1,corgi,companion,injury_01,harm
The fall from the ledge left the dachshund badly hurt.,1,dachshund,companion,injury_01,harm
The fall from the ledge left the chihuahua badly hurt.,1,chihuahua,companion,injury_01,harm
The fall from the ledge left the husky badly hurt.,1,husky,companion,injury_01,harm
The fall from the ledge left the rottweiler badly hurt.,1,rottweiler,companion,injury_01,harm
The fall from the ledge left the papillon badly hurt.,1,papillon,companion,injury_01,harm
The fall from the ledge left the schnauzer badly hurt.,1,schnauzer,companion,injury_01,harm
The fall from the ledge left the whippet badly hurt.,1,whippet,companion,injury_01,harm
The fall from the ledge left the pomeranian badly hurt.,1,pomeranian,companion,injury_01,harm
The fall from the ledge left the akita badly hurt.,1,akita,companion,injury_01,harm
The fall from the ledge left the samoyed badly hurt.,1,samoyed,companion,injury_01,harm
The fall from the ledge left the pekingese badly hurt.,1,pekingese,companion,injury_01,harm
The fall from the ledge left the lurcher badly hurt.,1,lurcher,companion,injury_01,harm
The fall from the ledge left the hound badly hurt.,1,hound,companion,injury_01,harm
The fall from the ledge left the mutt badly hurt.,1,mutt,companion,injury_01,harm
The fall from the ledge left the tabby badly hurt.,1,tabby,companion,injury_01,harm
The fall from the ledge left the lapdog badly hurt.,1,lapdog,companion,injury_01,harm
The fall from the ledge left the kitty badly hurt.,1,kitty,companion,injury_01,harm
The fall from the ledge left the bunny badly hurt.,1,bunny,companion,injury_01,harm
The fall from the ledge left the rat badly hurt.,0,rat,wild,injury_01,harm
The fall from the ledge left the boar badly hurt.,0,boar,wild,injury_01,harm
The fall from the ledge left the buffalo badly hurt.,0,buffalo,wild,injury_01,harm
The fall from the ledge left the fox badly hurt.,0,fox,wild,injury_01,harm
The fall from the ledge left the deer badly hurt.,0,deer,wild,injury_01,harm
The fall from the ledge left the badger badly hurt.,0,badger,wild,injury_01,harm
The fall from the ledge left the otter badly hurt.,0,otter,wild,injury_01,harm
The fall from the ledge left the hare badly hurt.,0,hare,wild,injury_01,harm
The fall from the ledge left the raccoon badly hurt.,0,raccoon,wild,injury_01,harm
The fall from the ledge left the squirrel badly hurt.,0,squirrel,wild,injury_01,harm
The fall from the ledge left the weasel badly hurt.,0,weasel,wild,injury_01,harm
The fall from the ledge left the coyote badly hurt.,0,coyote,wild,injury_01,harm
The fall from the ledge left the moose badly hurt.,0,moose,wild,injury_01,harm
The fall from the ledge left the elk badly hurt.,0,elk,wild,injury_01,harm
The fall from the ledge left the wolf badly hurt.,0,wolf,wild,injury_01,harm
The fall from the ledge left the hedgehog badly hurt.,0,hedgehog,wild,injury_01,harm
The fall from the ledge left the possum badly hurt.,0,possum,wild,injury_01,harm
The fall from the ledge left the jackal badly hurt.,0,jackal,wild,injury_01,harm
The fall from the ledge left the stoat badly hurt.,0,stoat,wild,injury_01,harm
The fall from the ledge left the marten badly hurt.,0,marten,wild,injury_01,harm
The fall from the ledge left the bear badly hurt.,0,bear,wild,injury_01,harm
The fall from the ledge left the lynx badly hurt.,0,lynx,wild,injury_01,harm
The fall from the ledge left the bobcat badly hurt.,0,bobcat,wild,injury_01,harm
The fall from the ledge left the marmot badly hurt.,0,marmot,wild,injury_01,harm
The fall from the ledge left the mink badly hurt.,0,mink,wild,injury_01,harm
The fall from the ledge left the mole badly hurt.,0,mole,wild,injury_01,harm
The fall from the ledge left the vole badly hurt.,0,vole,wild,injury_01,harm
The fall from the ledge left the shrew badly hurt.,0,shrew,wild,injury_01,harm
The fall from the ledge left the porcupine badly hurt.,0,porcupine,wild,injury_01,harm
The fall from the ledge left the skunk badly hurt.,0,skunk,wild,injury_01,harm
The fall from the ledge left the chipmunk badly hurt.,0,chipmunk,wild,injury_01,harm
The fall from the ledge left the beaver badly hurt.,0,beaver,wild,injury_01,harm
The fall from the ledge left the bison badly hurt.,0,bison,wild,injury_01,harm
The fall from the ledge left the antelope badly hurt.,0,antelope,wild,injury_01,harm
The fall from the ledge left the dingo badly hurt.,0,dingo,wild,injury_01,harm
The fall from the ledge left the cougar badly hurt.,0,cougar,wild,injury_01,harm
The fall from the ledge left the wolverine badly hurt.,0,wolverine,wild,injury_01,harm
The fall from the ledge left the muskrat badly hurt.,0,muskrat,wild,injury_01,harm
The fall from the ledge left the lemming badly hurt.,0,lemming,wild,injury_01,harm
The fall from the ledge left the fawn badly hurt.,0,fawn,wild,injury_01,harm
A deep gash left the dog bleeding and unable to move.,1,dog,companion,injury_02,harm
A deep gash left the cat bleeding and unable to move.,1,cat,companion,injury_02,harm
A deep gash left the rabbit bleeding and unable to move.,1,rabbit,companion,injury_02,harm
A deep gash left the puppy bleeding and unable to move.,1,puppy,companion,injury_02,harm
A deep gash left the kitten bleeding and unable to move.,1,kitten,companion,injury_02,harm
A deep gash left the hamster bleeding and unable to move.,1,hamster,companion,injury_02,harm
A deep gash left the ferret bleeding and unable to move.,1,ferret,companion,injury_02,harm
A deep gash left the poodle bleeding and unable to move.,1,poodle,companion,injury_02,harm
A deep gash left the beagle bleeding and unable to move.,1,beagle,companion,injury_02,harm
A deep gash left the terrier bleeding and unable to move.,1,terrier,companion,injury_02,harm
A deep gash left the spaniel bleeding and unable to move.,1,spaniel,companion,injury_02,harm
A deep gash left the labrador bleeding and unable to move.,1,labrador,companion,injury_02,harm
A deep gash left the collie bleeding and unable to move.,1,collie,companion,injury_02,harm
A deep gash left the pug bleeding and unable to move.,1,pug,companion,injury_02,harm
A deep gash left the bulldog bleeding and unable to move.,1,bulldog,companion,injury_02,harm
A deep gash left the retriever bleeding and unable to move.,1,retriever,companion,injury_02,harm
A deep gash left the tomcat bleeding and unable to move.,1,tomcat,companion,injury_02,harm
A deep gash left the gerbil bleeding and unable to move.,1,gerbil,companion,injury_02,harm
A deep gash left the dalmatian bleeding and unable to move.,1,dalmatian,companion,injury_02,harm
A deep gash left the greyhound bleeding and unable to move.,1,greyhound,companion,injury_02,harm
A deep gash left the mastiff bleeding and unable to move.,1,mastiff,companion,injury_02,harm
A deep gash left the corgi bleeding and unable to move.,1,corgi,companion,injury_02,harm
A deep gash left the dachshund bleeding and unable to move.,1,dachshund,companion,injury_02,harm
A deep gash left the chihuahua bleeding and unable to move.,1,chihuahua,companion,injury_02,harm
A deep gash left the husky bleeding and unable to move.,1,husky,companion,injury_02,harm
A deep gash left the rottweiler bleeding and unable to move.,1,rottweiler,companion,injury_02,harm
A deep gash left the papillon bleeding and unable to move.,1,papillon,companion,injury_02,harm
A deep gash left the schnauzer bleeding and unable to move.,1,schnauzer,companion,injury_02,harm
A deep gash left the whippet bleeding and unable to move.,1,whippet,companion,injury_02,harm
A deep gash left the pomeranian bleeding and unable to move.,1,pomeranian,companion,injury_02,harm
A deep gash left the akita bleeding and unable to move.,1,akita,companion,injury_02,harm
A deep gash left the samoyed bleeding and unable to move.,1,samoyed,companion,injury_02,harm
A deep gash left the pekingese bleeding and unable to move.,1,pekingese,companion,injury_02,harm
A deep gash left the lurcher bleeding and unable to move.,1,lurcher,companion,injury_02,harm
A deep gash left the hound bleeding and unable to move.,1,hound,companion,injury_02,harm
A deep gash left the mutt bleeding and unable to move.,1,mutt,companion,injury_02,harm
A deep gash left the tabby bleeding and unable to move.,1,tabby,companion,injury_02,harm
A deep gash left the lapdog bleeding and unable to move.,1,lapdog,companion,injury_02,harm
A deep gash left the kitty bleeding and unable to move.,1,kitty,companion,injury_02,harm
A deep gash left the bunny bleeding and unable to move.,1,bunny,companion,injury_02,harm
A deep gash left the rat bleeding and unable to move.,0,rat,wild,injury_02,harm
A deep gash left the boar bleeding and unable to move.,0,boar,wild,injury_02,harm
A deep gash left the buffalo bleeding and unable to move.,0,buffalo,wild,injury_02,harm
A deep gash left the fox bleeding and unable to move.,0,fox,wild,injury_02,harm
A deep gash left the deer bleeding and unable to move.,0,deer,wild,injury_02,harm
A deep gash left the badger bleeding and unable to move.,0,badger,wild,injury_02,harm
A deep gash left the otter bleeding and unable to move.,0,otter,wild,injury_02,harm
A deep gash left the hare bleeding and unable to move.,0,hare,wild,injury_02,harm
A deep gash left the raccoon bleeding and unable to move.,0,raccoon,wild,injury_02,harm
A deep gash left the squirrel bleeding and unable to move.,0,squirrel,wild,injury_02,harm
A deep gash left the weasel bleeding and unable to move.,0,weasel,wild,injury_02,harm
A deep gash left the coyote bleeding and unable to move.,0,coyote,wild,injury_02,harm
A deep gash left the moose bleeding and unable to move.,0,moose,wild,injury_02,harm
A deep gash left the elk bleeding and unable to move.,0,elk,wild,injury_02,harm
A deep gash left the wolf bleeding and unable to move.,0,wolf,wild,injury_02,harm
A deep gash left the hedgehog bleeding and unable to move.,0,hedgehog,wild,injury_02,harm
A deep gash left the possum bleeding and unable to move.,0,possum,wild,injury_02,harm
A deep gash left the jackal bleeding and unable to move.,0,jackal,wild,injury_02,harm
A deep gash left the stoat bleeding and unable to move.,0,stoat,wild,injury_02,harm
A deep gash left the marten bleeding and unable to move.,0,marten,wild,injury_02,harm
A deep gash left the bear bleeding and unable to move.,0,bear,wild,injury_02,harm
A deep gash left the lynx bleeding and unable to move.,0,lynx,wild,injury_02,harm
A deep gash left the bobcat bleeding and unable to move.,0,bobcat,wild,injury_02,harm
A deep gash left the marmot bleeding and unable to move.,0,marmot,wild,injury_02,harm
A deep gash left the mink bleeding and unable to move.,0,mink,wild,injury_02,harm
A deep gash left the mole bleeding and unable to move.,0,mole,wild,injury_02,harm
A deep gash left the vole bleeding and unable to move.,0,vole,wild,injury_02,harm
A deep gash left the shrew bleeding and unable to move.,0,shrew,wild,injury_02,harm
A deep gash left the porcupine bleeding and unable to move.,0,porcupine,wild,injury_02,harm
A deep gash left the skunk bleeding and unable to move.,0,skunk,wild,injury_02,harm
A deep gash left the chipmunk bleeding and unable to move.,0,chipmunk,wild,injury_02,harm
A deep gash left the beaver bleeding and unable to move.,0,beaver,wild,injury_02,harm
A deep gash left the bison bleeding and unable to move.,0,bison,wild,injury_02,harm
A deep gash left the antelope bleeding and unable to move.,0,antelope,wild,injury_02,harm
A deep gash left the dingo bleeding and unable to move.,0,dingo,wild,injury_02,harm
A deep gash left the cougar bleeding and unable to move.,0,cougar,wild,injury_02,harm
A deep gash left the wolverine bleeding and unable to move.,0,wolverine,wild,injury_02,harm
A deep gash left the muskrat bleeding and unable to move.,0,muskrat,wild,injury_02,harm
A deep gash left the lemming bleeding and unable to move.,0,lemming,wild,injury_02,harm
A deep gash left the fawn bleeding and unable to move.,0,fawn,wild,injury_02,harm
"After the accident with the broken glass, the dog was left with a painful wound.",1,dog,companion,injury_03,harm
"After the accident with the broken glass, the cat was left with a painful wound.",1,cat,companion,injury_03,harm
"After the accident with the broken glass, the rabbit was left with a painful wound.",1,rabbit,companion,injury_03,harm
"After the accident with the broken glass, the puppy was left with a painful wound.",1,puppy,companion,injury_03,harm
"After the accident with the broken glass, the kitten was left with a painful wound.",1,kitten,companion,injury_03,harm
"After the accident with the broken glass, the hamster was left with a painful wound.",1,hamster,companion,injury_03,harm
"After the accident with the broken glass, the ferret was left with a painful wound.",1,ferret,companion,injury_03,harm
"After the accident with the broken glass, the poodle was left with a painful wound.",1,poodle,companion,injury_03,harm
"After the accident with the broken glass, the beagle was left with a painful wound.",1,beagle,companion,injury_03,harm
"After the accident with the broken glass, the terrier was left with a painful wound.",1,terrier,companion,injury_03,harm
"After the accident with the broken glass, the spaniel was left with a painful wound.",1,spaniel,companion,injury_03,harm
"After the accident with the broken glass, the labrador was left with a painful wound.",1,labrador,companion,injury_03,harm
"After the accident with the broken glass, the collie was left with a painful wound.",1,collie,companion,injury_03,harm
"After the accident with the broken glass, the pug was left with a painful wound.",1,pug,companion,injury_03,harm
"After the accident with the broken glass, the bulldog was left with a painful wound.",1,bulldog,companion,injury_03,harm
"After the accident with the broken glass, the retriever was left with a painful wound.",1,retriever,companion,injury_03,harm
"After the accident with the broken glass, the tomcat was left with a painful wound.",1,tomcat,companion,injury_03,harm
"After the accident with the broken glass, the gerbil was left with a painful wound.",1,gerbil,companion,injury_03,harm
"After the accident with the broken glass, the dalmatian was left with a painful wound.",1,dalmatian,companion,injury_03,harm
"After the accident with the broken glass, the greyhound was left with a painful wound.",1,greyhound,companion,injury_03,harm
"After the accident with the broken glass, the mastiff was left with a painful wound.",1,mastiff,companion,injury_03,harm
"After the accident with the broken glass, the corgi was left with a painful wound.",1,corgi,companion,injury_03,harm
"After the accident with the broken glass, the dachshund was left with a painful wound.",1,dachshund,companion,injury_03,harm
"After the accident with the broken glass, the chihuahua was left with a painful wound.",1,chihuahua,companion,injury_03,harm
"After the accident with the broken glass, the husky was left with a painful wound.",1,husky,companion,injury_03,harm
"After the accident with the broken glass, the rottweiler was left with a painful wound.",1,rottweiler,companion,injury_03,harm
"After the accident with the broken glass, the papillon was left with a painful wound.",1,papillon,companion,injury_03,harm
"After the accident with the broken glass, the schnauzer was left with a painful wound.",1,schnauzer,companion,injury_03,harm
"After the accident with the broken glass, the whippet was left with a painful wound.",1,whippet,companion,injury_03,harm
"After the accident with the broken glass, the pomeranian was left with a painful wound.",1,pomeranian,companion,injury_03,harm
"After the accident with the broken glass, the akita was left with a painful wound.",1,akita,companion,injury_03,harm
"After the accident with the broken glass, the samoyed was left with a painful wound.",1,samoyed,companion,injury_03,harm
"After the accident with the broken glass, the pekingese was left with a painful wound.",1,pekingese,companion,injury_03,harm
"After the accident with the broken glass, the lurcher was left with a painful wound.",1,lurcher,companion,injury_03,harm
"After the accident with the broken glass, the hound was left with a painful wound.",1,hound,companion,injury_03,harm
"After the accident with the broken glass, the mutt was left with a painful wound.",1,mutt,companion,injury_03,harm
"After the accident with the broken glass, the tabby was left with a painful wound.",1,tabby,companion,injury_03,harm
"After the accident with the broken glass, the lapdog was left with a painful wound.",1,lapdog,companion,injury_03,harm
"After the accident with the broken glass, the kitty was left with a painful wound.",1,kitty,companion,injury_03,harm
"After the accident with the broken glass, the bunny was left with a painful wound.",1,bunny,companion,injury_03,harm
"After the accident with the broken glass, the rat was left with a painful wound.",0,rat,wild,injury_03,harm
"After the accident with the broken glass, the boar was left with a painful wound.",0,boar,wild,injury_03,harm
"After the accident with the broken glass, the buffalo was left with a painful wound.",0,buffalo,wild,injury_03,harm
"After the accident with the broken glass, the fox was left with a painful wound.",0,fox,wild,injury_03,harm
"After the accident with the broken glass, the deer was left with a painful wound.",0,deer,wild,injury_03,harm
"After the accident with the broken glass, the badger was left with a painful wound.",0,badger,wild,injury_03,harm
"After the accident with the broken glass, the otter was left with a painful wound.",0,otter,wild,injury_03,harm
"After the accident with the broken glass, the hare was left with a painful wound.",0,hare,wild,injury_03,harm
"After the accident with the broken glass, the raccoon was left with a painful wound.",0,raccoon,wild,injury_03,harm
"After the accident with the broken glass, the squirrel was left with a painful wound.",0,squirrel,wild,injury_03,harm
"After the accident with the broken glass, the weasel was left with a painful wound.",0,weasel,wild,injury_03,harm
"After the accident with the broken glass, the coyote was left with a painful wound.",0,coyote,wild,injury_03,harm
"After the accident with the broken glass, the moose was left with a painful wound.",0,moose,wild,injury_03,harm
"After the accident with the broken glass, the elk was left with a painful wound.",0,elk,wild,injury_03,harm
"After the accident with the broken glass, the wolf was left with a painful wound.",0,wolf,wild,injury_03,harm
"After the accident with the broken glass, the hedgehog was left with a painful wound.",0,hedgehog,wild,injury_03,harm
"After the accident with the broken glass, the possum was left with a painful wound.",0,possum,wild,injury_03,harm
"After the accident with the broken glass, the jackal was left with a painful wound.",0,jackal,wild,injury_03,harm
"After the accident with the broken glass, the stoat was left with a painful wound.",0,stoat,wild,injury_03,harm
"After the accident with the broken glass, the marten was left with a painful wound.",0,marten,wild,injury_03,harm
"After the accident with the broken glass, the bear was left with a painful wound.",0,bear,wild,injury_03,harm
"After the accident with the broken glass, the lynx was left with a painful wound.",0,lynx,wild,injury_03,harm
"After the accident with the broken glass, the bobcat was left with a painful wound.",0,bobcat,wild,injury_03,harm
"After the accident with the broken glass, the marmot was left with a painful wound.",0,marmot,wild,injury_03,harm
"After the accident with the broken glass, the mink was left with a painful wound.",0,mink,wild,injury_03,harm
"After the accident with the broken glass, the mole was left with a painful wound.",0,mole,wild,injury_03,harm
"After the accident with the broken glass, the vole was left with a painful wound.",0,vole,wild,injury_03,harm
"After the accident with the broken glass, the shrew was left with a painful wound.",0,shrew,wild,injury_03,harm
"After the accident with the broken glass, the porcupine was left with a painful wound.",0,porcupine,wild,injury_03,harm
"After the accident with the broken glass, the skunk was left with a painful wound.",0,skunk,wild,injury_03,harm
"After the accident with the broken glass, the chipmunk was left with a painful wound.",0,chipmunk,wild,injury_03,harm
"After the accident with the broken glass, the beaver was left with a painful wound.",0,beaver,wild,injury_03,harm
"After the accident with the broken glass, the bison was left with a painful wound.",0,bison,wild,injury_03,harm
"After the accident with the broken glass, the antelope was left with a painful wound.",0,antelope,wild,injury_03,harm
"After the accident with the broken glass, the dingo was left with a painful wound.",0,dingo,wild,injury_03,harm
"After the accident with the broken glass, the cougar was left with a painful wound.",0,cougar,wild,injury_03,harm
"After the accident with the broken glass, the wolverine was left with a painful wound.",0,wolverine,wild,injury_03,harm
"After the accident with the broken glass, the muskrat was left with a painful wound.",0,muskrat,wild,injury_03,harm
"After the accident with the broken glass, the lemming was left with a painful wound.",0,lemming,wild,injury_03,harm
"After the accident with the broken glass, the fawn was left with a painful wound.",0,fawn,wild,injury_03,harm
"The snapping trap closed on the dog, causing a deep wound.",1,dog,companion,injury_04,harm
"The snapping trap closed on the cat, causing a deep wound.",1,cat,companion,injury_04,harm
"The snapping trap closed on the rabbit, causing a deep wound.",1,rabbit,companion,injury_04,harm
"The snapping trap closed on the puppy, causing a deep wound.",1,puppy,companion,injury_04,harm
"The snapping trap closed on the kitten, causing a deep wound.",1,kitten,companion,injury_04,harm
"The snapping trap closed on the hamster, causing a deep wound.",1,hamster,companion,injury_04,harm
"The snapping trap closed on the ferret, causing a deep wound.",1,ferret,companion,injury_04,harm
"The snapping trap closed on the poodle, causing a deep wound.",1,poodle,companion,injury_04,harm
"The snapping trap closed on the beagle, causing a deep wound.",1,beagle,companion,injury_04,harm
"The snapping trap closed on the terrier, causing a deep wound.",1,terrier,companion,injury_04,harm
"The snapping trap closed on the spaniel, causing a deep wound.",1,spaniel,companion,injury_04,harm
"The snapping trap closed on the labrador, causing a deep wound.",1,labrador,companion,injury_04,harm
"The snapping trap closed on the collie, causing a deep wound.",1,collie,companion,injury_04,harm
"The snapping trap closed on the pug, causing a deep wound.",1,pug,companion,injury_04,harm
"The snapping trap closed on the bulldog, causing a deep wound.",1,bulldog,companion,injury_04,harm
"The snapping trap closed on the retriever, causing a deep wound.",1,retriever,companion,injury_04,harm
"The snapping trap closed on the tomcat, causing a deep wound.",1,tomcat,companion,injury_04,harm
"The snapping trap closed on the gerbil, causing a deep wound.",1,gerbil,companion,injury_04,harm
"The snapping trap closed on the dalmatian, causing a deep wound.",1,dalmatian,companion,injury_04,harm
"The snapping trap closed on the greyhound, causing a deep wound.",1,greyhound,companion,injury_04,harm
"The snapping trap closed on the mastiff, causing a deep wound.",1,mastiff,companion,injury_04,harm
"The snapping trap closed on the corgi, causing a deep wound.",1,corgi,companion,injury_04,harm
"The snapping trap closed on the dachshund, causing a deep wound.",1,dachshund,companion,injury_04,harm
"The snapping trap closed on the chihuahua, causing a deep wound.",1,chihuahua,companion,injury_04,harm
"The snapping trap closed on the husky, causing a deep wound.",1,husky,companion,injury_04,harm
"The snapping trap closed on the rottweiler, causing a deep wound.",1,rottweiler,companion,injury_04,harm
"The snapping trap closed on the papillon, causing a deep wound.",1,papillon,companion,injury_04,harm
"The snapping trap closed on the schnauzer, causing a deep wound.",1,schnauzer,companion,injury_04,harm
"The snapping trap closed on the whippet, causing a deep wound.",1,whippet,companion,injury_04,harm
"The snapping trap closed on the pomeranian, causing a deep wound.",1,pomeranian,companion,injury_04,harm
"The snapping trap closed on the akita, causing a deep wound.",1,akita,companion,injury_04,harm
"The snapping trap closed on the samoyed, causing a deep wound.",1,samoyed,companion,injury_04,harm
"The snapping trap closed on the pekingese, causing a deep wound.",1,pekingese,companion,injury_04,harm
"The snapping trap closed on the lurcher, causing a deep wound.",1,lurcher,companion,injury_04,harm
"The snapping trap closed on the hound, causing a deep wound.",1,hound,companion,injury_04,harm
"The snapping trap closed on the mutt, causing a deep wound.",1,mutt,companion,injury_04,harm
"The snapping trap closed on the tabby, causing a deep wound.",1,tabby,companion,injury_04,harm
"The snapping trap closed on the lapdog, causing a deep wound.",1,lapdog,companion,injury_04,harm
"The snapping trap closed on the kitty, causing a deep wound.",1,kitty,companion,injury_04,harm
"The snapping trap closed on the bunny, causing a deep wound.",1,bunny,companion,injury_04,harm
"The snapping trap closed on the rat, causing a deep wound.",0,rat,wild,injury_04,harm
"The snapping trap closed on the boar, causing a deep wound.",0,boar,wild,injury_04,harm
"The snapping trap closed on the buffalo, causing a deep wound.",0,buffalo,wild,injury_04,harm
"The snapping trap closed on the fox, causing a deep wound.",0,fox,wild,injury_04,harm
"The snapping trap closed on the deer, causing a deep wound.",0,deer,wild,injury_04,harm
"The snapping trap closed on the badger, causing a deep wound.",0,badger,wild,injury_04,harm
"The snapping trap closed on the otter, causing a deep wound.",0,otter,wild,injury_04,harm
"The snapping trap closed on the hare, causing a deep wound.",0,hare,wild,injury_04,harm
"The snapping trap closed on the raccoon, causing a deep wound.",0,raccoon,wild,injury_04,harm
"The snapping trap closed on the squirrel, causing a deep wound.",0,squirrel,wild,injury_04,harm
"The snapping trap closed on the weasel, causing a deep wound.",0,weasel,wild,injury_04,harm
"The snapping trap closed on the coyote, causing a deep wound.",0,coyote,wild,injury_04,harm
"The snapping trap closed on the moose, causing a deep wound.",0,moose,wild,injury_04,harm
"The snapping trap closed on the elk, causing a deep wound.",0,elk,wild,injury_04,harm
"The snapping trap closed on the wolf, causing a deep wound.",0,wolf,wild,injury_04,harm
"The snapping trap closed on the hedgehog, causing a deep wound.",0,hedgehog,wild,injury_04,harm
"The snapping trap closed on the possum, causing a deep wound.",0,possum,wild,injury_04,harm
"The snapping trap closed on the jackal, causing a deep wound.",0,jackal,wild,injury_04,harm
"The snapping trap closed on the stoat, causing a deep wound.",0,stoat,wild,injury_04,harm
"The snapping trap closed on the marten, causing a deep wound.",0,marten,wild,injury_04,harm
"The snapping trap closed on the bear, causing a deep wound.",0,bear,wild,injury_04,harm
"The snapping trap closed on the lynx, causing a deep wound.",0,lynx,wild,injury_04,harm
"The snapping trap closed on the bobcat, causing a deep wound.",0,bobcat,wild,injury_04,harm
"The snapping trap closed on the marmot, causing a deep wound.",0,marmot,wild,injury_04,harm
"The snapping trap closed on the mink, causing a deep wound.",0,mink,wild,injury_04,harm
"The snapping trap closed on the mole, causing a deep wound.",0,mole,wild,injury_04,harm
"The snapping trap closed on the vole, causing a deep wound.",0,vole,wild,injury_04,harm
"The snapping trap closed on the shrew, causing a deep wound.",0,shrew,wild,injury_04,harm
"The snapping trap closed on the porcupine, causing a deep wound.",0,porcupine,wild,injury_04,harm
"The snapping trap closed on the skunk, causing a deep wound.",0,skunk,wild,injury_04,harm
"The snapping trap closed on the chipmunk, causing a deep wound.",0,chipmunk,wild,injury_04,harm
"The snapping trap closed on the beaver, causing a deep wound.",0,beaver,wild,injury_04,harm
"The snapping trap closed on the bison, causing a deep wound.",0,bison,wild,injury_04,harm
"The snapping trap closed on the antelope, causing a deep wound.",0,antelope,wild,injury_04,harm
"The snapping trap closed on the dingo, causing a deep wound.",0,dingo,wild,injury_04,harm
"The snapping trap closed on the cougar, causing a deep wound.",0,cougar,wild,injury_04,harm
"The snapping trap closed on the wolverine, causing a deep wound.",0,wolverine,wild,injury_04,harm
"The snapping trap closed on the muskrat, causing a deep wound.",0,muskrat,wild,injury_04,harm
"The snapping trap closed on the lemming, causing a deep wound.",0,lemming,wild,injury_04,harm
"The snapping trap closed on the fawn, causing a deep wound.",0,fawn,wild,injury_04,harm
Sharp metal from the wreckage cut into the dog during the escape.,1,dog,companion,injury_05,harm
Sharp metal from the wreckage cut into the cat during the escape.,1,cat,companion,injury_05,harm
Sharp metal from the wreckage cut into the rabbit during the escape.,1,rabbit,companion,injury_05,harm
Sharp metal from the wreckage cut into the puppy during the escape.,1,puppy,companion,injury_05,harm
Sharp metal from the wreckage cut into the kitten during the escape.,1,kitten,companion,injury_05,harm
Sharp metal from the wreckage cut into the hamster during the escape.,1,hamster,companion,injury_05,harm
Sharp metal from the wreckage cut into the ferret during the escape.,1,ferret,companion,injury_05,harm
Sharp metal from the wreckage cut into the poodle during the escape.,1,poodle,companion,injury_05,harm
Sharp metal from the wreckage cut into the beagle during the escape.,1,beagle,companion,injury_05,harm
Sharp metal from the wreckage cut into the terrier during the escape.,1,terrier,companion,injury_05,harm
Sharp metal from the wreckage cut into the spaniel during the escape.,1,spaniel,companion,injury_05,harm
Sharp metal from the wreckage cut into the labrador during the escape.,1,labrador,companion,injury_05,harm
Sharp metal from the wreckage cut into the collie during the escape.,1,collie,companion,injury_05,harm
Sharp metal from the wreckage cut into the pug during the escape.,1,pug,companion,injury_05,harm
Sharp metal from the wreckage cut into the bulldog during the escape.,1,bulldog,companion,injury_05,harm
Sharp metal from the wreckage cut into the retriever during the escape.,1,retriever,companion,injury_05,harm
Sharp metal from the wreckage cut into the tomcat during the escape.,1,tomcat,companion,injury_05,harm
Sharp metal from the wreckage cut into the gerbil during the escape.,1,gerbil,companion,injury_05,harm
Sharp metal from the wreckage cut into the dalmatian during the escape.,1,dalmatian,companion,injury_05,harm
Sharp metal from the wreckage cut into the greyhound during the escape.,1,greyhound,companion,injury_05,harm
Sharp metal from the wreckage cut into the mastiff during the escape.,1,mastiff,companion,injury_05,harm
Sharp metal from the wreckage cut into the corgi during the escape.,1,corgi,companion,injury_05,harm
Sharp metal from the wreckage cut into the dachshund during the escape.,1,dachshund,companion,injury_05,harm
Sharp metal from the wreckage cut into the chihuahua during the escape.,1,chihuahua,companion,injury_05,harm
Sharp metal from the wreckage cut into the husky during the escape.,1,husky,companion,injury_05,harm
Sharp metal from the wreckage cut into the rottweiler during the escape.,1,rottweiler,companion,injury_05,harm
Sharp metal from the wreckage cut into the papillon during the escape.,1,papillon,companion,injury_05,harm
Sharp metal from the wreckage cut into the schnauzer during the escape.,1,schnauzer,companion,injury_05,harm
Sharp metal from the wreckage cut into the whippet during the escape.,1,whippet,companion,injury_05,harm
Sharp metal from the wreckage cut into the pomeranian during the escape.,1,pomeranian,companion,injury_05,harm
Sharp metal from the wreckage cut into the akita during the escape.,1,akita,companion,injury_05,harm
Sharp metal from the wreckage cut into the samoyed during the escape.,1,samoyed,companion,injury_05,harm
Sharp metal from the wreckage cut into the pekingese during the escape.,1,pekingese,companion,injury_05,harm
Sharp metal from the wreckage cut into the lurcher during the escape.,1,lurcher,companion,injury_05,harm
Sharp metal from the wreckage cut into the hound during the escape.,1,hound,companion,injury_05,harm
Sharp metal from the wreckage cut into the mutt during the escape.,1,mutt,companion,injury_05,harm
Sharp metal from the wreckage cut into the tabby during the escape.,1,tabby,companion,injury_05,harm
Sharp metal from the wreckage cut into the lapdog during the escape.,1,lapdog,companion,injury_05,harm
Sharp metal from the wreckage cut into the kitty during the escape.,1,kitty,companion,injury_05,harm
Sharp metal from the wreckage cut into the bunny during the escape.,1,bunny,companion,injury_05,harm
Sharp metal from the wreckage cut into the rat during the escape.,0,rat,wild,injury_05,harm
Sharp metal from the wreckage cut into the boar during the escape.,0,boar,wild,injury_05,harm
Sharp metal from the wreckage cut into the buffalo during the escape.,0,buffalo,wild,injury_05,harm
Sharp metal from the wreckage cut into the fox during the escape.,0,fox,wild,injury_05,harm
Sharp metal from the wreckage cut into the deer during the escape.,0,deer,wild,injury_05,harm
Sharp metal from the wreckage cut into the badger during the escape.,0,badger,wild,injury_05,harm
Sharp metal from the wreckage cut into the otter during the escape.,0,otter,wild,injury_05,harm
Sharp metal from the wreckage cut into the hare during the escape.,0,hare,wild,injury_05,harm
Sharp metal from the wreckage cut into the raccoon during the escape.,0,raccoon,wild,injury_05,harm
Sharp metal from the wreckage cut into the squirrel during the escape.,0,squirrel,wild,injury_05,harm
Sharp metal from the wreckage cut into the weasel during the escape.,0,weasel,wild,injury_05,harm
Sharp metal from the wreckage cut into the coyote during the escape.,0,coyote,wild,injury_05,harm
Sharp metal from the wreckage cut into the moose during the escape.,0,moose,wild,injury_05,harm
Sharp metal from the wreckage cut into the elk during the escape.,0,elk,wild,injury_05,harm
Sharp metal from the wreckage cut into the wolf during the escape.,0,wolf,wild,injury_05,harm
Sharp metal from the wreckage cut into the hedgehog during the escape.,0,hedgehog,wild,injury_05,harm
Sharp metal from the wreckage cut into the possum during the escape.,0,possum,wild,injury_05,harm
Sharp metal from the wreckage cut into the jackal during the escape.,0,jackal,wild,injury_05,harm
Sharp metal from the wreckage cut into the stoat during the escape.,0,stoat,wild,injury_05,harm
Sharp metal from the wreckage cut into the marten during the escape.,0,marten,wild,injury_05,harm
Sharp metal from the wreckage cut into the bear during the escape.,0,bear,wild,injury_05,harm
Sharp metal from the wreckage cut into the lynx during the escape.,0,lynx,wild,injury_05,harm
Sharp metal from the wreckage cut into the bobcat during the escape.,0,bobcat,wild,injury_05,harm
Sharp metal from the wreckage cut into the marmot during the escape.,0,marmot,wild,injury_05,harm
Sharp metal from the wreckage cut into the mink during the escape.,0,mink,wild,injury_05,harm
Sharp metal from the wreckage cut into the mole during the escape.,0,mole,wild,injury_05,harm
Sharp metal from the wreckage cut into the vole during the escape.,0,vole,wild,injury_05,harm
Sharp metal from the wreckage cut into the shrew during the escape.,0,shrew,wild,injury_05,harm
Sharp metal from the wreckage cut into the porcupine during the escape.,0,porcupine,wild,injury_05,harm
Sharp metal from the wreckage cut into the skunk during the escape.,0,skunk,wild,injury_05,harm
Sharp metal from the wreckage cut into the chipmunk during the escape.,0,chipmunk,wild,injury_05,harm
Sharp metal from the wreckage cut into the beaver during the escape.,0,beaver,wild,injury_05,harm
Sharp metal from the wreckage cut into the bison during the escape.,0,bison,wild,injury_05,harm
Sharp metal from the wreckage cut into the antelope during the escape.,0,antelope,wild,injury_05,harm
Sharp metal from the wreckage cut into the dingo during the escape.,0,dingo,wild,injury_05,harm
Sharp metal from the wreckage cut into the cougar during the escape.,0,cougar,wild,injury_05,harm
Sharp metal from the wreckage cut into the wolverine during the escape.,0,wolverine,wild,injury_05,harm
Sharp metal from the wreckage cut into the muskrat during the escape.,0,muskrat,wild,injury_05,harm
Sharp metal from the wreckage cut into the lemming during the escape.,0,lemming,wild,injury_05,harm
Sharp metal from the wreckage cut into the fawn during the escape.,0,fawn,wild,injury_05,harm
The tumble down the embankment left the dog bruised and struggling to move.,1,dog,companion,injury_06,harm
The tumble down the embankment left the cat bruised and struggling to move.,1,cat,companion,injury_06,harm
The tumble down the embankment left the rabbit bruised and struggling to move.,1,rabbit,companion,injury_06,harm
The tumble down the embankment left the puppy bruised and struggling to move.,1,puppy,companion,injury_06,harm
The tumble down the embankment left the kitten bruised and struggling to move.,1,kitten,companion,injury_06,harm
The tumble down the embankment left the hamster bruised and struggling to move.,1,hamster,companion,injury_06,harm
The tumble down the embankment left the ferret bruised and struggling to move.,1,ferret,companion,injury_06,harm
The tumble down the embankment left the poodle bruised and struggling to move.,1,poodle,companion,injury_06,harm
The tumble down the embankment left the beagle bruised and struggling to move.,1,beagle,companion,injury_06,harm
The tumble down the embankment left the terrier bruised and struggling to move.,1,terrier,companion,injury_06,harm
The tumble down the embankment left the spaniel bruised and struggling to move.,1,spaniel,companion,injury_06,harm
The tumble down the embankment left the labrador bruised and struggling to move.,1,labrador,companion,injury_06,harm
The tumble down the embankment left the collie bruised and struggling to move.,1,collie,companion,injury_06,harm
The tumble down the embankment left the pug bruised and struggling to move.,1,pug,companion,injury_06,harm
The tumble down the embankment left the bulldog bruised and struggling to move.,1,bulldog,companion,injury_06,harm
The tumble down the embankment left the retriever bruised and struggling to move.,1,retriever,companion,injury_06,harm
The tumble down the embankment left the tomcat bruised and struggling to move.,1,tomcat,companion,injury_06,harm
The tumble down the embankment left the gerbil bruised and struggling to move.,1,gerbil,companion,injury_06,harm
The tumble down the embankment left the dalmatian bruised and struggling to move.,1,dalmatian,companion,injury_06,harm
The tumble down the embankment left the greyhound bruised and struggling to move.,1,greyhound,companion,injury_06,harm
The tumble down the embankment left the mastiff bruised and struggling to move.,1,mastiff,companion,injury_06,harm
The tumble down the embankment left the corgi bruised and struggling to move.,1,corgi,companion,injury_06,harm
The tumble down the embankment left the dachshund bruised and struggling to move.,1,dachshund,companion,injury_06,harm
The tumble down the embankment left the chihuahua bruised and struggling to move.,1,chihuahua,companion,injury_06,harm
The tumble down the embankment left the husky bruised and struggling to move.,1,husky,companion,injury_06,harm
The tumble down the embankment left the rottweiler bruised and struggling to move.,1,rottweiler,companion,injury_06,harm
The tumble down the embankment left the papillon bruised and struggling to move.,1,papillon,companion,injury_06,harm
The tumble down the embankment left the schnauzer bruised and struggling to move.,1,schnauzer,companion,injury_06,harm
The tumble down the embankment left the whippet bruised and struggling to move.,1,whippet,companion,injury_06,harm
The tumble down the embankment left the pomeranian bruised and struggling to move.,1,pomeranian,companion,injury_06,harm
The tumble down the embankment left the akita bruised and struggling to move.,1,akita,companion,injury_06,harm
The tumble down the embankment left the samoyed bruised and struggling to move.,1,samoyed,companion,injury_06,harm
The tumble down the embankment left the pekingese bruised and struggling to move.,1,pekingese,companion,injury_06,harm
The tumble down the embankment left the lurcher bruised and struggling to move.,1,lurcher,companion,injury_06,harm
The tumble down the embankment left the hound bruised and struggling to move.,1,hound,companion,injury_06,harm
The tumble down the embankment left the mutt bruised and struggling to move.,1,mutt,companion,injury_06,harm
The tumble down the embankment left the tabby bruised and struggling to move.,1,tabby,companion,injury_06,harm
The tumble down the embankment left the lapdog bruised and struggling to move.,1,lapdog,companion,injury_06,harm
The tumble down the embankment left the kitty bruised and struggling to move.,1,kitty,companion,injury_06,harm
The tumble down the embankment left the bunny bruised and struggling to move.,1,bunny,companion,injury_06,harm
The tumble down the embankment left the rat bruised and struggling to move.,0,rat,wild,injury_06,harm
The tumble down the embankment left the boar bruised and struggling to move.,0,boar,wild,injury_06,harm
The tumble down the embankment left the buffalo bruised and struggling to move.,0,buffalo,wild,injury_06,harm
The tumble down the embankment left the fox bruised and struggling to move.,0,fox,wild,injury_06,harm
The tumble down the embankment left the deer bruised and struggling to move.,0,deer,wild,injury_06,harm
The tumble down the embankment left the badger bruised and struggling to move.,0,badger,wild,injury_06,harm
The tumble down the embankment left the otter bruised and struggling to move.,0,otter,wild,injury_06,harm
The tumble down the embankment left the hare bruised and struggling to move.,0,hare,wild,injury_06,harm
The tumble down the embankment left the raccoon bruised and struggling to move.,0,raccoon,wild,injury_06,harm
The tumble down the embankment left the squirrel bruised and struggling to move.,0,squirrel,wild,injury_06,harm
The tumble down the embankment left the weasel bruised and struggling to move.,0,weasel,wild,injury_06,harm
The tumble down the embankment left the coyote bruised and struggling to move.,0,coyote,wild,injury_06,harm
The tumble down the embankment left the moose bruised and struggling to move.,0,moose,wild,injury_06,harm
The tumble down the embankment left the elk bruised and struggling to move.,0,elk,wild,injury_06,harm
The tumble down the embankment left the wolf bruised and struggling to move.,0,wolf,wild,injury_06,harm
The tumble down the embankment left the hedgehog bruised and struggling to move.,0,hedgehog,wild,injury_06,harm
The tumble down the embankment left the possum bruised and struggling to move.,0,possum,wild,injury_06,harm
The tumble down the embankment left the jackal bruised and struggling to move.,0,jackal,wild,injury_06,harm
The tumble down the embankment left the stoat bruised and struggling to move.,0,stoat,wild,injury_06,harm
The tumble down the embankment left the marten bruised and struggling to move.,0,marten,wild,injury_06,harm
The tumble down the embankment left the bear bruised and struggling to move.,0,bear,wild,injury_06,harm
The tumble down the embankment left the lynx bruised and struggling to move.,0,lynx,wild,injury_06,harm
The tumble down the embankment left the bobcat bruised and struggling to move.,0,bobcat,wild,injury_06,harm
The tumble down the embankment left the marmot bruised and struggling to move.,0,marmot,wild,injury_06,harm
The tumble down the embankment left the mink bruised and struggling to move.,0,mink,wild,injury_06,harm
The tumble down the embankment left the mole bruised and struggling to move.,0,mole,wild,injury_06,harm
The tumble down the embankment left the vole bruised and struggling to move.,0,vole,wild,injury_06,harm
The tumble down the embankment left the shrew bruised and struggling to move.,0,shrew,wild,injury_06,harm
The tumble down the embankment left the porcupine bruised and struggling to move.,0,porcupine,wild,injury_06,harm
The tumble down the embankment left the skunk bruised and struggling to move.,0,skunk,wild,injury_06,harm
The tumble down the embankment left the chipmunk bruised and struggling to move.,0,chipmunk,wild,injury_06,harm
The tumble down the embankment left the beaver bruised and struggling to move.,0,beaver,wild,injury_06,harm
The tumble down the embankment left the bison bruised and struggling to move.,0,bison,wild,injury_06,harm
The tumble down the embankment left the antelope bruised and struggling to move.,0,antelope,wild,injury_06,harm
The tumble down the embankment left the dingo bruised and struggling to move.,0,dingo,wild,injury_06,harm
The tumble down the embankment left the cougar bruised and struggling to move.,0,cougar,wild,injury_06,harm
The tumble down the embankment left the wolverine bruised and struggling to move.,0,wolverine,wild,injury_06,harm
The tumble down the embankment left the muskrat bruised and struggling to move.,0,muskrat,wild,injury_06,harm
The tumble down the embankment left the lemming bruised and struggling to move.,0,lemming,wild,injury_06,harm
The tumble down the embankment left the fawn bruised and struggling to move.,0,fawn,wild,injury_06,harm
"When the river flooded, the dog was swept away by the current.",1,dog,companion,flood_01,harm
"When the river flooded, the cat was swept away by the current.",1,cat,companion,flood_01,harm
"When the river flooded, the rabbit was swept away by the current.",1,rabbit,companion,flood_01,harm
"When the river flooded, the puppy was swept away by the current.",1,puppy,companion,flood_01,harm
"When the river flooded, the kitten was swept away by the current.",1,kitten,companion,flood_01,harm
"When the river flooded, the hamster was swept away by the current.",1,hamster,companion,flood_01,harm
"When the river flooded, the ferret was swept away by the current.",1,ferret,companion,flood_01,harm
"When the river flooded, the poodle was swept away by the current.",1,poodle,companion,flood_01,harm
"When the river flooded, the beagle was swept away by the current.",1,beagle,companion,flood_01,harm
"When the river flooded, the terrier was swept away by the current.",1,terrier,companion,flood_01,harm
"When the river flooded, the spaniel was swept away by the current.",1,spaniel,companion,flood_01,harm
"When the river flooded, the labrador was swept away by the current.",1,labrador,companion,flood_01,harm
"When the river flooded, the collie was swept away by the current.",1,collie,companion,flood_01,harm
"When the river flooded, the pug was swept away by the current.",1,pug,companion,flood_01,harm
"When the river flooded, the bulldog was swept away by the current.",1,bulldog,companion,flood_01,harm
"When the river flooded, the retriever was swept away by the current.",1,retriever,companion,flood_01,harm
"When the river flooded, the tomcat was swept away by the current.",1,tomcat,companion,flood_01,harm
"When the river flooded, the gerbil was swept away by the current.",1,gerbil,companion,flood_01,harm
"When the river flooded, the dalmatian was swept away by the current.",1,dalmatian,companion,flood_01,harm
"When the river flooded, the greyhound was swept away by the current.",1,greyhound,companion,flood_01,harm
"When the river flooded, the mastiff was swept away by the current.",1,mastiff,companion,flood_01,harm
"When the river flooded, the corgi was swept away by the current.",1,corgi,companion,flood_01,harm
"When the river flooded, the dachshund was swept away by the current.",1,dachshund,companion,flood_01,harm
"When the river flooded, the chihuahua was swept away by the current.",1,chihuahua,companion,flood_01,harm
"When the river flooded, the husky was swept away by the current.",1,husky,companion,flood_01,harm
"When the river flooded, the rottweiler was swept away by the current.",1,rottweiler,companion,flood_01,harm
"When the river flooded, the papillon was swept away by the current.",1,papillon,companion,flood_01,harm
"When the river flooded, the schnauzer was swept away by the current.",1,schnauzer,companion,flood_01,harm
"When the river flooded, the whippet was swept away by the current.",1,whippet,companion,flood_01,harm
"When the river flooded, the pomeranian was swept away by the current.",1,pomeranian,companion,flood_01,harm
"When the river flooded, the akita was swept away by the current.",1,akita,companion,flood_01,harm
"When the river flooded, the samoyed was swept away by the current.",1,samoyed,companion,flood_01,harm
"When the river flooded, the pekingese was swept away by the current.",1,pekingese,companion,flood_01,harm
"When the river flooded, the lurcher was swept away by the current.",1,lurcher,companion,flood_01,harm
"When the river flooded, the hound was swept away by the current.",1,hound,companion,flood_01,harm
"When the river flooded, the mutt was swept away by the current.",1,mutt,companion,flood_01,harm
"When the river flooded, the tabby was swept away by the current.",1,tabby,companion,flood_01,harm
"When the river flooded, the lapdog was swept away by the current.",1,lapdog,companion,flood_01,harm
"When the river flooded, the kitty was swept away by the current.",1,kitty,companion,flood_01,harm
"When the river flooded, the bunny was swept away by the current.",1,bunny,companion,flood_01,harm
"When the river flooded, the rat was swept away by the current.",0,rat,wild,flood_01,harm
"When the river flooded, the boar was swept away by the current.",0,boar,wild,flood_01,harm
"When the river flooded, the buffalo was swept away by the current.",0,buffalo,wild,flood_01,harm
"When the river flooded, the fox was swept away by the current.",0,fox,wild,flood_01,harm
"When the river flooded, the deer was swept away by the current.",0,deer,wild,flood_01,harm
"When the river flooded, the badger was swept away by the current.",0,badger,wild,flood_01,harm
"When the river flooded, the otter was swept away by the current.",0,otter,wild,flood_01,harm
"When the river flooded, the hare was swept away by the current.",0,hare,wild,flood_01,harm
"When the river flooded, the raccoon was swept away by the current.",0,raccoon,wild,flood_01,harm
"When the river flooded, the squirrel was swept away by the current.",0,squirrel,wild,flood_01,harm
"When the river flooded, the weasel was swept away by the current.",0,weasel,wild,flood_01,harm
"When the river flooded, the coyote was swept away by the current.",0,coyote,wild,flood_01,harm
"When the river flooded, the moose was swept away by the current.",0,moose,wild,flood_01,harm
"When the river flooded, the elk was swept away by the current.",0,elk,wild,flood_01,harm
"When the river flooded, the wolf was swept away by the current.",0,wolf,wild,flood_01,harm
"When the river flooded, the hedgehog was swept away by the current.",0,hedgehog,wild,flood_01,harm
"When the river flooded, the possum was swept away by the current.",0,possum,wild,flood_01,harm
"When the river flooded, the jackal was swept away by the current.",0,jackal,wild,flood_01,harm
"When the river flooded, the stoat was swept away by the current.",0,stoat,wild,flood_01,harm
"When the river flooded, the marten was swept away by the current.",0,marten,wild,flood_01,harm
"When the river flooded, the bear was swept away by the current.",0,bear,wild,flood_01,harm
"When the river flooded, the lynx was swept away by the current.",0,lynx,wild,flood_01,harm
"When the river flooded, the bobcat was swept away by the current.",0,bobcat,wild,flood_01,harm
"When the river flooded, the marmot was swept away by the current.",0,marmot,wild,flood_01,harm
"When the river flooded, the mink was swept away by the current.",0,mink,wild,flood_01,harm
"When the river flooded, the mole was swept away by the current.",0,mole,wild,flood_01,harm
"When the river flooded, the vole was swept away by the current.",0,vole,wild,flood_01,harm
"When the river flooded, the shrew was swept away by the current.",0,shrew,wild,flood_01,harm
"When the river flooded, the porcupine was swept away by the current.",0,porcupine,wild,flood_01,harm
"When the river flooded, the skunk was swept away by the current.",0,skunk,wild,flood_01,harm
"When the river flooded, the chipmunk was swept away by the current.",0,chipmunk,wild,flood_01,harm
"When the river flooded, the beaver was swept away by the current.",0,beaver,wild,flood_01,harm
"When the river flooded, the bison was swept away by the current.",0,bison,wild,flood_01,harm
"When the river flooded, the antelope was swept away by the current.",0,antelope,wild,flood_01,harm
"When the river flooded, the dingo was swept away by the current.",0,dingo,wild,flood_01,harm
"When the river flooded, the cougar was swept away by the current.",0,cougar,wild,flood_01,harm
"When the river flooded, the wolverine was swept away by the current.",0,wolverine,wild,flood_01,harm
"When the river flooded, the muskrat was swept away by the current.",0,muskrat,wild,flood_01,harm
"When the river flooded, the lemming was swept away by the current.",0,lemming,wild,flood_01,harm
"When the river flooded, the fawn was swept away by the current.",0,fawn,wild,flood_01,harm
"Caught in the torrent, the dog was carried helplessly toward the rapids.",1,dog,companion,flood_02,harm
"Caught in the torrent, the cat was carried helplessly toward the rapids.",1,cat,companion,flood_02,harm
"Caught in the torrent, the rabbit was carried helplessly toward the rapids.",1,rabbit,companion,flood_02,harm
"Caught in the torrent, the puppy was carried helplessly toward the rapids.",1,puppy,companion,flood_02,harm
"Caught in the torrent, the kitten was carried helplessly toward the rapids.",1,kitten,companion,flood_02,harm
"Caught in the torrent, the hamster was carried helplessly toward the rapids.",1,hamster,companion,flood_02,harm
"Caught in the torrent, the ferret was carried helplessly toward the rapids.",1,ferret,companion,flood_02,harm
"Caught in the torrent, the poodle was carried helplessly toward the rapids.",1,poodle,companion,flood_02,harm
"Caught in the torrent, the beagle was carried helplessly toward the rapids.",1,beagle,companion,flood_02,harm
"Caught in the torrent, the terrier was carried helplessly toward the rapids.",1,terrier,companion,flood_02,harm
"Caught in the torrent, the spaniel was carried helplessly toward the rapids.",1,spaniel,companion,flood_02,harm
"Caught in the torrent, the labrador was carried helplessly toward the rapids.",1,labrador,companion,flood_02,harm
"Caught in the torrent, the collie was carried helplessly toward the rapids.",1,collie,companion,flood_02,harm
"Caught in the torrent, the pug was carried helplessly toward the rapids.",1,pug,companion,flood_02,harm
"Caught in the torrent, the bulldog was carried helplessly toward the rapids.",1,bulldog,companion,flood_02,harm
"Caught in the torrent, the retriever was carried helplessly toward the rapids.",1,retriever,companion,flood_02,harm
"Caught in the torrent, the tomcat was carried helplessly toward the rapids.",1,tomcat,companion,flood_02,harm
"Caught in the torrent, the gerbil was carried helplessly toward the rapids.",1,gerbil,companion,flood_02,harm
"Caught in the torrent, the dalmatian was carried helplessly toward the rapids.",1,dalmatian,companion,flood_02,harm
"Caught in the torrent, the greyhound was carried helplessly toward the rapids.",1,greyhound,companion,flood_02,harm
"Caught in the torrent, the mastiff was carried helplessly toward the rapids.",1,mastiff,companion,flood_02,harm
"Caught in the torrent, the corgi was carried helplessly toward the rapids.",1,corgi,companion,flood_02,harm
"Caught in the torrent, the dachshund was carried helplessly toward the rapids.",1,dachshund,companion,flood_02,harm
"Caught in the torrent, the chihuahua was carried helplessly toward the rapids.",1,chihuahua,companion,flood_02,harm
"Caught in the torrent, the husky was carried helplessly toward the rapids.",1,husky,companion,flood_02,harm
"Caught in the torrent, the rottweiler was carried helplessly toward the rapids.",1,rottweiler,companion,flood_02,harm
"Caught in the torrent, the papillon was carried helplessly toward the rapids.",1,papillon,companion,flood_02,harm
"Caught in the torrent, the schnauzer was carried helplessly toward the rapids.",1,schnauzer,companion,flood_02,harm
"Caught in the torrent, the whippet was carried helplessly toward the rapids.",1,whippet,companion,flood_02,harm
"Caught in the torrent, the pomeranian was carried helplessly toward the rapids.",1,pomeranian,companion,flood_02,harm
"Caught in the torrent, the akita was carried helplessly toward the rapids.",1,akita,companion,flood_02,harm
"Caught in the torrent, the samoyed was carried helplessly toward the rapids.",1,samoyed,companion,flood_02,harm
"Caught in the torrent, the pekingese was carried helplessly toward the rapids.",1,pekingese,companion,flood_02,harm
"Caught in the torrent, the lurcher was carried helplessly toward the rapids.",1,lurcher,companion,flood_02,harm
"Caught in the torrent, the hound was carried helplessly toward the rapids.",1,hound,companion,flood_02,harm
"Caught in the torrent, the mutt was carried helplessly toward the rapids.",1,mutt,companion,flood_02,harm
"Caught in the torrent, the tabby was carried helplessly toward the rapids.",1,tabby,companion,flood_02,harm
"Caught in the torrent, the lapdog was carried helplessly toward the rapids.",1,lapdog,companion,flood_02,harm
"Caught in the torrent, the kitty was carried helplessly toward the rapids.",1,kitty,companion,flood_02,harm
"Caught in the torrent, the bunny was carried helplessly toward the rapids.",1,bunny,companion,flood_02,harm
"Caught in the torrent, the rat was carried helplessly toward the rapids.",0,rat,wild,flood_02,harm
"Caught in the torrent, the boar was carried helplessly toward the rapids.",0,boar,wild,flood_02,harm
"Caught in the torrent, the buffalo was carried helplessly toward the rapids.",0,buffalo,wild,flood_02,harm
"Caught in the torrent, the fox was carried helplessly toward the rapids.",0,fox,wild,flood_02,harm
"Caught in the torrent, the deer was carried helplessly toward the rapids.",0,deer,wild,flood_02,harm
"Caught in the torrent, the badger was carried helplessly toward the rapids.",0,badger,wild,flood_02,harm
"Caught in the torrent, the otter was carried helplessly toward the rapids.",0,otter,wild,flood_02,harm
"Caught in the torrent, the hare was carried helplessly toward the rapids.",0,hare,wild,flood_02,harm
"Caught in the torrent, the raccoon was carried helplessly toward the rapids.",0,raccoon,wild,flood_02,harm
"Caught in the torrent, the squirrel was carried helplessly toward the rapids.",0,squirrel,wild,flood_02,harm
"Caught in the torrent, the weasel was carried helplessly toward the rapids.",0,weasel,wild,flood_02,harm
"Caught in the torrent, the coyote was carried helplessly toward the rapids.",0,coyote,wild,flood_02,harm
"Caught in the torrent, the moose was carried helplessly toward the rapids.",0,moose,wild,flood_02,harm
"Caught in the torrent, the elk was carried helplessly toward the rapids.",0,elk,wild,flood_02,harm
"Caught in the torrent, the wolf was carried helplessly toward the rapids.",0,wolf,wild,flood_02,harm
"Caught in the torrent, the hedgehog was carried helplessly toward the rapids.",0,hedgehog,wild,flood_02,harm
"Caught in the torrent, the possum was carried helplessly toward the rapids.",0,possum,wild,flood_02,harm
"Caught in the torrent, the jackal was carried helplessly toward the rapids.",0,jackal,wild,flood_02,harm
"Caught in the torrent, the stoat was carried helplessly toward the rapids.",0,stoat,wild,flood_02,harm
"Caught in the torrent, the marten was carried helplessly toward the rapids.",0,marten,wild,flood_02,harm
"Caught in the torrent, the bear was carried helplessly toward the rapids.",0,bear,wild,flood_02,harm
"Caught in the torrent, the lynx was carried helplessly toward the rapids.",0,lynx,wild,flood_02,harm
"Caught in the torrent, the bobcat was carried helplessly toward the rapids.",0,bobcat,wild,flood_02,harm
"Caught in the torrent, the marmot was carried helplessly toward the rapids.",0,marmot,wild,flood_02,harm
"Caught in the torrent, the mink was carried helplessly toward the rapids.",0,mink,wild,flood_02,harm
"Caught in the torrent, the mole was carried helplessly toward the rapids.",0,mole,wild,flood_02,harm
"Caught in the torrent, the vole was carried helplessly toward the rapids.",0,vole,wild,flood_02,harm
"Caught in the torrent, the shrew was carried helplessly toward the rapids.",0,shrew,wild,flood_02,harm
"Caught in the torrent, the porcupine was carried helplessly toward the rapids.",0,porcupine,wild,flood_02,harm
"Caught in the torrent, the skunk was carried helplessly toward the rapids.",0,skunk,wild,flood_02,harm
"Caught in the torrent, the chipmunk was carried helplessly toward the rapids.",0,chipmunk,wild,flood_02,harm
"Caught in the torrent, the beaver was carried helplessly toward the rapids.",0,beaver,wild,flood_02,harm
"Caught in the torrent, the bison was carried helplessly toward the rapids.",0,bison,wild,flood_02,harm
"Caught in the torrent, the antelope was carried helplessly toward the rapids.",0,antelope,wild,flood_02,harm
"Caught in the torrent, the dingo was carried helplessly toward the rapids.",0,dingo,wild,flood_02,harm
"Caught in the torrent, the cougar was carried helplessly toward the rapids.",0,cougar,wild,flood_02,harm
"Caught in the torrent, the wolverine was carried helplessly toward the rapids.",0,wolverine,wild,flood_02,harm
"Caught in the torrent, the muskrat was carried helplessly toward the rapids.",0,muskrat,wild,flood_02,harm
"Caught in the torrent, the lemming was carried helplessly toward the rapids.",0,lemming,wild,flood_02,harm
"Caught in the torrent, the fawn was carried helplessly toward the rapids.",0,fawn,wild,flood_02,harm
The rising water trapped the dog in a shrinking corner of the flooded barn.,1,dog,companion,flood_03,harm
The rising water trapped the cat in a shrinking corner of the flooded barn.,1,cat,companion,flood_03,harm
The rising water trapped the rabbit in a shrinking corner of the flooded barn.,1,rabbit,companion,flood_03,harm
The rising water trapped the puppy in a shrinking corner of the flooded barn.,1,puppy,companion,flood_03,harm
The rising water trapped the kitten in a shrinking corner of the flooded barn.,1,kitten,companion,flood_03,harm
The rising water trapped the hamster in a shrinking corner of the flooded barn.,1,hamster,companion,flood_03,harm
The rising water trapped the ferret in a shrinking corner of the flooded barn.,1,ferret,companion,flood_03,harm
The rising water trapped the poodle in a shrinking corner of the flooded barn.,1,poodle,companion,flood_03,harm
The rising water trapped the beagle in a shrinking corner of the flooded barn.,1,beagle,companion,flood_03,harm
The rising water trapped the terrier in a shrinking corner of the flooded barn.,1,terrier,companion,flood_03,harm
The rising water trapped the spaniel in a shrinking corner of the flooded barn.,1,spaniel,companion,flood_03,harm
The rising water trapped the labrador in a shrinking corner of the flooded barn.,1,labrador,companion,flood_03,harm
The rising water trapped the collie in a shrinking corner of the flooded barn.,1,collie,companion,flood_03,harm
The rising water trapped the pug in a shrinking corner of the flooded barn.,1,pug,companion,flood_03,harm
The rising water trapped the bulldog in a shrinking corner of the flooded barn.,1,bulldog,companion,flood_03,harm
The rising water trapped the retriever in a shrinking corner of the flooded barn.,1,retriever,companion,flood_03,harm
The rising water trapped the tomcat in a shrinking corner of the flooded barn.,1,tomcat,companion,flood_03,harm
The rising water trapped the gerbil in a shrinking corner of the flooded barn.,1,gerbil,companion,flood_03,harm
The rising water trapped the dalmatian in a shrinking corner of the flooded barn.,1,dalmatian,companion,flood_03,harm
The rising water trapped the greyhound in a shrinking corner of the flooded barn.,1,greyhound,companion,flood_03,harm
The rising water trapped the mastiff in a shrinking corner of the flooded barn.,1,mastiff,companion,flood_03,harm
The rising water trapped the corgi in a shrinking corner of the flooded barn.,1,corgi,companion,flood_03,harm
The rising water trapped the dachshund in a shrinking corner of the flooded barn.,1,dachshund,companion,flood_03,harm
The rising water trapped the chihuahua in a shrinking corner of the flooded barn.,1,chihuahua,companion,flood_03,harm
The rising water trapped the husky in a shrinking corner of the flooded barn.,1,husky,companion,flood_03,harm
The rising water trapped the rottweiler in a shrinking corner of the flooded barn.,1,rottweiler,companion,flood_03,harm
The rising water trapped the papillon in a shrinking corner of the flooded barn.,1,papillon,companion,flood_03,harm
The rising water trapped the schnauzer in a shrinking corner of the flooded barn.,1,schnauzer,companion,flood_03,harm
The rising water trapped the whippet in a shrinking corner of the flooded barn.,1,whippet,companion,flood_03,harm
The rising water trapped the pomeranian in a shrinking corner of the flooded barn.,1,pomeranian,companion,flood_03,harm
The rising water trapped the akita in a shrinking corner of the flooded barn.,1,akita,companion,flood_03,harm
The rising water trapped the samoyed in a shrinking corner of the flooded barn.,1,samoyed,companion,flood_03,harm
The rising water trapped the pekingese in a shrinking corner of the flooded barn.,1,pekingese,companion,flood_03,harm
The rising water trapped the lurcher in a shrinking corner of the flooded barn.,1,lurcher,companion,flood_03,harm
The rising water trapped the hound in a shrinking corner of the flooded barn.,1,hound,companion,flood_03,harm
The rising water trapped the mutt in a shrinking corner of the flooded barn.,1,mutt,companion,flood_03,harm
The rising water trapped the tabby in a shrinking corner of the flooded barn.,1,tabby,companion,flood_03,harm
The rising water trapped the lapdog in a shrinking corner of the flooded barn.,1,lapdog,companion,flood_03,harm
The rising water trapped the kitty in a shrinking corner of the flooded barn.,1,kitty,companion,flood_03,harm
The rising water trapped the bunny in a shrinking corner of the flooded barn.,1,bunny,companion,flood_03,harm
The rising water trapped the rat in a shrinking corner of the flooded barn.,0,rat,wild,flood_03,harm
The rising water trapped the boar in a shrinking corner of the flooded barn.,0,boar,wild,flood_03,harm
The rising water trapped the buffalo in a shrinking corner of the flooded barn.,0,buffalo,wild,flood_03,harm
The rising water trapped the fox in a shrinking corner of the flooded barn.,0,fox,wild,flood_03,harm
The rising water trapped the deer in a shrinking corner of the flooded barn.,0,deer,wild,flood_03,harm
The rising water trapped the badger in a shrinking corner of the flooded barn.,0,badger,wild,flood_03,harm
The rising water trapped the otter in a shrinking corner of the flooded barn.,0,otter,wild,flood_03,harm
The rising water trapped the hare in a shrinking corner of the flooded barn.,0,hare,wild,flood_03,harm
The rising water trapped the raccoon in a shrinking corner of the flooded barn.,0,raccoon,wild,flood_03,harm
The rising water trapped the squirrel in a shrinking corner of the flooded barn.,0,squirrel,wild,flood_03,harm
The rising water trapped the weasel in a shrinking corner of the flooded barn.,0,weasel,wild,flood_03,harm
The rising water trapped the coyote in a shrinking corner of the flooded barn.,0,coyote,wild,flood_03,harm
The rising water trapped the moose in a shrinking corner of the flooded barn.,0,moose,wild,flood_03,harm
The rising water trapped the elk in a shrinking corner of the flooded barn.,0,elk,wild,flood_03,harm
The rising water trapped the wolf in a shrinking corner of the flooded barn.,0,wolf,wild,flood_03,harm
The rising water trapped the hedgehog in a shrinking corner of the flooded barn.,0,hedgehog,wild,flood_03,harm
The rising water trapped the possum in a shrinking corner of the flooded barn.,0,possum,wild,flood_03,harm
The rising water trapped the jackal in a shrinking corner of the flooded barn.,0,jackal,wild,flood_03,harm
The rising water trapped the stoat in a shrinking corner of the flooded barn.,0,stoat,wild,flood_03,harm
The rising water trapped the marten in a shrinking corner of the flooded barn.,0,marten,wild,flood_03,harm
The rising water trapped the bear in a shrinking corner of the flooded barn.,0,bear,wild,flood_03,harm
The rising water trapped the lynx in a shrinking corner of the flooded barn.,0,lynx,wild,flood_03,harm
The rising water trapped the bobcat in a shrinking corner of the flooded barn.,0,bobcat,wild,flood_03,harm
The rising water trapped the marmot in a shrinking corner of the flooded barn.,0,marmot,wild,flood_03,harm
The rising water trapped the mink in a shrinking corner of the flooded barn.,0,mink,wild,flood_03,harm
The rising water trapped the mole in a shrinking corner of the flooded barn.,0,mole,wild,flood_03,harm
The rising water trapped the vole in a shrinking corner of the flooded barn.,0,vole,wild,flood_03,harm
The rising water trapped the shrew in a shrinking corner of the flooded barn.,0,shrew,wild,flood_03,harm
The rising water trapped the porcupine in a shrinking corner of the flooded barn.,0,porcupine,wild,flood_03,harm
The rising water trapped the skunk in a shrinking corner of the flooded barn.,0,skunk,wild,flood_03,harm
The rising water trapped the chipmunk in a shrinking corner of the flooded barn.,0,chipmunk,wild,flood_03,harm
The rising water trapped the beaver in a shrinking corner of the flooded barn.,0,beaver,wild,flood_03,harm
The rising water trapped the bison in a shrinking corner of the flooded barn.,0,bison,wild,flood_03,harm
The rising water trapped the antelope in a shrinking corner of the flooded barn.,0,antelope,wild,flood_03,harm
The rising water trapped the dingo in a shrinking corner of the flooded barn.,0,dingo,wild,flood_03,harm
The rising water trapped the cougar in a shrinking corner of the flooded barn.,0,cougar,wild,flood_03,harm
The rising water trapped the wolverine in a shrinking corner of the flooded barn.,0,wolverine,wild,flood_03,harm
The rising water trapped the muskrat in a shrinking corner of the flooded barn.,0,muskrat,wild,flood_03,harm
The rising water trapped the lemming in a shrinking corner of the flooded barn.,0,lemming,wild,flood_03,harm
The rising water trapped the fawn in a shrinking corner of the flooded barn.,0,fawn,wild,flood_03,harm
Onlookers watched as the dog disappeared beneath the churning floodwater.,1,dog,companion,flood_04,harm
Onlookers watched as the cat disappeared beneath the churning floodwater.,1,cat,companion,flood_04,harm
Onlookers watched as the rabbit disappeared beneath the churning floodwater.,1,rabbit,companion,flood_04,harm
Onlookers watched as the puppy disappeared beneath the churning floodwater.,1,puppy,companion,flood_04,harm
Onlookers watched as the kitten disappeared beneath the churning floodwater.,1,kitten,companion,flood_04,harm
Onlookers watched as the hamster disappeared beneath the churning floodwater.,1,hamster,companion,flood_04,harm
Onlookers watched as the ferret disappeared beneath the churning floodwater.,1,ferret,companion,flood_04,harm
Onlookers watched as the poodle disappeared beneath the churning floodwater.,1,poodle,companion,flood_04,harm
Onlookers watched as the beagle disappeared beneath the churning floodwater.,1,beagle,companion,flood_04,harm
Onlookers watched as the terrier disappeared beneath the churning floodwater.,1,terrier,companion,flood_04,harm
Onlookers watched as the spaniel disappeared beneath the churning floodwater.,1,spaniel,companion,flood_04,harm
Onlookers watched as the labrador disappeared beneath the churning floodwater.,1,labrador,companion,flood_04,harm
Onlookers watched as the collie disappeared beneath the churning floodwater.,1,collie,companion,flood_04,harm
Onlookers watched as the pug disappeared beneath the churning floodwater.,1,pug,companion,flood_04,harm
Onlookers watched as the bulldog disappeared beneath the churning floodwater.,1,bulldog,companion,flood_04,harm
Onlookers watched as the retriever disappeared beneath the churning floodwater.,1,retriever,companion,flood_04,harm
Onlookers watched as the tomcat disappeared beneath the churning floodwater.,1,tomcat,companion,flood_04,harm
Onlookers watched as the gerbil disappeared beneath the churning floodwater.,1,gerbil,companion,flood_04,harm
Onlookers watched as the dalmatian disappeared beneath the churning floodwater.,1,dalmatian,companion,flood_04,harm
Onlookers watched as the greyhound disappeared beneath the churning floodwater.,1,greyhound,companion,flood_04,harm
Onlookers watched as the mastiff disappeared beneath the churning floodwater.,1,mastiff,companion,flood_04,harm
Onlookers watched as the corgi disappeared beneath the churning floodwater.,1,corgi,companion,flood_04,harm
Onlookers watched as the dachshund disappeared beneath the churning floodwater.,1,dachshund,companion,flood_04,harm
Onlookers watched as the chihuahua disappeared beneath the churning floodwater.,1,chihuahua,companion,flood_04,harm
Onlookers watched as the husky disappeared beneath the churning floodwater.,1,husky,companion,flood_04,harm
Onlookers watched as the rottweiler disappeared beneath the churning floodwater.,1,rottweiler,companion,flood_04,harm
Onlookers watched as the papillon disappeared beneath the churning floodwater.,1,papillon,companion,flood_04,harm
Onlookers watched as the schnauzer disappeared beneath the churning floodwater.,1,schnauzer,companion,flood_04,harm
Onlookers watched as the whippet disappeared beneath the churning floodwater.,1,whippet,companion,flood_04,harm
Onlookers watched as the pomeranian disappeared beneath the churning floodwater.,1,pomeranian,companion,flood_04,harm
Onlookers watched as the akita disappeared beneath the churning floodwater.,1,akita,companion,flood_04,harm
Onlookers watched as the samoyed disappeared beneath the churning floodwater.,1,samoyed,companion,flood_04,harm
Onlookers watched as the pekingese disappeared beneath the churning floodwater.,1,pekingese,companion,flood_04,harm
Onlookers watched as the lurcher disappeared beneath the churning floodwater.,1,lurcher,companion,flood_04,harm
Onlookers watched as the hound disappeared beneath the churning floodwater.,1,hound,companion,flood_04,harm
Onlookers watched as the mutt disappeared beneath the churning floodwater.,1,mutt,companion,flood_04,harm
Onlookers watched as the tabby disappeared beneath the churning floodwater.,1,tabby,companion,flood_04,harm
Onlookers watched as the lapdog disappeared beneath the churning floodwater.,1,lapdog,companion,flood_04,harm
Onlookers watched as the kitty disappeared beneath the churning floodwater.,1,kitty,companion,flood_04,harm
Onlookers watched as the bunny disappeared beneath the churning floodwater.,1,bunny,companion,flood_04,harm
Onlookers watched as the rat disappeared beneath the churning floodwater.,0,rat,wild,flood_04,harm
Onlookers watched as the boar disappeared beneath the churning floodwater.,0,boar,wild,flood_04,harm
Onlookers watched as the buffalo disappeared beneath the churning floodwater.,0,buffalo,wild,flood_04,harm
Onlookers watched as the fox disappeared beneath the churning floodwater.,0,fox,wild,flood_04,harm
Onlookers watched as the deer disappeared beneath the churning floodwater.,0,deer,wild,flood_04,harm
Onlookers watched as the badger disappeared beneath the churning floodwater.,0,badger,wild,flood_04,harm
Onlookers watched as the otter disappeared beneath the churning floodwater.,0,otter,wild,flood_04,harm
Onlookers watched as the hare disappeared beneath the churning floodwater.,0,hare,wild,flood_04,harm
Onlookers watched as the raccoon disappeared beneath the churning floodwater.,0,raccoon,wild,flood_04,harm
Onlookers watched as the squirrel disappeared beneath the churning floodwater.,0,squirrel,wild,flood_04,harm
Onlookers watched as the weasel disappeared beneath the churning floodwater.,0,weasel,wild,flood_04,harm
Onlookers watched as the coyote disappeared beneath the churning floodwater.,0,coyote,wild,flood_04,harm
Onlookers watched as the moose disappeared beneath the churning floodwater.,0,moose,wild,flood_04,harm
Onlookers watched as the elk disappeared beneath the churning floodwater.,0,elk,wild,flood_04,harm
Onlookers watched as the wolf disappeared beneath the churning floodwater.,0,wolf,wild,flood_04,harm
Onlookers watched as the hedgehog disappeared beneath the churning floodwater.,0,hedgehog,wild,flood_04,harm
Onlookers watched as the possum disappeared beneath the churning floodwater.,0,possum,wild,flood_04,harm
Onlookers watched as the jackal disappeared beneath the churning floodwater.,0,jackal,wild,flood_04,harm
Onlookers watched as the stoat disappeared beneath the churning floodwater.,0,stoat,wild,flood_04,harm
Onlookers watched as the marten disappeared beneath the churning floodwater.,0,marten,wild,flood_04,harm
Onlookers watched as the bear disappeared beneath the churning floodwater.,0,bear,wild,flood_04,harm
Onlookers watched as the lynx disappeared beneath the churning floodwater.,0,lynx,wild,flood_04,harm
Onlookers watched as the bobcat disappeared beneath the churning floodwater.,0,bobcat,wild,flood_04,harm
Onlookers watched as the marmot disappeared beneath the churning floodwater.,0,marmot,wild,flood_04,harm
Onlookers watched as the mink disappeared beneath the churning floodwater.,0,mink,wild,flood_04,harm
Onlookers watched as the mole disappeared beneath the churning floodwater.,0,mole,wild,flood_04,harm
Onlookers watched as the vole disappeared beneath the churning floodwater.,0,vole,wild,flood_04,harm
Onlookers watched as the shrew disappeared beneath the churning floodwater.,0,shrew,wild,flood_04,harm
Onlookers watched as the porcupine disappeared beneath the churning floodwater.,0,porcupine,wild,flood_04,harm
Onlookers watched as the skunk disappeared beneath the churning floodwater.,0,skunk,wild,flood_04,harm
Onlookers watched as the chipmunk disappeared beneath the churning floodwater.,0,chipmunk,wild,flood_04,harm
Onlookers watched as the beaver disappeared beneath the churning floodwater.,0,beaver,wild,flood_04,harm
Onlookers watched as the bison disappeared beneath the churning floodwater.,0,bison,wild,flood_04,harm
Onlookers watched as the antelope disappeared beneath the churning floodwater.,0,antelope,wild,flood_04,harm
Onlookers watched as the dingo disappeared beneath the churning floodwater.,0,dingo,wild,flood_04,harm
Onlookers watched as the cougar disappeared beneath the churning floodwater.,0,cougar,wild,flood_04,harm
Onlookers watched as the wolverine disappeared beneath the churning floodwater.,0,wolverine,wild,flood_04,harm
Onlookers watched as the muskrat disappeared beneath the churning floodwater.,0,muskrat,wild,flood_04,harm
Onlookers watched as the lemming disappeared beneath the churning floodwater.,0,lemming,wild,flood_04,harm
Onlookers watched as the fawn disappeared beneath the churning floodwater.,0,fawn,wild,flood_04,harm
The flash flood left the dog stranded and exhausted in the debris.,1,dog,companion,flood_05,harm
The flash flood left the cat stranded and exhausted in the debris.,1,cat,companion,flood_05,harm
The flash flood left the rabbit stranded and exhausted in the debris.,1,rabbit,companion,flood_05,harm
The flash flood left the puppy stranded and exhausted in the debris.,1,puppy,companion,flood_05,harm
The flash flood left the kitten stranded and exhausted in the debris.,1,kitten,companion,flood_05,harm
The flash flood left the hamster stranded and exhausted in the debris.,1,hamster,companion,flood_05,harm
The flash flood left the ferret stranded and exhausted in the debris.,1,ferret,companion,flood_05,harm
The flash flood left the poodle stranded and exhausted in the debris.,1,poodle,companion,flood_05,harm
The flash flood left the beagle stranded and exhausted in the debris.,1,beagle,companion,flood_05,harm
The flash flood left the terrier stranded and exhausted in the debris.,1,terrier,companion,flood_05,harm
The flash flood left the spaniel stranded and exhausted in the debris.,1,spaniel,companion,flood_05,harm
The flash flood left the labrador stranded and exhausted in the debris.,1,labrador,companion,flood_05,harm
The flash flood left the collie stranded and exhausted in the debris.,1,collie,companion,flood_05,harm
The flash flood left the pug stranded and exhausted in the debris.,1,pug,companion,flood_05,harm
The flash flood left the bulldog stranded and exhausted in the debris.,1,bulldog,companion,flood_05,harm
The flash flood left the retriever stranded and exhausted in the debris.,1,retriever,companion,flood_05,harm
The flash flood left the tomcat stranded and exhausted in the debris.,1,tomcat,companion,flood_05,harm
The flash flood left the gerbil stranded and exhausted in the debris.,1,gerbil,companion,flood_05,harm
The flash flood left the dalmatian stranded and exhausted in the debris.,1,dalmatian,companion,flood_05,harm
The flash flood left the greyhound stranded and exhausted in the debris.,1,greyhound,companion,flood_05,harm
The flash flood left the mastiff stranded and exhausted in the debris.,1,mastiff,companion,flood_05,harm
The flash flood left the corgi stranded and exhausted in the debris.,1,corgi,companion,flood_05,harm
The flash flood left the dachshund stranded and exhausted in the debris.,1,dachshund,companion,flood_05,harm
The flash flood left the chihuahua stranded and exhausted in the debris.,1,chihuahua,companion,flood_05,harm
The flash flood left the husky stranded and exhausted in the debris.,1,husky,companion,flood_05,harm
The flash flood left the rottweiler stranded and exhausted in the debris.,1,rottweiler,companion,flood_05,harm
The flash flood left the papillon stranded and exhausted in the debris.,1,papillon,companion,flood_05,harm
The flash flood left the schnauzer stranded and exhausted in the debris.,1,schnauzer,companion,flood_05,harm
The flash flood left the whippet stranded and exhausted in the debris.,1,whippet,companion,flood_05,harm
The flash flood left the pomeranian stranded and exhausted in the debris.,1,pomeranian,companion,flood_05,harm
The flash flood left the akita stranded and exhausted in the debris.,1,akita,companion,flood_05,harm
The flash flood left the samoyed stranded and exhausted in the debris.,1,samoyed,companion,flood_05,harm
The flash flood left the pekingese stranded and exhausted in the debris.,1,pekingese,companion,flood_05,harm
The flash flood left the lurcher stranded and exhausted in the debris.,1,lurcher,companion,flood_05,harm
The flash flood left the hound stranded and exhausted in the debris.,1,hound,companion,flood_05,harm
The flash flood left the mutt stranded and exhausted in the debris.,1,mutt,companion,flood_05,harm
The flash flood left the tabby stranded and exhausted in the debris.,1,tabby,companion,flood_05,harm
The flash flood left the lapdog stranded and exhausted in the debris.,1,lapdog,companion,flood_05,harm
The flash flood left the kitty stranded and exhausted in the debris.,1,kitty,companion,flood_05,harm
The flash flood left the bunny stranded and exhausted in the debris.,1,bunny,companion,flood_05,harm
The flash flood left the rat stranded and exhausted in the debris.,0,rat,wild,flood_05,harm
The flash flood left the boar stranded and exhausted in the debris.,0,boar,wild,flood_05,harm
The flash flood left the buffalo stranded and exhausted in the debris.,0,buffalo,wild,flood_05,harm
The flash flood left the fox stranded and exhausted in the debris.,0,fox,wild,flood_05,harm
The flash flood left the deer stranded and exhausted in the debris.,0,deer,wild,flood_05,harm
The flash flood left the badger stranded and exhausted in the debris.,0,badger,wild,flood_05,harm
The flash flood left the otter stranded and exhausted in the debris.,0,otter,wild,flood_05,harm
The flash flood left the hare stranded and exhausted in the debris.,0,hare,wild,flood_05,harm
The flash flood left the raccoon stranded and exhausted in the debris.,0,raccoon,wild,flood_05,harm
The flash flood left the squirrel stranded and exhausted in the debris.,0,squirrel,wild,flood_05,harm
The flash flood left the weasel stranded and exhausted in the debris.,0,weasel,wild,flood_05,harm
The flash flood left the coyote stranded and exhausted in the debris.,0,coyote,wild,flood_05,harm
The flash flood left the moose stranded and exhausted in the debris.,0,moose,wild,flood_05,harm
The flash flood left the elk stranded and exhausted in the debris.,0,elk,wild,flood_05,harm
The flash flood left the wolf stranded and exhausted in the debris.,0,wolf,wild,flood_05,harm
The flash flood left the hedgehog stranded and exhausted in the debris.,0,hedgehog,wild,flood_05,harm
The flash flood left the possum stranded and exhausted in the debris.,0,possum,wild,flood_05,harm
The flash flood left the jackal stranded and exhausted in the debris.,0,jackal,wild,flood_05,harm
The flash flood left the stoat stranded and exhausted in the debris.,0,stoat,wild,flood_05,harm
The flash flood left the marten stranded and exhausted in the debris.,0,marten,wild,flood_05,harm
The flash flood left the bear stranded and exhausted in the debris.,0,bear,wild,flood_05,harm
The flash flood left the lynx stranded and exhausted in the debris.,0,lynx,wild,flood_05,harm
The flash flood left the bobcat stranded and exhausted in the debris.,0,bobcat,wild,flood_05,harm
The flash flood left the marmot stranded and exhausted in the debris.,0,marmot,wild,flood_05,harm
The flash flood left the mink stranded and exhausted in the debris.,0,mink,wild,flood_05,harm
The flash flood left the mole stranded and exhausted in the debris.,0,mole,wild,flood_05,harm
The flash flood left the vole stranded and exhausted in the debris.,0,vole,wild,flood_05,harm
The flash flood left the shrew stranded and exhausted in the debris.,0,shrew,wild,flood_05,harm
The flash flood left the porcupine stranded and exhausted in the debris.,0,porcupine,wild,flood_05,harm
The flash flood left the skunk stranded and exhausted in the debris.,0,skunk,wild,flood_05,harm
The flash flood left the chipmunk stranded and exhausted in the debris.,0,chipmunk,wild,flood_05,harm
The flash flood left the beaver stranded and exhausted in the debris.,0,beaver,wild,flood_05,harm
The flash flood left the bison stranded and exhausted in the debris.,0,bison,wild,flood_05,harm
The flash flood left the antelope stranded and exhausted in the debris.,0,antelope,wild,flood_05,harm
The flash flood left the dingo stranded and exhausted in the debris.,0,dingo,wild,flood_05,harm
The flash flood left the cougar stranded and exhausted in the debris.,0,cougar,wild,flood_05,harm
The flash flood left the wolverine stranded and exhausted in the debris.,0,wolverine,wild,flood_05,harm
The flash flood left the muskrat stranded and exhausted in the debris.,0,muskrat,wild,flood_05,harm
The flash flood left the lemming stranded and exhausted in the debris.,0,lemming,wild,flood_05,harm
The flash flood left the fawn stranded and exhausted in the debris.,0,fawn,wild,flood_05,harm
"After the dam broke, the dog was caught in the violent surge.",1,dog,companion,flood_06,harm
"After the dam broke, the cat was caught in the violent surge.",1,cat,companion,flood_06,harm
"After the dam broke, the rabbit was caught in the violent surge.",1,rabbit,companion,flood_06,harm
"After the dam broke, the puppy was caught in the violent surge.",1,puppy,companion,flood_06,harm
"After the dam broke, the kitten was caught in the violent surge.",1,kitten,companion,flood_06,harm
"After the dam broke, the hamster was caught in the violent surge.",1,hamster,companion,flood_06,harm
"After the dam broke, the ferret was caught in the violent surge.",1,ferret,companion,flood_06,harm
"After the dam broke, the poodle was caught in the violent surge.",1,poodle,companion,flood_06,harm
"After the dam broke, the beagle was caught in the violent surge.",1,beagle,companion,flood_06,harm
"After the dam broke, the terrier was caught in the violent surge.",1,terrier,companion,flood_06,harm
"After the dam broke, the spaniel was caught in the violent surge.",1,spaniel,companion,flood_06,harm
"After the dam broke, the labrador was caught in the violent surge.",1,labrador,companion,flood_06,harm
"After the dam broke, the collie was caught in the violent surge.",1,collie,companion,flood_06,harm
"After the dam broke, the pug was caught in the violent surge.",1,pug,companion,flood_06,harm
"After the dam broke, the bulldog was caught in the violent surge.",1,bulldog,companion,flood_06,harm
"After the dam broke, the retriever was caught in the violent surge.",1,retriever,companion,flood_06,harm
"After the dam broke, the tomcat was caught in the violent surge.",1,tomcat,companion,flood_06,harm
"After the dam broke, the gerbil was caught in the violent surge.",1,gerbil,companion,flood_06,harm
"After the dam broke, the dalmatian was caught in the violent surge.",1,dalmatian,companion,flood_06,harm
"After the dam broke, the greyhound was caught in the violent surge.",1,greyhound,companion,flood_06,harm
"After the dam broke, the mastiff was caught in the violent surge.",1,mastiff,companion,flood_06,harm
"After the dam broke, the corgi was caught in the violent surge.",1,corgi,companion,flood_06,harm
"After the dam broke, the dachshund was caught in the violent surge.",1,dachshund,companion,flood_06,harm
"After the dam broke, the chihuahua was caught in the violent surge.",1,chihuahua,companion,flood_06,harm
"After the dam broke, the husky was caught in the violent surge.",1,husky,companion,flood_06,harm
"After the dam broke, the rottweiler was caught in the violent surge.",1,rottweiler,companion,flood_06,harm
"After the dam broke, the papillon was caught in the violent surge.",1,papillon,companion,flood_06,harm
"After the dam broke, the schnauzer was caught in the violent surge.",1,schnauzer,companion,flood_06,harm
"After the dam broke, the whippet was caught in the violent surge.",1,whippet,companion,flood_06,harm
"After the dam broke, the pomeranian was caught in the violent surge.",1,pomeranian,companion,flood_06,harm
"After the dam broke, the akita was caught in the violent surge.",1,akita,companion,flood_06,harm
"After the dam broke, the samoyed was caught in the violent surge.",1,samoyed,companion,flood_06,harm
"After the dam broke, the pekingese was caught in the violent surge.",1,pekingese,companion,flood_06,harm
"After the dam broke, the lurcher was caught in the violent surge.",1,lurcher,companion,flood_06,harm
"After the dam broke, the hound was caught in the violent surge.",1,hound,companion,flood_06,harm
"After the dam broke, the mutt was caught in the violent surge.",1,mutt,companion,flood_06,harm
"After the dam broke, the tabby was caught in the violent surge.",1,tabby,companion,flood_06,harm
"After the dam broke, the lapdog was caught in the violent surge.",1,lapdog,companion,flood_06,harm
"After the dam broke, the kitty was caught in the violent surge.",1,kitty,companion,flood_06,harm
"After the dam broke, the bunny was caught in the violent surge.",1,bunny,companion,flood_06,harm
"After the dam broke, the rat was caught in the violent surge.",0,rat,wild,flood_06,harm
"After the dam broke, the boar was caught in the violent surge.",0,boar,wild,flood_06,harm
"After the dam broke, the buffalo was caught in the violent surge.",0,buffalo,wild,flood_06,harm
"After the dam broke, the fox was caught in the violent surge.",0,fox,wild,flood_06,harm
"After the dam broke, the deer was caught in the violent surge.",0,deer,wild,flood_06,harm
"After the dam broke, the badger was caught in the violent surge.",0,badger,wild,flood_06,harm
"After the dam broke, the otter was caught in the violent surge.",0,otter,wild,flood_06,harm
"After the dam broke, the hare was caught in the violent surge.",0,hare,wild,flood_06,harm
"After the dam broke, the raccoon was caught in the violent surge.",0,raccoon,wild,flood_06,harm
"After the dam broke, the squirrel was caught in the violent surge.",0,squirrel,wild,flood_06,harm
"After the dam broke, the weasel was caught in the violent surge.",0,weasel,wild,flood_06,harm
"After the dam broke, the coyote was caught in the violent surge.",0,coyote,wild,flood_06,harm
"After the dam broke, the moose was caught in the violent surge.",0,moose,wild,flood_06,harm
"After the dam broke, the elk was caught in the violent surge.",0,elk,wild,flood_06,harm
"After the dam broke, the wolf was caught in the violent surge.",0,wolf,wild,flood_06,harm
"After the dam broke, the hedgehog was caught in the violent surge.",0,hedgehog,wild,flood_06,harm
"After the dam broke, the possum was caught in the violent surge.",0,possum,wild,flood_06,harm
"After the dam broke, the jackal was caught in the violent surge.",0,jackal,wild,flood_06,harm
"After the dam broke, the stoat was caught in the violent surge.",0,stoat,wild,flood_06,harm
"After the dam broke, the marten was caught in the violent surge.",0,marten,wild,flood_06,harm
"After the dam broke, the bear was caught in the violent surge.",0,bear,wild,flood_06,harm
"After the dam broke, the lynx was caught in the violent surge.",0,lynx,wild,flood_06,harm
"After the dam broke, the bobcat was caught in the violent surge.",0,bobcat,wild,flood_06,harm
"After the dam broke, the marmot was caught in the violent surge.",0,marmot,wild,flood_06,harm
"After the dam broke, the mink was caught in the violent surge.",0,mink,wild,flood_06,harm
"After the dam broke, the mole was caught in the violent surge.",0,mole,wild,flood_06,harm
"After the dam broke, the vole was caught in the violent surge.",0,vole,wild,flood_06,harm
"After the dam broke, the shrew was caught in the violent surge.",0,shrew,wild,flood_06,harm
"After the dam broke, the porcupine was caught in the violent surge.",0,porcupine,wild,flood_06,harm
"After the dam broke, the skunk was caught in the violent surge.",0,skunk,wild,flood_06,harm
"After the dam broke, the chipmunk was caught in the violent surge.",0,chipmunk,wild,flood_06,harm
"After the dam broke, the beaver was caught in the violent surge.",0,beaver,wild,flood_06,harm
"After the dam broke, the bison was caught in the violent surge.",0,bison,wild,flood_06,harm
"After the dam broke, the antelope was caught in the violent surge.",0,antelope,wild,flood_06,harm
"After the dam broke, the dingo was caught in the violent surge.",0,dingo,wild,flood_06,harm
"After the dam broke, the cougar was caught in the violent surge.",0,cougar,wild,flood_06,harm
"After the dam broke, the wolverine was caught in the violent surge.",0,wolverine,wild,flood_06,harm
"After the dam broke, the muskrat was caught in the violent surge.",0,muskrat,wild,flood_06,harm
"After the dam broke, the lemming was caught in the violent surge.",0,lemming,wild,flood_06,harm
"After the dam broke, the fawn was caught in the violent surge.",0,fawn,wild,flood_06,harm
"During the blizzard, the dog was stranded outside without any shelter.",1,dog,companion,weather_01,harm
"During the blizzard, the cat was stranded outside without any shelter.",1,cat,companion,weather_01,harm
"During the blizzard, the rabbit was stranded outside without any shelter.",1,rabbit,companion,weather_01,harm
"During the blizzard, the puppy was stranded outside without any shelter.",1,puppy,companion,weather_01,harm
"During the blizzard, the kitten was stranded outside without any shelter.",1,kitten,companion,weather_01,harm
"During the blizzard, the hamster was stranded outside without any shelter.",1,hamster,companion,weather_01,harm
"During the blizzard, the ferret was stranded outside without any shelter.",1,ferret,companion,weather_01,harm
"During the blizzard, the poodle was stranded outside without any shelter.",1,poodle,companion,weather_01,harm
"During the blizzard, the beagle was stranded outside without any shelter.",1,beagle,companion,weather_01,harm
"During the blizzard, the terrier was stranded outside without any shelter.",1,terrier,companion,weather_01,harm
"During the blizzard, the spaniel was stranded outside without any shelter.",1,spaniel,companion,weather_01,harm
"During the blizzard, the labrador was stranded outside without any shelter.",1,labrador,companion,weather_01,harm
"During the blizzard, the collie was stranded outside without any shelter.",1,collie,companion,weather_01,harm
"During the blizzard, the pug was stranded outside without any shelter.",1,pug,companion,weather_01,harm
"During the blizzard, the bulldog was stranded outside without any shelter.",1,bulldog,companion,weather_01,harm
"During the blizzard, the retriever was stranded outside without any shelter.",1,retriever,companion,weather_01,harm
"During the blizzard, the tomcat was stranded outside without any shelter.",1,tomcat,companion,weather_01,harm
"During the blizzard, the gerbil was stranded outside without any shelter.",1,gerbil,companion,weather_01,harm
"During the blizzard, the dalmatian was stranded outside without any shelter.",1,dalmatian,companion,weather_01,harm
"During the blizzard, the greyhound was stranded outside without any shelter.",1,greyhound,companion,weather_01,harm
"During the blizzard, the mastiff was stranded outside without any shelter.",1,mastiff,companion,weather_01,harm
"During the blizzard, the corgi was stranded outside without any shelter.",1,corgi,companion,weather_01,harm
"During the blizzard, the dachshund was stranded outside without any shelter.",1,dachshund,companion,weather_01,harm
"During the blizzard, the chihuahua was stranded outside without any shelter.",1,chihuahua,companion,weather_01,harm
"During the blizzard, the husky was stranded outside without any shelter.",1,husky,companion,weather_01,harm
"During the blizzard, the rottweiler was stranded outside without any shelter.",1,rottweiler,companion,weather_01,harm
"During the blizzard, the papillon was stranded outside without any shelter.",1,papillon,companion,weather_01,harm
"During the blizzard, the schnauzer was stranded outside without any shelter.",1,schnauzer,companion,weather_01,harm
"During the blizzard, the whippet was stranded outside without any shelter.",1,whippet,companion,weather_01,harm
"During the blizzard, the pomeranian was stranded outside without any shelter.",1,pomeranian,companion,weather_01,harm
"During the blizzard, the akita was stranded outside without any shelter.",1,akita,companion,weather_01,harm
"During the blizzard, the samoyed was stranded outside without any shelter.",1,samoyed,companion,weather_01,harm
"During the blizzard, the pekingese was stranded outside without any shelter.",1,pekingese,companion,weather_01,harm
"During the blizzard, the lurcher was stranded outside without any shelter.",1,lurcher,companion,weather_01,harm
"During the blizzard, the hound was stranded outside without any shelter.",1,hound,companion,weather_01,harm
"During the blizzard, the mutt was stranded outside without any shelter.",1,mutt,companion,weather_01,harm
"During the blizzard, the tabby was stranded outside without any shelter.",1,tabby,companion,weather_01,harm
"During the blizzard, the lapdog was stranded outside without any shelter.",1,lapdog,companion,weather_01,harm
"During the blizzard, the kitty was stranded outside without any shelter.",1,kitty,companion,weather_01,harm
"During the blizzard, the bunny was stranded outside without any shelter.",1,bunny,companion,weather_01,harm
"During the blizzard, the rat was stranded outside without any shelter.",0,rat,wild,weather_01,harm
"During the blizzard, the boar was stranded outside without any shelter.",0,boar,wild,weather_01,harm
"During the blizzard, the buffalo was stranded outside without any shelter.",0,buffalo,wild,weather_01,harm
"During the blizzard, the fox was stranded outside without any shelter.",0,fox,wild,weather_01,harm
"During the blizzard, the deer was stranded outside without any shelter.",0,deer,wild,weather_01,harm
"During the blizzard, the badger was stranded outside without any shelter.",0,badger,wild,weather_01,harm
"During the blizzard, the otter was stranded outside without any shelter.",0,otter,wild,weather_01,harm
"During the blizzard, the hare was stranded outside without any shelter.",0,hare,wild,weather_01,harm
"During the blizzard, the raccoon was stranded outside without any shelter.",0,raccoon,wild,weather_01,harm
"During the blizzard, the squirrel was stranded outside without any shelter.",0,squirrel,wild,weather_01,harm
"During the blizzard, the weasel was stranded outside without any shelter.",0,weasel,wild,weather_01,harm
"During the blizzard, the coyote was stranded outside without any shelter.",0,coyote,wild,weather_01,harm
"During the blizzard, the moose was stranded outside without any shelter.",0,moose,wild,weather_01,harm
"During the blizzard, the elk was stranded outside without any shelter.",0,elk,wild,weather_01,harm
"During the blizzard, the wolf was stranded outside without any shelter.",0,wolf,wild,weather_01,harm
"During the blizzard, the hedgehog was stranded outside without any shelter.",0,hedgehog,wild,weather_01,harm
"During the blizzard, the possum was stranded outside without any shelter.",0,possum,wild,weather_01,harm
"During the blizzard, the jackal was stranded outside without any shelter.",0,jackal,wild,weather_01,harm
"During the blizzard, the stoat was stranded outside without any shelter.",0,stoat,wild,weather_01,harm
"During the blizzard, the marten was stranded outside without any shelter.",0,marten,wild,weather_01,harm
"During the blizzard, the bear was stranded outside without any shelter.",0,bear,wild,weather_01,harm
"During the blizzard, the lynx was stranded outside without any shelter.",0,lynx,wild,weather_01,harm
"During the blizzard, the bobcat was stranded outside without any shelter.",0,bobcat,wild,weather_01,harm
"During the blizzard, the marmot was stranded outside without any shelter.",0,marmot,wild,weather_01,harm
"During the blizzard, the mink was stranded outside without any shelter.",0,mink,wild,weather_01,harm
"During the blizzard, the mole was stranded outside without any shelter.",0,mole,wild,weather_01,harm
"During the blizzard, the vole was stranded outside without any shelter.",0,vole,wild,weather_01,harm
"During the blizzard, the shrew was stranded outside without any shelter.",0,shrew,wild,weather_01,harm
"During the blizzard, the porcupine was stranded outside without any shelter.",0,porcupine,wild,weather_01,harm
"During the blizzard, the skunk was stranded outside without any shelter.",0,skunk,wild,weather_01,harm
"During the blizzard, the chipmunk was stranded outside without any shelter.",0,chipmunk,wild,weather_01,harm
"During the blizzard, the beaver was stranded outside without any shelter.",0,beaver,wild,weather_01,harm
"During the blizzard, the bison was stranded outside without any shelter.",0,bison,wild,weather_01,harm
"During the blizzard, the antelope was stranded outside without any shelter.",0,antelope,wild,weather_01,harm
"During the blizzard, the dingo was stranded outside without any shelter.",0,dingo,wild,weather_01,harm
"During the blizzard, the cougar was stranded outside without any shelter.",0,cougar,wild,weather_01,harm
"During the blizzard, the wolverine was stranded outside without any shelter.",0,wolverine,wild,weather_01,harm
"During the blizzard, the muskrat was stranded outside without any shelter.",0,muskrat,wild,weather_01,harm
"During the blizzard, the lemming was stranded outside without any shelter.",0,lemming,wild,weather_01,harm
"During the blizzard, the fawn was stranded outside without any shelter.",0,fawn,wild,weather_01,harm
The heatwave left the dog collapsed from dehydration in the dusty field.,1,dog,companion,weather_02,harm
The heatwave left the cat collapsed from dehydration in the dusty field.,1,cat,companion,weather_02,harm
The heatwave left the rabbit collapsed from dehydration in the dusty field.,1,rabbit,companion,weather_02,harm
The heatwave left the puppy collapsed from dehydration in the dusty field.,1,puppy,companion,weather_02,harm
The heatwave left the kitten collapsed from dehydration in the dusty field.,1,kitten,companion,weather_02,harm
The heatwave left the hamster collapsed from dehydration in the dusty field.,1,hamster,companion,weather_02,harm
The heatwave left the ferret collapsed from dehydration in the dusty field.,1,ferret,companion,weather_02,harm
The heatwave left the poodle collapsed from dehydration in the dusty field.,1,poodle,companion,weather_02,harm
The heatwave left the beagle collapsed from dehydration in the dusty field.,1,beagle,companion,weather_02,harm
The heatwave left the terrier collapsed from dehydration in the dusty field.,1,terrier,companion,weather_02,harm
The heatwave left the spaniel collapsed from dehydration in the dusty field.,1,spaniel,companion,weather_02,harm
The heatwave left the labrador collapsed from dehydration in the dusty field.,1,labrador,companion,weather_02,harm
The heatwave left the collie collapsed from dehydration in the dusty field.,1,collie,companion,weather_02,harm
The heatwave left the pug collapsed from dehydration in the dusty field.,1,pug,companion,weather_02,harm
The heatwave left the bulldog collapsed from dehydration in the dusty field.,1,bulldog,companion,weather_02,harm
The heatwave left the retriever collapsed from dehydration in the dusty field.,1,retriever,companion,weather_02,harm
The heatwave left the tomcat collapsed from dehydration in the dusty field.,1,tomcat,companion,weather_02,harm
The heatwave left the gerbil collapsed from dehydration in the dusty field.,1,gerbil,companion,weather_02,harm
The heatwave left the dalmatian collapsed from dehydration in the dusty field.,1,dalmatian,companion,weather_02,harm
The heatwave left the greyhound collapsed from dehydration in the dusty field.,1,greyhound,companion,weather_02,harm
The heatwave left the mastiff collapsed from dehydration in the dusty field.,1,mastiff,companion,weather_02,harm
The heatwave left the corgi collapsed from dehydration in the dusty field.,1,corgi,companion,weather_02,harm
The heatwave left the dachshund collapsed from dehydration in the dusty field.,1,dachshund,companion,weather_02,harm
The heatwave left the chihuahua collapsed from dehydration in the dusty field.,1,chihuahua,companion,weather_02,harm
The heatwave left the husky collapsed from dehydration in the dusty field.,1,husky,companion,weather_02,harm
The heatwave left the rottweiler collapsed from dehydration in the dusty field.,1,rottweiler,companion,weather_02,harm
The heatwave left the papillon collapsed from dehydration in the dusty field.,1,papillon,companion,weather_02,harm
The heatwave left the schnauzer collapsed from dehydration in the dusty field.,1,schnauzer,companion,weather_02,harm
The heatwave left the whippet collapsed from dehydration in the dusty field.,1,whippet,companion,weather_02,harm
The heatwave left the pomeranian collapsed from dehydration in the dusty field.,1,pomeranian,companion,weather_02,harm
The heatwave left the akita collapsed from dehydration in the dusty field.,1,akita,companion,weather_02,harm
The heatwave left the samoyed collapsed from dehydration in the dusty field.,1,samoyed,companion,weather_02,harm
The heatwave left the pekingese collapsed from dehydration in the dusty field.,1,pekingese,companion,weather_02,harm
The heatwave left the lurcher collapsed from dehydration in the dusty field.,1,lurcher,companion,weather_02,harm
The heatwave left the hound collapsed from dehydration in the dusty field.,1,hound,companion,weather_02,harm
The heatwave left the mutt collapsed from dehydration in the dusty field.,1,mutt,companion,weather_02,harm
The heatwave left the tabby collapsed from dehydration in the dusty field.,1,tabby,companion,weather_02,harm
The heatwave left the lapdog collapsed from dehydration in the dusty field.,1,lapdog,companion,weather_02,harm
The heatwave left the kitty collapsed from dehydration in the dusty field.,1,kitty,companion,weather_02,harm
The heatwave left the bunny collapsed from dehydration in the dusty field.,1,bunny,companion,weather_02,harm
The heatwave left the rat collapsed from dehydration in the dusty field.,0,rat,wild,weather_02,harm
The heatwave left the boar collapsed from dehydration in the dusty field.,0,boar,wild,weather_02,harm
The heatwave left the buffalo collapsed from dehydration in the dusty field.,0,buffalo,wild,weather_02,harm
The heatwave left the fox collapsed from dehydration in the dusty field.,0,fox,wild,weather_02,harm
The heatwave left the deer collapsed from dehydration in the dusty field.,0,deer,wild,weather_02,harm
The heatwave left the badger collapsed from dehydration in the dusty field.,0,badger,wild,weather_02,harm
The heatwave left the otter collapsed from dehydration in the dusty field.,0,otter,wild,weather_02,harm
The heatwave left the hare collapsed from dehydration in the dusty field.,0,hare,wild,weather_02,harm
The heatwave left the raccoon collapsed from dehydration in the dusty field.,0,raccoon,wild,weather_02,harm
The heatwave left the squirrel collapsed from dehydration in the dusty field.,0,squirrel,wild,weather_02,harm
The heatwave left the weasel collapsed from dehydration in the dusty field.,0,weasel,wild,weather_02,harm
The heatwave left the coyote collapsed from dehydration in the dusty field.,0,coyote,wild,weather_02,harm
The heatwave left the moose collapsed from dehydration in the dusty field.,0,moose,wild,weather_02,harm
The heatwave left the elk collapsed from dehydration in the dusty field.,0,elk,wild,weather_02,harm
The heatwave left the wolf collapsed from dehydration in the dusty field.,0,wolf,wild,weather_02,harm
The heatwave left the hedgehog collapsed from dehydration in the dusty field.,0,hedgehog,wild,weather_02,harm
The heatwave left the possum collapsed from dehydration in the dusty field.,0,possum,wild,weather_02,harm
The heatwave left the jackal collapsed from dehydration in the dusty field.,0,jackal,wild,weather_02,harm
The heatwave left the stoat collapsed from dehydration in the dusty field.,0,stoat,wild,weather_02,harm
The heatwave left the marten collapsed from dehydration in the dusty field.,0,marten,wild,weather_02,harm
The heatwave left the bear collapsed from dehydration in the dusty field.,0,bear,wild,weather_02,harm
The heatwave left the lynx collapsed from dehydration in the dusty field.,0,lynx,wild,weather_02,harm
The heatwave left the bobcat collapsed from dehydration in the dusty field.,0,bobcat,wild,weather_02,harm
The heatwave left the marmot collapsed from dehydration in the dusty field.,0,marmot,wild,weather_02,harm
The heatwave left the mink collapsed from dehydration in the dusty field.,0,mink,wild,weather_02,harm
The heatwave left the mole collapsed from dehydration in the dusty field.,0,mole,wild,weather_02,harm
The heatwave left the vole collapsed from dehydration in the dusty field.,0,vole,wild,weather_02,harm
The heatwave left the shrew collapsed from dehydration in the dusty field.,0,shrew,wild,weather_02,harm
The heatwave left the porcupine collapsed from dehydration in the dusty field.,0,porcupine,wild,weather_02,harm
The heatwave left the skunk collapsed from dehydration in the dusty field.,0,skunk,wild,weather_02,harm
The heatwave left the chipmunk collapsed from dehydration in the dusty field.,0,chipmunk,wild,weather_02,harm
The heatwave left the beaver collapsed from dehydration in the dusty field.,0,beaver,wild,weather_02,harm
The heatwave left the bison collapsed from dehydration in the dusty field.,0,bison,wild,weather_02,harm
The heatwave left the antelope collapsed from dehydration in the dusty field.,0,antelope,wild,weather_02,harm
The heatwave left the dingo collapsed from dehydration in the dusty field.,0,dingo,wild,weather_02,harm
The heatwave left the cougar collapsed from dehydration in the dusty field.,0,cougar,wild,weather_02,harm
The heatwave left the wolverine collapsed from dehydration in the dusty field.,0,wolverine,wild,weather_02,harm
The heatwave left the muskrat collapsed from dehydration in the dusty field.,0,muskrat,wild,weather_02,harm
The heatwave left the lemming collapsed from dehydration in the dusty field.,0,lemming,wild,weather_02,harm
The heatwave left the fawn collapsed from dehydration in the dusty field.,0,fawn,wild,weather_02,harm
Freezing rain soaked the dog through the long night outdoors.,1,dog,companion,weather_03,harm
Freezing rain soaked the cat through the long night outdoors.,1,cat,companion,weather_03,harm
Freezing rain soaked the rabbit through the long night outdoors.,1,rabbit,companion,weather_03,harm
Freezing rain soaked the puppy through the long night outdoors.,1,puppy,companion,weather_03,harm
Freezing rain soaked the kitten through the long night outdoors.,1,kitten,companion,weather_03,harm
Freezing rain soaked the hamster through the long night outdoors.,1,hamster,companion,weather_03,harm
Freezing rain soaked the ferret through the long night outdoors.,1,ferret,companion,weather_03,harm
Freezing rain soaked the poodle through the long night outdoors.,1,poodle,companion,weather_03,harm
Freezing rain soaked the beagle through the long night outdoors.,1,beagle,companion,weather_03,harm
Freezing rain soaked the terrier through the long night outdoors.,1,terrier,companion,weather_03,harm
Freezing rain soaked the spaniel through the long night outdoors.,1,spaniel,companion,weather_03,harm
Freezing rain soaked the labrador through the long night outdoors.,1,labrador,companion,weather_03,harm
Freezing rain soaked the collie through the long night outdoors.,1,collie,companion,weather_03,harm
Freezing rain soaked the pug through the long night outdoors.,1,pug,companion,weather_03,harm
Freezing rain soaked the bulldog through the long night outdoors.,1,bulldog,companion,weather_03,harm
Freezing rain soaked the retriever through the long night outdoors.,1,retriever,companion,weather_03,harm
Freezing rain soaked the tomcat through the long night outdoors.,1,tomcat,companion,weather_03,harm
Freezing rain soaked the gerbil through the long night outdoors.,1,gerbil,companion,weather_03,harm
Freezing rain soaked the dalmatian through the long night outdoors.,1,dalmatian,companion,weather_03,harm
Freezing rain soaked the greyhound through the long night outdoors.,1,greyhound,companion,weather_03,harm
Freezing rain soaked the mastiff through the long night outdoors.,1,mastiff,companion,weather_03,harm
Freezing rain soaked the corgi through the long night outdoors.,1,corgi,companion,weather_03,harm
Freezing rain soaked the dachshund through the long night outdoors.,1,dachshund,companion,weather_03,harm
Freezing rain soaked the chihuahua through the long night outdoors.,1,chihuahua,companion,weather_03,harm
Freezing rain soaked the husky through the long night outdoors.,1,husky,companion,weather_03,harm
Freezing rain soaked the rottweiler through the long night outdoors.,1,rottweiler,companion,weather_03,harm
Freezing rain soaked the papillon through the long night outdoors.,1,papillon,companion,weather_03,harm
Freezing rain soaked the schnauzer through the long night outdoors.,1,schnauzer,companion,weather_03,harm
Freezing rain soaked the whippet through the long night outdoors.,1,whippet,companion,weather_03,harm
Freezing rain soaked the pomeranian through the long night outdoors.,1,pomeranian,companion,weather_03,harm
Freezing rain soaked the akita through the long night outdoors.,1,akita,companion,weather_03,harm
Freezing rain soaked the samoyed through the long night outdoors.,1,samoyed,companion,weather_03,harm
Freezing rain soaked the pekingese through the long night outdoors.,1,pekingese,companion,weather_03,harm
Freezing rain soaked the lurcher through the long night outdoors.,1,lurcher,companion,weather_03,harm
Freezing rain soaked the hound through the long night outdoors.,1,hound,companion,weather_03,harm
Freezing rain soaked the mutt through the long night outdoors.,1,mutt,companion,weather_03,harm
Freezing rain soaked the tabby through the long night outdoors.,1,tabby,companion,weather_03,harm
Freezing rain soaked the lapdog through the long night outdoors.,1,lapdog,companion,weather_03,harm
Freezing rain soaked the kitty through the long night outdoors.,1,kitty,companion,weather_03,harm
Freezing rain soaked the bunny through the long night outdoors.,1,bunny,companion,weather_03,harm
Freezing rain soaked the rat through the long night outdoors.,0,rat,wild,weather_03,harm
Freezing rain soaked the boar through the long night outdoors.,0,boar,wild,weather_03,harm
Freezing rain soaked the buffalo through the long night outdoors.,0,buffalo,wild,weather_03,harm
Freezing rain soaked the fox through the long night outdoors.,0,fox,wild,weather_03,harm
Freezing rain soaked the deer through the long night outdoors.,0,deer,wild,weather_03,harm
Freezing rain soaked the badger through the long night outdoors.,0,badger,wild,weather_03,harm
Freezing rain soaked the otter through the long night outdoors.,0,otter,wild,weather_03,harm
Freezing rain soaked the hare through the long night outdoors.,0,hare,wild,weather_03,harm
Freezing rain soaked the raccoon through the long night outdoors.,0,raccoon,wild,weather_03,harm
Freezing rain soaked the squirrel through the long night outdoors.,0,squirrel,wild,weather_03,harm
Freezing rain soaked the weasel through the long night outdoors.,0,weasel,wild,weather_03,harm
Freezing rain soaked the coyote through the long night outdoors.,0,coyote,wild,weather_03,harm
Freezing rain soaked the moose through the long night outdoors.,0,moose,wild,weather_03,harm
Freezing rain soaked the elk through the long night outdoors.,0,elk,wild,weather_03,harm
Freezing rain soaked the wolf through the long night outdoors.,0,wolf,wild,weather_03,harm
Freezing rain soaked the hedgehog through the long night outdoors.,0,hedgehog,wild,weather_03,harm
Freezing rain soaked the possum through the long night outdoors.,0,possum,wild,weather_03,harm
Freezing rain soaked the jackal through the long night outdoors.,0,jackal,wild,weather_03,harm
Freezing rain soaked the stoat through the long night outdoors.,0,stoat,wild,weather_03,harm
Freezing rain soaked the marten through the long night outdoors.,0,marten,wild,weather_03,harm
Freezing rain soaked the bear through the long night outdoors.,0,bear,wild,weather_03,harm
Freezing rain soaked the lynx through the long night outdoors.,0,lynx,wild,weather_03,harm
Freezing rain soaked the bobcat through the long night outdoors.,0,bobcat,wild,weather_03,harm
Freezing rain soaked the marmot through the long night outdoors.,0,marmot,wild,weather_03,harm
Freezing rain soaked the mink through the long night outdoors.,0,mink,wild,weather_03,harm
Freezing rain soaked the mole through the long night outdoors.,0,mole,wild,weather_03,harm
Freezing rain soaked the vole through the long night outdoors.,0,vole,wild,weather_03,harm
Freezing rain soaked the shrew through the long night outdoors.,0,shrew,wild,weather_03,harm
Freezing rain soaked the porcupine through the long night outdoors.,0,porcupine,wild,weather_03,harm
Freezing rain soaked the skunk through the long night outdoors.,0,skunk,wild,weather_03,harm
Freezing rain soaked the chipmunk through the long night outdoors.,0,chipmunk,wild,weather_03,harm
Freezing rain soaked the beaver through the long night outdoors.,0,beaver,wild,weather_03,harm
Freezing rain soaked the bison through the long night outdoors.,0,bison,wild,weather_03,harm
Freezing rain soaked the antelope through the long night outdoors.,0,antelope,wild,weather_03,harm
Freezing rain soaked the dingo through the long night outdoors.,0,dingo,wild,weather_03,harm
Freezing rain soaked the cougar through the long night outdoors.,0,cougar,wild,weather_03,harm
Freezing rain soaked the wolverine through the long night outdoors.,0,wolverine,wild,weather_03,harm
Freezing rain soaked the muskrat through the long night outdoors.,0,muskrat,wild,weather_03,harm
Freezing rain soaked the lemming through the long night outdoors.,0,lemming,wild,weather_03,harm
Freezing rain soaked the fawn through the long night outdoors.,0,fawn,wild,weather_03,harm
"In the scorching heat, the dog was left without water or shade.",1,dog,companion,weather_04,harm
"In the scorching heat, the cat was left without water or shade.",1,cat,companion,weather_04,harm
"In the scorching heat, the rabbit was left without water or shade.",1,rabbit,companion,weather_04,harm
"In the scorching heat, the puppy was left without water or shade.",1,puppy,companion,weather_04,harm
"In the scorching heat, the kitten was left without water or shade.",1,kitten,companion,weather_04,harm
"In the scorching heat, the hamster was left without water or shade.",1,hamster,companion,weather_04,harm
"In the scorching heat, the ferret was left without water or shade.",1,ferret,companion,weather_04,harm
"In the scorching heat, the poodle was left without water or shade.",1,poodle,companion,weather_04,harm
"In the scorching heat, the beagle was left without water or shade.",1,beagle,companion,weather_04,harm
"In the scorching heat, the terrier was left without water or shade.",1,terrier,companion,weather_04,harm
"In the scorching heat, the spaniel was left without water or shade.",1,spaniel,companion,weather_04,harm
"In the scorching heat, the labrador was left without water or shade.",1,labrador,companion,weather_04,harm
"In the scorching heat, the collie was left without water or shade.",1,collie,companion,weather_04,harm
"In the scorching heat, the pug was left without water or shade.",1,pug,companion,weather_04,harm
"In the scorching heat, the bulldog was left without water or shade.",1,bulldog,companion,weather_04,harm
"In the scorching heat, the retriever was left without water or shade.",1,retriever,companion,weather_04,harm
"In the scorching heat, the tomcat was left without water or shade.",1,tomcat,companion,weather_04,harm
"In the scorching heat, the gerbil was left without water or shade.",1,gerbil,companion,weather_04,harm
"In the scorching heat, the dalmatian was left without water or shade.",1,dalmatian,companion,weather_04,harm
"In the scorching heat, the greyhound was left without water or shade.",1,greyhound,companion,weather_04,harm
"In the scorching heat, the mastiff was left without water or shade.",1,mastiff,companion,weather_04,harm
"In the scorching heat, the corgi was left without water or shade.",1,corgi,companion,weather_04,harm
"In the scorching heat, the dachshund was left without water or shade.",1,dachshund,companion,weather_04,harm
"In the scorching heat, the chihuahua was left without water or shade.",1,chihuahua,companion,weather_04,harm
"In the scorching heat, the husky was left without water or shade.",1,husky,companion,weather_04,harm
"In the scorching heat, the rottweiler was left without water or shade.",1,rottweiler,companion,weather_04,harm
"In the scorching heat, the papillon was left without water or shade.",1,papillon,companion,weather_04,harm
"In the scorching heat, the schnauzer was left without water or shade.",1,schnauzer,companion,weather_04,harm
"In the scorching heat, the whippet was left without water or shade.",1,whippet,companion,weather_04,harm
"In the scorching heat, the pomeranian was left without water or shade.",1,pomeranian,companion,weather_04,harm
"In the scorching heat, the akita was left without water or shade.",1,akita,companion,weather_04,harm
"In the scorching heat, the samoyed was left without water or shade.",1,samoyed,companion,weather_04,harm
"In the scorching heat, the pekingese was left without water or shade.",1,pekingese,companion,weather_04,harm
"In the scorching heat, the lurcher was left without water or shade.",1,lurcher,companion,weather_04,harm
"In the scorching heat, the hound was left without water or shade.",1,hound,companion,weather_04,harm
"In the scorching heat, the mutt was left without water or shade.",1,mutt,companion,weather_04,harm
"In the scorching heat, the tabby was left without water or shade.",1,tabby,companion,weather_04,harm
"In the scorching heat, the lapdog was left without water or shade.",1,lapdog,companion,weather_04,harm
"In the scorching heat, the kitty was left without water or shade.",1,kitty,companion,weather_04,harm
"In the scorching heat, the bunny was left without water or shade.",1,bunny,companion,weather_04,harm
"In the scorching heat, the rat was left without water or shade.",0,rat,wild,weather_04,harm
"In the scorching heat, the boar was left without water or shade.",0,boar,wild,weather_04,harm
"In the scorching heat, the buffalo was left without water or shade.",0,buffalo,wild,weather_04,harm
"In the scorching heat, the fox was left without water or shade.",0,fox,wild,weather_04,harm
"In the scorching heat, the deer was left without water or shade.",0,deer,wild,weather_04,harm
"In the scorching heat, the badger was left without water or shade.",0,badger,wild,weather_04,harm
"In the scorching heat, the otter was left without water or shade.",0,otter,wild,weather_04,harm
"In the scorching heat, the hare was left without water or shade.",0,hare,wild,weather_04,harm
"In the scorching heat, the raccoon was left without water or shade.",0,raccoon,wild,weather_04,harm
"In the scorching heat, the squirrel was left without water or shade.",0,squirrel,wild,weather_04,harm
"In the scorching heat, the weasel was left without water or shade.",0,weasel,wild,weather_04,harm
"In the scorching heat, the coyote was left without water or shade.",0,coyote,wild,weather_04,harm
"In the scorching heat, the moose was left without water or shade.",0,moose,wild,weather_04,harm
"In the scorching heat, the elk was left without water or shade.",0,elk,wild,weather_04,harm
"In the scorching heat, the wolf was left without water or shade.",0,wolf,wild,weather_04,harm
"In the scorching heat, the hedgehog was left without water or shade.",0,hedgehog,wild,weather_04,harm
"In the scorching heat, the possum was left without water or shade.",0,possum,wild,weather_04,harm
"In the scorching heat, the jackal was left without water or shade.",0,jackal,wild,weather_04,harm
"In the scorching heat, the stoat was left without water or shade.",0,stoat,wild,weather_04,harm
"In the scorching heat, the marten was left without water or shade.",0,marten,wild,weather_04,harm
"In the scorching heat, the bear was left without water or shade.",0,bear,wild,weather_04,harm
"In the scorching heat, the lynx was left without water or shade.",0,lynx,wild,weather_04,harm
"In the scorching heat, the bobcat was left without water or shade.",0,bobcat,wild,weather_04,harm
"In the scorching heat, the marmot was left without water or shade.",0,marmot,wild,weather_04,harm
"In the scorching heat, the mink was left without water or shade.",0,mink,wild,weather_04,harm
"In the scorching heat, the mole was left without water or shade.",0,mole,wild,weather_04,harm
"In the scorching heat, the vole was left without water or shade.",0,vole,wild,weather_04,harm
"In the scorching heat, the shrew was left without water or shade.",0,shrew,wild,weather_04,harm
"In the scorching heat, the porcupine was left without water or shade.",0,porcupine,wild,weather_04,harm
"In the scorching heat, the skunk was left without water or shade.",0,skunk,wild,weather_04,harm
"In the scorching heat, the chipmunk was left without water or shade.",0,chipmunk,wild,weather_04,harm
"In the scorching heat, the beaver was left without water or shade.",0,beaver,wild,weather_04,harm
"In the scorching heat, the bison was left without water or shade.",0,bison,wild,weather_04,harm
"In the scorching heat, the antelope was left without water or shade.",0,antelope,wild,weather_04,harm
"In the scorching heat, the dingo was left without water or shade.",0,dingo,wild,weather_04,harm
"In the scorching heat, the cougar was left without water or shade.",0,cougar,wild,weather_04,harm
"In the scorching heat, the wolverine was left without water or shade.",0,wolverine,wild,weather_04,harm
"In the scorching heat, the muskrat was left without water or shade.",0,muskrat,wild,weather_04,harm
"In the scorching heat, the lemming was left without water or shade.",0,lemming,wild,weather_04,harm
"In the scorching heat, the fawn was left without water or shade.",0,fawn,wild,weather_04,harm
The sudden hailstorm caught the dog in the open pasture.,1,dog,companion,weather_05,harm
The sudden hailstorm caught the cat in the open pasture.,1,cat,companion,weather_05,harm
The sudden hailstorm caught the rabbit in the open pasture.,1,rabbit,companion,weather_05,harm
The sudden hailstorm caught the puppy in the open pasture.,1,puppy,companion,weather_05,harm
The sudden hailstorm caught the kitten in the open pasture.,1,kitten,companion,weather_05,harm
The sudden hailstorm caught the hamster in the open pasture.,1,hamster,companion,weather_05,harm
The sudden hailstorm caught the ferret in the open pasture.,1,ferret,companion,weather_05,harm
The sudden hailstorm caught the poodle in the open pasture.,1,poodle,companion,weather_05,harm
The sudden hailstorm caught the beagle in the open pasture.,1,beagle,companion,weather_05,harm
The sudden hailstorm caught the terrier in the open pasture.,1,terrier,companion,weather_05,harm
The sudden hailstorm caught the spaniel in the open pasture.,1,spaniel,companion,weather_05,harm
The sudden hailstorm caught the labrador in the open pasture.,1,labrador,companion,weather_05,harm
The sudden hailstorm caught the collie in the open pasture.,1,collie,companion,weather_05,harm
The sudden hailstorm caught the pug in the open pasture.,1,pug,companion,weather_05,harm
The sudden hailstorm caught the bulldog in the open pasture.,1,bulldog,companion,weather_05,harm
The sudden hailstorm caught the retriever in the open pasture.,1,retriever,companion,weather_05,harm
The sudden hailstorm caught the tomcat in the open pasture.,1,tomcat,companion,weather_05,harm
The sudden hailstorm caught the gerbil in the open pasture.,1,gerbil,companion,weather_05,harm
The sudden hailstorm caught the dalmatian in the open pasture.,1,dalmatian,companion,weather_05,harm
The sudden hailstorm caught the greyhound in the open pasture.,1,greyhound,companion,weather_05,harm
The sudden hailstorm caught the mastiff in the open pasture.,1,mastiff,companion,weather_05,harm
The sudden hailstorm caught the corgi in the open pasture.,1,corgi,companion,weather_05,harm
The sudden hailstorm caught the dachshund in the open pasture.,1,dachshund,companion,weather_05,harm
The sudden hailstorm caught the chihuahua in the open pasture.,1,chihuahua,companion,weather_05,harm
The sudden hailstorm caught the husky in the open pasture.,1,husky,companion,weather_05,harm
The sudden hailstorm caught the rottweiler in the open pasture.,1,rottweiler,companion,weather_05,harm
The sudden hailstorm caught the papillon in the open pasture.,1,papillon,companion,weather_05,harm
The sudden hailstorm caught the schnauzer in the open pasture.,1,schnauzer,companion,weather_05,harm
The sudden hailstorm caught the whippet in the open pasture.,1,whippet,companion,weather_05,harm
The sudden hailstorm caught the pomeranian in the open pasture.,1,pomeranian,companion,weather_05,harm
The sudden hailstorm caught the akita in the open pasture.,1,akita,companion,weather_05,harm
The sudden hailstorm caught the samoyed in the open pasture.,1,samoyed,companion,weather_05,harm
The sudden hailstorm caught the pekingese in the open pasture.,1,pekingese,companion,weather_05,harm
The sudden hailstorm caught the lurcher in the open pasture.,1,lurcher,companion,weather_05,harm
The sudden hailstorm caught the hound in the open pasture.,1,hound,companion,weather_05,harm
The sudden hailstorm caught the mutt in the open pasture.,1,mutt,companion,weather_05,harm
The sudden hailstorm caught the tabby in the open pasture.,1,tabby,companion,weather_05,harm
The sudden hailstorm caught the lapdog in the open pasture.,1,lapdog,companion,weather_05,harm
The sudden hailstorm caught the kitty in the open pasture.,1,kitty,companion,weather_05,harm
The sudden hailstorm caught the bunny in the open pasture.,1,bunny,companion,weather_05,harm
The sudden hailstorm caught the rat in the open pasture.,0,rat,wild,weather_05,harm
The sudden hailstorm caught the boar in the open pasture.,0,boar,wild,weather_05,harm
The sudden hailstorm caught the buffalo in the open pasture.,0,buffalo,wild,weather_05,harm
The sudden hailstorm caught the fox in the open pasture.,0,fox,wild,weather_05,harm
The sudden hailstorm caught the deer in the open pasture.,0,deer,wild,weather_05,harm
The sudden hailstorm caught the badger in the open pasture.,0,badger,wild,weather_05,harm
The sudden hailstorm caught the otter in the open pasture.,0,otter,wild,weather_05,harm
The sudden hailstorm caught the hare in the open pasture.,0,hare,wild,weather_05,harm
The sudden hailstorm caught the raccoon in the open pasture.,0,raccoon,wild,weather_05,harm
The sudden hailstorm caught the squirrel in the open pasture.,0,squirrel,wild,weather_05,harm
The sudden hailstorm caught the weasel in the open pasture.,0,weasel,wild,weather_05,harm
The sudden hailstorm caught the coyote in the open pasture.,0,coyote,wild,weather_05,harm
The sudden hailstorm caught the moose in the open pasture.,0,moose,wild,weather_05,harm
The sudden hailstorm caught the elk in the open pasture.,0,elk,wild,weather_05,harm
The sudden hailstorm caught the wolf in the open pasture.,0,wolf,wild,weather_05,harm
The sudden hailstorm caught the hedgehog in the open pasture.,0,hedgehog,wild,weather_05,harm
The sudden hailstorm caught the possum in the open pasture.,0,possum,wild,weather_05,harm
The sudden hailstorm caught the jackal in the open pasture.,0,jackal,wild,weather_05,harm
The sudden hailstorm caught the stoat in the open pasture.,0,stoat,wild,weather_05,harm
The sudden hailstorm caught the marten in the open pasture.,0,marten,wild,weather_05,harm
The sudden hailstorm caught the bear in the open pasture.,0,bear,wild,weather_05,harm
The sudden hailstorm caught the lynx in the open pasture.,0,lynx,wild,weather_05,harm
The sudden hailstorm caught the bobcat in the open pasture.,0,bobcat,wild,weather_05,harm
The sudden hailstorm caught the marmot in the open pasture.,0,marmot,wild,weather_05,harm
The sudden hailstorm caught the mink in the open pasture.,0,mink,wild,weather_05,harm
The sudden hailstorm caught the mole in the open pasture.,0,mole,wild,weather_05,harm
The sudden hailstorm caught the vole in the open pasture.,0,vole,wild,weather_05,harm
The sudden hailstorm caught the shrew in the open pasture.,0,shrew,wild,weather_05,harm
The sudden hailstorm caught the porcupine in the open pasture.,0,porcupine,wild,weather_05,harm
The sudden hailstorm caught the skunk in the open pasture.,0,skunk,wild,weather_05,harm
The sudden hailstorm caught the chipmunk in the open pasture.,0,chipmunk,wild,weather_05,harm
The sudden hailstorm caught the beaver in the open pasture.,0,beaver,wild,weather_05,harm
The sudden hailstorm caught the bison in the open pasture.,0,bison,wild,weather_05,harm
The sudden hailstorm caught the antelope in the open pasture.,0,antelope,wild,weather_05,harm
The sudden hailstorm caught the dingo in the open pasture.,0,dingo,wild,weather_05,harm
The sudden hailstorm caught the cougar in the open pasture.,0,cougar,wild,weather_05,harm
The sudden hailstorm caught the wolverine in the open pasture.,0,wolverine,wild,weather_05,harm
The sudden hailstorm caught the muskrat in the open pasture.,0,muskrat,wild,weather_05,harm
The sudden hailstorm caught the lemming in the open pasture.,0,lemming,wild,weather_05,harm
The sudden hailstorm caught the fawn in the open pasture.,0,fawn,wild,weather_05,harm
"By the third day of the cold snap, the dog was too weak to seek shelter.",1,dog,companion,weather_06,harm
"By the third day of the cold snap, the cat was too weak to seek shelter.",1,cat,companion,weather_06,harm
"By the third day of the cold snap, the rabbit was too weak to seek shelter.",1,rabbit,companion,weather_06,harm
"By the third day of the cold snap, the puppy was too weak to seek shelter.",1,puppy,companion,weather_06,harm
"By the third day of the cold snap, the kitten was too weak to seek shelter.",1,kitten,companion,weather_06,harm
"By the third day of the cold snap, the hamster was too weak to seek shelter.",1,hamster,companion,weather_06,harm
"By the third day of the cold snap, the ferret was too weak to seek shelter.",1,ferret,companion,weather_06,harm
"By the third day of the cold snap, the poodle was too weak to seek shelter.",1,poodle,companion,weather_06,harm
"By the third day of the cold snap, the beagle was too weak to seek shelter.",1,beagle,companion,weather_06,harm
"By the third day of the cold snap, the terrier was too weak to seek shelter.",1,terrier,companion,weather_06,harm
"By the third day of the cold snap, the spaniel was too weak to seek shelter.",1,spaniel,companion,weather_06,harm
"By the third day of the cold snap, the labrador was too weak to seek shelter.",1,labrador,companion,weather_06,harm
"By the third day of the cold snap, the collie was too weak to seek shelter.",1,collie,companion,weather_06,harm
"By the third day of the cold snap, the pug was too weak to seek shelter.",1,pug,companion,weather_06,harm
"By the third day of the cold snap, the bulldog was too weak to seek shelter.",1,bulldog,companion,weather_06,harm
"By the third day of the cold snap, the retriever was too weak to seek shelter.",1,retriever,companion,weather_06,harm
"By the third day of the cold snap, the tomcat was too weak to seek shelter.",1,tomcat,companion,weather_06,harm
"By the third day of the cold snap, the gerbil was too weak to seek shelter.",1,gerbil,companion,weather_06,harm
"By the third day of the cold snap, the dalmatian was too weak to seek shelter.",1,dalmatian,companion,weather_06,harm
"By the third day of the cold snap, the greyhound was too weak to seek shelter.",1,greyhound,companion,weather_06,harm
"By the third day of the cold snap, the mastiff was too weak to seek shelter.",1,mastiff,companion,weather_06,harm
"By the third day of the cold snap, the corgi was too weak to seek shelter.",1,corgi,companion,weather_06,harm
"By the third day of the cold snap, the dachshund was too weak to seek shelter.",1,dachshund,companion,weather_06,harm
"By the third day of the cold snap, the chihuahua was too weak to seek shelter.",1,chihuahua,companion,weather_06,harm
"By the third day of the cold snap, the husky was too weak to seek shelter.",1,husky,companion,weather_06,harm
"By the third day of the cold snap, the rottweiler was too weak to seek shelter.",1,rottweiler,companion,weather_06,harm
"By the third day of the cold snap, the papillon was too weak to seek shelter.",1,papillon,companion,weather_06,harm
"By the third day of the cold snap, the schnauzer was too weak to seek shelter.",1,schnauzer,companion,weather_06,harm
"By the third day of the cold snap, the whippet was too weak to seek shelter.",1,whippet,companion,weather_06,harm
"By the third day of the cold snap, the pomeranian was too weak to seek shelter.",1,pomeranian,companion,weather_06,harm
"By the third day of the cold snap, the akita was too weak to seek shelter.",1,akita,companion,weather_06,harm
"By the third day of the cold snap, the samoyed was too weak to seek shelter.",1,samoyed,companion,weather_06,harm
"By the third day of the cold snap, the pekingese was too weak to seek shelter.",1,pekingese,companion,weather_06,harm
"By the third day of the cold snap, the lurcher was too weak to seek shelter.",1,lurcher,companion,weather_06,harm
"By the third day of the cold snap, the hound was too weak to seek shelter.",1,hound,companion,weather_06,harm
"By the third day of the cold snap, the mutt was too weak to seek shelter.",1,mutt,companion,weather_06,harm
"By the third day of the cold snap, the tabby was too weak to seek shelter.",1,tabby,companion,weather_06,harm
"By the third day of the cold snap, the lapdog was too weak to seek shelter.",1,lapdog,companion,weather_06,harm
"By the third day of the cold snap, the kitty was too weak to seek shelter.",1,kitty,companion,weather_06,harm
"By the third day of the cold snap, the bunny was too weak to seek shelter.",1,bunny,companion,weather_06,harm
"By the third day of the cold snap, the rat was too weak to seek shelter.",0,rat,wild,weather_06,harm
"By the third day of the cold snap, the boar was too weak to seek shelter.",0,boar,wild,weather_06,harm
"By the third day of the cold snap, the buffalo was too weak to seek shelter.",0,buffalo,wild,weather_06,harm
"By the third day of the cold snap, the fox was too weak to seek shelter.",0,fox,wild,weather_06,harm
"By the third day of the cold snap, the deer was too weak to seek shelter.",0,deer,wild,weather_06,harm
"By the third day of the cold snap, the badger was too weak to seek shelter.",0,badger,wild,weather_06,harm
"By the third day of the cold snap, the otter was too weak to seek shelter.",0,otter,wild,weather_06,harm
"By the third day of the cold snap, the hare was too weak to seek shelter.",0,hare,wild,weather_06,harm
"By the third day of the cold snap, the raccoon was too weak to seek shelter.",0,raccoon,wild,weather_06,harm
"By the third day of the cold snap, the squirrel was too weak to seek shelter.",0,squirrel,wild,weather_06,harm
"By the third day of the cold snap, the weasel was too weak to seek shelter.",0,weasel,wild,weather_06,harm
"By the third day of the cold snap, the coyote was too weak to seek shelter.",0,coyote,wild,weather_06,harm
"By the third day of the cold snap, the moose was too weak to seek shelter.",0,moose,wild,weather_06,harm
"By the third day of the cold snap, the elk was too weak to seek shelter.",0,elk,wild,weather_06,harm
"By the third day of the cold snap, the wolf was too weak to seek shelter.",0,wolf,wild,weather_06,harm
"By the third day of the cold snap, the hedgehog was too weak to seek shelter.",0,hedgehog,wild,weather_06,harm
"By the third day of the cold snap, the possum was too weak to seek shelter.",0,possum,wild,weather_06,harm
"By the third day of the cold snap, the jackal was too weak to seek shelter.",0,jackal,wild,weather_06,harm
"By the third day of the cold snap, the stoat was too weak to seek shelter.",0,stoat,wild,weather_06,harm
"By the third day of the cold snap, the marten was too weak to seek shelter.",0,marten,wild,weather_06,harm
"By the third day of the cold snap, the bear was too weak to seek shelter.",0,bear,wild,weather_06,harm
"By the third day of the cold snap, the lynx was too weak to seek shelter.",0,lynx,wild,weather_06,harm
"By the third day of the cold snap, the bobcat was too weak to seek shelter.",0,bobcat,wild,weather_06,harm
"By the third day of the cold snap, the marmot was too weak to seek shelter.",0,marmot,wild,weather_06,harm
"By the third day of the cold snap, the mink was too weak to seek shelter.",0,mink,wild,weather_06,harm
"By the third day of the cold snap, the mole was too weak to seek shelter.",0,mole,wild,weather_06,harm
"By the third day of the cold snap, the vole was too weak to seek shelter.",0,vole,wild,weather_06,harm
"By the third day of the cold snap, the shrew was too weak to seek shelter.",0,shrew,wild,weather_06,harm
"By the third day of the cold snap, the porcupine was too weak to seek shelter.",0,porcupine,wild,weather_06,harm
"By the third day of the cold snap, the skunk was too weak to seek shelter.",0,skunk,wild,weather_06,harm
"By the third day of the cold snap, the chipmunk was too weak to seek shelter.",0,chipmunk,wild,weather_06,harm
"By the third day of the cold snap, the beaver was too weak to seek shelter.",0,beaver,wild,weather_06,harm
"By the third day of the cold snap, the bison was too weak to seek shelter.",0,bison,wild,weather_06,harm
"By the third day of the cold snap, the antelope was too weak to seek shelter.",0,antelope,wild,weather_06,harm
"By the third day of the cold snap, the dingo was too weak to seek shelter.",0,dingo,wild,weather_06,harm
"By the third day of the cold snap, the cougar was too weak to seek shelter.",0,cougar,wild,weather_06,harm
"By the third day of the cold snap, the wolverine was too weak to seek shelter.",0,wolverine,wild,weather_06,harm
"By the third day of the cold snap, the muskrat was too weak to seek shelter.",0,muskrat,wild,weather_06,harm
"By the third day of the cold snap, the lemming was too weak to seek shelter.",0,lemming,wild,weather_06,harm
"By the third day of the cold snap, the fawn was too weak to seek shelter.",0,fawn,wild,weather_06,harm
"After weeks without proper food, the dog had grown weak and thin.",1,dog,companion,neglect_01,harm
"After weeks without proper food, the cat had grown weak and thin.",1,cat,companion,neglect_01,harm
"After weeks without proper food, the rabbit had grown weak and thin.",1,rabbit,companion,neglect_01,harm
"After weeks without proper food, the puppy had grown weak and thin.",1,puppy,companion,neglect_01,harm
"After weeks without proper food, the kitten had grown weak and thin.",1,kitten,companion,neglect_01,harm
"After weeks without proper food, the hamster had grown weak and thin.",1,hamster,companion,neglect_01,harm
"After weeks without proper food, the ferret had grown weak and thin.",1,ferret,companion,neglect_01,harm
"After weeks without proper food, the poodle had grown weak and thin.",1,poodle,companion,neglect_01,harm
"After weeks without proper food, the beagle had grown weak and thin.",1,beagle,companion,neglect_01,harm
"After weeks without proper food, the terrier had grown weak and thin.",1,terrier,companion,neglect_01,harm
"After weeks without proper food, the spaniel had grown weak and thin.",1,spaniel,companion,neglect_01,harm
"After weeks without proper food, the labrador had grown weak and thin.",1,labrador,companion,neglect_01,harm
"After weeks without proper food, the collie had grown weak and thin.",1,collie,companion,neglect_01,harm
"After weeks without proper food, the pug had grown weak and thin.",1,pug,companion,neglect_01,harm
"After weeks without proper food, the bulldog had grown weak and thin.",1,bulldog,companion,neglect_01,harm
"After weeks without proper food, the retriever had grown weak and thin.",1,retriever,companion,neglect_01,harm
"After weeks without proper food, the tomcat had grown weak and thin.",1,tomcat,companion,neglect_01,harm
"After weeks without proper food, the gerbil had grown weak and thin.",1,gerbil,companion,neglect_01,harm
"After weeks without proper food, the dalmatian had grown weak and thin.",1,dalmatian,companion,neglect_01,harm
"After weeks without proper food, the greyhound had grown weak and thin.",1,greyhound,companion,neglect_01,harm
"After weeks without proper food, the mastiff had grown weak and thin.",1,mastiff,companion,neglect_01,harm
"After weeks without proper food, the corgi had grown weak and thin.",1,corgi,companion,neglect_01,harm
"After weeks without proper food, the dachshund had grown weak and thin.",1,dachshund,companion,neglect_01,harm
"After weeks without proper food, the chihuahua had grown weak and thin.",1,chihuahua,companion,neglect_01,harm
"After weeks without proper food, the husky had grown weak and thin.",1,husky,companion,neglect_01,harm
"After weeks without proper food, the rottweiler had grown weak and thin.",1,rottweiler,companion,neglect_01,harm
"After weeks without proper food, the papillon had grown weak and thin.",1,papillon,companion,neglect_01,harm
"After weeks without proper food, the schnauzer had grown weak and thin.",1,schnauzer,companion,neglect_01,harm
"After weeks without proper food, the whippet had grown weak and thin.",1,whippet,companion,neglect_01,harm
"After weeks without proper food, the pomeranian had grown weak and thin.",1,pomeranian,companion,neglect_01,harm
"After weeks without proper food, the akita had grown weak and thin.",1,akita,companion,neglect_01,harm
"After weeks without proper food, the samoyed had grown weak and thin.",1,samoyed,companion,neglect_01,harm
"After weeks without proper food, the pekingese had grown weak and thin.",1,pekingese,companion,neglect_01,harm
"After weeks without proper food, the lurcher had grown weak and thin.",1,lurcher,companion,neglect_01,harm
"After weeks without proper food, the hound had grown weak and thin.",1,hound,companion,neglect_01,harm
"After weeks without proper food, the mutt had grown weak and thin.",1,mutt,companion,neglect_01,harm
"After weeks without proper food, the tabby had grown weak and thin.",1,tabby,companion,neglect_01,harm
"After weeks without proper food, the lapdog had grown weak and thin.",1,lapdog,companion,neglect_01,harm
"After weeks without proper food, the kitty had grown weak and thin.",1,kitty,companion,neglect_01,harm
"After weeks without proper food, the bunny had grown weak and thin.",1,bunny,companion,neglect_01,harm
"After weeks without proper food, the rat had grown weak and thin.",0,rat,wild,neglect_01,harm
"After weeks without proper food, the boar had grown weak and thin.",0,boar,wild,neglect_01,harm
"After weeks without proper food, the buffalo had grown weak and thin.",0,buffalo,wild,neglect_01,harm
"After weeks without proper food, the fox had grown weak and thin.",0,fox,wild,neglect_01,harm
"After weeks without proper food, the deer had grown weak and thin.",0,deer,wild,neglect_01,harm
"After weeks without proper food, the badger had grown weak and thin.",0,badger,wild,neglect_01,harm
"After weeks without proper food, the otter had grown weak and thin.",0,otter,wild,neglect_01,harm
"After weeks without proper food, the hare had grown weak and thin.",0,hare,wild,neglect_01,harm
"After weeks without proper food, the raccoon had grown weak and thin.",0,raccoon,wild,neglect_01,harm
"After weeks without proper food, the squirrel had grown weak and thin.",0,squirrel,wild,neglect_01,harm
"After weeks without proper food, the weasel had grown weak and thin.",0,weasel,wild,neglect_01,harm
"After weeks without proper food, the coyote had grown weak and thin.",0,coyote,wild,neglect_01,harm
"After weeks without proper food, the moose had grown weak and thin.",0,moose,wild,neglect_01,harm
"After weeks without proper food, the elk had grown weak and thin.",0,elk,wild,neglect_01,harm
"After weeks without proper food, the wolf had grown weak and thin.",0,wolf,wild,neglect_01,harm
"After weeks without proper food, the hedgehog had grown weak and thin.",0,hedgehog,wild,neglect_01,harm
"After weeks without proper food, the possum had grown weak and thin.",0,possum,wild,neglect_01,harm
"After weeks without proper food, the jackal had grown weak and thin.",0,jackal,wild,neglect_01,harm
"After weeks without proper food, the stoat had grown weak and thin.",0,stoat,wild,neglect_01,harm
"After weeks without proper food, the marten had grown weak and thin.",0,marten,wild,neglect_01,harm
"After weeks without proper food, the bear had grown weak and thin.",0,bear,wild,neglect_01,harm
"After weeks without proper food, the lynx had grown weak and thin.",0,lynx,wild,neglect_01,harm
"After weeks without proper food, the bobcat had grown weak and thin.",0,bobcat,wild,neglect_01,harm
"After weeks without proper food, the marmot had grown weak and thin.",0,marmot,wild,neglect_01,harm
"After weeks without proper food, the mink had grown weak and thin.",0,mink,wild,neglect_01,harm
"After weeks without proper food, the mole had grown weak and thin.",0,mole,wild,neglect_01,harm
"After weeks without proper food, the vole had grown weak and thin.",0,vole,wild,neglect_01,harm
"After weeks without proper food, the shrew had grown weak and thin.",0,shrew,wild,neglect_01,harm
"After weeks without proper food, the porcupine had grown weak and thin.",0,porcupine,wild,neglect_01,harm
"After weeks without proper food, the skunk had grown weak and thin.",0,skunk,wild,neglect_01,harm
"After weeks without proper food, the chipmunk had grown weak and thin.",0,chipmunk,wild,neglect_01,harm
"After weeks without proper food, the beaver had grown weak and thin.",0,beaver,wild,neglect_01,harm
"After weeks without proper food, the bison had grown weak and thin.",0,bison,wild,neglect_01,harm
"After weeks without proper food, the antelope had grown weak and thin.",0,antelope,wild,neglect_01,harm
"After weeks without proper food, the dingo had grown weak and thin.",0,dingo,wild,neglect_01,harm
"After weeks without proper food, the cougar had grown weak and thin.",0,cougar,wild,neglect_01,harm
"After weeks without proper food, the wolverine had grown weak and thin.",0,wolverine,wild,neglect_01,harm
"After weeks without proper food, the muskrat had grown weak and thin.",0,muskrat,wild,neglect_01,harm
"After weeks without proper food, the lemming had grown weak and thin.",0,lemming,wild,neglect_01,harm
"After weeks without proper food, the fawn had grown weak and thin.",0,fawn,wild,neglect_01,harm
"The caretaker forgot about the dog, leaving no food or clean water for days.",1,dog,companion,neglect_02,harm
"The caretaker forgot about the cat, leaving no food or clean water for days.",1,cat,companion,neglect_02,harm
"The caretaker forgot about the rabbit, leaving no food or clean water for days.",1,rabbit,companion,neglect_02,harm
"The caretaker forgot about the puppy, leaving no food or clean water for days.",1,puppy,companion,neglect_02,harm
"The caretaker forgot about the kitten, leaving no food or clean water for days.",1,kitten,companion,neglect_02,harm
"The caretaker forgot about the hamster, leaving no food or clean water for days.",1,hamster,companion,neglect_02,harm
"The caretaker forgot about the ferret, leaving no food or clean water for days.",1,ferret,companion,neglect_02,harm
"The caretaker forgot about the poodle, leaving no food or clean water for days.",1,poodle,companion,neglect_02,harm
"The caretaker forgot about the beagle, leaving no food or clean water for days.",1,beagle,companion,neglect_02,harm
"The caretaker forgot about the terrier, leaving no food or clean water for days.",1,terrier,companion,neglect_02,harm
"The caretaker forgot about the spaniel, leaving no food or clean water for days.",1,spaniel,companion,neglect_02,harm
"The caretaker forgot about the labrador, leaving no food or clean water for days.",1,labrador,companion,neglect_02,harm
"The caretaker forgot about the collie, leaving no food or clean water for days.",1,collie,companion,neglect_02,harm
"The caretaker forgot about the pug, leaving no food or clean water for days.",1,pug,companion,neglect_02,harm
"The caretaker forgot about the bulldog, leaving no food or clean water for days.",1,bulldog,companion,neglect_02,harm
"The caretaker forgot about the retriever, leaving no food or clean water for days.",1,retriever,companion,neglect_02,harm
"The caretaker forgot about the tomcat, leaving no food or clean water for days.",1,tomcat,companion,neglect_02,harm
"The caretaker forgot about the gerbil, leaving no food or clean water for days.",1,gerbil,companion,neglect_02,harm
"The caretaker forgot about the dalmatian, leaving no food or clean water for days.",1,dalmatian,companion,neglect_02,harm
"The caretaker forgot about the greyhound, leaving no food or clean water for days.",1,greyhound,companion,neglect_02,harm
"The caretaker forgot about the mastiff, leaving no food or clean water for days.",1,mastiff,companion,neglect_02,harm
"The caretaker forgot about the corgi, leaving no food or clean water for days.",1,corgi,companion,neglect_02,harm
"The caretaker forgot about the dachshund, leaving no food or clean water for days.",1,dachshund,companion,neglect_02,harm
"The caretaker forgot about the chihuahua, leaving no food or clean water for days.",1,chihuahua,companion,neglect_02,harm
"The caretaker forgot about the husky, leaving no food or clean water for days.",1,husky,companion,neglect_02,harm
"The caretaker forgot about the rottweiler, leaving no food or clean water for days.",1,rottweiler,companion,neglect_02,harm
"The caretaker forgot about the papillon, leaving no food or clean water for days.",1,papillon,companion,neglect_02,harm
"The caretaker forgot about the schnauzer, leaving no food or clean water for days.",1,schnauzer,companion,neglect_02,harm
"The caretaker forgot about the whippet, leaving no food or clean water for days.",1,whippet,companion,neglect_02,harm
"The caretaker forgot about the pomeranian, leaving no food or clean water for days.",1,pomeranian,companion,neglect_02,harm
"The caretaker forgot about the akita, leaving no food or clean water for days.",1,akita,companion,neglect_02,harm
"The caretaker forgot about the samoyed, leaving no food or clean water for days.",1,samoyed,companion,neglect_02,harm
"The caretaker forgot about the pekingese, leaving no food or clean water for days.",1,pekingese,companion,neglect_02,harm
"The caretaker forgot about the lurcher, leaving no food or clean water for days.",1,lurcher,companion,neglect_02,harm
"The caretaker forgot about the hound, leaving no food or clean water for days.",1,hound,companion,neglect_02,harm
"The caretaker forgot about the mutt, leaving no food or clean water for days.",1,mutt,companion,neglect_02,harm
"The caretaker forgot about the tabby, leaving no food or clean water for days.",1,tabby,companion,neglect_02,harm
"The caretaker forgot about the lapdog, leaving no food or clean water for days.",1,lapdog,companion,neglect_02,harm
"The caretaker forgot about the kitty, leaving no food or clean water for days.",1,kitty,companion,neglect_02,harm
"The caretaker forgot about the bunny, leaving no food or clean water for days.",1,bunny,companion,neglect_02,harm
"The caretaker forgot about the rat, leaving no food or clean water for days.",0,rat,wild,neglect_02,harm
"The caretaker forgot about the boar, leaving no food or clean water for days.",0,boar,wild,neglect_02,harm
"The caretaker forgot about the buffalo, leaving no food or clean water for days.",0,buffalo,wild,neglect_02,harm
"The caretaker forgot about the fox, leaving no food or clean water for days.",0,fox,wild,neglect_02,harm
"The caretaker forgot about the deer, leaving no food or clean water for days.",0,deer,wild,neglect_02,harm
"The caretaker forgot about the badger, leaving no food or clean water for days.",0,badger,wild,neglect_02,harm
"The caretaker forgot about the otter, leaving no food or clean water for days.",0,otter,wild,neglect_02,harm
"The caretaker forgot about the hare, leaving no food or clean water for days.",0,hare,wild,neglect_02,harm
"The caretaker forgot about the raccoon, leaving no food or clean water for days.",0,raccoon,wild,neglect_02,harm
"The caretaker forgot about the squirrel, leaving no food or clean water for days.",0,squirrel,wild,neglect_02,harm
"The caretaker forgot about the weasel, leaving no food or clean water for days.",0,weasel,wild,neglect_02,harm
"The caretaker forgot about the coyote, leaving no food or clean water for days.",0,coyote,wild,neglect_02,harm
"The caretaker forgot about the moose, leaving no food or clean water for days.",0,moose,wild,neglect_02,harm
"The caretaker forgot about the elk, leaving no food or clean water for days.",0,elk,wild,neglect_02,harm
"The caretaker forgot about the wolf, leaving no food or clean water for days.",0,wolf,wild,neglect_02,harm
"The caretaker forgot about the hedgehog, leaving no food or clean water for days.",0,hedgehog,wild,neglect_02,harm
"The caretaker forgot about the possum, leaving no food or clean water for days.",0,possum,wild,neglect_02,harm
"The caretaker forgot about the jackal, leaving no food or clean water for days.",0,jackal,wild,neglect_02,harm
"The caretaker forgot about the stoat, leaving no food or clean water for days.",0,stoat,wild,neglect_02,harm
"The caretaker forgot about the marten, leaving no food or clean water for days.",0,marten,wild,neglect_02,harm
"The caretaker forgot about the bear, leaving no food or clean water for days.",0,bear,wild,neglect_02,harm
"The caretaker forgot about the lynx, leaving no food or clean water for days.",0,lynx,wild,neglect_02,harm
"The caretaker forgot about the bobcat, leaving no food or clean water for days.",0,bobcat,wild,neglect_02,harm
"The caretaker forgot about the marmot, leaving no food or clean water for days.",0,marmot,wild,neglect_02,harm
"The caretaker forgot about the mink, leaving no food or clean water for days.",0,mink,wild,neglect_02,harm
"The caretaker forgot about the mole, leaving no food or clean water for days.",0,mole,wild,neglect_02,harm
"The caretaker forgot about the vole, leaving no food or clean water for days.",0,vole,wild,neglect_02,harm
"The caretaker forgot about the shrew, leaving no food or clean water for days.",0,shrew,wild,neglect_02,harm
"The caretaker forgot about the porcupine, leaving no food or clean water for days.",0,porcupine,wild,neglect_02,harm
"The caretaker forgot about the skunk, leaving no food or clean water for days.",0,skunk,wild,neglect_02,harm
"The caretaker forgot about the chipmunk, leaving no food or clean water for days.",0,chipmunk,wild,neglect_02,harm
"The caretaker forgot about the beaver, leaving no food or clean water for days.",0,beaver,wild,neglect_02,harm
"The caretaker forgot about the bison, leaving no food or clean water for days.",0,bison,wild,neglect_02,harm
"The caretaker forgot about the antelope, leaving no food or clean water for days.",0,antelope,wild,neglect_02,harm
"The caretaker forgot about the dingo, leaving no food or clean water for days.",0,dingo,wild,neglect_02,harm
"The caretaker forgot about the cougar, leaving no food or clean water for days.",0,cougar,wild,neglect_02,harm
"The caretaker forgot about the wolverine, leaving no food or clean water for days.",0,wolverine,wild,neglect_02,harm
"The caretaker forgot about the muskrat, leaving no food or clean water for days.",0,muskrat,wild,neglect_02,harm
"The caretaker forgot about the lemming, leaving no food or clean water for days.",0,lemming,wild,neglect_02,harm
"The caretaker forgot about the fawn, leaving no food or clean water for days.",0,fawn,wild,neglect_02,harm
"Locked in the small enclosure, the dog was given barely enough to survive.",1,dog,companion,neglect_03,harm
"Locked in the small enclosure, the cat was given barely enough to survive.",1,cat,companion,neglect_03,harm
"Locked in the small enclosure, the rabbit was given barely enough to survive.",1,rabbit,companion,neglect_03,harm
"Locked in the small enclosure, the puppy was given barely enough to survive.",1,puppy,companion,neglect_03,harm
"Locked in the small enclosure, the kitten was given barely enough to survive.",1,kitten,companion,neglect_03,harm
"Locked in the small enclosure, the hamster was given barely enough to survive.",1,hamster,companion,neglect_03,harm
"Locked in the small enclosure, the ferret was given barely enough to survive.",1,ferret,companion,neglect_03,harm
"Locked in the small enclosure, the poodle was given barely enough to survive.",1,poodle,companion,neglect_03,harm
"Locked in the small enclosure, the beagle was given barely enough to survive.",1,beagle,companion,neglect_03,harm
"Locked in the small enclosure, the terrier was given barely enough to survive.",1,terrier,companion,neglect_03,harm
"Locked in the small enclosure, the spaniel was given barely enough to survive.",1,spaniel,companion,neglect_03,harm
"Locked in the small enclosure, the labrador was given barely enough to survive.",1,labrador,companion,neglect_03,harm
"Locked in the small enclosure, the collie was given barely enough to survive.",1,collie,companion,neglect_03,harm
"Locked in the small enclosure, the pug was given barely enough to survive.",1,pug,companion,neglect_03,harm
"Locked in the small enclosure, the bulldog was given barely enough to survive.",1,bulldog,companion,neglect_03,harm
"Locked in the small enclosure, the retriever was given barely enough to survive.",1,retriever,companion,neglect_03,harm
"Locked in the small enclosure, the tomcat was given barely enough to survive.",1,tomcat,companion,neglect_03,harm
"Locked in the small enclosure, the gerbil was given barely enough to survive.",1,gerbil,companion,neglect_03,harm
"Locked in the small enclosure, the dalmatian was given barely enough to survive.",1,dalmatian,companion,neglect_03,harm
"Locked in the small enclosure, the greyhound was given barely enough to survive.",1,greyhound,companion,neglect_03,harm
"Locked in the small enclosure, the mastiff was given barely enough to survive.",1,mastiff,companion,neglect_03,harm
"Locked in the small enclosure, the corgi was given barely enough to survive.",1,corgi,companion,neglect_03,harm
"Locked in the small enclosure, the dachshund was given barely enough to survive.",1,dachshund,companion,neglect_03,harm
"Locked in the small enclosure, the chihuahua was given barely enough to survive.",1,chihuahua,companion,neglect_03,harm
"Locked in the small enclosure, the husky was given barely enough to survive.",1,husky,companion,neglect_03,harm
"Locked in the small enclosure, the rottweiler was given barely enough to survive.",1,rottweiler,companion,neglect_03,harm
"Locked in the small enclosure, the papillon was given barely enough to survive.",1,papillon,companion,neglect_03,harm
"Locked in the small enclosure, the schnauzer was given barely enough to survive.",1,schnauzer,companion,neglect_03,harm
"Locked in the small enclosure, the whippet was given barely enough to survive.",1,whippet,companion,neglect_03,harm
"Locked in the small enclosure, the pomeranian was given barely enough to survive.",1,pomeranian,companion,neglect_03,harm
"Locked in the small enclosure, the akita was given barely enough to survive.",1,akita,companion,neglect_03,harm
"Locked in the small enclosure, the samoyed was given barely enough to survive.",1,samoyed,companion,neglect_03,harm
"Locked in the small enclosure, the pekingese was given barely enough to survive.",1,pekingese,companion,neglect_03,harm
"Locked in the small enclosure, the lurcher was given barely enough to survive.",1,lurcher,companion,neglect_03,harm
"Locked in the small enclosure, the hound was given barely enough to survive.",1,hound,companion,neglect_03,harm
"Locked in the small enclosure, the mutt was given barely enough to survive.",1,mutt,companion,neglect_03,harm
"Locked in the small enclosure, the tabby was given barely enough to survive.",1,tabby,companion,neglect_03,harm
"Locked in the small enclosure, the lapdog was given barely enough to survive.",1,lapdog,companion,neglect_03,harm
"Locked in the small enclosure, the kitty was given barely enough to survive.",1,kitty,companion,neglect_03,harm
"Locked in the small enclosure, the bunny was given barely enough to survive.",1,bunny,companion,neglect_03,harm
"Locked in the small enclosure, the rat was given barely enough to survive.",0,rat,wild,neglect_03,harm
"Locked in the small enclosure, the boar was given barely enough to survive.",0,boar,wild,neglect_03,harm
"Locked in the small enclosure, the buffalo was given barely enough to survive.",0,buffalo,wild,neglect_03,harm
"Locked in the small enclosure, the fox was given barely enough to survive.",0,fox,wild,neglect_03,harm
"Locked in the small enclosure, the deer was given barely enough to survive.",0,deer,wild,neglect_03,harm
"Locked in the small enclosure, the badger was given barely enough to survive.",0,badger,wild,neglect_03,harm
"Locked in the small enclosure, the otter was given barely enough to survive.",0,otter,wild,neglect_03,harm
"Locked in the small enclosure, the hare was given barely enough to survive.",0,hare,wild,neglect_03,harm
"Locked in the small enclosure, the raccoon was given barely enough to survive.",0,raccoon,wild,neglect_03,harm
"Locked in the small enclosure, the squirrel was given barely enough to survive.",0,squirrel,wild,neglect_03,harm
"Locked in the small enclosure, the weasel was given barely enough to survive.",0,weasel,wild,neglect_03,harm
"Locked in the small enclosure, the coyote was given barely enough to survive.",0,coyote,wild,neglect_03,harm
"Locked in the small enclosure, the moose was given barely enough to survive.",0,moose,wild,neglect_03,harm
"Locked in the small enclosure, the elk was given barely enough to survive.",0,elk,wild,neglect_03,harm
"Locked in the small enclosure, the wolf was given barely enough to survive.",0,wolf,wild,neglect_03,harm
"Locked in the small enclosure, the hedgehog was given barely enough to survive.",0,hedgehog,wild,neglect_03,harm
"Locked in the small enclosure, the possum was given barely enough to survive.",0,possum,wild,neglect_03,harm
"Locked in the small enclosure, the jackal was given barely enough to survive.",0,jackal,wild,neglect_03,harm
"Locked in the small enclosure, the stoat was given barely enough to survive.",0,stoat,wild,neglect_03,harm
"Locked in the small enclosure, the marten was given barely enough to survive.",0,marten,wild,neglect_03,harm
"Locked in the small enclosure, the bear was given barely enough to survive.",0,bear,wild,neglect_03,harm
"Locked in the small enclosure, the lynx was given barely enough to survive.",0,lynx,wild,neglect_03,harm
"Locked in the small enclosure, the bobcat was given barely enough to survive.",0,bobcat,wild,neglect_03,harm
"Locked in the small enclosure, the marmot was given barely enough to survive.",0,marmot,wild,neglect_03,harm
"Locked in the small enclosure, the mink was given barely enough to survive.",0,mink,wild,neglect_03,harm
"Locked in the small enclosure, the mole was given barely enough to survive.",0,mole,wild,neglect_03,harm
"Locked in the small enclosure, the vole was given barely enough to survive.",0,vole,wild,neglect_03,harm
"Locked in the small enclosure, the shrew was given barely enough to survive.",0,shrew,wild,neglect_03,harm
"Locked in the small enclosure, the porcupine was given barely enough to survive.",0,porcupine,wild,neglect_03,harm
"Locked in the small enclosure, the skunk was given barely enough to survive.",0,skunk,wild,neglect_03,harm
"Locked in the small enclosure, the chipmunk was given barely enough to survive.",0,chipmunk,wild,neglect_03,harm
"Locked in the small enclosure, the beaver was given barely enough to survive.",0,beaver,wild,neglect_03,harm
"Locked in the small enclosure, the bison was given barely enough to survive.",0,bison,wild,neglect_03,harm
"Locked in the small enclosure, the antelope was given barely enough to survive.",0,antelope,wild,neglect_03,harm
"Locked in the small enclosure, the dingo was given barely enough to survive.",0,dingo,wild,neglect_03,harm
"Locked in the small enclosure, the cougar was given barely enough to survive.",0,cougar,wild,neglect_03,harm
"Locked in the small enclosure, the wolverine was given barely enough to survive.",0,wolverine,wild,neglect_03,harm
"Locked in the small enclosure, the muskrat was given barely enough to survive.",0,muskrat,wild,neglect_03,harm
"Locked in the small enclosure, the lemming was given barely enough to survive.",0,lemming,wild,neglect_03,harm
"Locked in the small enclosure, the fawn was given barely enough to survive.",0,fawn,wild,neglect_03,harm
Months of neglect left the dog malnourished and visibly suffering.,1,dog,companion,neglect_04,harm
Months of neglect left the cat malnourished and visibly suffering.,1,cat,companion,neglect_04,harm
Months of neglect left the rabbit malnourished and visibly suffering.,1,rabbit,companion,neglect_04,harm
Months of neglect left the puppy malnourished and visibly suffering.,1,puppy,companion,neglect_04,harm
Months of neglect left the kitten malnourished and visibly suffering.,1,kitten,companion,neglect_04,harm
Months of neglect left the hamster malnourished and visibly suffering.,1,hamster,companion,neglect_04,harm
Months of neglect left the ferret malnourished and visibly suffering.,1,ferret,companion,neglect_04,harm
Months of neglect left the poodle malnourished and visibly suffering.,1,poodle,companion,neglect_04,harm
Months of neglect left the beagle malnourished and visibly suffering.,1,beagle,companion,neglect_04,harm
Months of neglect left the terrier malnourished and visibly suffering.,1,terrier,companion,neglect_04,harm
Months of neglect left the spaniel malnourished and visibly suffering.,1,spaniel,companion,neglect_04,harm
Months of neglect left the labrador malnourished and visibly suffering.,1,labrador,companion,neglect_04,harm
Months of neglect left the collie malnourished and visibly suffering.,1,collie,companion,neglect_04,harm
Months of neglect left the pug malnourished and visibly suffering.,1,pug,companion,neglect_04,harm
Months of neglect left the bulldog malnourished and visibly suffering.,1,bulldog,companion,neglect_04,harm
Months of neglect left the retriever malnourished and visibly suffering.,1,retriever,companion,neglect_04,harm
Months of neglect left the tomcat malnourished and visibly suffering.,1,tomcat,companion,neglect_04,harm
Months of neglect left the gerbil malnourished and visibly suffering.,1,gerbil,companion,neglect_04,harm
Months of neglect left the dalmatian malnourished and visibly suffering.,1,dalmatian,companion,neglect_04,harm
Months of neglect left the greyhound malnourished and visibly suffering.,1,greyhound,companion,neglect_04,harm
Months of neglect left the mastiff malnourished and visibly suffering.,1,mastiff,companion,neglect_04,harm
Months of neglect left the corgi malnourished and visibly suffering.,1,corgi,companion,neglect_04,harm
Months of neglect left the dachshund malnourished and visibly suffering.,1,dachshund,companion,neglect_04,harm
Months of neglect left the chihuahua malnourished and visibly suffering.,1,chihuahua,companion,neglect_04,harm
Months of neglect left the husky malnourished and visibly suffering.,1,husky,companion,neglect_04,harm
Months of neglect left the rottweiler malnourished and visibly suffering.,1,rottweiler,companion,neglect_04,harm
Months of neglect left the papillon malnourished and visibly suffering.,1,papillon,companion,neglect_04,harm
Months of neglect left the schnauzer malnourished and visibly suffering.,1,schnauzer,companion,neglect_04,harm
Months of neglect left the whippet malnourished and visibly suffering.,1,whippet,companion,neglect_04,harm
Months of neglect left the pomeranian malnourished and visibly suffering.,1,pomeranian,companion,neglect_04,harm
Months of neglect left the akita malnourished and visibly suffering.,1,akita,companion,neglect_04,harm
Months of neglect left the samoyed malnourished and visibly suffering.,1,samoyed,companion,neglect_04,harm
Months of neglect left the pekingese malnourished and visibly suffering.,1,pekingese,companion,neglect_04,harm
Months of neglect left the lurcher malnourished and visibly suffering.,1,lurcher,companion,neglect_04,harm
Months of neglect left the hound malnourished and visibly suffering.,1,hound,companion,neglect_04,harm
Months of neglect left the mutt malnourished and visibly suffering.,1,mutt,companion,neglect_04,harm
Months of neglect left the tabby malnourished and visibly suffering.,1,tabby,companion,neglect_04,harm
Months of neglect left the lapdog malnourished and visibly suffering.,1,lapdog,companion,neglect_04,harm
Months of neglect left the kitty malnourished and visibly suffering.,1,kitty,companion,neglect_04,harm
Months of neglect left the bunny malnourished and visibly suffering.,1,bunny,companion,neglect_04,harm
Months of neglect left the rat malnourished and visibly suffering.,0,rat,wild,neglect_04,harm
Months of neglect left the boar malnourished and visibly suffering.,0,boar,wild,neglect_04,harm
Months of neglect left the buffalo malnourished and visibly suffering.,0,buffalo,wild,neglect_04,harm
Months of neglect left the fox malnourished and visibly suffering.,0,fox,wild,neglect_04,harm
Months of neglect left the deer malnourished and visibly suffering.,0,deer,wild,neglect_04,harm
Months of neglect left the badger malnourished and visibly suffering.,0,badger,wild,neglect_04,harm
Months of neglect left the otter malnourished and visibly suffering.,0,otter,wild,neglect_04,harm
Months of neglect left the hare malnourished and visibly suffering.,0,hare,wild,neglect_04,harm
Months of neglect left the raccoon malnourished and visibly suffering.,0,raccoon,wild,neglect_04,harm
Months of neglect left the squirrel malnourished and visibly suffering.,0,squirrel,wild,neglect_04,harm
Months of neglect left the weasel malnourished and visibly suffering.,0,weasel,wild,neglect_04,harm
Months of neglect left the coyote malnourished and visibly suffering.,0,coyote,wild,neglect_04,harm
Months of neglect left the moose malnourished and visibly suffering.,0,moose,wild,neglect_04,harm
Months of neglect left the elk malnourished and visibly suffering.,0,elk,wild,neglect_04,harm
Months of neglect left the wolf malnourished and visibly suffering.,0,wolf,wild,neglect_04,harm
Months of neglect left the hedgehog malnourished and visibly suffering.,0,hedgehog,wild,neglect_04,harm
Months of neglect left the possum malnourished and visibly suffering.,0,possum,wild,neglect_04,harm
Months of neglect left the jackal malnourished and visibly suffering.,0,jackal,wild,neglect_04,harm
Months of neglect left the stoat malnourished and visibly suffering.,0,stoat,wild,neglect_04,harm
Months of neglect left the marten malnourished and visibly suffering.,0,marten,wild,neglect_04,harm
Months of neglect left the bear malnourished and visibly suffering.,0,bear,wild,neglect_04,harm
Months of neglect left the lynx malnourished and visibly suffering.,0,lynx,wild,neglect_04,harm
Months of neglect left the bobcat malnourished and visibly suffering.,0,bobcat,wild,neglect_04,harm
Months of neglect left the marmot malnourished and visibly suffering.,0,marmot,wild,neglect_04,harm
Months of neglect left the mink malnourished and visibly suffering.,0,mink,wild,neglect_04,harm
Months of neglect left the mole malnourished and visibly suffering.,0,mole,wild,neglect_04,harm
Months of neglect left the vole malnourished and visibly suffering.,0,vole,wild,neglect_04,harm
Months of neglect left the shrew malnourished and visibly suffering.,0,shrew,wild,neglect_04,harm
Months of neglect left the porcupine malnourished and visibly suffering.,0,porcupine,wild,neglect_04,harm
Months of neglect left the skunk malnourished and visibly suffering.,0,skunk,wild,neglect_04,harm
Months of neglect left the chipmunk malnourished and visibly suffering.,0,chipmunk,wild,neglect_04,harm
Months of neglect left the beaver malnourished and visibly suffering.,0,beaver,wild,neglect_04,harm
Months of neglect left the bison malnourished and visibly suffering.,0,bison,wild,neglect_04,harm
Months of neglect left the antelope malnourished and visibly suffering.,0,antelope,wild,neglect_04,harm
Months of neglect left the dingo malnourished and visibly suffering.,0,dingo,wild,neglect_04,harm
Months of neglect left the cougar malnourished and visibly suffering.,0,cougar,wild,neglect_04,harm
Months of neglect left the wolverine malnourished and visibly suffering.,0,wolverine,wild,neglect_04,harm
Months of neglect left the muskrat malnourished and visibly suffering.,0,muskrat,wild,neglect_04,harm
Months of neglect left the lemming malnourished and visibly suffering.,0,lemming,wild,neglect_04,harm
Months of neglect left the fawn malnourished and visibly suffering.,0,fawn,wild,neglect_04,harm
"With no water for two days, the dog grew weaker by the hour.",1,dog,companion,neglect_05,harm
"With no water for two days, the cat grew weaker by the hour.",1,cat,companion,neglect_05,harm
"With no water for two days, the rabbit grew weaker by the hour.",1,rabbit,companion,neglect_05,harm
"With no water for two days, the puppy grew weaker by the hour.",1,puppy,companion,neglect_05,harm
"With no water for two days, the kitten grew weaker by the hour.",1,kitten,companion,neglect_05,harm
"With no water for two days, the hamster grew weaker by the hour.",1,hamster,companion,neglect_05,harm
"With no water for two days, the ferret grew weaker by the hour.",1,ferret,companion,neglect_05,harm
"With no water for two days, the poodle grew weaker by the hour.",1,poodle,companion,neglect_05,harm
"With no water for two days, the beagle grew weaker by the hour.",1,beagle,companion,neglect_05,harm
"With no water for two days, the terrier grew weaker by the hour.",1,terrier,companion,neglect_05,harm
"With no water for two days, the spaniel grew weaker by the hour.",1,spaniel,companion,neglect_05,harm
"With no water for two days, the labrador grew weaker by the hour.",1,labrador,companion,neglect_05,harm
"With no water for two days, the collie grew weaker by the hour.",1,collie,companion,neglect_05,harm
"With no water for two days, the pug grew weaker by the hour.",1,pug,companion,neglect_05,harm
"With no water for two days, the bulldog grew weaker by the hour.",1,bulldog,companion,neglect_05,harm
"With no water for two days, the retriever grew weaker by the hour.",1,retriever,companion,neglect_05,harm
"With no water for two days, the tomcat grew weaker by the hour.",1,tomcat,companion,neglect_05,harm
"With no water for two days, the gerbil grew weaker by the hour.",1,gerbil,companion,neglect_05,harm
"With no water for two days, the dalmatian grew weaker by the hour.",1,dalmatian,companion,neglect_05,harm
"With no water for two days, the greyhound grew weaker by the hour.",1,greyhound,companion,neglect_05,harm
"With no water for two days, the mastiff grew weaker by the hour.",1,mastiff,companion,neglect_05,harm
"With no water for two days, the corgi grew weaker by the hour.",1,corgi,companion,neglect_05,harm
"With no water for two days, the dachshund grew weaker by the hour.",1,dachshund,companion,neglect_05,harm
"With no water for two days, the chihuahua grew weaker by the hour.",1,chihuahua,companion,neglect_05,harm
"With no water for two days, the husky grew weaker by the hour.",1,husky,companion,neglect_05,harm
"With no water for two days, the rottweiler grew weaker by the hour.",1,rottweiler,companion,neglect_05,harm
"With no water for two days, the papillon grew weaker by the hour.",1,papillon,companion,neglect_05,harm
"With no water for two days, the schnauzer grew weaker by the hour.",1,schnauzer,companion,neglect_05,harm
"With no water for two days, the whippet grew weaker by the hour.",1,whippet,companion,neglect_05,harm
"With no water for two days, the pomeranian grew weaker by the hour.",1,pomeranian,companion,neglect_05,harm
"With no water for two days, the akita grew weaker by the hour.",1,akita,companion,neglect_05,harm
"With no water for two days, the samoyed grew weaker by the hour.",1,samoyed,companion,neglect_05,harm
"With no water for two days, the pekingese grew weaker by the hour.",1,pekingese,companion,neglect_05,harm
"With no water for two days, the lurcher grew weaker by the hour.",1,lurcher,companion,neglect_05,harm
"With no water for two days, the hound grew weaker by the hour.",1,hound,companion,neglect_05,harm
"With no water for two days, the mutt grew weaker by the hour.",1,mutt,companion,neglect_05,harm
"With no water for two days, the tabby grew weaker by the hour.",1,tabby,companion,neglect_05,harm
"With no water for two days, the lapdog grew weaker by the hour.",1,lapdog,companion,neglect_05,harm
"With no water for two days, the kitty grew weaker by the hour.",1,kitty,companion,neglect_05,harm
"With no water for two days, the bunny grew weaker by the hour.",1,bunny,companion,neglect_05,harm
"With no water for two days, the rat grew weaker by the hour.",0,rat,wild,neglect_05,harm
"With no water for two days, the boar grew weaker by the hour.",0,boar,wild,neglect_05,harm
"With no water for two days, the buffalo grew weaker by the hour.",0,buffalo,wild,neglect_05,harm
"With no water for two days, the fox grew weaker by the hour.",0,fox,wild,neglect_05,harm
"With no water for two days, the deer grew weaker by the hour.",0,deer,wild,neglect_05,harm
"With no water for two days, the badger grew weaker by the hour.",0,badger,wild,neglect_05,harm
"With no water for two days, the otter grew weaker by the hour.",0,otter,wild,neglect_05,harm
"With no water for two days, the hare grew weaker by the hour.",0,hare,wild,neglect_05,harm
"With no water for two days, the raccoon grew weaker by the hour.",0,raccoon,wild,neglect_05,harm
"With no water for two days, the squirrel grew weaker by the hour.",0,squirrel,wild,neglect_05,harm
"With no water for two days, the weasel grew weaker by the hour.",0,weasel,wild,neglect_05,harm
"With no water for two days, the coyote grew weaker by the hour.",0,coyote,wild,neglect_05,harm
"With no water for two days, the moose grew weaker by the hour.",0,moose,wild,neglect_05,harm
"With no water for two days, the elk grew weaker by the hour.",0,elk,wild,neglect_05,harm
"With no water for two days, the wolf grew weaker by the hour.",0,wolf,wild,neglect_05,harm
"With no water for two days, the hedgehog grew weaker by the hour.",0,hedgehog,wild,neglect_05,harm
"With no water for two days, the possum grew weaker by the hour.",0,possum,wild,neglect_05,harm
"With no water for two days, the jackal grew weaker by the hour.",0,jackal,wild,neglect_05,harm
"With no water for two days, the stoat grew weaker by the hour.",0,stoat,wild,neglect_05,harm
"With no water for two days, the marten grew weaker by the hour.",0,marten,wild,neglect_05,harm
"With no water for two days, the bear grew weaker by the hour.",0,bear,wild,neglect_05,harm
"With no water for two days, the lynx grew weaker by the hour.",0,lynx,wild,neglect_05,harm
"With no water for two days, the bobcat grew weaker by the hour.",0,bobcat,wild,neglect_05,harm
"With no water for two days, the marmot grew weaker by the hour.",0,marmot,wild,neglect_05,harm
"With no water for two days, the mink grew weaker by the hour.",0,mink,wild,neglect_05,harm
"With no water for two days, the mole grew weaker by the hour.",0,mole,wild,neglect_05,harm
"With no water for two days, the vole grew weaker by the hour.",0,vole,wild,neglect_05,harm
"With no water for two days, the shrew grew weaker by the hour.",0,shrew,wild,neglect_05,harm
"With no water for two days, the porcupine grew weaker by the hour.",0,porcupine,wild,neglect_05,harm
"With no water for two days, the skunk grew weaker by the hour.",0,skunk,wild,neglect_05,harm
"With no water for two days, the chipmunk grew weaker by the hour.",0,chipmunk,wild,neglect_05,harm
"With no water for two days, the beaver grew weaker by the hour.",0,beaver,wild,neglect_05,harm
"With no water for two days, the bison grew weaker by the hour.",0,bison,wild,neglect_05,harm
"With no water for two days, the antelope grew weaker by the hour.",0,antelope,wild,neglect_05,harm
"With no water for two days, the dingo grew weaker by the hour.",0,dingo,wild,neglect_05,harm
"With no water for two days, the cougar grew weaker by the hour.",0,cougar,wild,neglect_05,harm
"With no water for two days, the wolverine grew weaker by the hour.",0,wolverine,wild,neglect_05,harm
"With no water for two days, the muskrat grew weaker by the hour.",0,muskrat,wild,neglect_05,harm
"With no water for two days, the lemming grew weaker by the hour.",0,lemming,wild,neglect_05,harm
"With no water for two days, the fawn grew weaker by the hour.",0,fawn,wild,neglect_05,harm
"The inspectors found the dog starving in filthy, cramped conditions.",1,dog,companion,neglect_06,harm
"The inspectors found the cat starving in filthy, cramped conditions.",1,cat,companion,neglect_06,harm
"The inspectors found the rabbit starving in filthy, cramped conditions.",1,rabbit,companion,neglect_06,harm
"The inspectors found the puppy starving in filthy, cramped conditions.",1,puppy,companion,neglect_06,harm
"The inspectors found the kitten starving in filthy, cramped conditions.",1,kitten,companion,neglect_06,harm
"The inspectors found the hamster starving in filthy, cramped conditions.",1,hamster,companion,neglect_06,harm
"The inspectors found the ferret starving in filthy, cramped conditions.",1,ferret,companion,neglect_06,harm
"The inspectors found the poodle starving in filthy, cramped conditions.",1,poodle,companion,neglect_06,harm
"The inspectors found the beagle starving in filthy, cramped conditions.",1,beagle,companion,neglect_06,harm
"The inspectors found the terrier starving in filthy, cramped conditions.",1,terrier,companion,neglect_06,harm
"The inspectors found the spaniel starving in filthy, cramped conditions.",1,spaniel,companion,neglect_06,harm
"The inspectors found the labrador starving in filthy, cramped conditions.",1,labrador,companion,neglect_06,harm
"The inspectors found the collie starving in filthy, cramped conditions.",1,collie,companion,neglect_06,harm
"The inspectors found the pug starving in filthy, cramped conditions.",1,pug,companion,neglect_06,harm
"The inspectors found the bulldog starving in filthy, cramped conditions.",1,bulldog,companion,neglect_06,harm
"The inspectors found the retriever starving in filthy, cramped conditions.",1,retriever,companion,neglect_06,harm
"The inspectors found the tomcat starving in filthy, cramped conditions.",1,tomcat,companion,neglect_06,harm
"The inspectors found the gerbil starving in filthy, cramped conditions.",1,gerbil,companion,neglect_06,harm
"The inspectors found the dalmatian starving in filthy, cramped conditions.",1,dalmatian,companion,neglect_06,harm
"The inspectors found the greyhound starving in filthy, cramped conditions.",1,greyhound,companion,neglect_06,harm
"The inspectors found the mastiff starving in filthy, cramped conditions.",1,mastiff,companion,neglect_06,harm
"The inspectors found the corgi starving in filthy, cramped conditions.",1,corgi,companion,neglect_06,harm
"The inspectors found the dachshund starving in filthy, cramped conditions.",1,dachshund,companion,neglect_06,harm
"The inspectors found the chihuahua starving in filthy, cramped conditions.",1,chihuahua,companion,neglect_06,harm
"The inspectors found the husky starving in filthy, cramped conditions.",1,husky,companion,neglect_06,harm
"The inspectors found the rottweiler starving in filthy, cramped conditions.",1,rottweiler,companion,neglect_06,harm
"The inspectors found the papillon starving in filthy, cramped conditions.",1,papillon,companion,neglect_06,harm
"The inspectors found the schnauzer starving in filthy, cramped conditions.",1,schnauzer,companion,neglect_06,harm
"The inspectors found the whippet starving in filthy, cramped conditions.",1,whippet,companion,neglect_06,harm
"The inspectors found the pomeranian starving in filthy, cramped conditions.",1,pomeranian,companion,neglect_06,harm
"The inspectors found the akita starving in filthy, cramped conditions.",1,akita,companion,neglect_06,harm
"The inspectors found the samoyed starving in filthy, cramped conditions.",1,samoyed,companion,neglect_06,harm
"The inspectors found the pekingese starving in filthy, cramped conditions.",1,pekingese,companion,neglect_06,harm
"The inspectors found the lurcher starving in filthy, cramped conditions.",1,lurcher,companion,neglect_06,harm
"The inspectors found the hound starving in filthy, cramped conditions.",1,hound,companion,neglect_06,harm
"The inspectors found the mutt starving in filthy, cramped conditions.",1,mutt,companion,neglect_06,harm
"The inspectors found the tabby starving in filthy, cramped conditions.",1,tabby,companion,neglect_06,harm
"The inspectors found the lapdog starving in filthy, cramped conditions.",1,lapdog,companion,neglect_06,harm
"The inspectors found the kitty starving in filthy, cramped conditions.",1,kitty,companion,neglect_06,harm
"The inspectors found the bunny starving in filthy, cramped conditions.",1,bunny,companion,neglect_06,harm
"The inspectors found the rat starving in filthy, cramped conditions.",0,rat,wild,neglect_06,harm
"The inspectors found the boar starving in filthy, cramped conditions.",0,boar,wild,neglect_06,harm
"The inspectors found the buffalo starving in filthy, cramped conditions.",0,buffalo,wild,neglect_06,harm
"The inspectors found the fox starving in filthy, cramped conditions.",0,fox,wild,neglect_06,harm
"The inspectors found the deer starving in filthy, cramped conditions.",0,deer,wild,neglect_06,harm
"The inspectors found the badger starving in filthy, cramped conditions.",0,badger,wild,neglect_06,harm
"The inspectors found the otter starving in filthy, cramped conditions.",0,otter,wild,neglect_06,harm
"The inspectors found the hare starving in filthy, cramped conditions.",0,hare,wild,neglect_06,harm
"The inspectors found the raccoon starving in filthy, cramped conditions.",0,raccoon,wild,neglect_06,harm
"The inspectors found the squirrel starving in filthy, cramped conditions.",0,squirrel,wild,neglect_06,harm
"The inspectors found the weasel starving in filthy, cramped conditions.",0,weasel,wild,neglect_06,harm
"The inspectors found the coyote starving in filthy, cramped conditions.",0,coyote,wild,neglect_06,harm
"The inspectors found the moose starving in filthy, cramped conditions.",0,moose,wild,neglect_06,harm
"The inspectors found the elk starving in filthy, cramped conditions.",0,elk,wild,neglect_06,harm
"The inspectors found the wolf starving in filthy, cramped conditions.",0,wolf,wild,neglect_06,harm
"The inspectors found the hedgehog starving in filthy, cramped conditions.",0,hedgehog,wild,neglect_06,harm
"The inspectors found the possum starving in filthy, cramped conditions.",0,possum,wild,neglect_06,harm
"The inspectors found the jackal starving in filthy, cramped conditions.",0,jackal,wild,neglect_06,harm
"The inspectors found the stoat starving in filthy, cramped conditions.",0,stoat,wild,neglect_06,harm
"The inspectors found the marten starving in filthy, cramped conditions.",0,marten,wild,neglect_06,harm
"The inspectors found the bear starving in filthy, cramped conditions.",0,bear,wild,neglect_06,harm
"The inspectors found the lynx starving in filthy, cramped conditions.",0,lynx,wild,neglect_06,harm
"The inspectors found the bobcat starving in filthy, cramped conditions.",0,bobcat,wild,neglect_06,harm
"The inspectors found the marmot starving in filthy, cramped conditions.",0,marmot,wild,neglect_06,harm
"The inspectors found the mink starving in filthy, cramped conditions.",0,mink,wild,neglect_06,harm
"The inspectors found the mole starving in filthy, cramped conditions.",0,mole,wild,neglect_06,harm
"The inspectors found the vole starving in filthy, cramped conditions.",0,vole,wild,neglect_06,harm
"The inspectors found the shrew starving in filthy, cramped conditions.",0,shrew,wild,neglect_06,harm
"The inspectors found the porcupine starving in filthy, cramped conditions.",0,porcupine,wild,neglect_06,harm
"The inspectors found the skunk starving in filthy, cramped conditions.",0,skunk,wild,neglect_06,harm
"The inspectors found the chipmunk starving in filthy, cramped conditions.",0,chipmunk,wild,neglect_06,harm
"The inspectors found the beaver starving in filthy, cramped conditions.",0,beaver,wild,neglect_06,harm
"The inspectors found the bison starving in filthy, cramped conditions.",0,bison,wild,neglect_06,harm
"The inspectors found the antelope starving in filthy, cramped conditions.",0,antelope,wild,neglect_06,harm
"The inspectors found the dingo starving in filthy, cramped conditions.",0,dingo,wild,neglect_06,harm
"The inspectors found the cougar starving in filthy, cramped conditions.",0,cougar,wild,neglect_06,harm
"The inspectors found the wolverine starving in filthy, cramped conditions.",0,wolverine,wild,neglect_06,harm
"The inspectors found the muskrat starving in filthy, cramped conditions.",0,muskrat,wild,neglect_06,harm
"The inspectors found the lemming starving in filthy, cramped conditions.",0,lemming,wild,neglect_06,harm
"The inspectors found the fawn starving in filthy, cramped conditions.",0,fawn,wild,neglect_06,harm
A pack of strays cornered and attacked the dog near the market.,1,dog,companion,attack_01,harm
A pack of strays cornered and attacked the cat near the market.,1,cat,companion,attack_01,harm
A pack of strays cornered and attacked the rabbit near the market.,1,rabbit,companion,attack_01,harm
A pack of strays cornered and attacked the puppy near the market.,1,puppy,companion,attack_01,harm
A pack of strays cornered and attacked the kitten near the market.,1,kitten,companion,attack_01,harm
A pack of strays cornered and attacked the hamster near the market.,1,hamster,companion,attack_01,harm
A pack of strays cornered and attacked the ferret near the market.,1,ferret,companion,attack_01,harm
A pack of strays cornered and attacked the poodle near the market.,1,poodle,companion,attack_01,harm
A pack of strays cornered and attacked the beagle near the market.,1,beagle,companion,attack_01,harm
A pack of strays cornered and attacked the terrier near the market.,1,terrier,companion,attack_01,harm
A pack of strays cornered and attacked the spaniel near the market.,1,spaniel,companion,attack_01,harm
A pack of strays cornered and attacked the labrador near the market.,1,labrador,companion,attack_01,harm
A pack of strays cornered and attacked the collie near the market.,1,collie,companion,attack_01,harm
A pack of strays cornered and attacked the pug near the market.,1,pug,companion,attack_01,harm
A pack of strays cornered and attacked the bulldog near the market.,1,bulldog,companion,attack_01,harm
A pack of strays cornered and attacked the retriever near the market.,1,retriever,companion,attack_01,harm
A pack of strays cornered and attacked the tomcat near the market.,1,tomcat,companion,attack_01,harm
A pack of strays cornered and attacked the gerbil near the market.,1,gerbil,companion,attack_01,harm
A pack of strays cornered and attacked the dalmatian near the market.,1,dalmatian,companion,attack_01,harm
A pack of strays cornered and attacked the greyhound near the market.,1,greyhound,companion,attack_01,harm
A pack of strays cornered and attacked the mastiff near the market.,1,mastiff,companion,attack_01,harm
A pack of strays cornered and attacked the corgi near the market.,1,corgi,companion,attack_01,harm
A pack of strays cornered and attacked the dachshund near the market.,1,dachshund,companion,attack_01,harm
A pack of strays cornered and attacked the chihuahua near the market.,1,chihuahua,companion,attack_01,harm
A pack of strays cornered and attacked the husky near the market.,1,husky,companion,attack_01,harm
A pack of strays cornered and attacked the rottweiler near the market.,1,rottweiler,companion,attack_01,harm
A pack of strays cornered and attacked the papillon near the market.,1,papillon,companion,attack_01,harm
A pack of strays cornered and attacked the schnauzer near the market.,1,schnauzer,companion,attack_01,harm
A pack of strays cornered and attacked the whippet near the market.,1,whippet,companion,attack_01,harm
A pack of strays cornered and attacked the pomeranian near the market.,1,pomeranian,companion,attack_01,harm
A pack of strays cornered and attacked the akita near the market.,1,akita,companion,attack_01,harm
A pack of strays cornered and attacked the samoyed near the market.,1,samoyed,companion,attack_01,harm
A pack of strays cornered and attacked the pekingese near the market.,1,pekingese,companion,attack_01,harm
A pack of strays cornered and attacked the lurcher near the market.,1,lurcher,companion,attack_01,harm
A pack of strays cornered and attacked the hound near the market.,1,hound,companion,attack_01,harm
A pack of strays cornered and attacked the mutt near the market.,1,mutt,companion,attack_01,harm
A pack of strays cornered and attacked the tabby near the market.,1,tabby,companion,attack_01,harm
A pack of strays cornered and attacked the lapdog near the market.,1,lapdog,companion,attack_01,harm
A pack of strays cornered and attacked the kitty near the market.,1,kitty,companion,attack_01,harm
A pack of strays cornered and attacked the bunny near the market.,1,bunny,companion,attack_01,harm
A pack of strays cornered and attacked the rat near the market.,0,rat,wild,attack_01,harm
A pack of strays cornered and attacked the boar near the market.,0,boar,wild,attack_01,harm
A pack of strays cornered and attacked the buffalo near the market.,0,buffalo,wild,attack_01,harm
A pack of strays cornered and attacked the fox near the market.,0,fox,wild,attack_01,harm
A pack of strays cornered and attacked the deer near the market.,0,deer,wild,attack_01,harm
A pack of strays cornered and attacked the badger near the market.,0,badger,wild,attack_01,harm
A pack of strays cornered and attacked the otter near the market.,0,otter,wild,attack_01,harm
A pack of strays cornered and attacked the hare near the market.,0,hare,wild,attack_01,harm
A pack of strays cornered and attacked the raccoon near the market.,0,raccoon,wild,attack_01,harm
A pack of strays cornered and attacked the squirrel near the market.,0,squirrel,wild,attack_01,harm
A pack of strays cornered and attacked the weasel near the market.,0,weasel,wild,attack_01,harm
A pack of strays cornered and attacked the coyote near the market.,0,coyote,wild,attack_01,harm
A pack of strays cornered and attacked the moose near the market.,0,moose,wild,attack_01,harm
A pack of strays cornered and attacked the elk near the market.,0,elk,wild,attack_01,harm
A pack of strays cornered and attacked the wolf near the market.,0,wolf,wild,attack_01,harm
A pack of strays cornered and attacked the hedgehog near the market.,0,hedgehog,wild,attack_01,harm
A pack of strays cornered and attacked the possum near the market.,0,possum,wild,attack_01,harm
A pack of strays cornered and attacked the jackal near the market.,0,jackal,wild,attack_01,harm
A pack of strays cornered and attacked the stoat near the market.,0,stoat,wild,attack_01,harm
A pack of strays cornered and attacked the marten near the market.,0,marten,wild,attack_01,harm
A pack of strays cornered and attacked the bear near the market.,0,bear,wild,attack_01,harm
A pack of strays cornered and attacked the lynx near the market.,0,lynx,wild,attack_01,harm
A pack of strays cornered and attacked the bobcat near the market.,0,bobcat,wild,attack_01,harm
A pack of strays cornered and attacked the marmot near the market.,0,marmot,wild,attack_01,harm
A pack of strays cornered and attacked the mink near the market.,0,mink,wild,attack_01,harm
A pack of strays cornered and attacked the mole near the market.,0,mole,wild,attack_01,harm
A pack of strays cornered and attacked the vole near the market.,0,vole,wild,attack_01,harm
A pack of strays cornered and attacked the shrew near the market.,0,shrew,wild,attack_01,harm
A pack of strays cornered and attacked the porcupine near the market.,0,porcupine,wild,attack_01,harm
A pack of strays cornered and attacked the skunk near the market.,0,skunk,wild,attack_01,harm
A pack of strays cornered and attacked the chipmunk near the market.,0,chipmunk,wild,attack_01,harm
A pack of strays cornered and attacked the beaver near the market.,0,beaver,wild,attack_01,harm
A pack of strays cornered and attacked the bison near the market.,0,bison,wild,attack_01,harm
A pack of strays cornered and attacked the antelope near the market.,0,antelope,wild,attack_01,harm
A pack of strays cornered and attacked the dingo near the market.,0,dingo,wild,attack_01,harm
A pack of strays cornered and attacked the cougar near the market.,0,cougar,wild,attack_01,harm
A pack of strays cornered and attacked the wolverine near the market.,0,wolverine,wild,attack_01,harm
A pack of strays cornered and attacked the muskrat near the market.,0,muskrat,wild,attack_01,harm
A pack of strays cornered and attacked the lemming near the market.,0,lemming,wild,attack_01,harm
A pack of strays cornered and attacked the fawn near the market.,0,fawn,wild,attack_01,harm
"Without warning, the aggressive animal charged at the dog in the field.",1,dog,companion,attack_02,harm
"Without warning, the aggressive animal charged at the cat in the field.",1,cat,companion,attack_02,harm
"Without warning, the aggressive animal charged at the rabbit in the field.",1,rabbit,companion,attack_02,harm
"Without warning, the aggressive animal charged at the puppy in the field.",1,puppy,companion,attack_02,harm
"Without warning, the aggressive animal charged at the kitten in the field.",1,kitten,companion,attack_02,harm
"Without warning, the aggressive animal charged at the hamster in the field.",1,hamster,companion,attack_02,harm
"Without warning, the aggressive animal charged at the ferret in the field.",1,ferret,companion,attack_02,harm
"Without warning, the aggressive animal charged at the poodle in the field.",1,poodle,companion,attack_02,harm
"Without warning, the aggressive animal charged at the beagle in the field.",1,beagle,companion,attack_02,harm
"Without warning, the aggressive animal charged at the terrier in the field.",1,terrier,companion,attack_02,harm
"Without warning, the aggressive animal charged at the spaniel in the field.",1,spaniel,companion,attack_02,harm
"Without warning, the aggressive animal charged at the labrador in the field.",1,labrador,companion,attack_02,harm
"Without warning, the aggressive animal charged at the collie in the field.",1,collie,companion,attack_02,harm
"Without warning, the aggressive animal charged at the pug in the field.",1,pug,companion,attack_02,harm
"Without warning, the aggressive animal charged at the bulldog in the field.",1,bulldog,companion,attack_02,harm
"Without warning, the aggressive animal charged at the retriever in the field.",1,retriever,companion,attack_02,harm
"Without warning, the aggressive animal charged at the tomcat in the field.",1,tomcat,companion,attack_02,harm
"Without warning, the aggressive animal charged at the gerbil in the field.",1,gerbil,companion,attack_02,harm
"Without warning, the aggressive animal charged at the dalmatian in the field.",1,dalmatian,companion,attack_02,harm
"Without warning, the aggressive animal charged at the greyhound in the field.",1,greyhound,companion,attack_02,harm
"Without warning, the aggressive animal charged at the mastiff in the field.",1,mastiff,companion,attack_02,harm
"Without warning, the aggressive animal charged at the corgi in the field.",1,corgi,companion,attack_02,harm
"Without warning, the aggressive animal charged at the dachshund in the field.",1,dachshund,companion,attack_02,harm
"Without warning, the aggressive animal charged at the chihuahua in the field.",1,chihuahua,companion,attack_02,harm
"Without warning, the aggressive animal charged at the husky in the field.",1,husky,companion,attack_02,harm
"Without warning, the aggressive animal charged at the rottweiler in the field.",1,rottweiler,companion,attack_02,harm
"Without warning, the aggressive animal charged at the papillon in the field.",1,papillon,companion,attack_02,harm
"Without warning, the aggressive animal charged at the schnauzer in the field.",1,schnauzer,companion,attack_02,harm
"Without warning, the aggressive animal charged at the whippet in the field.",1,whippet,companion,attack_02,harm
"Without warning, the aggressive animal charged at the pomeranian in the field.",1,pomeranian,companion,attack_02,harm
"Without warning, the aggressive animal charged at the akita in the field.",1,akita,companion,attack_02,harm
"Without warning, the aggressive animal charged at the samoyed in the field.",1,samoyed,companion,attack_02,harm
"Without warning, the aggressive animal charged at the pekingese in the field.",1,pekingese,companion,attack_02,harm
"Without warning, the aggressive animal charged at the lurcher in the field.",1,lurcher,companion,attack_02,harm
"Without warning, the aggressive animal charged at the hound in the field.",1,hound,companion,attack_02,harm
"Without warning, the aggressive animal charged at the mutt in the field.",1,mutt,companion,attack_02,harm
"Without warning, the aggressive animal charged at the tabby in the field.",1,tabby,companion,attack_02,harm
"Without warning, the aggressive animal charged at the lapdog in the field.",1,lapdog,companion,attack_02,harm
"Without warning, the aggressive animal charged at the kitty in the field.",1,kitty,companion,attack_02,harm
"Without warning, the aggressive animal charged at the bunny in the field.",1,bunny,companion,attack_02,harm
"Without warning, the aggressive animal charged at the rat in the field.",0,rat,wild,attack_02,harm
"Without warning, the aggressive animal charged at the boar in the field.",0,boar,wild,attack_02,harm
"Without warning, the aggressive animal charged at the buffalo in the field.",0,buffalo,wild,attack_02,harm
"Without warning, the aggressive animal charged at the fox in the field.",0,fox,wild,attack_02,harm
"Without warning, the aggressive animal charged at the deer in the field.",0,deer,wild,attack_02,harm
"Without warning, the aggressive animal charged at the badger in the field.",0,badger,wild,attack_02,harm
"Without warning, the aggressive animal charged at the otter in the field.",0,otter,wild,attack_02,harm
"Without warning, the aggressive animal charged at the hare in the field.",0,hare,wild,attack_02,harm
"Without warning, the aggressive animal charged at the raccoon in the field.",0,raccoon,wild,attack_02,harm
"Without warning, the aggressive animal charged at the squirrel in the field.",0,squirrel,wild,attack_02,harm
"Without warning, the aggressive animal charged at the weasel in the field.",0,weasel,wild,attack_02,harm
"Without warning, the aggressive animal charged at the coyote in the field.",0,coyote,wild,attack_02,harm
"Without warning, the aggressive animal charged at the moose in the field.",0,moose,wild,attack_02,harm
"Without warning, the aggressive animal charged at the elk in the field.",0,elk,wild,attack_02,harm
"Without warning, the aggressive animal charged at the wolf in the field.",0,wolf,wild,attack_02,harm
"Without warning, the aggressive animal charged at the hedgehog in the field.",0,hedgehog,wild,attack_02,harm
"Without warning, the aggressive animal charged at the possum in the field.",0,possum,wild,attack_02,harm
"Without warning, the aggressive animal charged at the jackal in the field.",0,jackal,wild,attack_02,harm
"Without warning, the aggressive animal charged at the stoat in the field.",0,stoat,wild,attack_02,harm
"Without warning, the aggressive animal charged at the marten in the field.",0,marten,wild,attack_02,harm
"Without warning, the aggressive animal charged at the bear in the field.",0,bear,wild,attack_02,harm
"Without warning, the aggressive animal charged at the lynx in the field.",0,lynx,wild,attack_02,harm
"Without warning, the aggressive animal charged at the bobcat in the field.",0,bobcat,wild,attack_02,harm
"Without warning, the aggressive animal charged at the marmot in the field.",0,marmot,wild,attack_02,harm
"Without warning, the aggressive animal charged at the mink in the field.",0,mink,wild,attack_02,harm
"Without warning, the aggressive animal charged at the mole in the field.",0,mole,wild,attack_02,harm
"Without warning, the aggressive animal charged at the vole in the field.",0,vole,wild,attack_02,harm
"Without warning, the aggressive animal charged at the shrew in the field.",0,shrew,wild,attack_02,harm
"Without warning, the aggressive animal charged at the porcupine in the field.",0,porcupine,wild,attack_02,harm
"Without warning, the aggressive animal charged at the skunk in the field.",0,skunk,wild,attack_02,harm
"Without warning, the aggressive animal charged at the chipmunk in the field.",0,chipmunk,wild,attack_02,harm
"Without warning, the aggressive animal charged at the beaver in the field.",0,beaver,wild,attack_02,harm
"Without warning, the aggressive animal charged at the bison in the field.",0,bison,wild,attack_02,harm
"Without warning, the aggressive animal charged at the antelope in the field.",0,antelope,wild,attack_02,harm
"Without warning, the aggressive animal charged at the dingo in the field.",0,dingo,wild,attack_02,harm
"Without warning, the aggressive animal charged at the cougar in the field.",0,cougar,wild,attack_02,harm
"Without warning, the aggressive animal charged at the wolverine in the field.",0,wolverine,wild,attack_02,harm
"Without warning, the aggressive animal charged at the muskrat in the field.",0,muskrat,wild,attack_02,harm
"Without warning, the aggressive animal charged at the lemming in the field.",0,lemming,wild,attack_02,harm
"Without warning, the aggressive animal charged at the fawn in the field.",0,fawn,wild,attack_02,harm
The intruder struck the dog repeatedly before fleeing into the night.,1,dog,companion,attack_03,harm
The intruder struck the cat repeatedly before fleeing into the night.,1,cat,companion,attack_03,harm
The intruder struck the rabbit repeatedly before fleeing into the night.,1,rabbit,companion,attack_03,harm
The intruder struck the puppy repeatedly before fleeing into the night.,1,puppy,companion,attack_03,harm
The intruder struck the kitten repeatedly before fleeing into the night.,1,kitten,companion,attack_03,harm
The intruder struck the hamster repeatedly before fleeing into the night.,1,hamster,companion,attack_03,harm
The intruder struck the ferret repeatedly before fleeing into the night.,1,ferret,companion,attack_03,harm
The intruder struck the poodle repeatedly before fleeing into the night.,1,poodle,companion,attack_03,harm
The intruder struck the beagle repeatedly before fleeing into the night.,1,beagle,companion,attack_03,harm
The intruder struck the terrier repeatedly before fleeing into the night.,1,terrier,companion,attack_03,harm
The intruder struck the spaniel repeatedly before fleeing into the night.,1,spaniel,companion,attack_03,harm
The intruder struck the labrador repeatedly before fleeing into the night.,1,labrador,companion,attack_03,harm
The intruder struck the collie repeatedly before fleeing into the night.,1,collie,companion,attack_03,harm
The intruder struck the pug repeatedly before fleeing into the night.,1,pug,companion,attack_03,harm
The intruder struck the bulldog repeatedly before fleeing into the night.,1,bulldog,companion,attack_03,harm
The intruder struck the retriever repeatedly before fleeing into the night.,1,retriever,companion,attack_03,harm
The intruder struck the tomcat repeatedly before fleeing into the night.,1,tomcat,companion,attack_03,harm
The intruder struck the gerbil repeatedly before fleeing into the night.,1,gerbil,companion,attack_03,harm
The intruder struck the dalmatian repeatedly before fleeing into the night.,1,dalmatian,companion,attack_03,harm
The intruder struck the greyhound repeatedly before fleeing into the night.,1,greyhound,companion,attack_03,harm
The intruder struck the mastiff repeatedly before fleeing into the night.,1,mastiff,companion,attack_03,harm
The intruder struck the corgi repeatedly before fleeing into the night.,1,corgi,companion,attack_03,harm
The intruder struck the dachshund repeatedly before fleeing into the night.,1,dachshund,companion,attack_03,harm
The intruder struck the chihuahua repeatedly before fleeing into the night.,1,chihuahua,companion,attack_03,harm
The intruder struck the husky repeatedly before fleeing into the night.,1,husky,companion,attack_03,harm
The intruder struck the rottweiler repeatedly before fleeing into the night.,1,rottweiler,companion,attack_03,harm
The intruder struck the papillon repeatedly before fleeing into the night.,1,papillon,companion,attack_03,harm
The intruder struck the schnauzer repeatedly before fleeing into the night.,1,schnauzer,companion,attack_03,harm
The intruder struck the whippet repeatedly before fleeing into the night.,1,whippet,companion,attack_03,harm
The intruder struck the pomeranian repeatedly before fleeing into the night.,1,pomeranian,companion,attack_03,harm
The intruder struck the akita repeatedly before fleeing into the night.,1,akita,companion,attack_03,harm
The intruder struck the samoyed repeatedly before fleeing into the night.,1,samoyed,companion,attack_03,harm
The intruder struck the pekingese repeatedly before fleeing into the night.,1,pekingese,companion,attack_03,harm
The intruder struck the lurcher repeatedly before fleeing into the night.,1,lurcher,companion,attack_03,harm
The intruder struck the hound repeatedly before fleeing into the night.,1,hound,companion,attack_03,harm
The intruder struck the mutt repeatedly before fleeing into the night.,1,mutt,companion,attack_03,harm
The intruder struck the tabby repeatedly before fleeing into the night.,1,tabby,companion,attack_03,harm
The intruder struck the lapdog repeatedly before fleeing into the night.,1,lapdog,companion,attack_03,harm
The intruder struck the kitty repeatedly before fleeing into the night.,1,kitty,companion,attack_03,harm
The intruder struck the bunny repeatedly before fleeing into the night.,1,bunny,companion,attack_03,harm
The intruder struck the rat repeatedly before fleeing into the night.,0,rat,wild,attack_03,harm
The intruder struck the boar repeatedly before fleeing into the night.,0,boar,wild,attack_03,harm
The intruder struck the buffalo repeatedly before fleeing into the night.,0,buffalo,wild,attack_03,harm
The intruder struck the fox repeatedly before fleeing into the night.,0,fox,wild,attack_03,harm
The intruder struck the deer repeatedly before fleeing into the night.,0,deer,wild,attack_03,harm
The intruder struck the badger repeatedly before fleeing into the night.,0,badger,wild,attack_03,harm
The intruder struck the otter repeatedly before fleeing into the night.,0,otter,wild,attack_03,harm
The intruder struck the hare repeatedly before fleeing into the night.,0,hare,wild,attack_03,harm
The intruder struck the raccoon repeatedly before fleeing into the night.,0,raccoon,wild,attack_03,harm
The intruder struck the squirrel repeatedly before fleeing into the night.,0,squirrel,wild,attack_03,harm
The intruder struck the weasel repeatedly before fleeing into the night.,0,weasel,wild,attack_03,harm
The intruder struck the coyote repeatedly before fleeing into the night.,0,coyote,wild,attack_03,harm
The intruder struck the moose repeatedly before fleeing into the night.,0,moose,wild,attack_03,harm
The intruder struck the elk repeatedly before fleeing into the night.,0,elk,wild,attack_03,harm
The intruder struck the wolf repeatedly before fleeing into the night.,0,wolf,wild,attack_03,harm
The intruder struck the hedgehog repeatedly before fleeing into the night.,0,hedgehog,wild,attack_03,harm
The intruder struck the possum repeatedly before fleeing into the night.,0,possum,wild,attack_03,harm
The intruder struck the jackal repeatedly before fleeing into the night.,0,jackal,wild,attack_03,harm
The intruder struck the stoat repeatedly before fleeing into the night.,0,stoat,wild,attack_03,harm
The intruder struck the marten repeatedly before fleeing into the night.,0,marten,wild,attack_03,harm
The intruder struck the bear repeatedly before fleeing into the night.,0,bear,wild,attack_03,harm
The intruder struck the lynx repeatedly before fleeing into the night.,0,lynx,wild,attack_03,harm
The intruder struck the bobcat repeatedly before fleeing into the night.,0,bobcat,wild,attack_03,harm
The intruder struck the marmot repeatedly before fleeing into the night.,0,marmot,wild,attack_03,harm
The intruder struck the mink repeatedly before fleeing into the night.,0,mink,wild,attack_03,harm
The intruder struck the mole repeatedly before fleeing into the night.,0,mole,wild,attack_03,harm
The intruder struck the vole repeatedly before fleeing into the night.,0,vole,wild,attack_03,harm
The intruder struck the shrew repeatedly before fleeing into the night.,0,shrew,wild,attack_03,harm
The intruder struck the porcupine repeatedly before fleeing into the night.,0,porcupine,wild,attack_03,harm
The intruder struck the skunk repeatedly before fleeing into the night.,0,skunk,wild,attack_03,harm
The intruder struck the chipmunk repeatedly before fleeing into the night.,0,chipmunk,wild,attack_03,harm
The intruder struck the beaver repeatedly before fleeing into the night.,0,beaver,wild,attack_03,harm
The intruder struck the bison repeatedly before fleeing into the night.,0,bison,wild,attack_03,harm
The intruder struck the antelope repeatedly before fleeing into the night.,0,antelope,wild,attack_03,harm
The intruder struck the dingo repeatedly before fleeing into the night.,0,dingo,wild,attack_03,harm
The intruder struck the cougar repeatedly before fleeing into the night.,0,cougar,wild,attack_03,harm
The intruder struck the wolverine repeatedly before fleeing into the night.,0,wolverine,wild,attack_03,harm
The intruder struck the muskrat repeatedly before fleeing into the night.,0,muskrat,wild,attack_03,harm
The intruder struck the lemming repeatedly before fleeing into the night.,0,lemming,wild,attack_03,harm
The intruder struck the fawn repeatedly before fleeing into the night.,0,fawn,wild,attack_03,harm
"Wounded in the attack, the dog retreated toward the shelter of the hedge.",1,dog,companion,attack_04,harm
"Wounded in the attack, the cat retreated toward the shelter of the hedge.",1,cat,companion,attack_04,harm
"Wounded in the attack, the rabbit retreated toward the shelter of the hedge.",1,rabbit,companion,attack_04,harm
"Wounded in the attack, the puppy retreated toward the shelter of the hedge.",1,puppy,companion,attack_04,harm
"Wounded in the attack, the kitten retreated toward the shelter of the hedge.",1,kitten,companion,attack_04,harm
"Wounded in the attack, the hamster retreated toward the shelter of the hedge.",1,hamster,companion,attack_04,harm
"Wounded in the attack, the ferret retreated toward the shelter of the hedge.",1,ferret,companion,attack_04,harm
"Wounded in the attack, the poodle retreated toward the shelter of the hedge.",1,poodle,companion,attack_04,harm
"Wounded in the attack, the beagle retreated toward the shelter of the hedge.",1,beagle,companion,attack_04,harm
"Wounded in the attack, the terrier retreated toward the shelter of the hedge.",1,terrier,companion,attack_04,harm
"Wounded in the attack, the spaniel retreated toward the shelter of the hedge.",1,spaniel,companion,attack_04,harm
"Wounded in the attack, the labrador retreated toward the shelter of the hedge.",1,labrador,companion,attack_04,harm
"Wounded in the attack, the collie retreated toward the shelter of the hedge.",1,collie,companion,attack_04,harm
"Wounded in the attack, the pug retreated toward the shelter of the hedge.",1,pug,companion,attack_04,harm
"Wounded in the attack, the bulldog retreated toward the shelter of the hedge.",1,bulldog,companion,attack_04,harm
"Wounded in the attack, the retriever retreated toward the shelter of the hedge.",1,retriever,companion,attack_04,harm
"Wounded in the attack, the tomcat retreated toward the shelter of the hedge.",1,tomcat,companion,attack_04,harm
"Wounded in the attack, the gerbil retreated toward the shelter of the hedge.",1,gerbil,companion,attack_04,harm
"Wounded in the attack, the dalmatian retreated toward the shelter of the hedge.",1,dalmatian,companion,attack_04,harm
"Wounded in the attack, the greyhound retreated toward the shelter of the hedge.",1,greyhound,companion,attack_04,harm
"Wounded in the attack, the mastiff retreated toward the shelter of the hedge.",1,mastiff,companion,attack_04,harm
"Wounded in the attack, the corgi retreated toward the shelter of the hedge.",1,corgi,companion,attack_04,harm
"Wounded in the attack, the dachshund retreated toward the shelter of the hedge.",1,dachshund,companion,attack_04,harm
"Wounded in the attack, the chihuahua retreated toward the shelter of the hedge.",1,chihuahua,companion,attack_04,harm
"Wounded in the attack, the husky retreated toward the shelter of the hedge.",1,husky,companion,attack_04,harm
"Wounded in the attack, the rottweiler retreated toward the shelter of the hedge.",1,rottweiler,companion,attack_04,harm
"Wounded in the attack, the papillon retreated toward the shelter of the hedge.",1,papillon,companion,attack_04,harm
"Wounded in the attack, the schnauzer retreated toward the shelter of the hedge.",1,schnauzer,companion,attack_04,harm
"Wounded in the attack, the whippet retreated toward the shelter of the hedge.",1,whippet,companion,attack_04,harm
"Wounded in the attack, the pomeranian retreated toward the shelter of the hedge.",1,pomeranian,companion,attack_04,harm
"Wounded in the attack, the akita retreated toward the shelter of the hedge.",1,akita,companion,attack_04,harm
"Wounded in the attack, the samoyed retreated toward the shelter of the hedge.",1,samoyed,companion,attack_04,harm
"Wounded in the attack, the pekingese retreated toward the shelter of the hedge.",1,pekingese,companion,attack_04,harm
"Wounded in the attack, the lurcher retreated toward the shelter of the hedge.",1,lurcher,companion,attack_04,harm
"Wounded in the attack, the hound retreated toward the shelter of the hedge.",1,hound,companion,attack_04,harm
"Wounded in the attack, the mutt retreated toward the shelter of the hedge.",1,mutt,companion,attack_04,harm
"Wounded in the attack, the tabby retreated toward the shelter of the hedge.",1,tabby,companion,attack_04,harm
"Wounded in the attack, the lapdog retreated toward the shelter of the hedge.",1,lapdog,companion,attack_04,harm
"Wounded in the attack, the kitty retreated toward the shelter of the hedge.",1,kitty,companion,attack_04,harm
"Wounded in the attack, the bunny retreated toward the shelter of the hedge.",1,bunny,companion,attack_04,harm
"Wounded in the attack, the rat retreated toward the shelter of the hedge.",0,rat,wild,attack_04,harm
"Wounded in the attack, the boar retreated toward the shelter of the hedge.",0,boar,wild,attack_04,harm
"Wounded in the attack, the buffalo retreated toward the shelter of the hedge.",0,buffalo,wild,attack_04,harm
"Wounded in the attack, the fox retreated toward the shelter of the hedge.",0,fox,wild,attack_04,harm
"Wounded in the attack, the deer retreated toward the shelter of the hedge.",0,deer,wild,attack_04,harm
"Wounded in the attack, the badger retreated toward the shelter of the hedge.",0,badger,wild,attack_04,harm
"Wounded in the attack, the otter retreated toward the shelter of the hedge.",0,otter,wild,attack_04,harm
"Wounded in the attack, the hare retreated toward the shelter of the hedge.",0,hare,wild,attack_04,harm
"Wounded in the attack, the raccoon retreated toward the shelter of the hedge.",0,raccoon,wild,attack_04,harm
"Wounded in the attack, the squirrel retreated toward the shelter of the hedge.",0,squirrel,wild,attack_04,harm
"Wounded in the attack, the weasel retreated toward the shelter of the hedge.",0,weasel,wild,attack_04,harm
"Wounded in the attack, the coyote retreated toward the shelter of the hedge.",0,coyote,wild,attack_04,harm
"Wounded in the attack, the moose retreated toward the shelter of the hedge.",0,moose,wild,attack_04,harm
"Wounded in the attack, the elk retreated toward the shelter of the hedge.",0,elk,wild,attack_04,harm
"Wounded in the attack, the wolf retreated toward the shelter of the hedge.",0,wolf,wild,attack_04,harm
"Wounded in the attack, the hedgehog retreated toward the shelter of the hedge.",0,hedgehog,wild,attack_04,harm
"Wounded in the attack, the possum retreated toward the shelter of the hedge.",0,possum,wild,attack_04,harm
"Wounded in the attack, the jackal retreated toward the shelter of the hedge.",0,jackal,wild,attack_04,harm
"Wounded in the attack, the stoat retreated toward the shelter of the hedge.",0,stoat,wild,attack_04,harm
"Wounded in the attack, the marten retreated toward the shelter of the hedge.",0,marten,wild,attack_04,harm
"Wounded in the attack, the bear retreated toward the shelter of the hedge.",0,bear,wild,attack_04,harm
"Wounded in the attack, the lynx retreated toward the shelter of the hedge.",0,lynx,wild,attack_04,harm
"Wounded in the attack, the bobcat retreated toward the shelter of the hedge.",0,bobcat,wild,attack_04,harm
"Wounded in the attack, the marmot retreated toward the shelter of the hedge.",0,marmot,wild,attack_04,harm
"Wounded in the attack, the mink retreated toward the shelter of the hedge.",0,mink,wild,attack_04,harm
"Wounded in the attack, the mole retreated toward the shelter of the hedge.",0,mole,wild,attack_04,harm
"Wounded in the attack, the vole retreated toward the shelter of the hedge.",0,vole,wild,attack_04,harm
"Wounded in the attack, the shrew retreated toward the shelter of the hedge.",0,shrew,wild,attack_04,harm
"Wounded in the attack, the porcupine retreated toward the shelter of the hedge.",0,porcupine,wild,attack_04,harm
"Wounded in the attack, the skunk retreated toward the shelter of the hedge.",0,skunk,wild,attack_04,harm
"Wounded in the attack, the chipmunk retreated toward the shelter of the hedge.",0,chipmunk,wild,attack_04,harm
"Wounded in the attack, the beaver retreated toward the shelter of the hedge.",0,beaver,wild,attack_04,harm
"Wounded in the attack, the bison retreated toward the shelter of the hedge.",0,bison,wild,attack_04,harm
"Wounded in the attack, the antelope retreated toward the shelter of the hedge.",0,antelope,wild,attack_04,harm
"Wounded in the attack, the dingo retreated toward the shelter of the hedge.",0,dingo,wild,attack_04,harm
"Wounded in the attack, the cougar retreated toward the shelter of the hedge.",0,cougar,wild,attack_04,harm
"Wounded in the attack, the wolverine retreated toward the shelter of the hedge.",0,wolverine,wild,attack_04,harm
"Wounded in the attack, the muskrat retreated toward the shelter of the hedge.",0,muskrat,wild,attack_04,harm
"Wounded in the attack, the lemming retreated toward the shelter of the hedge.",0,lemming,wild,attack_04,harm
"Wounded in the attack, the fawn retreated toward the shelter of the hedge.",0,fawn,wild,attack_04,harm
The predator wounded the dog during the encounter at the edge of the woods.,1,dog,companion,attack_05,harm
The predator wounded the cat during the encounter at the edge of the woods.,1,cat,companion,attack_05,harm
The predator wounded the rabbit during the encounter at the edge of the woods.,1,rabbit,companion,attack_05,harm
The predator wounded the puppy during the encounter at the edge of the woods.,1,puppy,companion,attack_05,harm
The predator wounded the kitten during the encounter at the edge of the woods.,1,kitten,companion,attack_05,harm
The predator wounded the hamster during the encounter at the edge of the woods.,1,hamster,companion,attack_05,harm
The predator wounded the ferret during the encounter at the edge of the woods.,1,ferret,companion,attack_05,harm
The predator wounded the poodle during the encounter at the edge of the woods.,1,poodle,companion,attack_05,harm
The predator wounded the beagle during the encounter at the edge of the woods.,1,beagle,companion,attack_05,harm
The predator wounded the terrier during the encounter at the edge of the woods.,1,terrier,companion,attack_05,harm
The predator wounded the spaniel during the encounter at the edge of the woods.,1,spaniel,companion,attack_05,harm
The predator wounded the labrador during the encounter at the edge of the woods.,1,labrador,companion,attack_05,harm
The predator wounded the collie during the encounter at the edge of the woods.,1,collie,companion,attack_05,harm
The predator wounded the pug during the encounter at the edge of the woods.,1,pug,companion,attack_05,harm
The predator wounded the bulldog during the encounter at the edge of the woods.,1,bulldog,companion,attack_05,harm
The predator wounded the retriever during the encounter at the edge of the woods.,1,retriever,companion,attack_05,harm
The predator wounded the tomcat during the encounter at the edge of the woods.,1,tomcat,companion,attack_05,harm
The predator wounded the gerbil during the encounter at the edge of the woods.,1,gerbil,companion,attack_05,harm
The predator wounded the dalmatian during the encounter at the edge of the woods.,1,dalmatian,companion,attack_05,harm
The predator wounded the greyhound during the encounter at the edge of the woods.,1,greyhound,companion,attack_05,harm
The predator wounded the mastiff during the encounter at the edge of the woods.,1,mastiff,companion,attack_05,harm
The predator wounded the corgi during the encounter at the edge of the woods.,1,corgi,companion,attack_05,harm
The predator wounded the dachshund during the encounter at the edge of the woods.,1,dachshund,companion,attack_05,harm
The predator wounded the chihuahua during the encounter at the edge of the woods.,1,chihuahua,companion,attack_05,harm
The predator wounded the husky during the encounter at the edge of the woods.,1,husky,companion,attack_05,harm
The predator wounded the rottweiler during the encounter at the edge of the woods.,1,rottweiler,companion,attack_05,harm
The predator wounded the papillon during the encounter at the edge of the woods.,1,papillon,companion,attack_05,harm
The predator wounded the schnauzer during the encounter at the edge of the woods.,1,schnauzer,companion,attack_05,harm
The predator wounded the whippet during the encounter at the edge of the woods.,1,whippet,companion,attack_05,harm
The predator wounded the pomeranian during the encounter at the edge of the woods.,1,pomeranian,companion,attack_05,harm
The predator wounded the akita during the encounter at the edge of the woods.,1,akita,companion,attack_05,harm
The predator wounded the samoyed during the encounter at the edge of the woods.,1,samoyed,companion,attack_05,harm
The predator wounded the pekingese during the encounter at the edge of the woods.,1,pekingese,companion,attack_05,harm
The predator wounded the lurcher during the encounter at the edge of the woods.,1,lurcher,companion,attack_05,harm
The predator wounded the hound during the encounter at the edge of the woods.,1,hound,companion,attack_05,harm
The predator wounded the mutt during the encounter at the edge of the woods.,1,mutt,companion,attack_05,harm
The predator wounded the tabby during the encounter at the edge of the woods.,1,tabby,companion,attack_05,harm
The predator wounded the lapdog during the encounter at the edge of the woods.,1,lapdog,companion,attack_05,harm
The predator wounded the kitty during the encounter at the edge of the woods.,1,kitty,companion,attack_05,harm
The predator wounded the bunny during the encounter at the edge of the woods.,1,bunny,companion,attack_05,harm
The predator wounded the rat during the encounter at the edge of the woods.,0,rat,wild,attack_05,harm
The predator wounded the boar during the encounter at the edge of the woods.,0,boar,wild,attack_05,harm
The predator wounded the buffalo during the encounter at the edge of the woods.,0,buffalo,wild,attack_05,harm
The predator wounded the fox during the encounter at the edge of the woods.,0,fox,wild,attack_05,harm
The predator wounded the deer during the encounter at the edge of the woods.,0,deer,wild,attack_05,harm
The predator wounded the badger during the encounter at the edge of the woods.,0,badger,wild,attack_05,harm
The predator wounded the otter during the encounter at the edge of the woods.,0,otter,wild,attack_05,harm
The predator wounded the hare during the encounter at the edge of the woods.,0,hare,wild,attack_05,harm
The predator wounded the raccoon during the encounter at the edge of the woods.,0,raccoon,wild,attack_05,harm
The predator wounded the squirrel during the encounter at the edge of the woods.,0,squirrel,wild,attack_05,harm
The predator wounded the weasel during the encounter at the edge of the woods.,0,weasel,wild,attack_05,harm
The predator wounded the coyote during the encounter at the edge of the woods.,0,coyote,wild,attack_05,harm
The predator wounded the moose during the encounter at the edge of the woods.,0,moose,wild,attack_05,harm
The predator wounded the elk during the encounter at the edge of the woods.,0,elk,wild,attack_05,harm
The predator wounded the wolf during the encounter at the edge of the woods.,0,wolf,wild,attack_05,harm
The predator wounded the hedgehog during the encounter at the edge of the woods.,0,hedgehog,wild,attack_05,harm
The predator wounded the possum during the encounter at the edge of the woods.,0,possum,wild,attack_05,harm
The predator wounded the jackal during the encounter at the edge of the woods.,0,jackal,wild,attack_05,harm
The predator wounded the stoat during the encounter at the edge of the woods.,0,stoat,wild,attack_05,harm
The predator wounded the marten during the encounter at the edge of the woods.,0,marten,wild,attack_05,harm
The predator wounded the bear during the encounter at the edge of the woods.,0,bear,wild,attack_05,harm
The predator wounded the lynx during the encounter at the edge of the woods.,0,lynx,wild,attack_05,harm
The predator wounded the bobcat during the encounter at the edge of the woods.,0,bobcat,wild,attack_05,harm
The predator wounded the marmot during the encounter at the edge of the woods.,0,marmot,wild,attack_05,harm
The predator wounded the mink during the encounter at the edge of the woods.,0,mink,wild,attack_05,harm
The predator wounded the mole during the encounter at the edge of the woods.,0,mole,wild,attack_05,harm
The predator wounded the vole during the encounter at the edge of the woods.,0,vole,wild,attack_05,harm
The predator wounded the shrew during the encounter at the edge of the woods.,0,shrew,wild,attack_05,harm
The predator wounded the porcupine during the encounter at the edge of the woods.,0,porcupine,wild,attack_05,harm
The predator wounded the skunk during the encounter at the edge of the woods.,0,skunk,wild,attack_05,harm
The predator wounded the chipmunk during the encounter at the edge of the woods.,0,chipmunk,wild,attack_05,harm
The predator wounded the beaver during the encounter at the edge of the woods.,0,beaver,wild,attack_05,harm
The predator wounded the bison during the encounter at the edge of the woods.,0,bison,wild,attack_05,harm
The predator wounded the antelope during the encounter at the edge of the woods.,0,antelope,wild,attack_05,harm
The predator wounded the dingo during the encounter at the edge of the woods.,0,dingo,wild,attack_05,harm
The predator wounded the cougar during the encounter at the edge of the woods.,0,cougar,wild,attack_05,harm
The predator wounded the wolverine during the encounter at the edge of the woods.,0,wolverine,wild,attack_05,harm
The predator wounded the muskrat during the encounter at the edge of the woods.,0,muskrat,wild,attack_05,harm
The predator wounded the lemming during the encounter at the edge of the woods.,0,lemming,wild,attack_05,harm
The predator wounded the fawn during the encounter at the edge of the woods.,0,fawn,wild,attack_05,harm
"Bitten several times, the dog was left bleeding near the fence.",1,dog,companion,attack_06,harm
"Bitten several times, the cat was left bleeding near the fence.",1,cat,companion,attack_06,harm
"Bitten several times, the rabbit was left bleeding near the fence.",1,rabbit,companion,attack_06,harm
"Bitten several times, the puppy was left bleeding near the fence.",1,puppy,companion,attack_06,harm
"Bitten several times, the kitten was left bleeding near the fence.",1,kitten,companion,attack_06,harm
"Bitten several times, the hamster was left bleeding near the fence.",1,hamster,companion,attack_06,harm
"Bitten several times, the ferret was left bleeding near the fence.",1,ferret,companion,attack_06,harm
"Bitten several times, the poodle was left bleeding near the fence.",1,poodle,companion,attack_06,harm
"Bitten several times, the beagle was left bleeding near the fence.",1,beagle,companion,attack_06,harm
"Bitten several times, the terrier was left bleeding near the fence.",1,terrier,companion,attack_06,harm
"Bitten several times, the spaniel was left bleeding near the fence.",1,spaniel,companion,attack_06,harm
"Bitten several times, the labrador was left bleeding near the fence.",1,labrador,companion,attack_06,harm
"Bitten several times, the collie was left bleeding near the fence.",1,collie,companion,attack_06,harm
"Bitten several times, the pug was left bleeding near the fence.",1,pug,companion,attack_06,harm
"Bitten several times, the bulldog was left bleeding near the fence.",1,bulldog,companion,attack_06,harm
"Bitten several times, the retriever was left bleeding near the fence.",1,retriever,companion,attack_06,harm
"Bitten several times, the tomcat was left bleeding near the fence.",1,tomcat,companion,attack_06,harm
"Bitten several times, the gerbil was left bleeding near the fence.",1,gerbil,companion,attack_06,harm
"Bitten several times, the dalmatian was left bleeding near the fence.",1,dalmatian,companion,attack_06,harm
"Bitten several times, the greyhound was left bleeding near the fence.",1,greyhound,companion,attack_06,harm
"Bitten several times, the mastiff was left bleeding near the fence.",1,mastiff,companion,attack_06,harm
"Bitten several times, the corgi was left bleeding near the fence.",1,corgi,companion,attack_06,harm
"Bitten several times, the dachshund was left bleeding near the fence.",1,dachshund,companion,attack_06,harm
"Bitten several times, the chihuahua was left bleeding near the fence.",1,chihuahua,companion,attack_06,harm
"Bitten several times, the husky was left bleeding near the fence.",1,husky,companion,attack_06,harm
"Bitten several times, the rottweiler was left bleeding near the fence.",1,rottweiler,companion,attack_06,harm
"Bitten several times, the papillon was left bleeding near the fence.",1,papillon,companion,attack_06,harm
"Bitten several times, the schnauzer was left bleeding near the fence.",1,schnauzer,companion,attack_06,harm
"Bitten several times, the whippet was left bleeding near the fence.",1,whippet,companion,attack_06,harm
"Bitten several times, the pomeranian was left bleeding near the fence.",1,pomeranian,companion,attack_06,harm
"Bitten several times, the akita was left bleeding near the fence.",1,akita,companion,attack_06,harm
"Bitten several times, the samoyed was left bleeding near the fence.",1,samoyed,companion,attack_06,harm
"Bitten several times, the pekingese was left bleeding near the fence.",1,pekingese,companion,attack_06,harm
"Bitten several times, the lurcher was left bleeding near the fence.",1,lurcher,companion,attack_06,harm
"Bitten several times, the hound was left bleeding near the fence.",1,hound,companion,attack_06,harm
"Bitten several times, the mutt was left bleeding near the fence.",1,mutt,companion,attack_06,harm
"Bitten several times, the tabby was left bleeding near the fence.",1,tabby,companion,attack_06,harm
"Bitten several times, the lapdog was left bleeding near the fence.",1,lapdog,companion,attack_06,harm
"Bitten several times, the kitty was left bleeding near the fence.",1,kitty,companion,attack_06,harm
"Bitten several times, the bunny was left bleeding near the fence.",1,bunny,companion,attack_06,harm
"Bitten several times, the rat was left bleeding near the fence.",0,rat,wild,attack_06,harm
"Bitten several times, the boar was left bleeding near the fence.",0,boar,wild,attack_06,harm
"Bitten several times, the buffalo was left bleeding near the fence.",0,buffalo,wild,attack_06,harm
"Bitten several times, the fox was left bleeding near the fence.",0,fox,wild,attack_06,harm
"Bitten several times, the deer was left bleeding near the fence.",0,deer,wild,attack_06,harm
"Bitten several times, the badger was left bleeding near the fence.",0,badger,wild,attack_06,harm
"Bitten several times, the otter was left bleeding near the fence.",0,otter,wild,attack_06,harm
"Bitten several times, the hare was left bleeding near the fence.",0,hare,wild,attack_06,harm
"Bitten several times, the raccoon was left bleeding near the fence.",0,raccoon,wild,attack_06,harm
"Bitten several times, the squirrel was left bleeding near the fence.",0,squirrel,wild,attack_06,harm
"Bitten several times, the weasel was left bleeding near the fence.",0,weasel,wild,attack_06,harm
"Bitten several times, the coyote was left bleeding near the fence.",0,coyote,wild,attack_06,harm
"Bitten several times, the moose was left bleeding near the fence.",0,moose,wild,attack_06,harm
"Bitten several times, the elk was left bleeding near the fence.",0,elk,wild,attack_06,harm
"Bitten several times, the wolf was left bleeding near the fence.",0,wolf,wild,attack_06,harm
"Bitten several times, the hedgehog was left bleeding near the fence.",0,hedgehog,wild,attack_06,harm
"Bitten several times, the possum was left bleeding near the fence.",0,possum,wild,attack_06,harm
"Bitten several times, the jackal was left bleeding near the fence.",0,jackal,wild,attack_06,harm
"Bitten several times, the stoat was left bleeding near the fence.",0,stoat,wild,attack_06,harm
"Bitten several times, the marten was left bleeding near the fence.",0,marten,wild,attack_06,harm
"Bitten several times, the bear was left bleeding near the fence.",0,bear,wild,attack_06,harm
"Bitten several times, the lynx was left bleeding near the fence.",0,lynx,wild,attack_06,harm
"Bitten several times, the bobcat was left bleeding near the fence.",0,bobcat,wild,attack_06,harm
"Bitten several times, the marmot was left bleeding near the fence.",0,marmot,wild,attack_06,harm
"Bitten several times, the mink was left bleeding near the fence.",0,mink,wild,attack_06,harm
"Bitten several times, the mole was left bleeding near the fence.",0,mole,wild,attack_06,harm
"Bitten several times, the vole was left bleeding near the fence.",0,vole,wild,attack_06,harm
"Bitten several times, the shrew was left bleeding near the fence.",0,shrew,wild,attack_06,harm
"Bitten several times, the porcupine was left bleeding near the fence.",0,porcupine,wild,attack_06,harm
"Bitten several times, the skunk was left bleeding near the fence.",0,skunk,wild,attack_06,harm
"Bitten several times, the chipmunk was left bleeding near the fence.",0,chipmunk,wild,attack_06,harm
"Bitten several times, the beaver was left bleeding near the fence.",0,beaver,wild,attack_06,harm
"Bitten several times, the bison was left bleeding near the fence.",0,bison,wild,attack_06,harm
"Bitten several times, the antelope was left bleeding near the fence.",0,antelope,wild,attack_06,harm
"Bitten several times, the dingo was left bleeding near the fence.",0,dingo,wild,attack_06,harm
"Bitten several times, the cougar was left bleeding near the fence.",0,cougar,wild,attack_06,harm
"Bitten several times, the wolverine was left bleeding near the fence.",0,wolverine,wild,attack_06,harm
"Bitten several times, the muskrat was left bleeding near the fence.",0,muskrat,wild,attack_06,harm
"Bitten several times, the lemming was left bleeding near the fence.",0,lemming,wild,attack_06,harm
"Bitten several times, the fawn was left bleeding near the fence.",0,fawn,wild,attack_06,harm
