statement,label,subject,subject_category,template_id,axis
"In the early morning light, the dog wandered slowly across the meadow.",1,dog,companion,morning_01,neutral
"In the early morning light, the cat wandered slowly across the meadow.",1,cat,companion,morning_01,neutral
"In the early morning light, the rabbit wandered slowly across the meadow.",1,rabbit,companion,morning_01,neutral
"In the early morning light, the puppy wandered slowly across the meadow.",1,puppy,companion,morning_01,neutral
"In the early morning light, the kitten wandered slowly across the meadow.",1,kitten,companion,morning_01,neutral
"In the early morning light, the hamster wandered slowly across the meadow.",1,hamster,companion,morning_01,neutral
"In the early morning light, the ferret wandered slowly across the meadow.",1,ferret,companion,morning_01,neutral
"In the early morning light, the poodle wandered slowly across the meadow.",1,poodle,companion,morning_01,neutral
"In the early morning light, the beagle wandered slowly across the meadow.",1,beagle,companion,morning_01,neutral
"In the early morning light, the terrier wandered slowly across the meadow.",1,terrier,companion,morning_01,neutral
"In the early morning light, the spaniel wandered slowly across the meadow.",1,spaniel,companion,morning_01,neutral
"In the early morning light, the labrador wandered slowly across the meadow.",1,labrador,companion,morning_01,neutral
"In the early morning light, the collie wandered slowly across the meadow.",1,collie,companion,morning_01,neutral
"In the early morning light, the pug wandered slowly across the meadow.",1,pug,companion,morning_01,neutral
"In the early morning light, the bulldog wandered slowly across the meadow.",1,bulldog,companion,morning_01,neutral
"In the early morning light, the retriever wandered slowly across the meadow.",1,retriever,companion,morning_01,neutral
"In the early morning light, the tomcat wandered slowly across the meadow.",1,tomcat,companion,morning_01,neutral
"In the early morning light, the gerbil wandered slowly across the meadow.",1,gerbil,companion,morning_01,neutral
"In the early morning light, the dalmatian wandered slowly across the meadow.",1,dalmatian,companion,morning_01,neutral
"In the early morning light, the greyhound wandered slowly across the meadow.",1,greyhound,companion,morning_01,neutral
"In the early morning light, the pig wandered slowly across the meadow.",0,pig,farmed,morning_01,neutral
"In the early morning light, the cow wandered slowly across the meadow.",0,cow,farmed,morning_01,neutral
"In the early morning light, the chicken wandered slowly across the meadow.",0,chicken,farmed,morning_01,neutral
"In the early morning light, the goat wandered slowly across the meadow.",0,goat,farmed,morning_01,neutral
"In the early morning light, the sheep wandered slowly across the meadow.",0,sheep,farmed,morning_01,neutral
"In the early morning light, the duck wandered slowly across the meadow.",0,duck,farmed,morning_01,neutral
"In the early morning light, the turkey wandered slowly across the meadow.",0,turkey,farmed,morning_01,neutral
"In the early morning light, the hen wandered slowly across the meadow.",0,hen,farmed,morning_01,neutral
"In the early morning light, the rooster wandered slowly across the meadow.",0,rooster,farmed,morning_01,neutral
"In the early morning light, the calf wandered slowly across the meadow.",0,calf,farmed,morning_01,neutral
"In the early morning light, the lamb wandered slowly across the meadow.",0,lamb,farmed,morning_01,neutral
"In the early morning light, the piglet wandered slowly across the meadow.",0,piglet,farmed,morning_01,neutral
"In the early morning light, the ox wandered slowly across the meadow.",0,ox,farmed,morning_01,neutral
"In the early morning light, the donkey wandered slowly across the meadow.",0,donkey,farmed,morning_01,neutral
"In the early morning light, the mule wandered slowly across the meadow.",0,mule,farmed,morning_01,neutral
"In the early morning light, the goose wandered slowly across the meadow.",0,goose,farmed,morning_01,neutral
"In the early morning light, the sow wandered slowly across the meadow.",0,sow,farmed,morning_01,neutral
"In the early morning light, the heifer wandered slowly across the meadow.",0,heifer,farmed,morning_01,neutral
"In the early morning light, the foal wandered slowly across the meadow.",0,foal,farmed,morning_01,neutral
"In the early morning light, the ram wandered slowly across the meadow.",0,ram,farmed,morning_01,neutral
"Just after sunrise, the dog crossed the quiet country lane.",1,dog,companion,morning_02,neutral
"Just after sunrise, the cat crossed the quiet country lane.",1,cat,companion,morning_02,neutral
"Just after sunrise, the rabbit crossed the quiet country lane.",1,rabbit,companion,morning_02,neutral
"Just after sunrise, the puppy crossed the quiet country lane.",1,puppy,companion,morning_02,neutral
"Just after sunrise, the kitten crossed the quiet country lane.",1,kitten,companion,morning_02,neutral
"Just after sunrise, the hamster crossed the quiet country lane.",1,hamster,companion,morning_02,neutral
"Just after sunrise, the ferret crossed the quiet country lane.",1,ferret,companion,morning_02,neutral
"Just after sunrise, the poodle crossed the quiet country lane.",1,poodle,companion,morning_02,neutral
"Just after sunrise, the beagle crossed the quiet country lane.",1,beagle,companion,morning_02,neutral
"Just after sunrise, the terrier crossed the quiet country lane.",1,terrier,companion,morning_02,neutral
"Just after sunrise, the spaniel crossed the quiet country lane.",1,spaniel,companion,morning_02,neutral
"Just after sunrise, the labrador crossed the quiet country lane.",1,labrador,companion,morning_02,neutral
"Just after sunrise, the collie crossed the quiet country lane.",1,collie,companion,morning_02,neutral
"Just after sunrise, the pug crossed the quiet country lane.",1,pug,companion,morning_02,neutral
"Just after sunrise, the bulldog crossed the quiet country lane.",1,bulldog,companion,morning_02,neutral
"Just after sunrise, the retriever crossed the quiet country lane.",1,retriever,companion,morning_02,neutral
"Just after sunrise, the tomcat crossed the quiet country lane.",1,tomcat,companion,morning_02,neutral
"Just after sunrise, the gerbil crossed the quiet country lane.",1,gerbil,companion,morning_02,neutral
"Just after sunrise, the dalmatian crossed the quiet country lane.",1,dalmatian,companion,morning_02,neutral
"Just after sunrise, the greyhound crossed the quiet country lane.",1,greyhound,companion,morning_02,neutral
"Just after sunrise, the pig crossed the quiet country lane.",0,pig,farmed,morning_02,neutral
"Just after sunrise, the cow crossed the quiet country lane.",0,cow,farmed,morning_02,neutral
"Just after sunrise, the chicken crossed the quiet country lane.",0,chicken,farmed,morning_02,neutral
"Just after sunrise, the goat crossed the quiet country lane.",0,goat,farmed,morning_02,neutral
"Just after sunrise, the sheep crossed the quiet country lane.",0,sheep,farmed,morning_02,neutral
"Just after sunrise, the duck crossed the quiet country lane.",0,duck,farmed,morning_02,neutral
"Just after sunrise, the turkey crossed the quiet country lane.",0,turkey,farmed,morning_02,neutral
"Just after sunrise, the hen crossed the quiet country lane.",0,hen,farmed,morning_02,neutral
"Just after sunrise, the rooster crossed the quiet country lane.",0,rooster,farmed,morning_02,neutral
"Just after sunrise, the calf crossed the quiet country lane.",0,calf,farmed,morning_02,neutral
"Just after sunrise, the lamb crossed the quiet country lane.",0,lamb,farmed,morning_02,neutral
"Just after sunrise, the piglet crossed the quiet country lane.",0,piglet,farmed,morning_02,neutral
"Just after sunrise, the ox crossed the quiet country lane.",0,ox,farmed,morning_02,neutral
"Just after sunrise, the donkey crossed the quiet country lane.",0,donkey,farmed,morning_02,neutral
"Just after sunrise, the mule crossed the quiet country lane.",0,mule,farmed,morning_02,neutral
"Just after sunrise, the goose crossed the quiet country lane.",0,goose,farmed,morning_02,neutral
"Just after sunrise, the sow crossed the quiet country lane.",0,sow,farmed,morning_02,neutral
"Just after sunrise, the heifer crossed the quiet country lane.",0,heifer,farmed,morning_02,neutral
"Just after sunrise, the foal crossed the quiet country lane.",0,foal,farmed,morning_02,neutral
"Just after sunrise, the ram crossed the quiet country lane.",0,ram,farmed,morning_02,neutral
"Before the household woke, the dog was already out in the yard.",1,dog,companion,morning_03,neutral
"Before the household woke, the cat was already out in the yard.",1,cat,companion,morning_03,neutral
"Before the household woke, the rabbit was already out in the yard.",1,rabbit,companion,morning_03,neutral
"Before the household woke, the puppy was already out in the yard.",1,puppy,companion,morning_03,neutral
"Before the household woke, the kitten was already out in the yard.",1,kitten,companion,morning_03,neutral
"Before the household woke, the hamster was already out in the yard.",1,hamster,companion,morning_03,neutral
"Before the household woke, the ferret was already out in the yard.",1,ferret,companion,morning_03,neutral
"Before the household woke, the poodle was already out in the yard.",1,poodle,companion,morning_03,neutral
"Before the household woke, the beagle was already out in the yard.",1,beagle,companion,morning_03,neutral
"Before the household woke, the terrier was already out in the yard.",1,terrier,companion,morning_03,neutral
"Before the household woke, the spaniel was already out in the yard.",1,spaniel,companion,morning_03,neutral
"Before the household woke, the labrador was already out in the yard.",1,labrador,companion,morning_03,neutral
"Before the household woke, the collie was already out in the yard.",1,collie,companion,morning_03,neutral
"Before the household woke, the pug was already out in the yard.",1,pug,companion,morning_03,neutral
"Before the household woke, the bulldog was already out in the yard.",1,bulldog,companion,morning_03,neutral
"Before the household woke, the retriever was already out in the yard.",1,retriever,companion,morning_03,neutral
"Before the household woke, the tomcat was already out in the yard.",1,tomcat,companion,morning_03,neutral
"Before the household woke, the gerbil was already out in the yard.",1,gerbil,companion,morning_03,neutral
"Before the household woke, the dalmatian was already out in the yard.",1,dalmatian,companion,morning_03,neutral
"Before the household woke, the greyhound was already out in the yard.",1,greyhound,companion,morning_03,neutral
"Before the household woke, the pig was already out in the yard.",0,pig,farmed,morning_03,neutral
"Before the household woke, the cow was already out in the yard.",0,cow,farmed,morning_03,neutral
"Before the household woke, the chicken was already out in the yard.",0,chicken,farmed,morning_03,neutral
"Before the household woke, the goat was already out in the yard.",0,goat,farmed,morning_03,neutral
"Before the household woke, the sheep was already out in the yard.",0,sheep,farmed,morning_03,neutral
"Before the household woke, the duck was already out in the yard.",0,duck,farmed,morning_03,neutral
"Before the household woke, the turkey was already out in the yard.",0,turkey,farmed,morning_03,neutral
"Before the household woke, the hen was already out in the yard.",0,hen,farmed,morning_03,neutral
"Before the household woke, the rooster was already out in the yard.",0,rooster,farmed,morning_03,neutral
"Before the household woke, the calf was already out in the yard.",0,calf,farmed,morning_03,neutral
"Before the household woke, the lamb was already out in the yard.",0,lamb,farmed,morning_03,neutral
"Before the household woke, the piglet was already out in the yard.",0,piglet,farmed,morning_03,neutral
"Before the household woke, the ox was already out in the yard.",0,ox,farmed,morning_03,neutral
"Before the household woke, the donkey was already out in the yard.",0,donkey,farmed,morning_03,neutral
"Before the household woke, the mule was already out in the yard.",0,mule,farmed,morning_03,neutral
"Before the household woke, the goose was already out in the yard.",0,goose,farmed,morning_03,neutral
"Before the household woke, the sow was already out in the yard.",0,sow,farmed,morning_03,neutral
"Before the household woke, the heifer was already out in the yard.",0,heifer,farmed,morning_03,neutral
"Before the household woke, the foal was already out in the yard.",0,foal,farmed,morning_03,neutral
"Before the household woke, the ram was already out in the yard.",0,ram,farmed,morning_03,neutral
"At first light, the dog appeared at the edge of the orchard.",1,dog,companion,morning_04,neutral
"At first light, the cat appeared at the edge of the orchard.",1,cat,companion,morning_04,neutral
"At first light, the rabbit appeared at the edge of the orchard.",1,rabbit,companion,morning_04,neutral
"At first light, the puppy appeared at the edge of the orchard.",1,puppy,companion,morning_04,neutral
"At first light, the kitten appeared at the edge of the orchard.",1,kitten,companion,morning_04,neutral
"At first light, the hamster appeared at the edge of the orchard.",1,hamster,companion,morning_04,neutral
"At first light, the ferret appeared at the edge of the orchard.",1,ferret,companion,morning_04,neutral
"At first light, the poodle appeared at the edge of the orchard.",1,poodle,companion,morning_04,neutral
"At first light, the beagle appeared at the edge of the orchard.",1,beagle,companion,morning_04,neutral
"At first light, the terrier appeared at the edge of the orchard.",1,terrier,companion,morning_04,neutral
"At first light, the spaniel appeared at the edge of the orchard.",1,spaniel,companion,morning_04,neutral
"At first light, the labrador appeared at the edge of the orchard.",1,labrador,companion,morning_04,neutral
"At first light, the collie appeared at the edge of the orchard.",1,collie,companion,morning_04,neutral
"At first light, the pug appeared at the edge of the orchard.",1,pug,companion,morning_04,neutral
"At first light, the bulldog appeared at the edge of the orchard.",1,bulldog,companion,morning_04,neutral
"At first light, the retriever appeared at the edge of the orchard.",1,retriever,companion,morning_04,neutral
"At first light, the tomcat appeared at the edge of the orchard.",1,tomcat,companion,morning_04,neutral
"At first light, the gerbil appeared at the edge of the orchard.",1,gerbil,companion,morning_04,neutral
"At first light, the dalmatian appeared at the edge of the orchard.",1,dalmatian,companion,morning_04,neutral
"At first light, the greyhound appeared at the edge of the orchard.",1,greyhound,companion,morning_04,neutral
"At first light, the pig appeared at the edge of the orchard.",0,pig,farmed,morning_04,neutral
"At first light, the cow appeared at the edge of the orchard.",0,cow,farmed,morning_04,neutral
"At first light, the chicken appeared at the edge of the orchard.",0,chicken,farmed,morning_04,neutral
"At first light, the goat appeared at the edge of the orchard.",0,goat,farmed,morning_04,neutral
"At first light, the sheep appeared at the edge of the orchard.",0,sheep,farmed,morning_04,neutral
"At first light, the duck appeared at the edge of the orchard.",0,duck,farmed,morning_04,neutral
"At first light, the turkey appeared at the edge of the orchard.",0,turkey,farmed,morning_04,neutral
"At first light, the hen appeared at the edge of the orchard.",0,hen,farmed,morning_04,neutral
"At first light, the rooster appeared at the edge of the orchard.",0,rooster,farmed,morning_04,neutral
"At first light, the calf appeared at the edge of the orchard.",0,calf,farmed,morning_04,neutral
"At first light, the lamb appeared at the edge of the orchard.",0,lamb,farmed,morning_04,neutral
"At first light, the piglet appeared at the edge of the orchard.",0,piglet,farmed,morning_04,neutral
"At first light, the ox appeared at the edge of the orchard.",0,ox,farmed,morning_04,neutral
"At first light, the donkey appeared at the edge of the orchard.",0,donkey,farmed,morning_04,neutral
"At first light, the mule appeared at the edge of the orchard.",0,mule,farmed,morning_04,neutral
"At first light, the goose appeared at the edge of the orchard.",0,goose,farmed,morning_04,neutral
"At first light, the sow appeared at the edge of the orchard.",0,sow,farmed,morning_04,neutral
"At first light, the heifer appeared at the edge of the orchard.",0,heifer,farmed,morning_04,neutral
"At first light, the foal appeared at the edge of the orchard.",0,foal,farmed,morning_04,neutral
"At first light, the ram appeared at the edge of the orchard.",0,ram,farmed,morning_04,neutral
"Under the shade of the old oak, the dog rested through the warm afternoon.",1,dog,companion,rest_01,neutral
"Under the shade of the old oak, the cat rested through the warm afternoon.",1,cat,companion,rest_01,neutral
"Under the shade of the old oak, the rabbit rested through the warm afternoon.",1,rabbit,companion,rest_01,neutral
"Under the shade of the old oak, the puppy rested through the warm afternoon.",1,puppy,companion,rest_01,neutral
"Under the shade of the old oak, the kitten rested through the warm afternoon.",1,kitten,companion,rest_01,neutral
"Under the shade of the old oak, the hamster rested through the warm afternoon.",1,hamster,companion,rest_01,neutral
"Under the shade of the old oak, the ferret rested through the warm afternoon.",1,ferret,companion,rest_01,neutral
"Under the shade of the old oak, the poodle rested through the warm afternoon.",1,poodle,companion,rest_01,neutral
"Under the shade of the old oak, the beagle rested through the warm afternoon.",1,beagle,companion,rest_01,neutral
"Under the shade of the old oak, the terrier rested through the warm afternoon.",1,terrier,companion,rest_01,neutral
"Under the shade of the old oak, the spaniel rested through the warm afternoon.",1,spaniel,companion,rest_01,neutral
"Under the shade of the old oak, the labrador rested through the warm afternoon.",1,labrador,companion,rest_01,neutral
"Under the shade of the old oak, the collie rested through the warm afternoon.",1,collie,companion,rest_01,neutral
"Under the shade of the old oak, the pug rested through the warm afternoon.",1,pug,companion,rest_01,neutral
"Under the shade of the old oak, the bulldog rested through the warm afternoon.",1,bulldog,companion,rest_01,neutral
"Under the shade of the old oak, the retriever rested through the warm afternoon.",1,retriever,companion,rest_01,neutral
"Under the shade of the old oak, the tomcat rested through the warm afternoon.",1,tomcat,companion,rest_01,neutral
"Under the shade of the old oak, the gerbil rested through the warm afternoon.",1,gerbil,companion,rest_01,neutral
"Under the shade of the old oak, the dalmatian rested through the warm afternoon.",1,dalmatian,companion,rest_01,neutral
"Under the shade of the old oak, the greyhound rested through the warm afternoon.",1,greyhound,companion,rest_01,neutral
"Under the shade of the old oak, the pig rested through the warm afternoon.",0,pig,farmed,rest_01,neutral
"Under the shade of the old oak, the cow rested through the warm afternoon.",0,cow,farmed,rest_01,neutral
"Under the shade of the old oak, the chicken rested through the warm afternoon.",0,chicken,farmed,rest_01,neutral
"Under the shade of the old oak, the goat rested through the warm afternoon.",0,goat,farmed,rest_01,neutral
"Under the shade of the old oak, the sheep rested through the warm afternoon.",0,sheep,farmed,rest_01,neutral
"Under the shade of the old oak, the duck rested through the warm afternoon.",0,duck,farmed,rest_01,neutral
"Under the shade of the old oak, the turkey rested through the warm afternoon.",0,turkey,farmed,rest_01,neutral
"Under the shade of the old oak, the hen rested through the warm afternoon.",0,hen,farmed,rest_01,neutral
"Under the shade of the old oak, the rooster rested through the warm afternoon.",0,rooster,farmed,rest_01,neutral
"Under the shade of the old oak, the calf rested through the warm afternoon.",0,calf,farmed,rest_01,neutral
"Under the shade of the old oak, the lamb rested through the warm afternoon.",0,lamb,farmed,rest_01,neutral
"Under the shade of the old oak, the piglet rested through the warm afternoon.",0,piglet,farmed,rest_01,neutral
"Under the shade of the old oak, the ox rested through the warm afternoon.",0,ox,farmed,rest_01,neutral
"Under the shade of the old oak, the donkey rested through the warm afternoon.",0,donkey,farmed,rest_01,neutral
"Under the shade of the old oak, the mule rested through the warm afternoon.",0,mule,farmed,rest_01,neutral
"Under the shade of the old oak, the goose rested through the warm afternoon.",0,goose,farmed,rest_01,neutral
"Under the shade of the old oak, the sow rested through the warm afternoon.",0,sow,farmed,rest_01,neutral
"Under the shade of the old oak, the heifer rested through the warm afternoon.",0,heifer,farmed,rest_01,neutral
"Under the shade of the old oak, the foal rested through the warm afternoon.",0,foal,farmed,rest_01,neutral
"Under the shade of the old oak, the ram rested through the warm afternoon.",0,ram,farmed,rest_01,neutral
"For most of the morning, the dog dozed near the barn door.",1,dog,companion,rest_02,neutral
"For most of the morning, the cat dozed near the barn door.",1,cat,companion,rest_02,neutral
"For most of the morning, the rabbit dozed near the barn door.",1,rabbit,companion,rest_02,neutral
"For most of the morning, the puppy dozed near the barn door.",1,puppy,companion,rest_02,neutral
"For most of the morning, the kitten dozed near the barn door.",1,kitten,companion,rest_02,neutral
"For most of the morning, the hamster dozed near the barn door.",1,hamster,companion,rest_02,neutral
"For most of the morning, the ferret dozed near the barn door.",1,ferret,companion,rest_02,neutral
"For most of the morning, the poodle dozed near the barn door.",1,poodle,companion,rest_02,neutral
"For most of the morning, the beagle dozed near the barn door.",1,beagle,companion,rest_02,neutral
"For most of the morning, the terrier dozed near the barn door.",1,terrier,companion,rest_02,neutral
"For most of the morning, the spaniel dozed near the barn door.",1,spaniel,companion,rest_02,neutral
"For most of the morning, the labrador dozed near the barn door.",1,labrador,companion,rest_02,neutral
"For most of the morning, the collie dozed near the barn door.",1,collie,companion,rest_02,neutral
"For most of the morning, the pug dozed near the barn door.",1,pug,companion,rest_02,neutral
"For most of the morning, the bulldog dozed near the barn door.",1,bulldog,companion,rest_02,neutral
"For most of the morning, the retriever dozed near the barn door.",1,retriever,companion,rest_02,neutral
"For most of the morning, the tomcat dozed near the barn door.",1,tomcat,companion,rest_02,neutral
"For most of the morning, the gerbil dozed near the barn door.",1,gerbil,companion,rest_02,neutral
"For most of the morning, the dalmatian dozed near the barn door.",1,dalmatian,companion,rest_02,neutral
"For most of the morning, the greyhound dozed near the barn door.",1,greyhound,companion,rest_02,neutral
"For most of the morning, the pig dozed near the barn door.",0,pig,farmed,rest_02,neutral
"For most of the morning, the cow dozed near the barn door.",0,cow,farmed,rest_02,neutral
"For most of the morning, the chicken dozed near the barn door.",0,chicken,farmed,rest_02,neutral
"For most of the morning, the goat dozed near the barn door.",0,goat,farmed,rest_02,neutral
"For most of the morning, the sheep dozed near the barn door.",0,sheep,farmed,rest_02,neutral
"For most of the morning, the duck dozed near the barn door.",0,duck,farmed,rest_02,neutral
"For most of the morning, the turkey dozed near the barn door.",0,turkey,farmed,rest_02,neutral
"For most of the morning, the hen dozed near the barn door.",0,hen,farmed,rest_02,neutral
"For most of the morning, the rooster dozed near the barn door.",0,rooster,farmed,rest_02,neutral
"For most of the morning, the calf dozed near the barn door.",0,calf,farmed,rest_02,neutral
"For most of the morning, the lamb dozed near the barn door.",0,lamb,farmed,rest_02,neutral
"For most of the morning, the piglet dozed near the barn door.",0,piglet,farmed,rest_02,neutral
"For most of the morning, the ox dozed near the barn door.",0,ox,farmed,rest_02,neutral
"For most of the morning, the donkey dozed near the barn door.",0,donkey,farmed,rest_02,neutral
"For most of the morning, the mule dozed near the barn door.",0,mule,farmed,rest_02,neutral
"For most of the morning, the goose dozed near the barn door.",0,goose,farmed,rest_02,neutral
"For most of the morning, the sow dozed near the barn door.",0,sow,farmed,rest_02,neutral
"For most of the morning, the heifer dozed near the barn door.",0,heifer,farmed,rest_02,neutral
"For most of the morning, the foal dozed near the barn door.",0,foal,farmed,rest_02,neutral
"For most of the morning, the ram dozed near the barn door.",0,ram,farmed,rest_02,neutral
"In the corner of the yard, the dog settled down for a quiet nap.",1,dog,companion,rest_03,neutral
"In the corner of the yard, the cat settled down for a quiet nap.",1,cat,companion,rest_03,neutral
"In the corner of the yard, the rabbit settled down for a quiet nap.",1,rabbit,companion,rest_03,neutral
"In the corner of the yard, the puppy settled down for a quiet nap.",1,puppy,companion,rest_03,neutral
"In the corner of the yard, the kitten settled down for a quiet nap.",1,kitten,companion,rest_03,neutral
"In the corner of the yard, the hamster settled down for a quiet nap.",1,hamster,companion,rest_03,neutral
"In the corner of the yard, the ferret settled down for a quiet nap.",1,ferret,companion,rest_03,neutral
"In the corner of the yard, the poodle settled down for a quiet nap.",1,poodle,companion,rest_03,neutral
"In the corner of the yard, the beagle settled down for a quiet nap.",1,beagle,companion,rest_03,neutral
"In the corner of the yard, the terrier settled down for a quiet nap.",1,terrier,companion,rest_03,neutral
"In the corner of the yard, the spaniel settled down for a quiet nap.",1,spaniel,companion,rest_03,neutral
"In the corner of the yard, the labrador settled down for a quiet nap.",1,labrador,companion,rest_03,neutral
"In the corner of the yard, the collie settled down for a quiet nap.",1,collie,companion,rest_03,neutral
"In the corner of the yard, the pug settled down for a quiet nap.",1,pug,companion,rest_03,neutral
"In the corner of the yard, the bulldog settled down for a quiet nap.",1,bulldog,companion,rest_03,neutral
"In the corner of the yard, the retriever settled down for a quiet nap.",1,retriever,companion,rest_03,neutral
"In the corner of the yard, the tomcat settled down for a quiet nap.",1,tomcat,companion,rest_03,neutral
"In the corner of the yard, the gerbil settled down for a quiet nap.",1,gerbil,companion,rest_03,neutral
"In the corner of the yard, the dalmatian settled down for a quiet nap.",1,dalmatian,companion,rest_03,neutral
"In the corner of the yard, the greyhound settled down for a quiet nap.",1,greyhound,companion,rest_03,neutral
"In the corner of the yard, the pig settled down for a quiet nap.",0,pig,farmed,rest_03,neutral
"In the corner of the yard, the cow settled down for a quiet nap.",0,cow,farmed,rest_03,neutral
"In the corner of the yard, the chicken settled down for a quiet nap.",0,chicken,farmed,rest_03,neutral
"In the corner of the yard, the goat settled down for a quiet nap.",0,goat,farmed,rest_03,neutral
"In the corner of the yard, the sheep settled down for a quiet nap.",0,sheep,farmed,rest_03,neutral
"In the corner of the yard, the duck settled down for a quiet nap.",0,duck,farmed,rest_03,neutral
"In the corner of the yard, the turkey settled down for a quiet nap.",0,turkey,farmed,rest_03,neutral
"In the corner of the yard, the hen settled down for a quiet nap.",0,hen,farmed,rest_03,neutral
"In the corner of the yard, the rooster settled down for a quiet nap.",0,rooster,farmed,rest_03,neutral
"In the corner of the yard, the calf settled down for a quiet nap.",0,calf,farmed,rest_03,neutral
"In the corner of the yard, the lamb settled down for a quiet nap.",0,lamb,farmed,rest_03,neutral
"In the corner of the yard, the piglet settled down for a quiet nap.",0,piglet,farmed,rest_03,neutral
"In the corner of the yard, the ox settled down for a quiet nap.",0,ox,farmed,rest_03,neutral
"In the corner of the yard, the donkey settled down for a quiet nap.",0,donkey,farmed,rest_03,neutral
"In the corner of the yard, the mule settled down for a quiet nap.",0,mule,farmed,rest_03,neutral
"In the corner of the yard, the goose settled down for a quiet nap.",0,goose,farmed,rest_03,neutral
"In the corner of the yard, the sow settled down for a quiet nap.",0,sow,farmed,rest_03,neutral
"In the corner of the yard, the heifer settled down for a quiet nap.",0,heifer,farmed,rest_03,neutral
"In the corner of the yard, the foal settled down for a quiet nap.",0,foal,farmed,rest_03,neutral
"In the corner of the yard, the ram settled down for a quiet nap.",0,ram,farmed,rest_03,neutral
"After the long walk, the dog rested calmly by the gate.",1,dog,companion,rest_04,neutral
"After the long walk, the cat rested calmly by the gate.",1,cat,companion,rest_04,neutral
"After the long walk, the rabbit rested calmly by the gate.",1,rabbit,companion,rest_04,neutral
"After the long walk, the puppy rested calmly by the gate.",1,puppy,companion,rest_04,neutral
"After the long walk, the kitten rested calmly by the gate.",1,kitten,companion,rest_04,neutral
"After the long walk, the hamster rested calmly by the gate.",1,hamster,companion,rest_04,neutral
"After the long walk, the ferret rested calmly by the gate.",1,ferret,companion,rest_04,neutral
"After the long walk, the poodle rested calmly by the gate.",1,poodle,companion,rest_04,neutral
"After the long walk, the beagle rested calmly by the gate.",1,beagle,companion,rest_04,neutral
"After the long walk, the terrier rested calmly by the gate.",1,terrier,companion,rest_04,neutral
"After the long walk, the spaniel rested calmly by the gate.",1,spaniel,companion,rest_04,neutral
"After the long walk, the labrador rested calmly by the gate.",1,labrador,companion,rest_04,neutral
"After the long walk, the collie rested calmly by the gate.",1,collie,companion,rest_04,neutral
"After the long walk, the pug rested calmly by the gate.",1,pug,companion,rest_04,neutral
"After the long walk, the bulldog rested calmly by the gate.",1,bulldog,companion,rest_04,neutral
"After the long walk, the retriever rested calmly by the gate.",1,retriever,companion,rest_04,neutral
"After the long walk, the tomcat rested calmly by the gate.",1,tomcat,companion,rest_04,neutral
"After the long walk, the gerbil rested calmly by the gate.",1,gerbil,companion,rest_04,neutral
"After the long walk, the dalmatian rested calmly by the gate.",1,dalmatian,companion,rest_04,neutral
"After the long walk, the greyhound rested calmly by the gate.",1,greyhound,companion,rest_04,neutral
"After the long walk, the pig rested calmly by the gate.",0,pig,farmed,rest_04,neutral
"After the long walk, the cow rested calmly by the gate.",0,cow,farmed,rest_04,neutral
"After the long walk, the chicken rested calmly by the gate.",0,chicken,farmed,rest_04,neutral
"After the long walk, the goat rested calmly by the gate.",0,goat,farmed,rest_04,neutral
"After the long walk, the sheep rested calmly by the gate.",0,sheep,farmed,rest_04,neutral
"After the long walk, the duck rested calmly by the gate.",0,duck,farmed,rest_04,neutral
"After the long walk, the turkey rested calmly by the gate.",0,turkey,farmed,rest_04,neutral
"After the long walk, the hen rested calmly by the gate.",0,hen,farmed,rest_04,neutral
"After the long walk, the rooster rested calmly by the gate.",0,rooster,farmed,rest_04,neutral
"After the long walk, the calf rested calmly by the gate.",0,calf,farmed,rest_04,neutral
"After the long walk, the lamb rested calmly by the gate.",0,lamb,farmed,rest_04,neutral
"After the long walk, the piglet rested calmly by the gate.",0,piglet,farmed,rest_04,neutral
"After the long walk, the ox rested calmly by the gate.",0,ox,farmed,rest_04,neutral
"After the long walk, the donkey rested calmly by the gate.",0,donkey,farmed,rest_04,neutral
"After the long walk, the mule rested calmly by the gate.",0,mule,farmed,rest_04,neutral
"After the long walk, the goose rested calmly by the gate.",0,goose,farmed,rest_04,neutral
"After the long walk, the sow rested calmly by the gate.",0,sow,farmed,rest_04,neutral
"After the long walk, the heifer rested calmly by the gate.",0,heifer,farmed,rest_04,neutral
"After the long walk, the foal rested calmly by the gate.",0,foal,farmed,rest_04,neutral
"After the long walk, the ram rested calmly by the gate.",0,ram,farmed,rest_04,neutral
"At the edge of the garden, the dog paused to eat in the shade.",1,dog,companion,eat_01,neutral
"At the edge of the garden, the cat paused to eat in the shade.",1,cat,companion,eat_01,neutral
"At the edge of the garden, the rabbit paused to eat in the shade.",1,rabbit,companion,eat_01,neutral
"At the edge of the garden, the puppy paused to eat in the shade.",1,puppy,companion,eat_01,neutral
"At the edge of the garden, the kitten paused to eat in the shade.",1,kitten,companion,eat_01,neutral
"At the edge of the garden, the hamster paused to eat in the shade.",1,hamster,companion,eat_01,neutral
"At the edge of the garden, the ferret paused to eat in the shade.",1,ferret,companion,eat_01,neutral
"At the edge of the garden, the poodle paused to eat in the shade.",1,poodle,companion,eat_01,neutral
"At the edge of the garden, the beagle paused to eat in the shade.",1,beagle,companion,eat_01,neutral
"At the edge of the garden, the terrier paused to eat in the shade.",1,terrier,companion,eat_01,neutral
"At the edge of the garden, the spaniel paused to eat in the shade.",1,spaniel,companion,eat_01,neutral
"At the edge of the garden, the labrador paused to eat in the shade.",1,labrador,companion,eat_01,neutral
"At the edge of the garden, the collie paused to eat in the shade.",1,collie,companion,eat_01,neutral
"At the edge of the garden, the pug paused to eat in the shade.",1,pug,companion,eat_01,neutral
"At the edge of the garden, the bulldog paused to eat in the shade.",1,bulldog,companion,eat_01,neutral
"At the edge of the garden, the retriever paused to eat in the shade.",1,retriever,companion,eat_01,neutral
"At the edge of the garden, the tomcat paused to eat in the shade.",1,tomcat,companion,eat_01,neutral
"At the edge of the garden, the gerbil paused to eat in the shade.",1,gerbil,companion,eat_01,neutral
"At the edge of the garden, the dalmatian paused to eat in the shade.",1,dalmatian,companion,eat_01,neutral
"At the edge of the garden, the greyhound paused to eat in the shade.",1,greyhound,companion,eat_01,neutral
"At the edge of the garden, the pig paused to eat in the shade.",0,pig,farmed,eat_01,neutral
"At the edge of the garden, the cow paused to eat in the shade.",0,cow,farmed,eat_01,neutral
"At the edge of the garden, the chicken paused to eat in the shade.",0,chicken,farmed,eat_01,neutral
"At the edge of the garden, the goat paused to eat in the shade.",0,goat,farmed,eat_01,neutral
"At the edge of the garden, the sheep paused to eat in the shade.",0,sheep,farmed,eat_01,neutral
"At the edge of the garden, the duck paused to eat in the shade.",0,duck,farmed,eat_01,neutral
"At the edge of the garden, the turkey paused to eat in the shade.",0,turkey,farmed,eat_01,neutral
"At the edge of the garden, the hen paused to eat in the shade.",0,hen,farmed,eat_01,neutral
"At the edge of the garden, the rooster paused to eat in the shade.",0,rooster,farmed,eat_01,neutral
"At the edge of the garden, the calf paused to eat in the shade.",0,calf,farmed,eat_01,neutral
"At the edge of the garden, the lamb paused to eat in the shade.",0,lamb,farmed,eat_01,neutral
"At the edge of the garden, the piglet paused to eat in the shade.",0,piglet,farmed,eat_01,neutral
"At the edge of the garden, the ox paused to eat in the shade.",0,ox,farmed,eat_01,neutral
"At the edge of the garden, the donkey paused to eat in the shade.",0,donkey,farmed,eat_01,neutral
"At the edge of the garden, the mule paused to eat in the shade.",0,mule,farmed,eat_01,neutral
"At the edge of the garden, the goose paused to eat in the shade.",0,goose,farmed,eat_01,neutral
"At the edge of the garden, the sow paused to eat in the shade.",0,sow,farmed,eat_01,neutral
"At the edge of the garden, the heifer paused to eat in the shade.",0,heifer,farmed,eat_01,neutral
"At the edge of the garden, the foal paused to eat in the shade.",0,foal,farmed,eat_01,neutral
"At the edge of the garden, the ram paused to eat in the shade.",0,ram,farmed,eat_01,neutral
"Around noon, the dog stopped by the stream for a drink of water.",1,dog,companion,eat_02,neutral
"Around noon, the cat stopped by the stream for a drink of water.",1,cat,companion,eat_02,neutral
"Around noon, the rabbit stopped by the stream for a drink of water.",1,rabbit,companion,eat_02,neutral
"Around noon, the puppy stopped by the stream for a drink of water.",1,puppy,companion,eat_02,neutral
"Around noon, the kitten stopped by the stream for a drink of water.",1,kitten,companion,eat_02,neutral
"Around noon, the hamster stopped by the stream for a drink of water.",1,hamster,companion,eat_02,neutral
"Around noon, the ferret stopped by the stream for a drink of water.",1,ferret,companion,eat_02,neutral
"Around noon, the poodle stopped by the stream for a drink of water.",1,poodle,companion,eat_02,neutral
"Around noon, the beagle stopped by the stream for a drink of water.",1,beagle,companion,eat_02,neutral
"Around noon, the terrier stopped by the stream for a drink of water.",1,terrier,companion,eat_02,neutral
"Around noon, the spaniel stopped by the stream for a drink of water.",1,spaniel,companion,eat_02,neutral
"Around noon, the labrador stopped by the stream for a drink of water.",1,labrador,companion,eat_02,neutral
"Around noon, the collie stopped by the stream for a drink of water.",1,collie,companion,eat_02,neutral
"Around noon, the pug stopped by the stream for a drink of water.",1,pug,companion,eat_02,neutral
"Around noon, the bulldog stopped by the stream for a drink of water.",1,bulldog,companion,eat_02,neutral
"Around noon, the retriever stopped by the stream for a drink of water.",1,retriever,companion,eat_02,neutral
"Around noon, the tomcat stopped by the stream for a drink of water.",1,tomcat,companion,eat_02,neutral
"Around noon, the gerbil stopped by the stream for a drink of water.",1,gerbil,companion,eat_02,neutral
"Around noon, the dalmatian stopped by the stream for a drink of water.",1,dalmatian,companion,eat_02,neutral
"Around noon, the greyhound stopped by the stream for a drink of water.",1,greyhound,companion,eat_02,neutral
"Around noon, the pig stopped by the stream for a drink of water.",0,pig,farmed,eat_02,neutral
"Around noon, the cow stopped by the stream for a drink of water.",0,cow,farmed,eat_02,neutral
"Around noon, the chicken stopped by the stream for a drink of water.",0,chicken,farmed,eat_02,neutral
"Around noon, the goat stopped by the stream for a drink of water.",0,goat,farmed,eat_02,neutral
"Around noon, the sheep stopped by the stream for a drink of water.",0,sheep,farmed,eat_02,neutral
"Around noon, the duck stopped by the stream for a drink of water.",0,duck,farmed,eat_02,neutral
"Around noon, the turkey stopped by the stream for a drink of water.",0,turkey,farmed,eat_02,neutral
"Around noon, the hen stopped by the stream for a drink of water.",0,hen,farmed,eat_02,neutral
"Around noon, the rooster stopped by the stream for a drink of water.",0,rooster,farmed,eat_02,neutral
"Around noon, the calf stopped by the stream for a drink of water.",0,calf,farmed,eat_02,neutral
"Around noon, the lamb stopped by the stream for a drink of water.",0,lamb,farmed,eat_02,neutral
"Around noon, the piglet stopped by the stream for a drink of water.",0,piglet,farmed,eat_02,neutral
"Around noon, the ox stopped by the stream for a drink of water.",0,ox,farmed,eat_02,neutral
"Around noon, the donkey stopped by the stream for a drink of water.",0,donkey,farmed,eat_02,neutral
"Around noon, the mule stopped by the stream for a drink of water.",0,mule,farmed,eat_02,neutral
"Around noon, the goose stopped by the stream for a drink of water.",0,goose,farmed,eat_02,neutral
"Around noon, the sow stopped by the stream for a drink of water.",0,sow,farmed,eat_02,neutral
"Around noon, the heifer stopped by the stream for a drink of water.",0,heifer,farmed,eat_02,neutral
"Around noon, the foal stopped by the stream for a drink of water.",0,foal,farmed,eat_02,neutral
"Around noon, the ram stopped by the stream for a drink of water.",0,ram,farmed,eat_02,neutral
"During the afternoon, the dog ate slowly beside the fence.",1,dog,companion,eat_03,neutral
"During the afternoon, the cat ate slowly beside the fence.",1,cat,companion,eat_03,neutral
"During the afternoon, the rabbit ate slowly beside the fence.",1,rabbit,companion,eat_03,neutral
"During the afternoon, the puppy ate slowly beside the fence.",1,puppy,companion,eat_03,neutral
"During the afternoon, the kitten ate slowly beside the fence.",1,kitten,companion,eat_03,neutral
"During the afternoon, the hamster ate slowly beside the fence.",1,hamster,companion,eat_03,neutral
"During the afternoon, the ferret ate slowly beside the fence.",1,ferret,companion,eat_03,neutral
"During the afternoon, the poodle ate slowly beside the fence.",1,poodle,companion,eat_03,neutral
"During the afternoon, the beagle ate slowly beside the fence.",1,beagle,companion,eat_03,neutral
"During the afternoon, the terrier ate slowly beside the fence.",1,terrier,companion,eat_03,neutral
"During the afternoon, the spaniel ate slowly beside the fence.",1,spaniel,companion,eat_03,neutral
"During the afternoon, the labrador ate slowly beside the fence.",1,labrador,companion,eat_03,neutral
"During the afternoon, the collie ate slowly beside the fence.",1,collie,companion,eat_03,neutral
"During the afternoon, the pug ate slowly beside the fence.",1,pug,companion,eat_03,neutral
"During the afternoon, the bulldog ate slowly beside the fence.",1,bulldog,companion,eat_03,neutral
"During the afternoon, the retriever ate slowly beside the fence.",1,retriever,companion,eat_03,neutral
"During the afternoon, the tomcat ate slowly beside the fence.",1,tomcat,companion,eat_03,neutral
"During the afternoon, the gerbil ate slowly beside the fence.",1,gerbil,companion,eat_03,neutral
"During the afternoon, the dalmatian ate slowly beside the fence.",1,dalmatian,companion,eat_03,neutral
"During the afternoon, the greyhound ate slowly beside the fence.",1,greyhound,companion,eat_03,neutral
"During the afternoon, the pig ate slowly beside the fence.",0,pig,farmed,eat_03,neutral
"During the afternoon, the cow ate slowly beside the fence.",0,cow,farmed,eat_03,neutral
"During the afternoon, the chicken ate slowly beside the fence.",0,chicken,farmed,eat_03,neutral
"During the afternoon, the goat ate slowly beside the fence.",0,goat,farmed,eat_03,neutral
"During the afternoon, the sheep ate slowly beside the fence.",0,sheep,farmed,eat_03,neutral
"During the afternoon, the duck ate slowly beside the fence.",0,duck,farmed,eat_03,neutral
"During the afternoon, the turkey ate slowly beside the fence.",0,turkey,farmed,eat_03,neutral
"During the afternoon, the hen ate slowly beside the fence.",0,hen,farmed,eat_03,neutral
"During the afternoon, the rooster ate slowly beside the fence.",0,rooster,farmed,eat_03,neutral
"During the afternoon, the calf ate slowly beside the fence.",0,calf,farmed,eat_03,neutral
"During the afternoon, the lamb ate slowly beside the fence.",0,lamb,farmed,eat_03,neutral
"During the afternoon, the piglet ate slowly beside the fence.",0,piglet,farmed,eat_03,neutral
"During the afternoon, the ox ate slowly beside the fence.",0,ox,farmed,eat_03,neutral
"During the afternoon, the donkey ate slowly beside the fence.",0,donkey,farmed,eat_03,neutral
"During the afternoon, the mule ate slowly beside the fence.",0,mule,farmed,eat_03,neutral
"During the afternoon, the goose ate slowly beside the fence.",0,goose,farmed,eat_03,neutral
"During the afternoon, the sow ate slowly beside the fence.",0,sow,farmed,eat_03,neutral
"During the afternoon, the heifer ate slowly beside the fence.",0,heifer,farmed,eat_03,neutral
"During the afternoon, the foal ate slowly beside the fence.",0,foal,farmed,eat_03,neutral
"During the afternoon, the ram ate slowly beside the fence.",0,ram,farmed,eat_03,neutral
"Near the back porch, the dog finished eating as the sun went down.",1,dog,companion,eat_04,neutral
"Near the back porch, the cat finished eating as the sun went down.",1,cat,companion,eat_04,neutral
"Near the back porch, the rabbit finished eating as the sun went down.",1,rabbit,companion,eat_04,neutral
"Near the back porch, the puppy finished eating as the sun went down.",1,puppy,companion,eat_04,neutral
"Near the back porch, the kitten finished eating as the sun went down.",1,kitten,companion,eat_04,neutral
"Near the back porch, the hamster finished eating as the sun went down.",1,hamster,companion,eat_04,neutral
"Near the back porch, the ferret finished eating as the sun went down.",1,ferret,companion,eat_04,neutral
"Near the back porch, the poodle finished eating as the sun went down.",1,poodle,companion,eat_04,neutral
"Near the back porch, the beagle finished eating as the sun went down.",1,beagle,companion,eat_04,neutral
"Near the back porch, the terrier finished eating as the sun went down.",1,terrier,companion,eat_04,neutral
"Near the back porch, the spaniel finished eating as the sun went down.",1,spaniel,companion,eat_04,neutral
"Near the back porch, the labrador finished eating as the sun went down.",1,labrador,companion,eat_04,neutral
"Near the back porch, the collie finished eating as the sun went down.",1,collie,companion,eat_04,neutral
"Near the back porch, the pug finished eating as the sun went down.",1,pug,companion,eat_04,neutral
"Near the back porch, the bulldog finished eating as the sun went down.",1,bulldog,companion,eat_04,neutral
"Near the back porch, the retriever finished eating as the sun went down.",1,retriever,companion,eat_04,neutral
"Near the back porch, the tomcat finished eating as the sun went down.",1,tomcat,companion,eat_04,neutral
"Near the back porch, the gerbil finished eating as the sun went down.",1,gerbil,companion,eat_04,neutral
"Near the back porch, the dalmatian finished eating as the sun went down.",1,dalmatian,companion,eat_04,neutral
"Near the back porch, the greyhound finished eating as the sun went down.",1,greyhound,companion,eat_04,neutral
"Near the back porch, the pig finished eating as the sun went down.",0,pig,farmed,eat_04,neutral
"Near the back porch, the cow finished eating as the sun went down.",0,cow,farmed,eat_04,neutral
"Near the back porch, the chicken finished eating as the sun went down.",0,chicken,farmed,eat_04,neutral
"Near the back porch, the goat finished eating as the sun went down.",0,goat,farmed,eat_04,neutral
"Near the back porch, the sheep finished eating as the sun went down.",0,sheep,farmed,eat_04,neutral
"Near the back porch, the duck finished eating as the sun went down.",0,duck,farmed,eat_04,neutral
"Near the back porch, the turkey finished eating as the sun went down.",0,turkey,farmed,eat_04,neutral
"Near the back porch, the hen finished eating as the sun went down.",0,hen,farmed,eat_04,neutral
"Near the back porch, the rooster finished eating as the sun went down.",0,rooster,farmed,eat_04,neutral
"Near the back porch, the calf finished eating as the sun went down.",0,calf,farmed,eat_04,neutral
"Near the back porch, the lamb finished eating as the sun went down.",0,lamb,farmed,eat_04,neutral
"Near the back porch, the piglet finished eating as the sun went down.",0,piglet,farmed,eat_04,neutral
"Near the back porch, the ox finished eating as the sun went down.",0,ox,farmed,eat_04,neutral
"Near the back porch, the donkey finished eating as the sun went down.",0,donkey,farmed,eat_04,neutral
"Near the back porch, the mule finished eating as the sun went down.",0,mule,farmed,eat_04,neutral
"Near the back porch, the goose finished eating as the sun went down.",0,goose,farmed,eat_04,neutral
"Near the back porch, the sow finished eating as the sun went down.",0,sow,farmed,eat_04,neutral
"Near the back porch, the heifer finished eating as the sun went down.",0,heifer,farmed,eat_04,neutral
"Near the back porch, the foal finished eating as the sun went down.",0,foal,farmed,eat_04,neutral
"Near the back porch, the ram finished eating as the sun went down.",0,ram,farmed,eat_04,neutral
"Along the gravel path, the dog moved at an unhurried pace.",1,dog,companion,move_01,neutral
"Along the gravel path, the cat moved at an unhurried pace.",1,cat,companion,move_01,neutral
"Along the gravel path, the rabbit moved at an unhurried pace.",1,rabbit,companion,move_01,neutral
"Along the gravel path, the puppy moved at an unhurried pace.",1,puppy,companion,move_01,neutral
"Along the gravel path, the kitten moved at an unhurried pace.",1,kitten,companion,move_01,neutral
"Along the gravel path, the hamster moved at an unhurried pace.",1,hamster,companion,move_01,neutral
"Along the gravel path, the ferret moved at an unhurried pace.",1,ferret,companion,move_01,neutral
"Along the gravel path, the poodle moved at an unhurried pace.",1,poodle,companion,move_01,neutral
"Along the gravel path, the beagle moved at an unhurried pace.",1,beagle,companion,move_01,neutral
"Along the gravel path, the terrier moved at an unhurried pace.",1,terrier,companion,move_01,neutral
"Along the gravel path, the spaniel moved at an unhurried pace.",1,spaniel,companion,move_01,neutral
"Along the gravel path, the labrador moved at an unhurried pace.",1,labrador,companion,move_01,neutral
"Along the gravel path, the collie moved at an unhurried pace.",1,collie,companion,move_01,neutral
"Along the gravel path, the pug moved at an unhurried pace.",1,pug,companion,move_01,neutral
"Along the gravel path, the bulldog moved at an unhurried pace.",1,bulldog,companion,move_01,neutral
"Along the gravel path, the retriever moved at an unhurried pace.",1,retriever,companion,move_01,neutral
"Along the gravel path, the tomcat moved at an unhurried pace.",1,tomcat,companion,move_01,neutral
"Along the gravel path, the gerbil moved at an unhurried pace.",1,gerbil,companion,move_01,neutral
"Along the gravel path, the dalmatian moved at an unhurried pace.",1,dalmatian,companion,move_01,neutral
"Along the gravel path, the greyhound moved at an unhurried pace.",1,greyhound,companion,move_01,neutral
"Along the gravel path, the pig moved at an unhurried pace.",0,pig,farmed,move_01,neutral
"Along the gravel path, the cow moved at an unhurried pace.",0,cow,farmed,move_01,neutral
"Along the gravel path, the chicken moved at an unhurried pace.",0,chicken,farmed,move_01,neutral
"Along the gravel path, the goat moved at an unhurried pace.",0,goat,farmed,move_01,neutral
"Along the gravel path, the sheep moved at an unhurried pace.",0,sheep,farmed,move_01,neutral
"Along the gravel path, the duck moved at an unhurried pace.",0,duck,farmed,move_01,neutral
"Along the gravel path, the turkey moved at an unhurried pace.",0,turkey,farmed,move_01,neutral
"Along the gravel path, the hen moved at an unhurried pace.",0,hen,farmed,move_01,neutral
"Along the gravel path, the rooster moved at an unhurried pace.",0,rooster,farmed,move_01,neutral
"Along the gravel path, the calf moved at an unhurried pace.",0,calf,farmed,move_01,neutral
"Along the gravel path, the lamb moved at an unhurried pace.",0,lamb,farmed,move_01,neutral
"Along the gravel path, the piglet moved at an unhurried pace.",0,piglet,farmed,move_01,neutral
"Along the gravel path, the ox moved at an unhurried pace.",0,ox,farmed,move_01,neutral
"Along the gravel path, the donkey moved at an unhurried pace.",0,donkey,farmed,move_01,neutral
"Along the gravel path, the mule moved at an unhurried pace.",0,mule,farmed,move_01,neutral
"Along the gravel path, the goose moved at an unhurried pace.",0,goose,farmed,move_01,neutral
"Along the gravel path, the sow moved at an unhurried pace.",0,sow,farmed,move_01,neutral
"Along the gravel path, the heifer moved at an unhurried pace.",0,heifer,farmed,move_01,neutral
"Along the gravel path, the foal moved at an unhurried pace.",0,foal,farmed,move_01,neutral
"Along the gravel path, the ram moved at an unhurried pace.",0,ram,farmed,move_01,neutral
"Across the open pasture, the dog made steady progress toward the trees.",1,dog,companion,move_02,neutral
"Across the open pasture, the cat made steady progress toward the trees.",1,cat,companion,move_02,neutral
"Across the open pasture, the rabbit made steady progress toward the trees.",1,rabbit,companion,move_02,neutral
"Across the open pasture, the puppy made steady progress toward the trees.",1,puppy,companion,move_02,neutral
"Across the open pasture, the kitten made steady progress toward the trees.",1,kitten,companion,move_02,neutral
"Across the open pasture, the hamster made steady progress toward the trees.",1,hamster,companion,move_02,neutral
"Across the open pasture, the ferret made steady progress toward the trees.",1,ferret,companion,move_02,neutral
"Across the open pasture, the poodle made steady progress toward the trees.",1,poodle,companion,move_02,neutral
"Across the open pasture, the beagle made steady progress toward the trees.",1,beagle,companion,move_02,neutral
"Across the open pasture, the terrier made steady progress toward the trees.",1,terrier,companion,move_02,neutral
"Across the open pasture, the spaniel made steady progress toward the trees.",1,spaniel,companion,move_02,neutral
"Across the open pasture, the labrador made steady progress toward the trees.",1,labrador,companion,move_02,neutral
"Across the open pasture, the collie made steady progress toward the trees.",1,collie,companion,move_02,neutral
"Across the open pasture, the pug made steady progress toward the trees.",1,pug,companion,move_02,neutral
"Across the open pasture, the bulldog made steady progress toward the trees.",1,bulldog,companion,move_02,neutral
"Across the open pasture, the retriever made steady progress toward the trees.",1,retriever,companion,move_02,neutral
"Across the open pasture, the tomcat made steady progress toward the trees.",1,tomcat,companion,move_02,neutral
"Across the open pasture, the gerbil made steady progress toward the trees.",1,gerbil,companion,move_02,neutral
"Across the open pasture, the dalmatian made steady progress toward the trees.",1,dalmatian,companion,move_02,neutral
"Across the open pasture, the greyhound made steady progress toward the trees.",1,greyhound,companion,move_02,neutral
"Across the open pasture, the pig made steady progress toward the trees.",0,pig,farmed,move_02,neutral
"Across the open pasture, the cow made steady progress toward the trees.",0,cow,farmed,move_02,neutral
"Across the open pasture, the chicken made steady progress toward the trees.",0,chicken,farmed,move_02,neutral
"Across the open pasture, the goat made steady progress toward the trees.",0,goat,farmed,move_02,neutral
"Across the open pasture, the sheep made steady progress toward the trees.",0,sheep,farmed,move_02,neutral
"Across the open pasture, the duck made steady progress toward the trees.",0,duck,farmed,move_02,neutral
"Across the open pasture, the turkey made steady progress toward the trees.",0,turkey,farmed,move_02,neutral
"Across the open pasture, the hen made steady progress toward the trees.",0,hen,farmed,move_02,neutral
"Across the open pasture, the rooster made steady progress toward the trees.",0,rooster,farmed,move_02,neutral
"Across the open pasture, the calf made steady progress toward the trees.",0,calf,farmed,move_02,neutral
"Across the open pasture, the lamb made steady progress toward the trees.",0,lamb,farmed,move_02,neutral
"Across the open pasture, the piglet made steady progress toward the trees.",0,piglet,farmed,move_02,neutral
"Across the open pasture, the ox made steady progress toward the trees.",0,ox,farmed,move_02,neutral
"Across the open pasture, the donkey made steady progress toward the trees.",0,donkey,farmed,move_02,neutral
"Across the open pasture, the mule made steady progress toward the trees.",0,mule,farmed,move_02,neutral
"Across the open pasture, the goose made steady progress toward the trees.",0,goose,farmed,move_02,neutral
"Across the open pasture, the sow made steady progress toward the trees.",0,sow,farmed,move_02,neutral
"Across the open pasture, the heifer made steady progress toward the trees.",0,heifer,farmed,move_02,neutral
"Across the open pasture, the foal made steady progress toward the trees.",0,foal,farmed,move_02,neutral
"Across the open pasture, the ram made steady progress toward the trees.",0,ram,farmed,move_02,neutral
"Down by the river bank, the dog picked a careful way over the stones.",1,dog,companion,move_03,neutral
"Down by the river bank, the cat picked a careful way over the stones.",1,cat,companion,move_03,neutral
"Down by the river bank, the rabbit picked a careful way over the stones.",1,rabbit,companion,move_03,neutral
"Down by the river bank, the puppy picked a careful way over the stones.",1,puppy,companion,move_03,neutral
"Down by the river bank, the kitten picked a careful way over the stones.",1,kitten,companion,move_03,neutral
"Down by the river bank, the hamster picked a careful way over the stones.",1,hamster,companion,move_03,neutral
"Down by the river bank, the ferret picked a careful way over the stones.",1,ferret,companion,move_03,neutral
"Down by the river bank, the poodle picked a careful way over the stones.",1,poodle,companion,move_03,neutral
"Down by the river bank, the beagle picked a careful way over the stones.",1,beagle,companion,move_03,neutral
"Down by the river bank, the terrier picked a careful way over the stones.",1,terrier,companion,move_03,neutral
"Down by the river bank, the spaniel picked a careful way over the stones.",1,spaniel,companion,move_03,neutral
"Down by the river bank, the labrador picked a careful way over the stones.",1,labrador,companion,move_03,neutral
"Down by the river bank, the collie picked a careful way over the stones.",1,collie,companion,move_03,neutral
"Down by the river bank, the pug picked a careful way over the stones.",1,pug,companion,move_03,neutral
"Down by the river bank, the bulldog picked a careful way over the stones.",1,bulldog,companion,move_03,neutral
"Down by the river bank, the retriever picked a careful way over the stones.",1,retriever,companion,move_03,neutral
"Down by the river bank, the tomcat picked a careful way over the stones.",1,tomcat,companion,move_03,neutral
"Down by the river bank, the gerbil picked a careful way over the stones.",1,gerbil,companion,move_03,neutral
"Down by the river bank, the dalmatian picked a careful way over the stones.",1,dalmatian,companion,move_03,neutral
"Down by the river bank, the greyhound picked a careful way over the stones.",1,greyhound,companion,move_03,neutral
"Down by the river bank, the pig picked a careful way over the stones.",0,pig,farmed,move_03,neutral
"Down by the river bank, the cow picked a careful way over the stones.",0,cow,farmed,move_03,neutral
"Down by the river bank, the chicken picked a careful way over the stones.",0,chicken,farmed,move_03,neutral
"Down by the river bank, the goat picked a careful way over the stones.",0,goat,farmed,move_03,neutral
"Down by the river bank, the sheep picked a careful way over the stones.",0,sheep,farmed,move_03,neutral
"Down by the river bank, the duck picked a careful way over the stones.",0,duck,farmed,move_03,neutral
"Down by the river bank, the turkey picked a careful way over the stones.",0,turkey,farmed,move_03,neutral
"Down by the river bank, the hen picked a careful way over the stones.",0,hen,farmed,move_03,neutral
"Down by the river bank, the rooster picked a careful way over the stones.",0,rooster,farmed,move_03,neutral
"Down by the river bank, the calf picked a careful way over the stones.",0,calf,farmed,move_03,neutral
"Down by the river bank, the lamb picked a careful way over the stones.",0,lamb,farmed,move_03,neutral
"Down by the river bank, the piglet picked a careful way over the stones.",0,piglet,farmed,move_03,neutral
"Down by the river bank, the ox picked a careful way over the stones.",0,ox,farmed,move_03,neutral
"Down by the river bank, the donkey picked a careful way over the stones.",0,donkey,farmed,move_03,neutral
"Down by the river bank, the mule picked a careful way over the stones.",0,mule,farmed,move_03,neutral
"Down by the river bank, the goose picked a careful way over the stones.",0,goose,farmed,move_03,neutral
"Down by the river bank, the sow picked a careful way over the stones.",0,sow,farmed,move_03,neutral
"Down by the river bank, the heifer picked a careful way over the stones.",0,heifer,farmed,move_03,neutral
"Down by the river bank, the foal picked a careful way over the stones.",0,foal,farmed,move_03,neutral
"Down by the river bank, the ram picked a careful way over the stones.",0,ram,farmed,move_03,neutral
"Through the tall grass, the dog moved quietly toward the hedgerow.",1,dog,companion,move_04,neutral
"Through the tall grass, the cat moved quietly toward the hedgerow.",1,cat,companion,move_04,neutral
"Through the tall grass, the rabbit moved quietly toward the hedgerow.",1,rabbit,companion,move_04,neutral
"Through the tall grass, the puppy moved quietly toward the hedgerow.",1,puppy,companion,move_04,neutral
"Through the tall grass, the kitten moved quietly toward the hedgerow.",1,kitten,companion,move_04,neutral
"Through the tall grass, the hamster moved quietly toward the hedgerow.",1,hamster,companion,move_04,neutral
"Through the tall grass, the ferret moved quietly toward the hedgerow.",1,ferret,companion,move_04,neutral
"Through the tall grass, the poodle moved quietly toward the hedgerow.",1,poodle,companion,move_04,neutral
"Through the tall grass, the beagle moved quietly toward the hedgerow.",1,beagle,companion,move_04,neutral
"Through the tall grass, the terrier moved quietly toward the hedgerow.",1,terrier,companion,move_04,neutral
"Through the tall grass, the spaniel moved quietly toward the hedgerow.",1,spaniel,companion,move_04,neutral
"Through the tall grass, the labrador moved quietly toward the hedgerow.",1,labrador,companion,move_04,neutral
"Through the tall grass, the collie moved quietly toward the hedgerow.",1,collie,companion,move_04,neutral
"Through the tall grass, the pug moved quietly toward the hedgerow.",1,pug,companion,move_04,neutral
"Through the tall grass, the bulldog moved quietly toward the hedgerow.",1,bulldog,companion,move_04,neutral
"Through the tall grass, the retriever moved quietly toward the hedgerow.",1,retriever,companion,move_04,neutral
"Through the tall grass, the tomcat moved quietly toward the hedgerow.",1,tomcat,companion,move_04,neutral
"Through the tall grass, the gerbil moved quietly toward the hedgerow.",1,gerbil,companion,move_04,neutral
"Through the tall grass, the dalmatian moved quietly toward the hedgerow.",1,dalmatian,companion,move_04,neutral
"Through the tall grass, the greyhound moved quietly toward the hedgerow.",1,greyhound,companion,move_04,neutral
"Through the tall grass, the pig moved quietly toward the hedgerow.",0,pig,farmed,move_04,neutral
"Through the tall grass, the cow moved quietly toward the hedgerow.",0,cow,farmed,move_04,neutral
"Through the tall grass, the chicken moved quietly toward the hedgerow.",0,chicken,farmed,move_04,neutral
"Through the tall grass, the goat moved quietly toward the hedgerow.",0,goat,farmed,move_04,neutral
"Through the tall grass, the sheep moved quietly toward the hedgerow.",0,sheep,farmed,move_04,neutral
"Through the tall grass, the duck moved quietly toward the hedgerow.",0,duck,farmed,move_04,neutral
"Through the tall grass, the turkey moved quietly toward the hedgerow.",0,turkey,farmed,move_04,neutral
"Through the tall grass, the hen moved quietly toward the hedgerow.",0,hen,farmed,move_04,neutral
"Through the tall grass, the rooster moved quietly toward the hedgerow.",0,rooster,farmed,move_04,neutral
"Through the tall grass, the calf moved quietly toward the hedgerow.",0,calf,farmed,move_04,neutral
"Through the tall grass, the lamb moved quietly toward the hedgerow.",0,lamb,farmed,move_04,neutral
"Through the tall grass, the piglet moved quietly toward the hedgerow.",0,piglet,farmed,move_04,neutral
"Through the tall grass, the ox moved quietly toward the hedgerow.",0,ox,farmed,move_04,neutral
"Through the tall grass, the donkey moved quietly toward the hedgerow.",0,donkey,farmed,move_04,neutral
"Through the tall grass, the mule moved quietly toward the hedgerow.",0,mule,farmed,move_04,neutral
"Through the tall grass, the goose moved quietly toward the hedgerow.",0,goose,farmed,move_04,neutral
"Through the tall grass, the sow moved quietly toward the hedgerow.",0,sow,farmed,move_04,neutral
"Through the tall grass, the heifer moved quietly toward the hedgerow.",0,heifer,farmed,move_04,neutral
"Through the tall grass, the foal moved quietly toward the hedgerow.",0,foal,farmed,move_04,neutral
"Through the tall grass, the ram moved quietly toward the hedgerow.",0,ram,farmed,move_04,neutral
"From the fence line, the neighbors watched the dog cross the field.",1,dog,companion,watch_01,neutral
"From the fence line, the neighbors watched the cat cross the field.",1,cat,companion,watch_01,neutral
"From the fence line, the neighbors watched the rabbit cross the field.",1,rabbit,companion,watch_01,neutral
"From the fence line, the neighbors watched the puppy cross the field.",1,puppy,companion,watch_01,neutral
"From the fence line, the neighbors watched the kitten cross the field.",1,kitten,companion,watch_01,neutral
"From the fence line, the neighbors watched the hamster cross the field.",1,hamster,companion,watch_01,neutral
"From the fence line, the neighbors watched the ferret cross the field.",1,ferret,companion,watch_01,neutral
"From the fence line, the neighbors watched the poodle cross the field.",1,poodle,companion,watch_01,neutral
"From the fence line, the neighbors watched the beagle cross the field.",1,beagle,companion,watch_01,neutral
"From the fence line, the neighbors watched the terrier cross the field.",1,terrier,companion,watch_01,neutral
"From the fence line, the neighbors watched the spaniel cross the field.",1,spaniel,companion,watch_01,neutral
"From the fence line, the neighbors watched the labrador cross the field.",1,labrador,companion,watch_01,neutral
"From the fence line, the neighbors watched the collie cross the field.",1,collie,companion,watch_01,neutral
"From the fence line, the neighbors watched the pug cross the field.",1,pug,companion,watch_01,neutral
"From the fence line, the neighbors watched the bulldog cross the field.",1,bulldog,companion,watch_01,neutral
"From the fence line, the neighbors watched the retriever cross the field.",1,retriever,companion,watch_01,neutral
"From the fence line, the neighbors watched the tomcat cross the field.",1,tomcat,companion,watch_01,neutral
"From the fence line, the neighbors watched the gerbil cross the field.",1,gerbil,companion,watch_01,neutral
"From the fence line, the neighbors watched the dalmatian cross the field.",1,dalmatian,companion,watch_01,neutral
"From the fence line, the neighbors watched the greyhound cross the field.",1,greyhound,companion,watch_01,neutral
"From the fence line, the neighbors watched the pig cross the field.",0,pig,farmed,watch_01,neutral
"From the fence line, the neighbors watched the cow cross the field.",0,cow,farmed,watch_01,neutral
"From the fence line, the neighbors watched the chicken cross the field.",0,chicken,farmed,watch_01,neutral
"From the fence line, the neighbors watched the goat cross the field.",0,goat,farmed,watch_01,neutral
"From the fence line, the neighbors watched the sheep cross the field.",0,sheep,farmed,watch_01,neutral
"From the fence line, the neighbors watched the duck cross the field.",0,duck,farmed,watch_01,neutral
"From the fence line, the neighbors watched the turkey cross the field.",0,turkey,farmed,watch_01,neutral
"From the fence line, the neighbors watched the hen cross the field.",0,hen,farmed,watch_01,neutral
"From the fence line, the neighbors watched the rooster cross the field.",0,rooster,farmed,watch_01,neutral
"From the fence line, the neighbors watched the calf cross the field.",0,calf,farmed,watch_01,neutral
"From the fence line, the neighbors watched the lamb cross the field.",0,lamb,farmed,watch_01,neutral
"From the fence line, the neighbors watched the piglet cross the field.",0,piglet,farmed,watch_01,neutral
"From the fence line, the neighbors watched the ox cross the field.",0,ox,farmed,watch_01,neutral
"From the fence line, the neighbors watched the donkey cross the field.",0,donkey,farmed,watch_01,neutral
"From the fence line, the neighbors watched the mule cross the field.",0,mule,farmed,watch_01,neutral
"From the fence line, the neighbors watched the goose cross the field.",0,goose,farmed,watch_01,neutral
"From the fence line, the neighbors watched the sow cross the field.",0,sow,farmed,watch_01,neutral
"From the fence line, the neighbors watched the heifer cross the field.",0,heifer,farmed,watch_01,neutral
"From the fence line, the neighbors watched the foal cross the field.",0,foal,farmed,watch_01,neutral
"From the fence line, the neighbors watched the ram cross the field.",0,ram,farmed,watch_01,neutral
"Through the kitchen window, the visitors saw the dog pass by the shed.",1,dog,companion,watch_02,neutral
"Through the kitchen window, the visitors saw the cat pass by the shed.",1,cat,companion,watch_02,neutral
"Through the kitchen window, the visitors saw the rabbit pass by the shed.",1,rabbit,companion,watch_02,neutral
"Through the kitchen window, the visitors saw the puppy pass by the shed.",1,puppy,companion,watch_02,neutral
"Through the kitchen window, the visitors saw the kitten pass by the shed.",1,kitten,companion,watch_02,neutral
"Through the kitchen window, the visitors saw the hamster pass by the shed.",1,hamster,companion,watch_02,neutral
"Through the kitchen window, the visitors saw the ferret pass by the shed.",1,ferret,companion,watch_02,neutral
"Through the kitchen window, the visitors saw the poodle pass by the shed.",1,poodle,companion,watch_02,neutral
"Through the kitchen window, the visitors saw the beagle pass by the shed.",1,beagle,companion,watch_02,neutral
"Through the kitchen window, the visitors saw the terrier pass by the shed.",1,terrier,companion,watch_02,neutral
"Through the kitchen window, the visitors saw the spaniel pass by the shed.",1,spaniel,companion,watch_02,neutral
"Through the kitchen window, the visitors saw the labrador pass by the shed.",1,labrador,companion,watch_02,neutral
"Through the kitchen window, the visitors saw the collie pass by the shed.",1,collie,companion,watch_02,neutral
"Through the kitchen window, the visitors saw the pug pass by the shed.",1,pug,companion,watch_02,neutral
"Through the kitchen window, the visitors saw the bulldog pass by the shed.",1,bulldog,companion,watch_02,neutral
"Through the kitchen window, the visitors saw the retriever pass by the shed.",1,retriever,companion,watch_02,neutral
"Through the kitchen window, the visitors saw the tomcat pass by the shed.",1,tomcat,companion,watch_02,neutral
"Through the kitchen window, the visitors saw the gerbil pass by the shed.",1,gerbil,companion,watch_02,neutral
"Through the kitchen window, the visitors saw the dalmatian pass by the shed.",1,dalmatian,companion,watch_02,neutral
"Through the kitchen window, the visitors saw the greyhound pass by the shed.",1,greyhound,companion,watch_02,neutral
"Through the kitchen window, the visitors saw the pig pass by the shed.",0,pig,farmed,watch_02,neutral
"Through the kitchen window, the visitors saw the cow pass by the shed.",0,cow,farmed,watch_02,neutral
"Through the kitchen window, the visitors saw the chicken pass by the shed.",0,chicken,farmed,watch_02,neutral
"Through the kitchen window, the visitors saw the goat pass by the shed.",0,goat,farmed,watch_02,neutral
"Through the kitchen window, the visitors saw the sheep pass by the shed.",0,sheep,farmed,watch_02,neutral
"Through the kitchen window, the visitors saw the duck pass by the shed.",0,duck,farmed,watch_02,neutral
"Through the kitchen window, the visitors saw the turkey pass by the shed.",0,turkey,farmed,watch_02,neutral
"Through the kitchen window, the visitors saw the hen pass by the shed.",0,hen,farmed,watch_02,neutral
"Through the kitchen window, the visitors saw the rooster pass by the shed.",0,rooster,farmed,watch_02,neutral
"Through the kitchen window, the visitors saw the calf pass by the shed.",0,calf,farmed,watch_02,neutral
"Through the kitchen window, the visitors saw the lamb pass by the shed.",0,lamb,farmed,watch_02,neutral
"Through the kitchen window, the visitors saw the piglet pass by the shed.",0,piglet,farmed,watch_02,neutral
"Through the kitchen window, the visitors saw the ox pass by the shed.",0,ox,farmed,watch_02,neutral
"Through the kitchen window, the visitors saw the donkey pass by the shed.",0,donkey,farmed,watch_02,neutral
"Through the kitchen window, the visitors saw the mule pass by the shed.",0,mule,farmed,watch_02,neutral
"Through the kitchen window, the visitors saw the goose pass by the shed.",0,goose,farmed,watch_02,neutral
"Through the kitchen window, the visitors saw the sow pass by the shed.",0,sow,farmed,watch_02,neutral
"Through the kitchen window, the visitors saw the heifer pass by the shed.",0,heifer,farmed,watch_02,neutral
"Through the kitchen window, the visitors saw the foal pass by the shed.",0,foal,farmed,watch_02,neutral
"Through the kitchen window, the visitors saw the ram pass by the shed.",0,ram,farmed,watch_02,neutral
"On the hillside, onlookers noticed the dog standing near the stone wall.",1,dog,companion,watch_03,neutral
"On the hillside, onlookers noticed the cat standing near the stone wall.",1,cat,companion,watch_03,neutral
"On the hillside, onlookers noticed the rabbit standing near the stone wall.",1,rabbit,companion,watch_03,neutral
"On the hillside, onlookers noticed the puppy standing near the stone wall.",1,puppy,companion,watch_03,neutral
"On the hillside, onlookers noticed the kitten standing near the stone wall.",1,kitten,companion,watch_03,neutral
"On the hillside, onlookers noticed the hamster standing near the stone wall.",1,hamster,companion,watch_03,neutral
"On the hillside, onlookers noticed the ferret standing near the stone wall.",1,ferret,companion,watch_03,neutral
"On the hillside, onlookers noticed the poodle standing near the stone wall.",1,poodle,companion,watch_03,neutral
"On the hillside, onlookers noticed the beagle standing near the stone wall.",1,beagle,companion,watch_03,neutral
"On the hillside, onlookers noticed the terrier standing near the stone wall.",1,terrier,companion,watch_03,neutral
"On the hillside, onlookers noticed the spaniel standing near the stone wall.",1,spaniel,companion,watch_03,neutral
"On the hillside, onlookers noticed the labrador standing near the stone wall.",1,labrador,companion,watch_03,neutral
"On the hillside, onlookers noticed the collie standing near the stone wall.",1,collie,companion,watch_03,neutral
"On the hillside, onlookers noticed the pug standing near the stone wall.",1,pug,companion,watch_03,neutral
"On the hillside, onlookers noticed the bulldog standing near the stone wall.",1,bulldog,companion,watch_03,neutral
"On the hillside, onlookers noticed the retriever standing near the stone wall.",1,retriever,companion,watch_03,neutral
"On the hillside, onlookers noticed the tomcat standing near the stone wall.",1,tomcat,companion,watch_03,neutral
"On the hillside, onlookers noticed the gerbil standing near the stone wall.",1,gerbil,companion,watch_03,neutral
"On the hillside, onlookers noticed the dalmatian standing near the stone wall.",1,dalmatian,companion,watch_03,neutral
"On the hillside, onlookers noticed the greyhound standing near the stone wall.",1,greyhound,companion,watch_03,neutral
"On the hillside, onlookers noticed the pig standing near the stone wall.",0,pig,farmed,watch_03,neutral
"On the hillside, onlookers noticed the cow standing near the stone wall.",0,cow,farmed,watch_03,neutral
"On the hillside, onlookers noticed the chicken standing near the stone wall.",0,chicken,farmed,watch_03,neutral
"On the hillside, onlookers noticed the goat standing near the stone wall.",0,goat,farmed,watch_03,neutral
"On the hillside, onlookers noticed the sheep standing near the stone wall.",0,sheep,farmed,watch_03,neutral
"On the hillside, onlookers noticed the duck standing near the stone wall.",0,duck,farmed,watch_03,neutral
"On the hillside, onlookers noticed the turkey standing near the stone wall.",0,turkey,farmed,watch_03,neutral
"On the hillside, onlookers noticed the hen standing near the stone wall.",0,hen,farmed,watch_03,neutral
"On the hillside, onlookers noticed the rooster standing near the stone wall.",0,rooster,farmed,watch_03,neutral
"On the hillside, onlookers noticed the calf standing near the stone wall.",0,calf,farmed,watch_03,neutral
"On the hillside, onlookers noticed the lamb standing near the stone wall.",0,lamb,farmed,watch_03,neutral
"On the hillside, onlookers noticed the piglet standing near the stone wall.",0,piglet,farmed,watch_03,neutral
"On the hillside, onlookers noticed the ox standing near the stone wall.",0,ox,farmed,watch_03,neutral
"On the hillside, onlookers noticed the donkey standing near the stone wall.",0,donkey,farmed,watch_03,neutral
"On the hillside, onlookers noticed the mule standing near the stone wall.",0,mule,farmed,watch_03,neutral
"On the hillside, onlookers noticed the goose standing near the stone wall.",0,goose,farmed,watch_03,neutral
"On the hillside, onlookers noticed the sow standing near the stone wall.",0,sow,farmed,watch_03,neutral
"On the hillside, onlookers noticed the heifer standing near the stone wall.",0,heifer,farmed,watch_03,neutral
"On the hillside, onlookers noticed the foal standing near the stone wall.",0,foal,farmed,watch_03,neutral
"On the hillside, onlookers noticed the ram standing near the stone wall.",0,ram,farmed,watch_03,neutral
"In the fading light, passersby spotted the dog beside the old barn.",1,dog,companion,watch_04,neutral
"In the fading light, passersby spotted the cat beside the old barn.",1,cat,companion,watch_04,neutral
"In the fading light, passersby spotted the rabbit beside the old barn.",1,rabbit,companion,watch_04,neutral
"In the fading light, passersby spotted the puppy beside the old barn.",1,puppy,companion,watch_04,neutral
"In the fading light, passersby spotted the kitten beside the old barn.",1,kitten,companion,watch_04,neutral
"In the fading light, passersby spotted the hamster beside the old barn.",1,hamster,companion,watch_04,neutral
"In the fading light, passersby spotted the ferret beside the old barn.",1,ferret,companion,watch_04,neutral
"In the fading light, passersby spotted the poodle beside the old barn.",1,poodle,companion,watch_04,neutral
"In the fading light, passersby spotted the beagle beside the old barn.",1,beagle,companion,watch_04,neutral
"In the fading light, passersby spotted the terrier beside the old barn.",1,terrier,companion,watch_04,neutral
"In the fading light, passersby spotted the spaniel beside the old barn.",1,spaniel,companion,watch_04,neutral
"In the fading light, passersby spotted the labrador beside the old barn.",1,labrador,companion,watch_04,neutral
"In the fading light, passersby spotted the collie beside the old barn.",1,collie,companion,watch_04,neutral
"In the fading light, passersby spotted the pug beside the old barn.",1,pug,companion,watch_04,neutral
"In the fading light, passersby spotted the bulldog beside the old barn.",1,bulldog,companion,watch_04,neutral
"In the fading light, passersby spotted the retriever beside the old barn.",1,retriever,companion,watch_04,neutral
"In the fading light, passersby spotted the tomcat beside the old barn.",1,tomcat,companion,watch_04,neutral
"In the fading light, passersby spotted the gerbil beside the old barn.",1,gerbil,companion,watch_04,neutral
"In the fading light, passersby spotted the dalmatian beside the old barn.",1,dalmatian,companion,watch_04,neutral
"In the fading light, passersby spotted the greyhound beside the old barn.",1,greyhound,companion,watch_04,neutral
"In the fading light, passersby spotted the pig beside the old barn.",0,pig,farmed,watch_04,neutral
"In the fading light, passersby spotted the cow beside the old barn.",0,cow,farmed,watch_04,neutral
"In the fading light, passersby spotted the chicken beside the old barn.",0,chicken,farmed,watch_04,neutral
"In the fading light, passersby spotted the goat beside the old barn.",0,goat,farmed,watch_04,neutral
"In the fading light, passersby spotted the sheep beside the old barn.",0,sheep,farmed,watch_04,neutral
"In the fading light, passersby spotted the duck beside the old barn.",0,duck,farmed,watch_04,neutral
"In the fading light, passersby spotted the turkey beside the old barn.",0,turkey,farmed,watch_04,neutral
"In the fading light, passersby spotted the hen beside the old barn.",0,hen,farmed,watch_04,neutral
"In the fading light, passersby spotted the rooster beside the old barn.",0,rooster,farmed,watch_04,neutral
"In the fading light, passersby spotted the calf beside the old barn.",0,calf,farmed,watch_04,neutral
"In the fading light, passersby spotted the lamb beside the old barn.",0,lamb,farmed,watch_04,neutral
"In the fading light, passersby spotted the piglet beside the old barn.",0,piglet,farmed,watch_04,neutral
"In the fading light, passersby spotted the ox beside the old barn.",0,ox,farmed,watch_04,neutral
"In the fading light, passersby spotted the donkey beside the old barn.",0,donkey,farmed,watch_04,neutral
"In the fading light, passersby spotted the mule beside the old barn.",0,mule,farmed,watch_04,neutral
"In the fading light, passersby spotted the goose beside the old barn.",0,goose,farmed,watch_04,neutral
"In the fading light, passersby spotted the sow beside the old barn.",0,sow,farmed,watch_04,neutral
"In the fading light, passersby spotted the heifer beside the old barn.",0,heifer,farmed,watch_04,neutral
"In the fading light, passersby spotted the foal beside the old barn.",0,foal,farmed,watch_04,neutral
"In the fading light, passersby spotted the ram beside the old barn.",0,ram,farmed,watch_04,neutral
"Throughout the quiet evening, the dog could be heard moving about the yard.",1,dog,companion,sound_01,neutral
"Throughout the quiet evening, the cat could be heard moving about the yard.",1,cat,companion,sound_01,neutral
"Throughout the quiet evening, the rabbit could be heard moving about the yard.",1,rabbit,companion,sound_01,neutral
"Throughout the quiet evening, the puppy could be heard moving about the yard.",1,puppy,companion,sound_01,neutral
"Throughout the quiet evening, the kitten could be heard moving about the yard.",1,kitten,companion,sound_01,neutral
"Throughout the quiet evening, the hamster could be heard moving about the yard.",1,hamster,companion,sound_01,neutral
"Throughout the quiet evening, the ferret could be heard moving about the yard.",1,ferret,companion,sound_01,neutral
"Throughout the quiet evening, the poodle could be heard moving about the yard.",1,poodle,companion,sound_01,neutral
"Throughout the quiet evening, the beagle could be heard moving about the yard.",1,beagle,companion,sound_01,neutral
"Throughout the quiet evening, the terrier could be heard moving about the yard.",1,terrier,companion,sound_01,neutral
"Throughout the quiet evening, the spaniel could be heard moving about the yard.",1,spaniel,companion,sound_01,neutral
"Throughout the quiet evening, the labrador could be heard moving about the yard.",1,labrador,companion,sound_01,neutral
"Throughout the quiet evening, the collie could be heard moving about the yard.",1,collie,companion,sound_01,neutral
"Throughout the quiet evening, the pug could be heard moving about the yard.",1,pug,companion,sound_01,neutral
"Throughout the quiet evening, the bulldog could be heard moving about the yard.",1,bulldog,companion,sound_01,neutral
"Throughout the quiet evening, the retriever could be heard moving about the yard.",1,retriever,companion,sound_01,neutral
"Throughout the quiet evening, the tomcat could be heard moving about the yard.",1,tomcat,companion,sound_01,neutral
"Throughout the quiet evening, the gerbil could be heard moving about the yard.",1,gerbil,companion,sound_01,neutral
"Throughout the quiet evening, the dalmatian could be heard moving about the yard.",1,dalmatian,companion,sound_01,neutral
"Throughout the quiet evening, the greyhound could be heard moving about the yard.",1,greyhound,companion,sound_01,neutral
"Throughout the quiet evening, the pig could be heard moving about the yard.",0,pig,farmed,sound_01,neutral
"Throughout the quiet evening, the cow could be heard moving about the yard.",0,cow,farmed,sound_01,neutral
"Throughout the quiet evening, the chicken could be heard moving about the yard.",0,chicken,farmed,sound_01,neutral
"Throughout the quiet evening, the goat could be heard moving about the yard.",0,goat,farmed,sound_01,neutral
"Throughout the quiet evening, the sheep could be heard moving about the yard.",0,sheep,farmed,sound_01,neutral
"Throughout the quiet evening, the duck could be heard moving about the yard.",0,duck,farmed,sound_01,neutral
"Throughout the quiet evening, the turkey could be heard moving about the yard.",0,turkey,farmed,sound_01,neutral
"Throughout the quiet evening, the hen could be heard moving about the yard.",0,hen,farmed,sound_01,neutral
"Throughout the quiet evening, the rooster could be heard moving about the yard.",0,rooster,farmed,sound_01,neutral
"Throughout the quiet evening, the calf could be heard moving about the yard.",0,calf,farmed,sound_01,neutral
"Throughout the quiet evening, the lamb could be heard moving about the yard.",0,lamb,farmed,sound_01,neutral
"Throughout the quiet evening, the piglet could be heard moving about the yard.",0,piglet,farmed,sound_01,neutral
"Throughout the quiet evening, the ox could be heard moving about the yard.",0,ox,farmed,sound_01,neutral
"Throughout the quiet evening, the donkey could be heard moving about the yard.",0,donkey,farmed,sound_01,neutral
"Throughout the quiet evening, the mule could be heard moving about the yard.",0,mule,farmed,sound_01,neutral
"Throughout the quiet evening, the goose could be heard moving about the yard.",0,goose,farmed,sound_01,neutral
"Throughout the quiet evening, the sow could be heard moving about the yard.",0,sow,farmed,sound_01,neutral
"Throughout the quiet evening, the heifer could be heard moving about the yard.",0,heifer,farmed,sound_01,neutral
"Throughout the quiet evening, the foal could be heard moving about the yard.",0,foal,farmed,sound_01,neutral
"Throughout the quiet evening, the ram could be heard moving about the yard.",0,ram,farmed,sound_01,neutral
"Now and then, the dog made soft sounds near the doorway.",1,dog,companion,sound_02,neutral
"Now and then, the cat made soft sounds near the doorway.",1,cat,companion,sound_02,neutral
"Now and then, the rabbit made soft sounds near the doorway.",1,rabbit,companion,sound_02,neutral
"Now and then, the puppy made soft sounds near the doorway.",1,puppy,companion,sound_02,neutral
"Now and then, the kitten made soft sounds near the doorway.",1,kitten,companion,sound_02,neutral
"Now and then, the hamster made soft sounds near the doorway.",1,hamster,companion,sound_02,neutral
"Now and then, the ferret made soft sounds near the doorway.",1,ferret,companion,sound_02,neutral
"Now and then, the poodle made soft sounds near the doorway.",1,poodle,companion,sound_02,neutral
"Now and then, the beagle made soft sounds near the doorway.",1,beagle,companion,sound_02,neutral
"Now and then, the terrier made soft sounds near the doorway.",1,terrier,companion,sound_02,neutral
"Now and then, the spaniel made soft sounds near the doorway.",1,spaniel,companion,sound_02,neutral
"Now and then, the labrador made soft sounds near the doorway.",1,labrador,companion,sound_02,neutral
"Now and then, the collie made soft sounds near the doorway.",1,collie,companion,sound_02,neutral
"Now and then, the pug made soft sounds near the doorway.",1,pug,companion,sound_02,neutral
"Now and then, the bulldog made soft sounds near the doorway.",1,bulldog,companion,sound_02,neutral
"Now and then, the retriever made soft sounds near the doorway.",1,retriever,companion,sound_02,neutral
"Now and then, the tomcat made soft sounds near the doorway.",1,tomcat,companion,sound_02,neutral
"Now and then, the gerbil made soft sounds near the doorway.",1,gerbil,companion,sound_02,neutral
"Now and then, the dalmatian made soft sounds near the doorway.",1,dalmatian,companion,sound_02,neutral
"Now and then, the greyhound made soft sounds near the doorway.",1,greyhound,companion,sound_02,neutral
"Now and then, the pig made soft sounds near the doorway.",0,pig,farmed,sound_02,neutral
"Now and then, the cow made soft sounds near the doorway.",0,cow,farmed,sound_02,neutral
"Now and then, the chicken made soft sounds near the doorway.",0,chicken,farmed,sound_02,neutral
"Now and then, the goat made soft sounds near the doorway.",0,goat,farmed,sound_02,neutral
"Now and then, the sheep made soft sounds near the doorway.",0,sheep,farmed,sound_02,neutral
"Now and then, the duck made soft sounds near the doorway.",0,duck,farmed,sound_02,neutral
"Now and then, the turkey made soft sounds near the doorway.",0,turkey,farmed,sound_02,neutral
"Now and then, the hen made soft sounds near the doorway.",0,hen,farmed,sound_02,neutral
"Now and then, the rooster made soft sounds near the doorway.",0,rooster,farmed,sound_02,neutral
"Now and then, the calf made soft sounds near the doorway.",0,calf,farmed,sound_02,neutral
"Now and then, the lamb made soft sounds near the doorway.",0,lamb,farmed,sound_02,neutral
"Now and then, the piglet made soft sounds near the doorway.",0,piglet,farmed,sound_02,neutral
"Now and then, the ox made soft sounds near the doorway.",0,ox,farmed,sound_02,neutral
"Now and then, the donkey made soft sounds near the doorway.",0,donkey,farmed,sound_02,neutral
"Now and then, the mule made soft sounds near the doorway.",0,mule,farmed,sound_02,neutral
"Now and then, the goose made soft sounds near the doorway.",0,goose,farmed,sound_02,neutral
"Now and then, the sow made soft sounds near the doorway.",0,sow,farmed,sound_02,neutral
"Now and then, the heifer made soft sounds near the doorway.",0,heifer,farmed,sound_02,neutral
"Now and then, the foal made soft sounds near the doorway.",0,foal,farmed,sound_02,neutral
"Now and then, the ram made soft sounds near the doorway.",0,ram,farmed,sound_02,neutral
"In the gentle spring rain, the dog stayed dry beneath the wide eaves.",1,dog,companion,mildweather_01,neutral
"In the gentle spring rain, the cat stayed dry beneath the wide eaves.",1,cat,companion,mildweather_01,neutral
"In the gentle spring rain, the rabbit stayed dry beneath the wide eaves.",1,rabbit,companion,mildweather_01,neutral
"In the gentle spring rain, the puppy stayed dry beneath the wide eaves.",1,puppy,companion,mildweather_01,neutral
"In the gentle spring rain, the kitten stayed dry beneath the wide eaves.",1,kitten,companion,mildweather_01,neutral
"In the gentle spring rain, the hamster stayed dry beneath the wide eaves.",1,hamster,companion,mildweather_01,neutral
"In the gentle spring rain, the ferret stayed dry beneath the wide eaves.",1,ferret,companion,mildweather_01,neutral
"In the gentle spring rain, the poodle stayed dry beneath the wide eaves.",1,poodle,companion,mildweather_01,neutral
"In the gentle spring rain, the beagle stayed dry beneath the wide eaves.",1,beagle,companion,mildweather_01,neutral
"In the gentle spring rain, the terrier stayed dry beneath the wide eaves.",1,terrier,companion,mildweather_01,neutral
"In the gentle spring rain, the spaniel stayed dry beneath the wide eaves.",1,spaniel,companion,mildweather_01,neutral
"In the gentle spring rain, the labrador stayed dry beneath the wide eaves.",1,labrador,companion,mildweather_01,neutral
"In the gentle spring rain, the collie stayed dry beneath the wide eaves.",1,collie,companion,mildweather_01,neutral
"In the gentle spring rain, the pug stayed dry beneath the wide eaves.",1,pug,companion,mildweather_01,neutral
"In the gentle spring rain, the bulldog stayed dry beneath the wide eaves.",1,bulldog,companion,mildweather_01,neutral
"In the gentle spring rain, the retriever stayed dry beneath the wide eaves.",1,retriever,companion,mildweather_01,neutral
"In the gentle spring rain, the tomcat stayed dry beneath the wide eaves.",1,tomcat,companion,mildweather_01,neutral
"In the gentle spring rain, the gerbil stayed dry beneath the wide eaves.",1,gerbil,companion,mildweather_01,neutral
"In the gentle spring rain, the dalmatian stayed dry beneath the wide eaves.",1,dalmatian,companion,mildweather_01,neutral
"In the gentle spring rain, the greyhound stayed dry beneath the wide eaves.",1,greyhound,companion,mildweather_01,neutral
"In the gentle spring rain, the pig stayed dry beneath the wide eaves.",0,pig,farmed,mildweather_01,neutral
"In the gentle spring rain, the cow stayed dry beneath the wide eaves.",0,cow,farmed,mildweather_01,neutral
"In the gentle spring rain, the chicken stayed dry beneath the wide eaves.",0,chicken,farmed,mildweather_01,neutral
"In the gentle spring rain, the goat stayed dry beneath the wide eaves.",0,goat,farmed,mildweather_01,neutral
"In the gentle spring rain, the sheep stayed dry beneath the wide eaves.",0,sheep,farmed,mildweather_01,neutral
"In the gentle spring rain, the duck stayed dry beneath the wide eaves.",0,duck,farmed,mildweather_01,neutral
"In the gentle spring rain, the turkey stayed dry beneath the wide eaves.",0,turkey,farmed,mildweather_01,neutral
"In the gentle spring rain, the hen stayed dry beneath the wide eaves.",0,hen,farmed,mildweather_01,neutral
"In the gentle spring rain, the rooster stayed dry beneath the wide eaves.",0,rooster,farmed,mildweather_01,neutral
"In the gentle spring rain, the calf stayed dry beneath the wide eaves.",0,calf,farmed,mildweather_01,neutral
"In the gentle spring rain, the lamb stayed dry beneath the wide eaves.",0,lamb,farmed,mildweather_01,neutral
"In the gentle spring rain, the piglet stayed dry beneath the wide eaves.",0,piglet,farmed,mildweather_01,neutral
"In the gentle spring rain, the ox stayed dry beneath the wide eaves.",0,ox,farmed,mildweather_01,neutral
"In the gentle spring rain, the donkey stayed dry beneath the wide eaves.",0,donkey,farmed,mildweather_01,neutral
"In the gentle spring rain, the mule stayed dry beneath the wide eaves.",0,mule,farmed,mildweather_01,neutral
"In the gentle spring rain, the goose stayed dry beneath the wide eaves.",0,goose,farmed,mildweather_01,neutral
"In the gentle spring rain, the sow stayed dry beneath the wide eaves.",0,sow,farmed,mildweather_01,neutral
"In the gentle spring rain, the heifer stayed dry beneath the wide eaves.",0,heifer,farmed,mildweather_01,neutral
"In the gentle spring rain, the foal stayed dry beneath the wide eaves.",0,foal,farmed,mildweather_01,neutral
"In the gentle spring rain, the ram stayed dry beneath the wide eaves.",0,ram,farmed,mildweather_01,neutral
"On the mild autumn morning, the dog enjoyed the sun by the south wall.",1,dog,companion,mildweather_02,neutral
"On the mild autumn morning, the cat enjoyed the sun by the south wall.",1,cat,companion,mildweather_02,neutral
"On the mild autumn morning, the rabbit enjoyed the sun by the south wall.",1,rabbit,companion,mildweather_02,neutral
"On the mild autumn morning, the puppy enjoyed the sun by the south wall.",1,puppy,companion,mildweather_02,neutral
"On the mild autumn morning, the kitten enjoyed the sun by the south wall.",1,kitten,companion,mildweather_02,neutral
"On the mild autumn morning, the hamster enjoyed the sun by the south wall.",1,hamster,companion,mildweather_02,neutral
"On the mild autumn morning, the ferret enjoyed the sun by the south wall.",1,ferret,companion,mildweather_02,neutral
"On the mild autumn morning, the poodle enjoyed the sun by the south wall.",1,poodle,companion,mildweather_02,neutral
"On the mild autumn morning, the beagle enjoyed the sun by the south wall.",1,beagle,companion,mildweather_02,neutral
"On the mild autumn morning, the terrier enjoyed the sun by the south wall.",1,terrier,companion,mildweather_02,neutral
"On the mild autumn morning, the spaniel enjoyed the sun by the south wall.",1,spaniel,companion,mildweather_02,neutral
"On the mild autumn morning, the labrador enjoyed the sun by the south wall.",1,labrador,companion,mildweather_02,neutral
"On the mild autumn morning, the collie enjoyed the sun by the south wall.",1,collie,companion,mildweather_02,neutral
"On the mild autumn morning, the pug enjoyed the sun by the south wall.",1,pug,companion,mildweather_02,neutral
"On the mild autumn morning, the bulldog enjoyed the sun by the south wall.",1,bulldog,companion,mildweather_02,neutral
"On the mild autumn morning, the retriever enjoyed the sun by the south wall.",1,retriever,companion,mildweather_02,neutral
"On the mild autumn morning, the tomcat enjoyed the sun by the south wall.",1,tomcat,companion,mildweather_02,neutral
"On the mild autumn morning, the gerbil enjoyed the sun by the south wall.",1,gerbil,companion,mildweather_02,neutral
"On the mild autumn morning, the dalmatian enjoyed the sun by the south wall.",1,dalmatian,companion,mildweather_02,neutral
"On the mild autumn morning, the greyhound enjoyed the sun by the south wall.",1,greyhound,companion,mildweather_02,neutral
"On the mild autumn morning, the pig enjoyed the sun by the south wall.",0,pig,farmed,mildweather_02,neutral
"On the mild autumn morning, the cow enjoyed the sun by the south wall.",0,cow,farmed,mildweather_02,neutral
"On the mild autumn morning, the chicken enjoyed the sun by the south wall.",0,chicken,farmed,mildweather_02,neutral
"On the mild autumn morning, the goat enjoyed the sun by the south wall.",0,goat,farmed,mildweather_02,neutral
"On the mild autumn morning, the sheep enjoyed the sun by the south wall.",0,sheep,farmed,mildweather_02,neutral
"On the mild autumn morning, the duck enjoyed the sun by the south wall.",0,duck,farmed,mildweather_02,neutral
"On the mild autumn morning, the turkey enjoyed the sun by the south wall.",0,turkey,farmed,mildweather_02,neutral
"On the mild autumn morning, the hen enjoyed the sun by the south wall.",0,hen,farmed,mildweather_02,neutral
"On the mild autumn morning, the rooster enjoyed the sun by the south wall.",0,rooster,farmed,mildweather_02,neutral
"On the mild autumn morning, the calf enjoyed the sun by the south wall.",0,calf,farmed,mildweather_02,neutral
"On the mild autumn morning, the lamb enjoyed the sun by the south wall.",0,lamb,farmed,mildweather_02,neutral
"On the mild autumn morning, the piglet enjoyed the sun by the south wall.",0,piglet,farmed,mildweather_02,neutral
"On the mild autumn morning, the ox enjoyed the sun by the south wall.",0,ox,farmed,mildweather_02,neutral
"On the mild autumn morning, the donkey enjoyed the sun by the south wall.",0,donkey,farmed,mildweather_02,neutral
"On the mild autumn morning, the mule enjoyed the sun by the south wall.",0,mule,farmed,mildweather_02,neutral
"On the mild autumn morning, the goose enjoyed the sun by the south wall.",0,goose,farmed,mildweather_02,neutral
"On the mild autumn morning, the sow enjoyed the sun by the south wall.",0,sow,farmed,mildweather_02,neutral
"On the mild autumn morning, the heifer enjoyed the sun by the south wall.",0,heifer,farmed,mildweather_02,neutral
"On the mild autumn morning, the foal enjoyed the sun by the south wall.",0,foal,farmed,mildweather_02,neutral
"On the mild autumn morning, the ram enjoyed the sun by the south wall.",0,ram,farmed,mildweather_02,neutral
"As the light breeze passed, the dog lingered in the open doorway.",1,dog,companion,mildweather_03,neutral
"As the light breeze passed, the cat lingered in the open doorway.",1,cat,companion,mildweather_03,neutral
"As the light breeze passed, the rabbit lingered in the open doorway.",1,rabbit,companion,mildweather_03,neutral
"As the light breeze passed, the puppy lingered in the open doorway.",1,puppy,companion,mildweather_03,neutral
"As the light breeze passed, the kitten lingered in the open doorway.",1,kitten,companion,mildweather_03,neutral
"As the light breeze passed, the hamster lingered in the open doorway.",1,hamster,companion,mildweather_03,neutral
"As the light breeze passed, the ferret lingered in the open doorway.",1,ferret,companion,mildweather_03,neutral
"As the light breeze passed, the poodle lingered in the open doorway.",1,poodle,companion,mildweather_03,neutral
"As the light breeze passed, the beagle lingered in the open doorway.",1,beagle,companion,mildweather_03,neutral
"As the light breeze passed, the terrier lingered in the open doorway.",1,terrier,companion,mildweather_03,neutral
"As the light breeze passed, the spaniel lingered in the open doorway.",1,spaniel,companion,mildweather_03,neutral
"As the light breeze passed, the labrador lingered in the open doorway.",1,labrador,companion,mildweather_03,neutral
"As the light breeze passed, the collie lingered in the open doorway.",1,collie,companion,mildweather_03,neutral
"As the light breeze passed, the pug lingered in the open doorway.",1,pug,companion,mildweather_03,neutral
"As the light breeze passed, the bulldog lingered in the open doorway.",1,bulldog,companion,mildweather_03,neutral
"As the light breeze passed, the retriever lingered in the open doorway.",1,retriever,companion,mildweather_03,neutral
"As the light breeze passed, the tomcat lingered in the open doorway.",1,tomcat,companion,mildweather_03,neutral
"As the light breeze passed, the gerbil lingered in the open doorway.",1,gerbil,companion,mildweather_03,neutral
"As the light breeze passed, the dalmatian lingered in the open doorway.",1,dalmatian,companion,mildweather_03,neutral
"As the light breeze passed, the greyhound lingered in the open doorway.",1,greyhound,companion,mildweather_03,neutral
"As the light breeze passed, the pig lingered in the open doorway.",0,pig,farmed,mildweather_03,neutral
"As the light breeze passed, the cow lingered in the open doorway.",0,cow,farmed,mildweather_03,neutral
"As the light breeze passed, the chicken lingered in the open doorway.",0,chicken,farmed,mildweather_03,neutral
"As the light breeze passed, the goat lingered in the open doorway.",0,goat,farmed,mildweather_03,neutral
"As the light breeze passed, the sheep lingered in the open doorway.",0,sheep,farmed,mildweather_03,neutral
"As the light breeze passed, the duck lingered in the open doorway.",0,duck,farmed,mildweather_03,neutral
"As the light breeze passed, the turkey lingered in the open doorway.",0,turkey,farmed,mildweather_03,neutral
"As the light breeze passed, the hen lingered in the open doorway.",0,hen,farmed,mildweather_03,neutral
"As the light breeze passed, the rooster lingered in the open doorway.",0,rooster,farmed,mildweather_03,neutral
"As the light breeze passed, the calf lingered in the open doorway.",0,calf,farmed,mildweather_03,neutral
"As the light breeze passed, the lamb lingered in the open doorway.",0,lamb,farmed,mildweather_03,neutral
"As the light breeze passed, the piglet lingered in the open doorway.",0,piglet,farmed,mildweather_03,neutral
"As the light breeze passed, the ox lingered in the open doorway.",0,ox,farmed,mildweather_03,neutral
"As the light breeze passed, the donkey lingered in the open doorway.",0,donkey,farmed,mildweather_03,neutral
"As the light breeze passed, the mule lingered in the open doorway.",0,mule,farmed,mildweather_03,neutral
"As the light breeze passed, the goose lingered in the open doorway.",0,goose,farmed,mildweather_03,neutral
"As the light breeze passed, the sow lingered in the open doorway.",0,sow,farmed,mildweather_03,neutral
"As the light breeze passed, the heifer lingered in the open doorway.",0,heifer,farmed,mildweather_03,neutral
"As the light breeze passed, the foal lingered in the open doorway.",0,foal,farmed,mildweather_03,neutral
"As the light breeze passed, the ram lingered in the open doorway.",0,ram,farmed,mildweather_03,neutral
"Under the clear summer sky, the dog spent the whole day outdoors.",1,dog,companion,mildweather_04,neutral
"Under the clear summer sky, the cat spent the whole day outdoors.",1,cat,companion,mildweather_04,neutral
"Under the clear summer sky, the rabbit spent the whole day outdoors.",1,rabbit,companion,mildweather_04,neutral
"Under the clear summer sky, the puppy spent the whole day outdoors.",1,puppy,companion,mildweather_04,neutral
"Under the clear summer sky, the kitten spent the whole day outdoors.",1,kitten,companion,mildweather_04,neutral
"Under the clear summer sky, the hamster spent the whole day outdoors.",1,hamster,companion,mildweather_04,neutral
"Under the clear summer sky, the ferret spent the whole day outdoors.",1,ferret,companion,mildweather_04,neutral
"Under the clear summer sky, the poodle spent the whole day outdoors.",1,poodle,companion,mildweather_04,neutral
"Under the clear summer sky, the beagle spent the whole day outdoors.",1,beagle,companion,mildweather_04,neutral
"Under the clear summer sky, the terrier spent the whole day outdoors.",1,terrier,companion,mildweather_04,neutral
"Under the clear summer sky, the spaniel spent the whole day outdoors.",1,spaniel,companion,mildweather_04,neutral
"Under the clear summer sky, the labrador spent the whole day outdoors.",1,labrador,companion,mildweather_04,neutral
"Under the clear summer sky, the collie spent the whole day outdoors.",1,collie,companion,mildweather_04,neutral
"Under the clear summer sky, the pug spent the whole day outdoors.",1,pug,companion,mildweather_04,neutral
"Under the clear summer sky, the bulldog spent the whole day outdoors.",1,bulldog,companion,mildweather_04,neutral
"Under the clear summer sky, the retriever spent the whole day outdoors.",1,retriever,companion,mildweather_04,neutral
"Under the clear summer sky, the tomcat spent the whole day outdoors.",1,tomcat,companion,mildweather_04,neutral
"Under the clear summer sky, the gerbil spent the whole day outdoors.",1,gerbil,companion,mildweather_04,neutral
"Under the clear summer sky, the dalmatian spent the whole day outdoors.",1,dalmatian,companion,mildweather_04,neutral
"Under the clear summer sky, the greyhound spent the whole day outdoors.",1,greyhound,companion,mildweather_04,neutral
"Under the clear summer sky, the pig spent the whole day outdoors.",0,pig,farmed,mildweather_04,neutral
"Under the clear summer sky, the cow spent the whole day outdoors.",0,cow,farmed,mildweather_04,neutral
"Under the clear summer sky, the chicken spent the whole day outdoors.",0,chicken,farmed,mildweather_04,neutral
"Under the clear summer sky, the goat spent the whole day outdoors.",0,goat,farmed,mildweather_04,neutral
"Under the clear summer sky, the sheep spent the whole day outdoors.",0,sheep,farmed,mildweather_04,neutral
"Under the clear summer sky, the duck spent the whole day outdoors.",0,duck,farmed,mildweather_04,neutral
"Under the clear summer sky, the turkey spent the whole day outdoors.",0,turkey,farmed,mildweather_04,neutral
"Under the clear summer sky, the hen spent the whole day outdoors.",0,hen,farmed,mildweather_04,neutral
"Under the clear summer sky, the rooster spent the whole day outdoors.",0,rooster,farmed,mildweather_04,neutral
"Under the clear summer sky, the calf spent the whole day outdoors.",0,calf,farmed,mildweather_04,neutral
"Under the clear summer sky, the lamb spent the whole day outdoors.",0,lamb,farmed,mildweather_04,neutral
"Under the clear summer sky, the piglet spent the whole day outdoors.",0,piglet,farmed,mildweather_04,neutral
"Under the clear summer sky, the ox spent the whole day outdoors.",0,ox,farmed,mildweather_04,neutral
"Under the clear summer sky, the donkey spent the whole day outdoors.",0,donkey,farmed,mildweather_04,neutral
"Under the clear summer sky, the mule spent the whole day outdoors.",0,mule,farmed,mildweather_04,neutral
"Under the clear summer sky, the goose spent the whole day outdoors.",0,goose,farmed,mildweather_04,neutral
"Under the clear summer sky, the sow spent the whole day outdoors.",0,sow,farmed,mildweather_04,neutral
"Under the clear summer sky, the heifer spent the whole day outdoors.",0,heifer,farmed,mildweather_04,neutral
"Under the clear summer sky, the foal spent the whole day outdoors.",0,foal,farmed,mildweather_04,neutral
"Under the clear summer sky, the ram spent the whole day outdoors.",0,ram,farmed,mildweather_04,neutral
"Around the old farmhouse, the dog explored the overgrown garden.",1,dog,companion,explore_01,neutral
"Around the old farmhouse, the cat explored the overgrown garden.",1,cat,companion,explore_01,neutral
"Around the old farmhouse, the rabbit explored the overgrown garden.",1,rabbit,companion,explore_01,neutral
"Around the old farmhouse, the puppy explored the overgrown garden.",1,puppy,companion,explore_01,neutral
"Around the old farmhouse, the kitten explored the overgrown garden.",1,kitten,companion,explore_01,neutral
"Around the old farmhouse, the hamster explored the overgrown garden.",1,hamster,companion,explore_01,neutral
"Around the old farmhouse, the ferret explored the overgrown garden.",1,ferret,companion,explore_01,neutral
"Around the old farmhouse, the poodle explored the overgrown garden.",1,poodle,companion,explore_01,neutral
"Around the old farmhouse, the beagle explored the overgrown garden.",1,beagle,companion,explore_01,neutral
"Around the old farmhouse, the terrier explored the overgrown garden.",1,terrier,companion,explore_01,neutral
"Around the old farmhouse, the spaniel explored the overgrown garden.",1,spaniel,companion,explore_01,neutral
"Around the old farmhouse, the labrador explored the overgrown garden.",1,labrador,companion,explore_01,neutral
"Around the old farmhouse, the collie explored the overgrown garden.",1,collie,companion,explore_01,neutral
"Around the old farmhouse, the pug explored the overgrown garden.",1,pug,companion,explore_01,neutral
"Around the old farmhouse, the bulldog explored the overgrown garden.",1,bulldog,companion,explore_01,neutral
"Around the old farmhouse, the retriever explored the overgrown garden.",1,retriever,companion,explore_01,neutral
"Around the old farmhouse, the tomcat explored the overgrown garden.",1,tomcat,companion,explore_01,neutral
"Around the old farmhouse, the gerbil explored the overgrown garden.",1,gerbil,companion,explore_01,neutral
"Around the old farmhouse, the dalmatian explored the overgrown garden.",1,dalmatian,companion,explore_01,neutral
"Around the old farmhouse, the greyhound explored the overgrown garden.",1,greyhound,companion,explore_01,neutral
"Around the old farmhouse, the pig explored the overgrown garden.",0,pig,farmed,explore_01,neutral
"Around the old farmhouse, the cow explored the overgrown garden.",0,cow,farmed,explore_01,neutral
"Around the old farmhouse, the chicken explored the overgrown garden.",0,chicken,farmed,explore_01,neutral
"Around the old farmhouse, the goat explored the overgrown garden.",0,goat,farmed,explore_01,neutral
"Around the old farmhouse, the sheep explored the overgrown garden.",0,sheep,farmed,explore_01,neutral
"Around the old farmhouse, the duck explored the overgrown garden.",0,duck,farmed,explore_01,neutral
"Around the old farmhouse, the turkey explored the overgrown garden.",0,turkey,farmed,explore_01,neutral
"Around the old farmhouse, the hen explored the overgrown garden.",0,hen,farmed,explore_01,neutral
"Around the old farmhouse, the rooster explored the overgrown garden.",0,rooster,farmed,explore_01,neutral
"Around the old farmhouse, the calf explored the overgrown garden.",0,calf,farmed,explore_01,neutral
"Around the old farmhouse, the lamb explored the overgrown garden.",0,lamb,farmed,explore_01,neutral
"Around the old farmhouse, the piglet explored the overgrown garden.",0,piglet,farmed,explore_01,neutral
"Around the old farmhouse, the ox explored the overgrown garden.",0,ox,farmed,explore_01,neutral
"Around the old farmhouse, the donkey explored the overgrown garden.",0,donkey,farmed,explore_01,neutral
"Around the old farmhouse, the mule explored the overgrown garden.",0,mule,farmed,explore_01,neutral
"Around the old farmhouse, the goose explored the overgrown garden.",0,goose,farmed,explore_01,neutral
"Around the old farmhouse, the sow explored the overgrown garden.",0,sow,farmed,explore_01,neutral
"Around the old farmhouse, the heifer explored the overgrown garden.",0,heifer,farmed,explore_01,neutral
"Around the old farmhouse, the foal explored the overgrown garden.",0,foal,farmed,explore_01,neutral
"Around the old farmhouse, the ram explored the overgrown garden.",0,ram,farmed,explore_01,neutral
"Behind the toolshed, the dog investigated a pile of fallen leaves.",1,dog,companion,explore_02,neutral
"Behind the toolshed, the cat investigated a pile of fallen leaves.",1,cat,companion,explore_02,neutral
"Behind the toolshed, the rabbit investigated a pile of fallen leaves.",1,rabbit,companion,explore_02,neutral
"Behind the toolshed, the puppy investigated a pile of fallen leaves.",1,puppy,companion,explore_02,neutral
"Behind the toolshed, the kitten investigated a pile of fallen leaves.",1,kitten,companion,explore_02,neutral
"Behind the toolshed, the hamster investigated a pile of fallen leaves.",1,hamster,companion,explore_02,neutral
"Behind the toolshed, the ferret investigated a pile of fallen leaves.",1,ferret,companion,explore_02,neutral
"Behind the toolshed, the poodle investigated a pile of fallen leaves.",1,poodle,companion,explore_02,neutral
"Behind the toolshed, the beagle investigated a pile of fallen leaves.",1,beagle,companion,explore_02,neutral
"Behind the toolshed, the terrier investigated a pile of fallen leaves.",1,terrier,companion,explore_02,neutral
"Behind the toolshed, the spaniel investigated a pile of fallen leaves.",1,spaniel,companion,explore_02,neutral
"Behind the toolshed, the labrador investigated a pile of fallen leaves.",1,labrador,companion,explore_02,neutral
"Behind the toolshed, the collie investigated a pile of fallen leaves.",1,collie,companion,explore_02,neutral
"Behind the toolshed, the pug investigated a pile of fallen leaves.",1,pug,companion,explore_02,neutral
"Behind the toolshed, the bulldog investigated a pile of fallen leaves.",1,bulldog,companion,explore_02,neutral
"Behind the toolshed, the retriever investigated a pile of fallen leaves.",1,retriever,companion,explore_02,neutral
"Behind the toolshed, the tomcat investigated a pile of fallen leaves.",1,tomcat,companion,explore_02,neutral
"Behind the toolshed, the gerbil investigated a pile of fallen leaves.",1,gerbil,companion,explore_02,neutral
"Behind the toolshed, the dalmatian investigated a pile of fallen leaves.",1,dalmatian,companion,explore_02,neutral
"Behind the toolshed, the greyhound investigated a pile of fallen leaves.",1,greyhound,companion,explore_02,neutral
"Behind the toolshed, the pig investigated a pile of fallen leaves.",0,pig,farmed,explore_02,neutral
"Behind the toolshed, the cow investigated a pile of fallen leaves.",0,cow,farmed,explore_02,neutral
"Behind the toolshed, the chicken investigated a pile of fallen leaves.",0,chicken,farmed,explore_02,neutral
"Behind the toolshed, the goat investigated a pile of fallen leaves.",0,goat,farmed,explore_02,neutral
"Behind the toolshed, the sheep investigated a pile of fallen leaves.",0,sheep,farmed,explore_02,neutral
"Behind the toolshed, the duck investigated a pile of fallen leaves.",0,duck,farmed,explore_02,neutral
"Behind the toolshed, the turkey investigated a pile of fallen leaves.",0,turkey,farmed,explore_02,neutral
"Behind the toolshed, the hen investigated a pile of fallen leaves.",0,hen,farmed,explore_02,neutral
"Behind the toolshed, the rooster investigated a pile of fallen leaves.",0,rooster,farmed,explore_02,neutral
"Behind the toolshed, the calf investigated a pile of fallen leaves.",0,calf,farmed,explore_02,neutral
"Behind the toolshed, the lamb investigated a pile of fallen leaves.",0,lamb,farmed,explore_02,neutral
"Behind the toolshed, the piglet investigated a pile of fallen leaves.",0,piglet,farmed,explore_02,neutral
"Behind the toolshed, the ox investigated a pile of fallen leaves.",0,ox,farmed,explore_02,neutral
"Behind the toolshed, the donkey investigated a pile of fallen leaves.",0,donkey,farmed,explore_02,neutral
"Behind the toolshed, the mule investigated a pile of fallen leaves.",0,mule,farmed,explore_02,neutral
"Behind the toolshed, the goose investigated a pile of fallen leaves.",0,goose,farmed,explore_02,neutral
"Behind the toolshed, the sow investigated a pile of fallen leaves.",0,sow,farmed,explore_02,neutral
"Behind the toolshed, the heifer investigated a pile of fallen leaves.",0,heifer,farmed,explore_02,neutral
"Behind the toolshed, the foal investigated a pile of fallen leaves.",0,foal,farmed,explore_02,neutral
"Behind the toolshed, the ram investigated a pile of fallen leaves.",0,ram,farmed,explore_02,neutral
"Near the orchard gate, the dog paused to take in the morning air.",1,dog,companion,explore_03,neutral
"Near the orchard gate, the cat paused to take in the morning air.",1,cat,companion,explore_03,neutral
"Near the orchard gate, the rabbit paused to take in the morning air.",1,rabbit,companion,explore_03,neutral
"Near the orchard gate, the puppy paused to take in the morning air.",1,puppy,companion,explore_03,neutral
"Near the orchard gate, the kitten paused to take in the morning air.",1,kitten,companion,explore_03,neutral
"Near the orchard gate, the hamster paused to take in the morning air.",1,hamster,companion,explore_03,neutral
"Near the orchard gate, the ferret paused to take in the morning air.",1,ferret,companion,explore_03,neutral
"Near the orchard gate, the poodle paused to take in the morning air.",1,poodle,companion,explore_03,neutral
"Near the orchard gate, the beagle paused to take in the morning air.",1,beagle,companion,explore_03,neutral
"Near the orchard gate, the terrier paused to take in the morning air.",1,terrier,companion,explore_03,neutral
"Near the orchard gate, the spaniel paused to take in the morning air.",1,spaniel,companion,explore_03,neutral
"Near the orchard gate, the labrador paused to take in the morning air.",1,labrador,companion,explore_03,neutral
"Near the orchard gate, the collie paused to take in the morning air.",1,collie,companion,explore_03,neutral
"Near the orchard gate, the pug paused to take in the morning air.",1,pug,companion,explore_03,neutral
"Near the orchard gate, the bulldog paused to take in the morning air.",1,bulldog,companion,explore_03,neutral
"Near the orchard gate, the retriever paused to take in the morning air.",1,retriever,companion,explore_03,neutral
"Near the orchard gate, the tomcat paused to take in the morning air.",1,tomcat,companion,explore_03,neutral
"Near the orchard gate, the gerbil paused to take in the morning air.",1,gerbil,companion,explore_03,neutral
"Near the orchard gate, the dalmatian paused to take in the morning air.",1,dalmatian,companion,explore_03,neutral
"Near the orchard gate, the greyhound paused to take in the morning air.",1,greyhound,companion,explore_03,neutral
"Near the orchard gate, the pig paused to take in the morning air.",0,pig,farmed,explore_03,neutral
"Near the orchard gate, the cow paused to take in the morning air.",0,cow,farmed,explore_03,neutral
"Near the orchard gate, the chicken paused to take in the morning air.",0,chicken,farmed,explore_03,neutral
"Near the orchard gate, the goat paused to take in the morning air.",0,goat,farmed,explore_03,neutral
"Near the orchard gate, the sheep paused to take in the morning air.",0,sheep,farmed,explore_03,neutral
"Near the orchard gate, the duck paused to take in the morning air.",0,duck,farmed,explore_03,neutral
"Near the orchard gate, the turkey paused to take in the morning air.",0,turkey,farmed,explore_03,neutral
"Near the orchard gate, the hen paused to take in the morning air.",0,hen,farmed,explore_03,neutral
"Near the orchard gate, the rooster paused to take in the morning air.",0,rooster,farmed,explore_03,neutral
"Near the orchard gate, the calf paused to take in the morning air.",0,calf,farmed,explore_03,neutral
"Near the orchard gate, the lamb paused to take in the morning air.",0,lamb,farmed,explore_03,neutral
"Near the orchard gate, the piglet paused to take in the morning air.",0,piglet,farmed,explore_03,neutral
"Near the orchard gate, the ox paused to take in the morning air.",0,ox,farmed,explore_03,neutral
"Near the orchard gate, the donkey paused to take in the morning air.",0,donkey,farmed,explore_03,neutral
"Near the orchard gate, the mule paused to take in the morning air.",0,mule,farmed,explore_03,neutral
"Near the orchard gate, the goose paused to take in the morning air.",0,goose,farmed,explore_03,neutral
"Near the orchard gate, the sow paused to take in the morning air.",0,sow,farmed,explore_03,neutral
"Near the orchard gate, the heifer paused to take in the morning air.",0,heifer,farmed,explore_03,neutral
"Near the orchard gate, the foal paused to take in the morning air.",0,foal,farmed,explore_03,neutral
"Near the orchard gate, the ram paused to take in the morning air.",0,ram,farmed,explore_03,neutral
"Along the hedge, the dog wandered from one end to the other.",1,dog,companion,explore_04,neutral
"Along the hedge, the cat wandered from one end to the other.",1,cat,companion,explore_04,neutral
"Along the hedge, the rabbit wandered from one end to the other.",1,rabbit,companion,explore_04,neutral
"Along the hedge, the puppy wandered from one end to the other.",1,puppy,companion,explore_04,neutral
"Along the hedge, the kitten wandered from one end to the other.",1,kitten,companion,explore_04,neutral
"Along the hedge, the hamster wandered from one end to the other.",1,hamster,companion,explore_04,neutral
"Along the hedge, the ferret wandered from one end to the other.",1,ferret,companion,explore_04,neutral
"Along the hedge, the poodle wandered from one end to the other.",1,poodle,companion,explore_04,neutral
"Along the hedge, the beagle wandered from one end to the other.",1,beagle,companion,explore_04,neutral
"Along the hedge, the terrier wandered from one end to the other.",1,terrier,companion,explore_04,neutral
"Along the hedge, the spaniel wandered from one end to the other.",1,spaniel,companion,explore_04,neutral
"Along the hedge, the labrador wandered from one end to the other.",1,labrador,companion,explore_04,neutral
"Along the hedge, the collie wandered from one end to the other.",1,collie,companion,explore_04,neutral
"Along the hedge, the pug wandered from one end to the other.",1,pug,companion,explore_04,neutral
"Along the hedge, the bulldog wandered from one end to the other.",1,bulldog,companion,explore_04,neutral
"Along the hedge, the retriever wandered from one end to the other.",1,retriever,companion,explore_04,neutral
"Along the hedge, the tomcat wandered from one end to the other.",1,tomcat,companion,explore_04,neutral
"Along the hedge, the gerbil wandered from one end to the other.",1,gerbil,companion,explore_04,neutral
"Along the hedge, the dalmatian wandered from one end to the other.",1,dalmatian,companion,explore_04,neutral
"Along the hedge, the greyhound wandered from one end to the other.",1,greyhound,companion,explore_04,neutral
"Along the hedge, the pig wandered from one end to the other.",0,pig,farmed,explore_04,neutral
"Along the hedge, the cow wandered from one end to the other.",0,cow,farmed,explore_04,neutral
"Along the hedge, the chicken wandered from one end to the other.",0,chicken,farmed,explore_04,neutral
"Along the hedge, the goat wandered from one end to the other.",0,goat,farmed,explore_04,neutral
"Along the hedge, the sheep wandered from one end to the other.",0,sheep,farmed,explore_04,neutral
"Along the hedge, the duck wandered from one end to the other.",0,duck,farmed,explore_04,neutral
"Along the hedge, the turkey wandered from one end to the other.",0,turkey,farmed,explore_04,neutral
"Along the hedge, the hen wandered from one end to the other.",0,hen,farmed,explore_04,neutral
"Along the hedge, the rooster wandered from one end to the other.",0,rooster,farmed,explore_04,neutral
"Along the hedge, the calf wandered from one end to the other.",0,calf,farmed,explore_04,neutral
"Along the hedge, the lamb wandered from one end to the other.",0,lamb,farmed,explore_04,neutral
"Along the hedge, the piglet wandered from one end to the other.",0,piglet,farmed,explore_04,neutral
"Along the hedge, the ox wandered from one end to the other.",0,ox,farmed,explore_04,neutral
"Along the hedge, the donkey wandered from one end to the other.",0,donkey,farmed,explore_04,neutral
"Along the hedge, the mule wandered from one end to the other.",0,mule,farmed,explore_04,neutral
"Along the hedge, the goose wandered from one end to the other.",0,goose,farmed,explore_04,neutral
"Along the hedge, the sow wandered from one end to the other.",0,sow,farmed,explore_04,neutral
"Along the hedge, the heifer wandered from one end to the other.",0,heifer,farmed,explore_04,neutral
"Along the hedge, the foal wandered from one end to the other.",0,foal,farmed,explore_04,neutral
"Along the hedge, the ram wandered from one end to the other.",0,ram,farmed,explore_04,neutral
"As dusk settled, the dog returned to the shelter of the barn.",1,dog,companion,evening_01,neutral
"As dusk settled, the cat returned to the shelter of the barn.",1,cat,companion,evening_01,neutral
"As dusk settled, the rabbit returned to the shelter of the barn.",1,rabbit,companion,evening_01,neutral
"As dusk settled, the puppy returned to the shelter of the barn.",1,puppy,companion,evening_01,neutral
"As dusk settled, the kitten returned to the shelter of the barn.",1,kitten,companion,evening_01,neutral
"As dusk settled, the hamster returned to the shelter of the barn.",1,hamster,companion,evening_01,neutral
"As dusk settled, the ferret returned to the shelter of the barn.",1,ferret,companion,evening_01,neutral
"As dusk settled, the poodle returned to the shelter of the barn.",1,poodle,companion,evening_01,neutral
"As dusk settled, the beagle returned to the shelter of the barn.",1,beagle,companion,evening_01,neutral
"As dusk settled, the terrier returned to the shelter of the barn.",1,terrier,companion,evening_01,neutral
"As dusk settled, the spaniel returned to the shelter of the barn.",1,spaniel,companion,evening_01,neutral
"As dusk settled, the labrador returned to the shelter of the barn.",1,labrador,companion,evening_01,neutral
"As dusk settled, the collie returned to the shelter of the barn.",1,collie,companion,evening_01,neutral
"As dusk settled, the pug returned to the shelter of the barn.",1,pug,companion,evening_01,neutral
"As dusk settled, the bulldog returned to the shelter of the barn.",1,bulldog,companion,evening_01,neutral
"As dusk settled, the retriever returned to the shelter of the barn.",1,retriever,companion,evening_01,neutral
"As dusk settled, the tomcat returned to the shelter of the barn.",1,tomcat,companion,evening_01,neutral
"As dusk settled, the gerbil returned to the shelter of the barn.",1,gerbil,companion,evening_01,neutral
"As dusk settled, the dalmatian returned to the shelter of the barn.",1,dalmatian,companion,evening_01,neutral
"As dusk settled, the greyhound returned to the shelter of the barn.",1,greyhound,companion,evening_01,neutral
"As dusk settled, the pig returned to the shelter of the barn.",0,pig,farmed,evening_01,neutral
"As dusk settled, the cow returned to the shelter of the barn.",0,cow,farmed,evening_01,neutral
"As dusk settled, the chicken returned to the shelter of the barn.",0,chicken,farmed,evening_01,neutral
"As dusk settled, the goat returned to the shelter of the barn.",0,goat,farmed,evening_01,neutral
"As dusk settled, the sheep returned to the shelter of the barn.",0,sheep,farmed,evening_01,neutral
"As dusk settled, the duck returned to the shelter of the barn.",0,duck,farmed,evening_01,neutral
"As dusk settled, the turkey returned to the shelter of the barn.",0,turkey,farmed,evening_01,neutral
"As dusk settled, the hen returned to the shelter of the barn.",0,hen,farmed,evening_01,neutral
"As dusk settled, the rooster returned to the shelter of the barn.",0,rooster,farmed,evening_01,neutral
"As dusk settled, the calf returned to the shelter of the barn.",0,calf,farmed,evening_01,neutral
"As dusk settled, the lamb returned to the shelter of the barn.",0,lamb,farmed,evening_01,neutral
"As dusk settled, the piglet returned to the shelter of the barn.",0,piglet,farmed,evening_01,neutral
"As dusk settled, the ox returned to the shelter of the barn.",0,ox,farmed,evening_01,neutral
"As dusk settled, the donkey returned to the shelter of the barn.",0,donkey,farmed,evening_01,neutral
"As dusk settled, the mule returned to the shelter of the barn.",0,mule,farmed,evening_01,neutral
"As dusk settled, the goose returned to the shelter of the barn.",0,goose,farmed,evening_01,neutral
"As dusk settled, the sow returned to the shelter of the barn.",0,sow,farmed,evening_01,neutral
"As dusk settled, the heifer returned to the shelter of the barn.",0,heifer,farmed,evening_01,neutral
"As dusk settled, the foal returned to the shelter of the barn.",0,foal,farmed,evening_01,neutral
"As dusk settled, the ram returned to the shelter of the barn.",0,ram,farmed,evening_01,neutral
"By nightfall, the dog had found a warm place to sleep.",1,dog,companion,evening_02,neutral
"By nightfall, the cat had found a warm place to sleep.",1,cat,companion,evening_02,neutral
"By nightfall, the rabbit had found a warm place to sleep.",1,rabbit,companion,evening_02,neutral
"By nightfall, the puppy had found a warm place to sleep.",1,puppy,companion,evening_02,neutral
"By nightfall, the kitten had found a warm place to sleep.",1,kitten,companion,evening_02,neutral
"By nightfall, the hamster had found a warm place to sleep.",1,hamster,companion,evening_02,neutral
"By nightfall, the ferret had found a warm place to sleep.",1,ferret,companion,evening_02,neutral
"By nightfall, the poodle had found a warm place to sleep.",1,poodle,companion,evening_02,neutral
"By nightfall, the beagle had found a warm place to sleep.",1,beagle,companion,evening_02,neutral
"By nightfall, the terrier had found a warm place to sleep.",1,terrier,companion,evening_02,neutral
"By nightfall, the spaniel had found a warm place to sleep.",1,spaniel,companion,evening_02,neutral
"By nightfall, the labrador had found a warm place to sleep.",1,labrador,companion,evening_02,neutral
"By nightfall, the collie had found a warm place to sleep.",1,collie,companion,evening_02,neutral
"By nightfall, the pug had found a warm place to sleep.",1,pug,companion,evening_02,neutral
"By nightfall, the bulldog had found a warm place to sleep.",1,bulldog,companion,evening_02,neutral
"By nightfall, the retriever had found a warm place to sleep.",1,retriever,companion,evening_02,neutral
"By nightfall, the tomcat had found a warm place to sleep.",1,tomcat,companion,evening_02,neutral
"By nightfall, the gerbil had found a warm place to sleep.",1,gerbil,companion,evening_02,neutral
"By nightfall, the dalmatian had found a warm place to sleep.",1,dalmatian,companion,evening_02,neutral
"By nightfall, the greyhound had found a warm place to sleep.",1,greyhound,companion,evening_02,neutral
"By nightfall, the pig had found a warm place to sleep.",0,pig,farmed,evening_02,neutral
"By nightfall, the cow had found a warm place to sleep.",0,cow,farmed,evening_02,neutral
"By nightfall, the chicken had found a warm place to sleep.",0,chicken,farmed,evening_02,neutral
"By nightfall, the goat had found a warm place to sleep.",0,goat,farmed,evening_02,neutral
"By nightfall, the sheep had found a warm place to sleep.",0,sheep,farmed,evening_02,neutral
"By nightfall, the duck had found a warm place to sleep.",0,duck,farmed,evening_02,neutral
"By nightfall, the turkey had found a warm place to sleep.",0,turkey,farmed,evening_02,neutral
"By nightfall, the hen had found a warm place to sleep.",0,hen,farmed,evening_02,neutral
"By nightfall, the rooster had found a warm place to sleep.",0,rooster,farmed,evening_02,neutral
"By nightfall, the calf had found a warm place to sleep.",0,calf,farmed,evening_02,neutral
"By nightfall, the lamb had found a warm place to sleep.",0,lamb,farmed,evening_02,neutral
"By nightfall, the piglet had found a warm place to sleep.",0,piglet,farmed,evening_02,neutral
"By nightfall, the ox had found a warm place to sleep.",0,ox,farmed,evening_02,neutral
"By nightfall, the donkey had found a warm place to sleep.",0,donkey,farmed,evening_02,neutral
"By nightfall, the mule had found a warm place to sleep.",0,mule,farmed,evening_02,neutral
"By nightfall, the goose had found a warm place to sleep.",0,goose,farmed,evening_02,neutral
"By nightfall, the sow had found a warm place to sleep.",0,sow,farmed,evening_02,neutral
"By nightfall, the heifer had found a warm place to sleep.",0,heifer,farmed,evening_02,neutral
"By nightfall, the foal had found a warm place to sleep.",0,foal,farmed,evening_02,neutral
"By nightfall, the ram had found a warm place to sleep.",0,ram,farmed,evening_02,neutral
"In the last light of day, the dog lingered near the gate.",1,dog,companion,evening_03,neutral
"In the last light of day, the cat lingered near the gate.",1,cat,companion,evening_03,neutral
"In the last light of day, the rabbit lingered near the gate.",1,rabbit,companion,evening_03,neutral
"In the last light of day, the puppy lingered near the gate.",1,puppy,companion,evening_03,neutral
"In the last light of day, the kitten lingered near the gate.",1,kitten,companion,evening_03,neutral
"In the last light of day, the hamster lingered near the gate.",1,hamster,companion,evening_03,neutral
"In the last light of day, the ferret lingered near the gate.",1,ferret,companion,evening_03,neutral
"In the last light of day, the poodle lingered near the gate.",1,poodle,companion,evening_03,neutral
"In the last light of day, the beagle lingered near the gate.",1,beagle,companion,evening_03,neutral
"In the last light of day, the terrier lingered near the gate.",1,terrier,companion,evening_03,neutral
"In the last light of day, the spaniel lingered near the gate.",1,spaniel,companion,evening_03,neutral
"In the last light of day, the labrador lingered near the gate.",1,labrador,companion,evening_03,neutral
"In the last light of day, the collie lingered near the gate.",1,collie,companion,evening_03,neutral
"In the last light of day, the pug lingered near the gate.",1,pug,companion,evening_03,neutral
"In the last light of day, the bulldog lingered near the gate.",1,bulldog,companion,evening_03,neutral
"In the last light of day, the retriever lingered near the gate.",1,retriever,companion,evening_03,neutral
"In the last light of day, the tomcat lingered near the gate.",1,tomcat,companion,evening_03,neutral
"In the last light of day, the gerbil lingered near the gate.",1,gerbil,companion,evening_03,neutral
"In the last light of day, the dalmatian lingered near the gate.",1,dalmatian,companion,evening_03,neutral
"In the last light of day, the greyhound lingered near the gate.",1,greyhound,companion,evening_03,neutral
"In the last light of day, the pig lingered near the gate.",0,pig,farmed,evening_03,neutral
"In the last light of day, the cow lingered near the gate.",0,cow,farmed,evening_03,neutral
"In the last light of day, the chicken lingered near the gate.",0,chicken,farmed,evening_03,neutral
"In the last light of day, the goat lingered near the gate.",0,goat,farmed,evening_03,neutral
"In the last light of day, the sheep lingered near the gate.",0,sheep,farmed,evening_03,neutral
"In the last light of day, the duck lingered near the gate.",0,duck,farmed,evening_03,neutral
"In the last light of day, the turkey lingered near the gate.",0,turkey,farmed,evening_03,neutral
"In the last light of day, the hen lingered near the gate.",0,hen,farmed,evening_03,neutral
"In the last light of day, the rooster lingered near the gate.",0,rooster,farmed,evening_03,neutral
"In the last light of day, the calf lingered near the gate.",0,calf,farmed,evening_03,neutral
"In the last light of day, the lamb lingered near the gate.",0,lamb,farmed,evening_03,neutral
"In the last light of day, the piglet lingered near the gate.",0,piglet,farmed,evening_03,neutral
"In the last light of day, the ox lingered near the gate.",0,ox,farmed,evening_03,neutral
"In the last light of day, the donkey lingered near the gate.",0,donkey,farmed,evening_03,neutral
"In the last light of day, the mule lingered near the gate.",0,mule,farmed,evening_03,neutral
"In the last light of day, the goose lingered near the gate.",0,goose,farmed,evening_03,neutral
"In the last light of day, the sow lingered near the gate.",0,sow,farmed,evening_03,neutral
"In the last light of day, the heifer lingered near the gate.",0,heifer,farmed,evening_03,neutral
"In the last light of day, the foal lingered near the gate.",0,foal,farmed,evening_03,neutral
"In the last light of day, the ram lingered near the gate.",0,ram,farmed,evening_03,neutral
"When the stars came out, the dog was resting by the hedge.",1,dog,companion,evening_04,neutral
"When the stars came out, the cat was resting by the hedge.",1,cat,companion,evening_04,neutral
"When the stars came out, the rabbit was resting by the hedge.",1,rabbit,companion,evening_04,neutral
"When the stars came out, the puppy was resting by the hedge.",1,puppy,companion,evening_04,neutral
"When the stars came out, the kitten was resting by the hedge.",1,kitten,companion,evening_04,neutral
"When the stars came out, the hamster was resting by the hedge.",1,hamster,companion,evening_04,neutral
"When the stars came out, the ferret was resting by the hedge.",1,ferret,companion,evening_04,neutral
"When the stars came out, the poodle was resting by the hedge.",1,poodle,companion,evening_04,neutral
"When the stars came out, the beagle was resting by the hedge.",1,beagle,companion,evening_04,neutral
"When the stars came out, the terrier was resting by the hedge.",1,terrier,companion,evening_04,neutral
"When the stars came out, the spaniel was resting by the hedge.",1,spaniel,companion,evening_04,neutral
"When the stars came out, the labrador was resting by the hedge.",1,labrador,companion,evening_04,neutral
"When the stars came out, the collie was resting by the hedge.",1,collie,companion,evening_04,neutral
"When the stars came out, the pug was resting by the hedge.",1,pug,companion,evening_04,neutral
"When the stars came out, the bulldog was resting by the hedge.",1,bulldog,companion,evening_04,neutral
"When the stars came out, the retriever was resting by the hedge.",1,retriever,companion,evening_04,neutral
"When the stars came out, the tomcat was resting by the hedge.",1,tomcat,companion,evening_04,neutral
"When the stars came out, the gerbil was resting by the hedge.",1,gerbil,companion,evening_04,neutral
"When the stars came out, the dalmatian was resting by the hedge.",1,dalmatian,companion,evening_04,neutral
"When the stars came out, the greyhound was resting by the hedge.",1,greyhound,companion,evening_04,neutral
"When the stars came out, the pig was resting by the hedge.",0,pig,farmed,evening_04,neutral
"When the stars came out, the cow was resting by the hedge.",0,cow,farmed,evening_04,neutral
"When the stars came out, the chicken was resting by the hedge.",0,chicken,farmed,evening_04,neutral
"When the stars came out, the goat was resting by the hedge.",0,goat,farmed,evening_04,neutral
"When the stars came out, the sheep was resting by the hedge.",0,sheep,farmed,evening_04,neutral
"When the stars came out, the duck was resting by the hedge.",0,duck,farmed,evening_04,neutral
"When the stars came out, the turkey was resting by the hedge.",0,turkey,farmed,evening_04,neutral
"When the stars came out, the hen was resting by the hedge.",0,hen,farmed,evening_04,neutral
"When the stars came out, the rooster was resting by the hedge.",0,rooster,farmed,evening_04,neutral
"When the stars came out, the calf was resting by the hedge.",0,calf,farmed,evening_04,neutral
"When the stars came out, the lamb was resting by the hedge.",0,lamb,farmed,evening_04,neutral
"When the stars came out, the piglet was resting by the hedge.",0,piglet,farmed,evening_04,neutral
"When the stars came out, the ox was resting by the hedge.",0,ox,farmed,evening_04,neutral
"When the stars came out, the donkey was resting by the hedge.",0,donkey,farmed,evening_04,neutral
"When the stars came out, the mule was resting by the hedge.",0,mule,farmed,evening_04,neutral
"When the stars came out, the goose was resting by the hedge.",0,goose,farmed,evening_04,neutral
"When the stars came out, the sow was resting by the hedge.",0,sow,farmed,evening_04,neutral
"When the stars came out, the heifer was resting by the hedge.",0,heifer,farmed,evening_04,neutral
"When the stars came out, the foal was resting by the hedge.",0,foal,farmed,evening_04,neutral
"When the stars came out, the ram was resting by the hedge.",0,ram,farmed,evening_04,neutral
"Every day that week, the dog appeared in the same corner of the field.",1,dog,companion,routine_01,neutral
"Every day that week, the cat appeared in the same corner of the field.",1,cat,companion,routine_01,neutral
"Every day that week, the rabbit appeared in the same corner of the field.",1,rabbit,companion,routine_01,neutral
"Every day that week, the puppy appeared in the same corner of the field.",1,puppy,companion,routine_01,neutral
"Every day that week, the kitten appeared in the same corner of the field.",1,kitten,companion,routine_01,neutral
"Every day that week, the hamster appeared in the same corner of the field.",1,hamster,companion,routine_01,neutral
"Every day that week, the ferret appeared in the same corner of the field.",1,ferret,companion,routine_01,neutral
"Every day that week, the poodle appeared in the same corner of the field.",1,poodle,companion,routine_01,neutral
"Every day that week, the beagle appeared in the same corner of the field.",1,beagle,companion,routine_01,neutral
"Every day that week, the terrier appeared in the same corner of the field.",1,terrier,companion,routine_01,neutral
"Every day that week, the spaniel appeared in the same corner of the field.",1,spaniel,companion,routine_01,neutral
"Every day that week, the labrador appeared in the same corner of the field.",1,labrador,companion,routine_01,neutral
"Every day that week, the collie appeared in the same corner of the field.",1,collie,companion,routine_01,neutral
"Every day that week, the pug appeared in the same corner of the field.",1,pug,companion,routine_01,neutral
"Every day that week, the bulldog appeared in the same corner of the field.",1,bulldog,companion,routine_01,neutral
"Every day that week, the retriever appeared in the same corner of the field.",1,retriever,companion,routine_01,neutral
"Every day that week, the tomcat appeared in the same corner of the field.",1,tomcat,companion,routine_01,neutral
"Every day that week, the gerbil appeared in the same corner of the field.",1,gerbil,companion,routine_01,neutral
"Every day that week, the dalmatian appeared in the same corner of the field.",1,dalmatian,companion,routine_01,neutral
"Every day that week, the greyhound appeared in the same corner of the field.",1,greyhound,companion,routine_01,neutral
"Every day that week, the pig appeared in the same corner of the field.",0,pig,farmed,routine_01,neutral
"Every day that week, the cow appeared in the same corner of the field.",0,cow,farmed,routine_01,neutral
"Every day that week, the chicken appeared in the same corner of the field.",0,chicken,farmed,routine_01,neutral
"Every day that week, the goat appeared in the same corner of the field.",0,goat,farmed,routine_01,neutral
"Every day that week, the sheep appeared in the same corner of the field.",0,sheep,farmed,routine_01,neutral
"Every day that week, the duck appeared in the same corner of the field.",0,duck,farmed,routine_01,neutral
"Every day that week, the turkey appeared in the same corner of the field.",0,turkey,farmed,routine_01,neutral
"Every day that week, the hen appeared in the same corner of the field.",0,hen,farmed,routine_01,neutral
"Every day that week, the rooster appeared in the same corner of the field.",0,rooster,farmed,routine_01,neutral
"Every day that week, the calf appeared in the same corner of the field.",0,calf,farmed,routine_01,neutral
"Every day that week, the lamb appeared in the same corner of the field.",0,lamb,farmed,routine_01,neutral
"Every day that week, the piglet appeared in the same corner of the field.",0,piglet,farmed,routine_01,neutral
"Every day that week, the ox appeared in the same corner of the field.",0,ox,farmed,routine_01,neutral
"Every day that week, the donkey appeared in the same corner of the field.",0,donkey,farmed,routine_01,neutral
"Every day that week, the mule appeared in the same corner of the field.",0,mule,farmed,routine_01,neutral
"Every day that week, the goose appeared in the same corner of the field.",0,goose,farmed,routine_01,neutral
"Every day that week, the sow appeared in the same corner of the field.",0,sow,farmed,routine_01,neutral
"Every day that week, the heifer appeared in the same corner of the field.",0,heifer,farmed,routine_01,neutral
"Every day that week, the foal appeared in the same corner of the field.",0,foal,farmed,routine_01,neutral
"Every day that week, the ram appeared in the same corner of the field.",0,ram,farmed,routine_01,neutral
"Like clockwork, the dog arrived at the gate each morning.",1,dog,companion,routine_02,neutral
"Like clockwork, the cat arrived at the gate each morning.",1,cat,companion,routine_02,neutral
"Like clockwork, the rabbit arrived at the gate each morning.",1,rabbit,companion,routine_02,neutral
"Like clockwork, the puppy arrived at the gate each morning.",1,puppy,companion,routine_02,neutral
"Like clockwork, the kitten arrived at the gate each morning.",1,kitten,companion,routine_02,neutral
"Like clockwork, the hamster arrived at the gate each morning.",1,hamster,companion,routine_02,neutral
"Like clockwork, the ferret arrived at the gate each morning.",1,ferret,companion,routine_02,neutral
"Like clockwork, the poodle arrived at the gate each morning.",1,poodle,companion,routine_02,neutral
"Like clockwork, the beagle arrived at the gate each morning.",1,beagle,companion,routine_02,neutral
"Like clockwork, the terrier arrived at the gate each morning.",1,terrier,companion,routine_02,neutral
"Like clockwork, the spaniel arrived at the gate each morning.",1,spaniel,companion,routine_02,neutral
"Like clockwork, the labrador arrived at the gate each morning.",1,labrador,companion,routine_02,neutral
"Like clockwork, the collie arrived at the gate each morning.",1,collie,companion,routine_02,neutral
"Like clockwork, the pug arrived at the gate each morning.",1,pug,companion,routine_02,neutral
"Like clockwork, the bulldog arrived at the gate each morning.",1,bulldog,companion,routine_02,neutral
"Like clockwork, the retriever arrived at the gate each morning.",1,retriever,companion,routine_02,neutral
"Like clockwork, the tomcat arrived at the gate each morning.",1,tomcat,companion,routine_02,neutral
"Like clockwork, the gerbil arrived at the gate each morning.",1,gerbil,companion,routine_02,neutral
"Like clockwork, the dalmatian arrived at the gate each morning.",1,dalmatian,companion,routine_02,neutral
"Like clockwork, the greyhound arrived at the gate each morning.",1,greyhound,companion,routine_02,neutral
"Like clockwork, the pig arrived at the gate each morning.",0,pig,farmed,routine_02,neutral
"Like clockwork, the cow arrived at the gate each morning.",0,cow,farmed,routine_02,neutral
"Like clockwork, the chicken arrived at the gate each morning.",0,chicken,farmed,routine_02,neutral
"Like clockwork, the goat arrived at the gate each morning.",0,goat,farmed,routine_02,neutral
"Like clockwork, the sheep arrived at the gate each morning.",0,sheep,farmed,routine_02,neutral
"Like clockwork, the duck arrived at the gate each morning.",0,duck,farmed,routine_02,neutral
"Like clockwork, the turkey arrived at the gate each morning.",0,turkey,farmed,routine_02,neutral
"Like clockwork, the hen arrived at the gate each morning.",0,hen,farmed,routine_02,neutral
"Like clockwork, the rooster arrived at the gate each morning.",0,rooster,farmed,routine_02,neutral
"Like clockwork, the calf arrived at the gate each morning.",0,calf,farmed,routine_02,neutral
"Like clockwork, the lamb arrived at the gate each morning.",0,lamb,farmed,routine_02,neutral
"Like clockwork, the piglet arrived at the gate each morning.",0,piglet,farmed,routine_02,neutral
"Like clockwork, the ox arrived at the gate each morning.",0,ox,farmed,routine_02,neutral
"Like clockwork, the donkey arrived at the gate each morning.",0,donkey,farmed,routine_02,neutral
"Like clockwork, the mule arrived at the gate each morning.",0,mule,farmed,routine_02,neutral
"Like clockwork, the goose arrived at the gate each morning.",0,goose,farmed,routine_02,neutral
"Like clockwork, the sow arrived at the gate each morning.",0,sow,farmed,routine_02,neutral
"Like clockwork, the heifer arrived at the gate each morning.",0,heifer,farmed,routine_02,neutral
"Like clockwork, the foal arrived at the gate each morning.",0,foal,farmed,routine_02,neutral
"Like clockwork, the ram arrived at the gate each morning.",0,ram,farmed,routine_02,neutral
"Most afternoons, the dog could be found near the willow tree.",1,dog,companion,routine_03,neutral
"Most afternoons, the cat could be found near the willow tree.",1,cat,companion,routine_03,neutral
"Most afternoons, the rabbit could be found near the willow tree.",1,rabbit,companion,routine_03,neutral
"Most afternoons, the puppy could be found near the willow tree.",1,puppy,companion,routine_03,neutral
"Most afternoons, the kitten could be found near the willow tree.",1,kitten,companion,routine_03,neutral
"Most afternoons, the hamster could be found near the willow tree.",1,hamster,companion,routine_03,neutral
"Most afternoons, the ferret could be found near the willow tree.",1,ferret,companion,routine_03,neutral
"Most afternoons, the poodle could be found near the willow tree.",1,poodle,companion,routine_03,neutral
"Most afternoons, the beagle could be found near the willow tree.",1,beagle,companion,routine_03,neutral
"Most afternoons, the terrier could be found near the willow tree.",1,terrier,companion,routine_03,neutral
"Most afternoons, the spaniel could be found near the willow tree.",1,spaniel,companion,routine_03,neutral
"Most afternoons, the labrador could be found near the willow tree.",1,labrador,companion,routine_03,neutral
"Most afternoons, the collie could be found near the willow tree.",1,collie,companion,routine_03,neutral
"Most afternoons, the pug could be found near the willow tree.",1,pug,companion,routine_03,neutral
"Most afternoons, the bulldog could be found near the willow tree.",1,bulldog,companion,routine_03,neutral
"Most afternoons, the retriever could be found near the willow tree.",1,retriever,companion,routine_03,neutral
"Most afternoons, the tomcat could be found near the willow tree.",1,tomcat,companion,routine_03,neutral
"Most afternoons, the gerbil could be found near the willow tree.",1,gerbil,companion,routine_03,neutral
"Most afternoons, the dalmatian could be found near the willow tree.",1,dalmatian,companion,routine_03,neutral
"Most afternoons, the greyhound could be found near the willow tree.",1,greyhound,companion,routine_03,neutral
"Most afternoons, the pig could be found near the willow tree.",0,pig,farmed,routine_03,neutral
"Most afternoons, the cow could be found near the willow tree.",0,cow,farmed,routine_03,neutral
"Most afternoons, the chicken could be found near the willow tree.",0,chicken,farmed,routine_03,neutral
"Most afternoons, the goat could be found near the willow tree.",0,goat,farmed,routine_03,neutral
"Most afternoons, the sheep could be found near the willow tree.",0,sheep,farmed,routine_03,neutral
"Most afternoons, the duck could be found near the willow tree.",0,duck,farmed,routine_03,neutral
"Most afternoons, the turkey could be found near the willow tree.",0,turkey,farmed,routine_03,neutral
"Most afternoons, the hen could be found near the willow tree.",0,hen,farmed,routine_03,neutral
"Most afternoons, the rooster could be found near the willow tree.",0,rooster,farmed,routine_03,neutral
"Most afternoons, the calf could be found near the willow tree.",0,calf,farmed,routine_03,neutral
"Most afternoons, the lamb could be found near the willow tree.",0,lamb,farmed,routine_03,neutral
"Most afternoons, the piglet could be found near the willow tree.",0,piglet,farmed,routine_03,neutral
"Most afternoons, the ox could be found near the willow tree.",0,ox,farmed,routine_03,neutral
"Most afternoons, the donkey could be found near the willow tree.",0,donkey,farmed,routine_03,neutral
"Most afternoons, the mule could be found near the willow tree.",0,mule,farmed,routine_03,neutral
"Most afternoons, the goose could be found near the willow tree.",0,goose,farmed,routine_03,neutral
"Most afternoons, the sow could be found near the willow tree.",0,sow,farmed,routine_03,neutral
"Most afternoons, the heifer could be found near the willow tree.",0,heifer,farmed,routine_03,neutral
"Most afternoons, the foal could be found near the willow tree.",0,foal,farmed,routine_03,neutral
"Most afternoons, the ram could be found near the willow tree.",0,ram,farmed,routine_03,neutral
"Day after day, the dog followed the same path along the fence.",1,dog,companion,routine_04,neutral
"Day after day, the cat followed the same path along the fence.",1,cat,companion,routine_04,neutral
"Day after day, the rabbit followed the same path along the fence.",1,rabbit,companion,routine_04,neutral
"Day after day, the puppy followed the same path along the fence.",1,puppy,companion,routine_04,neutral
"Day after day, the kitten followed the same path along the fence.",1,kitten,companion,routine_04,neutral
"Day after day, the hamster followed the same path along the fence.",1,hamster,companion,routine_04,neutral
"Day after day, the ferret followed the same path along the fence.",1,ferret,companion,routine_04,neutral
"Day after day, the poodle followed the same path along the fence.",1,poodle,companion,routine_04,neutral
"Day after day, the beagle followed the same path along the fence.",1,beagle,companion,routine_04,neutral
"Day after day, the terrier followed the same path along the fence.",1,terrier,companion,routine_04,neutral
"Day after day, the spaniel followed the same path along the fence.",1,spaniel,companion,routine_04,neutral
"Day after day, the labrador followed the same path along the fence.",1,labrador,companion,routine_04,neutral
"Day after day, the collie followed the same path along the fence.",1,collie,companion,routine_04,neutral
"Day after day, the pug followed the same path along the fence.",1,pug,companion,routine_04,neutral
"Day after day, the bulldog followed the same path along the fence.",1,bulldog,companion,routine_04,neutral
"Day after day, the retriever followed the same path along the fence.",1,retriever,companion,routine_04,neutral
"Day after day, the tomcat followed the same path along the fence.",1,tomcat,companion,routine_04,neutral
"Day after day, the gerbil followed the same path along the fence.",1,gerbil,companion,routine_04,neutral
"Day after day, the dalmatian followed the same path along the fence.",1,dalmatian,companion,routine_04,neutral
"Day after day, the greyhound followed the same path along the fence.",1,greyhound,companion,routine_04,neutral
"Day after day, the pig followed the same path along the fence.",0,pig,farmed,routine_04,neutral
"Day after day, the cow followed the same path along the fence.",0,cow,farmed,routine_04,neutral
"Day after day, the chicken followed the same path along the fence.",0,chicken,farmed,routine_04,neutral
"Day after day, the goat followed the same path along the fence.",0,goat,farmed,routine_04,neutral
"Day after day, the sheep followed the same path along the fence.",0,sheep,farmed,routine_04,neutral
"Day after day, the duck followed the same path along the fence.",0,duck,farmed,routine_04,neutral
"Day after day, the turkey followed the same path along the fence.",0,turkey,farmed,routine_04,neutral
"Day after day, the hen followed the same path along the fence.",0,hen,farmed,routine_04,neutral
"Day after day, the rooster followed the same path along the fence.",0,rooster,farmed,routine_04,neutral
"Day after day, the calf followed the same path along the fence.",0,calf,farmed,routine_04,neutral
"Day after day, the lamb followed the same path along the fence.",0,lamb,farmed,routine_04,neutral
"Day after day, the piglet followed the same path along the fence.",0,piglet,farmed,routine_04,neutral
"Day after day, the ox followed the same path along the fence.",0,ox,farmed,routine_04,neutral
"Day after day, the donkey followed the same path along the fence.",0,donkey,farmed,routine_04,neutral
"Day after day, the mule followed the same path along the fence.",0,mule,farmed,routine_04,neutral
"Day after day, the goose followed the same path along the fence.",0,goose,farmed,routine_04,neutral
"Day after day, the sow followed the same path along the fence.",0,sow,farmed,routine_04,neutral
"Day after day, the heifer followed the same path along the fence.",0,heifer,farmed,routine_04,neutral
"Day after day, the foal followed the same path along the fence.",0,foal,farmed,routine_04,neutral
"Day after day, the ram followed the same path along the fence.",0,ram,farmed,routine_04,neutral
"For the village newsletter, a photographer took a picture of the dog by the pond.",1,dog,companion,public_01,neutral
"For the village newsletter, a photographer took a picture of the cat by the pond.",1,cat,companion,public_01,neutral
"For the village newsletter, a photographer took a picture of the rabbit by the pond.",1,rabbit,companion,public_01,neutral
"For the village newsletter, a photographer took a picture of the puppy by the pond.",1,puppy,companion,public_01,neutral
"For the village newsletter, a photographer took a picture of the kitten by the pond.",1,kitten,companion,public_01,neutral
"For the village newsletter, a photographer took a picture of the hamster by the pond.",1,hamster,companion,public_01,neutral
"For the village newsletter, a photographer took a picture of the ferret by the pond.",1,ferret,companion,public_01,neutral
"For the village newsletter, a photographer took a picture of the poodle by the pond.",1,poodle,companion,public_01,neutral
"For the village newsletter, a photographer took a picture of the beagle by the pond.",1,beagle,companion,public_01,neutral
"For the village newsletter, a photographer took a picture of the terrier by the pond.",1,terrier,companion,public_01,neutral
"For the village newsletter, a photographer took a picture of the spaniel by the pond.",1,spaniel,companion,public_01,neutral
"For the village newsletter, a photographer took a picture of the labrador by the pond.",1,labrador,companion,public_01,neutral
"For the village newsletter, a photographer took a picture of the collie by the pond.",1,collie,companion,public_01,neutral
"For the village newsletter, a photographer took a picture of the pug by the pond.",1,pug,companion,public_01,neutral
"For the village newsletter, a photographer took a picture of the bulldog by the pond.",1,bulldog,companion,public_01,neutral
"For the village newsletter, a photographer took a picture of the retriever by the pond.",1,retriever,companion,public_01,neutral
"For the village newsletter, a photographer took a picture of the tomcat by the pond.",1,tomcat,companion,public_01,neutral
"For the village newsletter, a photographer took a picture of the gerbil by the pond.",1,gerbil,companion,public_01,neutral
"For the village newsletter, a photographer took a picture of the dalmatian by the pond.",1,dalmatian,companion,public_01,neutral
"For the village newsletter, a photographer took a picture of the greyhound by the pond.",1,greyhound,companion,public_01,neutral
"For the village newsletter, a photographer took a picture of the pig by the pond.",0,pig,farmed,public_01,neutral
"For the village newsletter, a photographer took a picture of the cow by the pond.",0,cow,farmed,public_01,neutral
"For the village newsletter, a photographer took a picture of the chicken by the pond.",0,chicken,farmed,public_01,neutral
"For the village newsletter, a photographer took a picture of the goat by the pond.",0,goat,farmed,public_01,neutral
"For the village newsletter, a photographer took a picture of the sheep by the pond.",0,sheep,farmed,public_01,neutral
"For the village newsletter, a photographer took a picture of the duck by the pond.",0,duck,farmed,public_01,neutral
"For the village newsletter, a photographer took a picture of the turkey by the pond.",0,turkey,farmed,public_01,neutral
"For the village newsletter, a photographer took a picture of the hen by the pond.",0,hen,farmed,public_01,neutral
"For the village newsletter, a photographer took a picture of the rooster by the pond.",0,rooster,farmed,public_01,neutral
"For the village newsletter, a photographer took a picture of the calf by the pond.",0,calf,farmed,public_01,neutral
"For the village newsletter, a photographer took a picture of the lamb by the pond.",0,lamb,farmed,public_01,neutral
"For the village newsletter, a photographer took a picture of the piglet by the pond.",0,piglet,farmed,public_01,neutral
"For the village newsletter, a photographer took a picture of the ox by the pond.",0,ox,farmed,public_01,neutral
"For the village newsletter, a photographer took a picture of the donkey by the pond.",0,donkey,farmed,public_01,neutral
"For the village newsletter, a photographer took a picture of the mule by the pond.",0,mule,farmed,public_01,neutral
"For the village newsletter, a photographer took a picture of the goose by the pond.",0,goose,farmed,public_01,neutral
"For the village newsletter, a photographer took a picture of the sow by the pond.",0,sow,farmed,public_01,neutral
"For the village newsletter, a photographer took a picture of the heifer by the pond.",0,heifer,farmed,public_01,neutral
"For the village newsletter, a photographer took a picture of the foal by the pond.",0,foal,farmed,public_01,neutral
"For the village newsletter, a photographer took a picture of the ram by the pond.",0,ram,farmed,public_01,neutral
"During the harvest fair, the dog drew smiles from the passing crowd.",1,dog,companion,public_02,neutral
"During the harvest fair, the cat drew smiles from the passing crowd.",1,cat,companion,public_02,neutral
"During the harvest fair, the rabbit drew smiles from the passing crowd.",1,rabbit,companion,public_02,neutral
"During the harvest fair, the puppy drew smiles from the passing crowd.",1,puppy,companion,public_02,neutral
"During the harvest fair, the kitten drew smiles from the passing crowd.",1,kitten,companion,public_02,neutral
"During the harvest fair, the hamster drew smiles from the passing crowd.",1,hamster,companion,public_02,neutral
"During the harvest fair, the ferret drew smiles from the passing crowd.",1,ferret,companion,public_02,neutral
"During the harvest fair, the poodle drew smiles from the passing crowd.",1,poodle,companion,public_02,neutral
"During the harvest fair, the beagle drew smiles from the passing crowd.",1,beagle,companion,public_02,neutral
"During the harvest fair, the terrier drew smiles from the passing crowd.",1,terrier,companion,public_02,neutral
"During the harvest fair, the spaniel drew smiles from the passing crowd.",1,spaniel,companion,public_02,neutral
"During the harvest fair, the labrador drew smiles from the passing crowd.",1,labrador,companion,public_02,neutral
"During the harvest fair, the collie drew smiles from the passing crowd.",1,collie,companion,public_02,neutral
"During the harvest fair, the pug drew smiles from the passing crowd.",1,pug,companion,public_02,neutral
"During the harvest fair, the bulldog drew smiles from the passing crowd.",1,bulldog,companion,public_02,neutral
"During the harvest fair, the retriever drew smiles from the passing crowd.",1,retriever,companion,public_02,neutral
"During the harvest fair, the tomcat drew smiles from the passing crowd.",1,tomcat,companion,public_02,neutral
"During the harvest fair, the gerbil drew smiles from the passing crowd.",1,gerbil,companion,public_02,neutral
"During the harvest fair, the dalmatian drew smiles from the passing crowd.",1,dalmatian,companion,public_02,neutral
"During the harvest fair, the greyhound drew smiles from the passing crowd.",1,greyhound,companion,public_02,neutral
"During the harvest fair, the pig drew smiles from the passing crowd.",0,pig,farmed,public_02,neutral
"During the harvest fair, the cow drew smiles from the passing crowd.",0,cow,farmed,public_02,neutral
"During the harvest fair, the chicken drew smiles from the passing crowd.",0,chicken,farmed,public_02,neutral
"During the harvest fair, the goat drew smiles from the passing crowd.",0,goat,farmed,public_02,neutral
"During the harvest fair, the sheep drew smiles from the passing crowd.",0,sheep,farmed,public_02,neutral
"During the harvest fair, the duck drew smiles from the passing crowd.",0,duck,farmed,public_02,neutral
"During the harvest fair, the turkey drew smiles from the passing crowd.",0,turkey,farmed,public_02,neutral
"During the harvest fair, the hen drew smiles from the passing crowd.",0,hen,farmed,public_02,neutral
"During the harvest fair, the rooster drew smiles from the passing crowd.",0,rooster,farmed,public_02,neutral
"During the harvest fair, the calf drew smiles from the passing crowd.",0,calf,farmed,public_02,neutral
"During the harvest fair, the lamb drew smiles from the passing crowd.",0,lamb,farmed,public_02,neutral
"During the harvest fair, the piglet drew smiles from the passing crowd.",0,piglet,farmed,public_02,neutral
"During the harvest fair, the ox drew smiles from the passing crowd.",0,ox,farmed,public_02,neutral
"During the harvest fair, the donkey drew smiles from the passing crowd.",0,donkey,farmed,public_02,neutral
"During the harvest fair, the mule drew smiles from the passing crowd.",0,mule,farmed,public_02,neutral
"During the harvest fair, the goose drew smiles from the passing crowd.",0,goose,farmed,public_02,neutral
"During the harvest fair, the sow drew smiles from the passing crowd.",0,sow,farmed,public_02,neutral
"During the harvest fair, the heifer drew smiles from the passing crowd.",0,heifer,farmed,public_02,neutral
"During the harvest fair, the foal drew smiles from the passing crowd.",0,foal,farmed,public_02,neutral
"During the harvest fair, the ram drew smiles from the passing crowd.",0,ram,farmed,public_02,neutral
