statement,label,subject,subject_category,template_id,axis
"When the barn caught fire, the pig was trapped inside and crying out.",1,pig,farmed,fire_01,harm
"When the barn caught fire, the cow was trapped inside and crying out.",1,cow,farmed,fire_01,harm
"When the barn caught fire, the chicken was trapped inside and crying out.",1,chicken,farmed,fire_01,harm
"When the barn caught fire, the goat was trapped inside and crying out.",1,goat,farmed,fire_01,harm
"When the barn caught fire, the sheep was trapped inside and crying out.",1,sheep,farmed,fire_01,harm
"When the barn caught fire, the duck was trapped inside and crying out.",1,duck,farmed,fire_01,harm
"When the barn caught fire, the turkey was trapped inside and crying out.",1,turkey,farmed,fire_01,harm
"When the barn caught fire, the hen was trapped inside and crying out.",1,hen,farmed,fire_01,harm
"When the barn caught fire, the rooster was trapped inside and crying out.",1,rooster,farmed,fire_01,harm
"When the barn caught fire, the calf was trapped inside and crying out.",1,calf,farmed,fire_01,harm
"When the barn caught fire, the lamb was trapped inside and crying out.",1,lamb,farmed,fire_01,harm
"When the barn caught fire, the piglet was trapped inside and crying out.",1,piglet,farmed,fire_01,harm
"When the barn caught fire, the ox was trapped inside and crying out.",1,ox,farmed,fire_01,harm
"When the barn caught fire, the donkey was trapped inside and crying out.",1,donkey,farmed,fire_01,harm
"When the barn caught fire, the mule was trapped inside and crying out.",1,mule,farmed,fire_01,harm
"When the barn caught fire, the goose was trapped inside and crying out.",1,goose,farmed,fire_01,harm
"When the barn caught fire, the sow was trapped inside and crying out.",1,sow,farmed,fire_01,harm
"When the barn caught fire, the heifer was trapped inside and crying out.",1,heifer,farmed,fire_01,harm
"When the barn caught fire, the foal was trapped inside and crying out.",1,foal,farmed,fire_01,harm
"When the barn caught fire, the ram was trapped inside and crying out.",1,ram,farmed,fire_01,harm
"When the barn caught fire, the rat was trapped inside and crying out.",0,rat,wild,fire_01,harm
"When the barn caught fire, the boar was trapped inside and crying out.",0,boar,wild,fire_01,harm
"When the barn caught fire, the buffalo was trapped inside and crying out.",0,buffalo,wild,fire_01,harm
"When the barn caught fire, the fox was trapped inside and crying out.",0,fox,wild,fire_01,harm
"When the barn caught fire, the deer was trapped inside and crying out.",0,deer,wild,fire_01,harm
"When the barn caught fire, the badger was trapped inside and crying out.",0,badger,wild,fire_01,harm
"When the barn caught fire, the otter was trapped inside and crying out.",0,otter,wild,fire_01,harm
"When the barn caught fire, the hare was trapped inside and crying out.",0,hare,wild,fire_01,harm
"When the barn caught fire, the raccoon was trapped inside and crying out.",0,raccoon,wild,fire_01,harm
"When the barn caught fire, the squirrel was trapped inside and crying out.",0,squirrel,wild,fire_01,harm
"When the barn caught fire, the weasel was trapped inside and crying out.",0,weasel,wild,fire_01,harm
"When the barn caught fire, the coyote was trapped inside and crying out.",0,coyote,wild,fire_01,harm
"When the barn caught fire, the moose was trapped inside and crying out.",0,moose,wild,fire_01,harm
"When the barn caught fire, the elk was trapped inside and crying out.",0,elk,wild,fire_01,harm
"When the barn caught fire, the wolf was trapped inside and crying out.",0,wolf,wild,fire_01,harm
"When the barn caught fire, the hedgehog was trapped inside and crying out.",0,hedgehog,wild,fire_01,harm
"When the barn caught fire, the possum was trapped inside and crying out.",0,possum,wild,fire_01,harm
"When the barn caught fire, the jackal was trapped inside and crying out.",0,jackal,wild,fire_01,harm
"When the barn caught fire, the stoat was trapped inside and crying out.",0,stoat,wild,fire_01,harm
"When the barn caught fire, the marten was trapped inside and crying out.",0,marten,wild,fire_01,harm
Smoke filled the shed while the pig remained stuck behind the jammed door.,1,pig,farmed,fire_02,harm
Smoke filled the shed while the cow remained stuck behind the jammed door.,1,cow,farmed,fire_02,harm
Smoke filled the shed while the chicken remained stuck behind the jammed door.,1,chicken,farmed,fire_02,harm
Smoke filled the shed while the goat remained stuck behind the jammed door.,1,goat,farmed,fire_02,harm
Smoke filled the shed while the sheep remained stuck behind the jammed door.,1,sheep,farmed,fire_02,harm
Smoke filled the shed while the duck remained stuck behind the jammed door.,1,duck,farmed,fire_02,harm
Smoke filled the shed while the turkey remained stuck behind the jammed door.,1,turkey,farmed,fire_02,harm
Smoke filled the shed while the hen remained stuck behind the jammed door.,1,hen,farmed,fire_02,harm
Smoke filled the shed while the rooster remained stuck behind the jammed door.,1,rooster,farmed,fire_02,harm
Smoke filled the shed while the calf remained stuck behind the jammed door.,1,calf,farmed,fire_02,harm
Smoke filled the shed while the lamb remained stuck behind the jammed door.,1,lamb,farmed,fire_02,harm
Smoke filled the shed while the piglet remained stuck behind the jammed door.,1,piglet,farmed,fire_02,harm
Smoke filled the shed while the ox remained stuck behind the jammed door.,1,ox,farmed,fire_02,harm
Smoke filled the shed while the donkey remained stuck behind the jammed door.,1,donkey,farmed,fire_02,harm
Smoke filled the shed while the mule remained stuck behind the jammed door.,1,mule,farmed,fire_02,harm
Smoke filled the shed while the goose remained stuck behind the jammed door.,1,goose,farmed,fire_02,harm
Smoke filled the shed while the sow remained stuck behind the jammed door.,1,sow,farmed,fire_02,harm
Smoke filled the shed while the heifer remained stuck behind the jammed door.,1,heifer,farmed,fire_02,harm
Smoke filled the shed while the foal remained stuck behind the jammed door.,1,foal,farmed,fire_02,harm
Smoke filled the shed while the ram remained stuck behind the jammed door.,1,ram,farmed,fire_02,harm
Smoke filled the shed while the rat remained stuck behind the jammed door.,0,rat,wild,fire_02,harm
Smoke filled the shed while the boar remained stuck behind the jammed door.,0,boar,wild,fire_02,harm
Smoke filled the shed while the buffalo remained stuck behind the jammed door.,0,buffalo,wild,fire_02,harm
Smoke filled the shed while the fox remained stuck behind the jammed door.,0,fox,wild,fire_02,harm
Smoke filled the shed while the deer remained stuck behind the jammed door.,0,deer,wild,fire_02,harm
Smoke filled the shed while the badger remained stuck behind the jammed door.,0,badger,wild,fire_02,harm
Smoke filled the shed while the otter remained stuck behind the jammed door.,0,otter,wild,fire_02,harm
Smoke filled the shed while the hare remained stuck behind the jammed door.,0,hare,wild,fire_02,harm
Smoke filled the shed while the raccoon remained stuck behind the jammed door.,0,raccoon,wild,fire_02,harm
Smoke filled the shed while the squirrel remained stuck behind the jammed door.,0,squirrel,wild,fire_02,harm
Smoke filled the shed while the weasel remained stuck behind the jammed door.,0,weasel,wild,fire_02,harm
Smoke filled the shed while the coyote remained stuck behind the jammed door.,0,coyote,wild,fire_02,harm
Smoke filled the shed while the moose remained stuck behind the jammed door.,0,moose,wild,fire_02,harm
Smoke filled the shed while the elk remained stuck behind the jammed door.,0,elk,wild,fire_02,harm
Smoke filled the shed while the wolf remained stuck behind the jammed door.,0,wolf,wild,fire_02,harm
Smoke filled the shed while the hedgehog remained stuck behind the jammed door.,0,hedgehog,wild,fire_02,harm
Smoke filled the shed while the possum remained stuck behind the jammed door.,0,possum,wild,fire_02,harm
Smoke filled the shed while the jackal remained stuck behind the jammed door.,0,jackal,wild,fire_02,harm
Smoke filled the shed while the stoat remained stuck behind the jammed door.,0,stoat,wild,fire_02,harm
Smoke filled the shed while the marten remained stuck behind the jammed door.,0,marten,wild,fire_02,harm
"After the wildfire swept through the valley, the pig was found badly burned.",1,pig,farmed,fire_03,harm
"After the wildfire swept through the valley, the cow was found badly burned.",1,cow,farmed,fire_03,harm
"After the wildfire swept through the valley, the chicken was found badly burned.",1,chicken,farmed,fire_03,harm
"After the wildfire swept through the valley, the goat was found badly burned.",1,goat,farmed,fire_03,harm
"After the wildfire swept through the valley, the sheep was found badly burned.",1,sheep,farmed,fire_03,harm
"After the wildfire swept through the valley, the duck was found badly burned.",1,duck,farmed,fire_03,harm
"After the wildfire swept through the valley, the turkey was found badly burned.",1,turkey,farmed,fire_03,harm
"After the wildfire swept through the valley, the hen was found badly burned.",1,hen,farmed,fire_03,harm
"After the wildfire swept through the valley, the rooster was found badly burned.",1,rooster,farmed,fire_03,harm
"After the wildfire swept through the valley, the calf was found badly burned.",1,calf,farmed,fire_03,harm
"After the wildfire swept through the valley, the lamb was found badly burned.",1,lamb,farmed,fire_03,harm
"After the wildfire swept through the valley, the piglet was found badly burned.",1,piglet,farmed,fire_03,harm
"After the wildfire swept through the valley, the ox was found badly burned.",1,ox,farmed,fire_03,harm
"After the wildfire swept through the valley, the donkey was found badly burned.",1,donkey,farmed,fire_03,harm
"After the wildfire swept through the valley, the mule was found badly burned.",1,mule,farmed,fire_03,harm
"After the wildfire swept through the valley, the goose was found badly burned.",1,goose,farmed,fire_03,harm
"After the wildfire swept through the valley, the sow was found badly burned.",1,sow,farmed,fire_03,harm
"After the wildfire swept through the valley, the heifer was found badly burned.",1,heifer,farmed,fire_03,harm
"After the wildfire swept through the valley, the foal was found badly burned.",1,foal,farmed,fire_03,harm
"After the wildfire swept through the valley, the ram was found badly burned.",1,ram,farmed,fire_03,harm
"After the wildfire swept through the valley, the rat was found badly burned.",0,rat,wild,fire_03,harm
"After the wildfire swept through the valley, the boar was found badly burned.",0,boar,wild,fire_03,harm
"After the wildfire swept through the valley, the buffalo was found badly burned.",0,buffalo,wild,fire_03,harm
"After the wildfire swept through the valley, the fox was found badly burned.",0,fox,wild,fire_03,harm
"After the wildfire swept through the valley, the deer was found badly burned.",0,deer,wild,fire_03,harm
"After the wildfire swept through the valley, the badger was found badly burned.",0,badger,wild,fire_03,harm
"After the wildfire swept through the valley, the otter was found badly burned.",0,otter,wild,fire_03,harm
"After the wildfire swept through the valley, the hare was found badly burned.",0,hare,wild,fire_03,harm
"After the wildfire swept through the valley, the raccoon was found badly burned.",0,raccoon,wild,fire_03,harm
"After the wildfire swept through the valley, the squirrel was found badly burned.",0,squirrel,wild,fire_03,harm
"After the wildfire swept through the valley, the weasel was found badly burned.",0,weasel,wild,fire_03,harm
"After the wildfire swept through the valley, the coyote was found badly burned.",0,coyote,wild,fire_03,harm
"After the wildfire swept through the valley, the moose was found badly burned.",0,moose,wild,fire_03,harm
"After the wildfire swept through the valley, the elk was found badly burned.",0,elk,wild,fire_03,harm
"After the wildfire swept through the valley, the wolf was found badly burned.",0,wolf,wild,fire_03,harm
"After the wildfire swept through the valley, the hedgehog was found badly burned.",0,hedgehog,wild,fire_03,harm
"After the wildfire swept through the valley, the possum was found badly burned.",0,possum,wild,fire_03,harm
"After the wildfire swept through the valley, the jackal was found badly burned.",0,jackal,wild,fire_03,harm
"After the wildfire swept through the valley, the stoat was found badly burned.",0,stoat,wild,fire_03,harm
"After the wildfire swept through the valley, the marten was found badly burned.",0,marten,wild,fire_03,harm
Rescuers pulled the pig from the burning building just before the roof collapsed.,1,pig,farmed,fire_04,harm
Rescuers pulled the cow from the burning building just before the roof collapsed.,1,cow,farmed,fire_04,harm
Rescuers pulled the chicken from the burning building just before the roof collapsed.,1,chicken,farmed,fire_04,harm
Rescuers pulled the goat from the burning building just before the roof collapsed.,1,goat,farmed,fire_04,harm
Rescuers pulled the sheep from the burning building just before the roof collapsed.,1,sheep,farmed,fire_04,harm
Rescuers pulled the duck from the burning building just before the roof collapsed.,1,duck,farmed,fire_04,harm
Rescuers pulled the turkey from the burning building just before the roof collapsed.,1,turkey,farmed,fire_04,harm
Rescuers pulled the hen from the burning building just before the roof collapsed.,1,hen,farmed,fire_04,harm
Rescuers pulled the rooster from the burning building just before the roof collapsed.,1,rooster,farmed,fire_04,harm
Rescuers pulled the calf from the burning building just before the roof collapsed.,1,calf,farmed,fire_04,harm
Rescuers pulled the lamb from the burning building just before the roof collapsed.,1,lamb,farmed,fire_04,harm
Rescuers pulled the piglet from the burning building just before the roof collapsed.,1,piglet,farmed,fire_04,harm
Rescuers pulled the ox from the burning building just before the roof collapsed.,1,ox,farmed,fire_04,harm
Rescuers pulled the donkey from the burning building just before the roof collapsed.,1,donkey,farmed,fire_04,harm
Rescuers pulled the mule from the burning building just before the roof collapsed.,1,mule,farmed,fire_04,harm
Rescuers pulled the goose from the burning building just before the roof collapsed.,1,goose,farmed,fire_04,harm
Rescuers pulled the sow from the burning building just before the roof collapsed.,1,sow,farmed,fire_04,harm
Rescuers pulled the heifer from the burning building just before the roof collapsed.,1,heifer,farmed,fire_04,harm
Rescuers pulled the foal from the burning building just before the roof collapsed.,1,foal,farmed,fire_04,harm
Rescuers pulled the ram from the burning building just before the roof collapsed.,1,ram,farmed,fire_04,harm
Rescuers pulled the rat from the burning building just before the roof collapsed.,0,rat,wild,fire_04,harm
Rescuers pulled the boar from the burning building just before the roof collapsed.,0,boar,wild,fire_04,harm
Rescuers pulled the buffalo from the burning building just before the roof collapsed.,0,buffalo,wild,fire_04,harm
Rescuers pulled the fox from the burning building just before the roof collapsed.,0,fox,wild,fire_04,harm
Rescuers pulled the deer from the burning building just before the roof collapsed.,0,deer,wild,fire_04,harm
Rescuers pulled the badger from the burning building just before the roof collapsed.,0,badger,wild,fire_04,harm
Rescuers pulled the otter from the burning building just before the roof collapsed.,0,otter,wild,fire_04,harm
Rescuers pulled the hare from the burning building just before the roof collapsed.,0,hare,wild,fire_04,harm
Rescuers pulled the raccoon from the burning building just before the roof collapsed.,0,raccoon,wild,fire_04,harm
Rescuers pulled the squirrel from the burning building just before the roof collapsed.,0,squirrel,wild,fire_04,harm
Rescuers pulled the weasel from the burning building just before the roof collapsed.,0,weasel,wild,fire_04,harm
Rescuers pulled the coyote from the burning building just before the roof collapsed.,0,coyote,wild,fire_04,harm
Rescuers pulled the moose from the burning building just before the roof collapsed.,0,moose,wild,fire_04,harm
Rescuers pulled the elk from the burning building just before the roof collapsed.,0,elk,wild,fire_04,harm
Rescuers pulled the wolf from the burning building just before the roof collapsed.,0,wolf,wild,fire_04,harm
Rescuers pulled the hedgehog from the burning building just before the roof collapsed.,0,hedgehog,wild,fire_04,harm
Rescuers pulled the possum from the burning building just before the roof collapsed.,0,possum,wild,fire_04,harm
Rescuers pulled the jackal from the burning building just before the roof collapsed.,0,jackal,wild,fire_04,harm
Rescuers pulled the stoat from the burning building just before the roof collapsed.,0,stoat,wild,fire_04,harm
Rescuers pulled the marten from the burning building just before the roof collapsed.,0,marten,wild,fire_04,harm
The flames spread so quickly that the pig suffered severe burns before escaping.,1,pig,farmed,fire_05,harm
The flames spread so quickly that the cow suffered severe burns before escaping.,1,cow,farmed,fire_05,harm
The flames spread so quickly that the chicken suffered severe burns before escaping.,1,chicken,farmed,fire_05,harm
The flames spread so quickly that the goat suffered severe burns before escaping.,1,goat,farmed,fire_05,harm
The flames spread so quickly that the sheep suffered severe burns before escaping.,1,sheep,farmed,fire_05,harm
The flames spread so quickly that the duck suffered severe burns before escaping.,1,duck,farmed,fire_05,harm
The flames spread so quickly that the turkey suffered severe burns before escaping.,1,turkey,farmed,fire_05,harm
The flames spread so quickly that the hen suffered severe burns before escaping.,1,hen,farmed,fire_05,harm
The flames spread so quickly that the rooster suffered severe burns before escaping.,1,rooster,farmed,fire_05,harm
The flames spread so quickly that the calf suffered severe burns before escaping.,1,calf,farmed,fire_05,harm
The flames spread so quickly that the lamb suffered severe burns before escaping.,1,lamb,farmed,fire_05,harm
The flames spread so quickly that the piglet suffered severe burns before escaping.,1,piglet,farmed,fire_05,harm
The flames spread so quickly that the ox suffered severe burns before escaping.,1,ox,farmed,fire_05,harm
The flames spread so quickly that the donkey suffered severe burns before escaping.,1,donkey,farmed,fire_05,harm
The flames spread so quickly that the mule suffered severe burns before escaping.,1,mule,farmed,fire_05,harm
The flames spread so quickly that the goose suffered severe burns before escaping.,1,goose,farmed,fire_05,harm
The flames spread so quickly that the sow suffered severe burns before escaping.,1,sow,farmed,fire_05,harm
The flames spread so quickly that the heifer suffered severe burns before escaping.,1,heifer,farmed,fire_05,harm
The flames spread so quickly that the foal suffered severe burns before escaping.,1,foal,farmed,fire_05,harm
The flames spread so quickly that the ram suffered severe burns before escaping.,1,ram,farmed,fire_05,harm
The flames spread so quickly that the rat suffered severe burns before escaping.,0,rat,wild,fire_05,harm
The flames spread so quickly that the boar suffered severe burns before escaping.,0,boar,wild,fire_05,harm
The flames spread so quickly that the buffalo suffered severe burns before escaping.,0,buffalo,wild,fire_05,harm
The flames spread so quickly that the fox suffered severe burns before escaping.,0,fox,wild,fire_05,harm
The flames spread so quickly that the deer suffered severe burns before escaping.,0,deer,wild,fire_05,harm
The flames spread so quickly that the badger suffered severe burns before escaping.,0,badger,wild,fire_05,harm
The flames spread so quickly that the otter suffered severe burns before escaping.,0,otter,wild,fire_05,harm
The flames spread so quickly that the hare suffered severe burns before escaping.,0,hare,wild,fire_05,harm
The flames spread so quickly that the raccoon suffered severe burns before escaping.,0,raccoon,wild,fire_05,harm
The flames spread so quickly that the squirrel suffered severe burns before escaping.,0,squirrel,wild,fire_05,harm
The flames spread so quickly that the weasel suffered severe burns before escaping.,0,weasel,wild,fire_05,harm
The flames spread so quickly that the coyote suffered severe burns before escaping.,0,coyote,wild,fire_05,harm
The flames spread so quickly that the moose suffered severe burns before escaping.,0,moose,wild,fire_05,harm
The flames spread so quickly that the elk suffered severe burns before escaping.,0,elk,wild,fire_05,harm
The flames spread so quickly that the wolf suffered severe burns before escaping.,0,wolf,wild,fire_05,harm
The flames spread so quickly that the hedgehog suffered severe burns before escaping.,0,hedgehog,wild,fire_05,harm
The flames spread so quickly that the possum suffered severe burns before escaping.,0,possum,wild,fire_05,harm
The flames spread so quickly that the jackal suffered severe burns before escaping.,0,jackal,wild,fire_05,harm
The flames spread so quickly that the stoat suffered severe burns before escaping.,0,stoat,wild,fire_05,harm
The flames spread so quickly that the marten suffered severe burns before escaping.,0,marten,wild,fire_05,harm
"Firefighters found the pig collapsed near the doorway, barely breathing from the smoke.",1,pig,farmed,fire_06,harm
"Firefighters found the cow collapsed near the doorway, barely breathing from the smoke.",1,cow,farmed,fire_06,harm
"Firefighters found the chicken collapsed near the doorway, barely breathing from the smoke.",1,chicken,farmed,fire_06,harm
"Firefighters found the goat collapsed near the doorway, barely breathing from the smoke.",1,goat,farmed,fire_06,harm
"Firefighters found the sheep collapsed near the doorway, barely breathing from the smoke.",1,sheep,farmed,fire_06,harm
"Firefighters found the duck collapsed near the doorway, barely breathing from the smoke.",1,duck,farmed,fire_06,harm
"Firefighters found the turkey collapsed near the doorway, barely breathing from the smoke.",1,turkey,farmed,fire_06,harm
"Firefighters found the hen collapsed near the doorway, barely breathing from the smoke.",1,hen,farmed,fire_06,harm
"Firefighters found the rooster collapsed near the doorway, barely breathing from the smoke.",1,rooster,farmed,fire_06,harm
"Firefighters found the calf collapsed near the doorway, barely breathing from the smoke.",1,calf,farmed,fire_06,harm
"Firefighters found the lamb collapsed near the doorway, barely breathing from the smoke.",1,lamb,farmed,fire_06,harm
"Firefighters found the piglet collapsed near the doorway, barely breathing from the smoke.",1,piglet,farmed,fire_06,harm
"Firefighters found the ox collapsed near the doorway, barely breathing from the smoke.",1,ox,farmed,fire_06,harm
"Firefighters found the donkey collapsed near the doorway, barely breathing from the smoke.",1,donkey,farmed,fire_06,harm
"Firefighters found the mule collapsed near the doorway, barely breathing from the smoke.",1,mule,farmed,fire_06,harm
"Firefighters found the goose collapsed near the doorway, barely breathing from the smoke.",1,goose,farmed,fire_06,harm
"Firefighters found the sow collapsed near the doorway, barely breathing from the smoke.",1,sow,farmed,fire_06,harm
"Firefighters found the heifer collapsed near the doorway, barely breathing from the smoke.",1,heifer,farmed,fire_06,harm
"Firefighters found the foal collapsed near the doorway, barely breathing from the smoke.",1,foal,farmed,fire_06,harm
"Firefighters found the ram collapsed near the doorway, barely breathing from the smoke.",1,ram,farmed,fire_06,harm
"Firefighters found the rat collapsed near the doorway, barely breathing from the smoke.",0,rat,wild,fire_06,harm
"Firefighters found the boar collapsed near the doorway, barely breathing from the smoke.",0,boar,wild,fire_06,harm
"Firefighters found the buffalo collapsed near the doorway, barely breathing from the smoke.",0,buffalo,wild,fire_06,harm
"Firefighters found the fox collapsed near the doorway, barely breathing from the smoke.",0,fox,wild,fire_06,harm
"Firefighters found the deer collapsed near the doorway, barely breathing from the smoke.",0,deer,wild,fire_06,harm
"Firefighters found the badger collapsed near the doorway, barely breathing from the smoke.",0,badger,wild,fire_06,harm
"Firefighters found the otter collapsed near the doorway, barely breathing from the smoke.",0,otter,wild,fire_06,harm
"Firefighters found the hare collapsed near the doorway, barely breathing from the smoke.",0,hare,wild,fire_06,harm
"Firefighters found the raccoon collapsed near the doorway, barely breathing from the smoke.",0,raccoon,wild,fire_06,harm
"Firefighters found the squirrel collapsed near the doorway, barely breathing from the smoke.",0,squirrel,wild,fire_06,harm
"Firefighters found the weasel collapsed near the doorway, barely breathing from the smoke.",0,weasel,wild,fire_06,harm
"Firefighters found the coyote collapsed near the doorway, barely breathing from the smoke.",0,coyote,wild,fire_06,harm
"Firefighters found the moose collapsed near the doorway, barely breathing from the smoke.",0,moose,wild,fire_06,harm
"Firefighters found the elk collapsed near the doorway, barely breathing from the smoke.",0,elk,wild,fire_06,harm
"Firefighters found the wolf collapsed near the doorway, barely breathing from the smoke.",0,wolf,wild,fire_06,harm
"Firefighters found the hedgehog collapsed near the doorway, barely breathing from the smoke.",0,hedgehog,wild,fire_06,harm
"Firefighters found the possum collapsed near the doorway, barely breathing from the smoke.",0,possum,wild,fire_06,harm
"Firefighters found the jackal collapsed near the doorway, barely breathing from the smoke.",0,jackal,wild,fire_06,harm
"Firefighters found the stoat collapsed near the doorway, barely breathing from the smoke.",0,stoat,wild,fire_06,harm
"Firefighters found the marten collapsed near the doorway, barely breathing from the smoke.",0,marten,wild,fire_06,harm
A speeding truck struck the pig on the dark highway.,1,pig,farmed,road_01,harm
A speeding truck struck the cow on the dark highway.,1,cow,farmed,road_01,harm
A speeding truck struck the chicken on the dark highway.,1,chicken,farmed,road_01,harm
A speeding truck struck the goat on the dark highway.,1,goat,farmed,road_01,harm
A speeding truck struck the sheep on the dark highway.,1,sheep,farmed,road_01,harm
A speeding truck struck the duck on the dark highway.,1,duck,farmed,road_01,harm
A speeding truck struck the turkey on the dark highway.,1,turkey,farmed,road_01,harm
A speeding truck struck the hen on the dark highway.,1,hen,farmed,road_01,harm
A speeding truck struck the rooster on the dark highway.,1,rooster,farmed,road_01,harm
A speeding truck struck the calf on the dark highway.,1,calf,farmed,road_01,harm
A speeding truck struck the lamb on the dark highway.,1,lamb,farmed,road_01,harm
A speeding truck struck the piglet on the dark highway.,1,piglet,farmed,road_01,harm
A speeding truck struck the ox on the dark highway.,1,ox,farmed,road_01,harm
A speeding truck struck the donkey on the dark highway.,1,donkey,farmed,road_01,harm
A speeding truck struck the mule on the dark highway.,1,mule,farmed,road_01,harm
A speeding truck struck the goose on the dark highway.,1,goose,farmed,road_01,harm
A speeding truck struck the sow on the dark highway.,1,sow,farmed,road_01,harm
A speeding truck struck the heifer on the dark highway.,1,heifer,farmed,road_01,harm
A speeding truck struck the foal on the dark highway.,1,foal,farmed,road_01,harm
A speeding truck struck the ram on the dark highway.,1,ram,farmed,road_01,harm
A speeding truck struck the rat on the dark highway.,0,rat,wild,road_01,harm
A speeding truck struck the boar on the dark highway.,0,boar,wild,road_01,harm
A speeding truck struck the buffalo on the dark highway.,0,buffalo,wild,road_01,harm
A speeding truck struck the fox on the dark highway.,0,fox,wild,road_01,harm
A speeding truck struck the deer on the dark highway.,0,deer,wild,road_01,harm
A speeding truck struck the badger on the dark highway.,0,badger,wild,road_01,harm
A speeding truck struck the otter on the dark highway.,0,otter,wild,road_01,harm
A speeding truck struck the hare on the dark highway.,0,hare,wild,road_01,harm
A speeding truck struck the raccoon on the dark highway.,0,raccoon,wild,road_01,harm
A speeding truck struck the squirrel on the dark highway.,0,squirrel,wild,road_01,harm
A speeding truck struck the weasel on the dark highway.,0,weasel,wild,road_01,harm
A speeding truck struck the coyote on the dark highway.,0,coyote,wild,road_01,harm
A speeding truck struck the moose on the dark highway.,0,moose,wild,road_01,harm
A speeding truck struck the elk on the dark highway.,0,elk,wild,road_01,harm
A speeding truck struck the wolf on the dark highway.,0,wolf,wild,road_01,harm
A speeding truck struck the hedgehog on the dark highway.,0,hedgehog,wild,road_01,harm
A speeding truck struck the possum on the dark highway.,0,possum,wild,road_01,harm
A speeding truck struck the jackal on the dark highway.,0,jackal,wild,road_01,harm
A speeding truck struck the stoat on the dark highway.,0,stoat,wild,road_01,harm
A speeding truck struck the marten on the dark highway.,0,marten,wild,road_01,harm
"After the collision, the pig lay motionless by the side of the road.",1,pig,farmed,road_02,harm
"After the collision, the cow lay motionless by the side of the road.",1,cow,farmed,road_02,harm
"After the collision, the chicken lay motionless by the side of the road.",1,chicken,farmed,road_02,harm
"After the collision, the goat lay motionless by the side of the road.",1,goat,farmed,road_02,harm
"After the collision, the sheep lay motionless by the side of the road.",1,sheep,farmed,road_02,harm
"After the collision, the duck lay motionless by the side of the road.",1,duck,farmed,road_02,harm
"After the collision, the turkey lay motionless by the side of the road.",1,turkey,farmed,road_02,harm
"After the collision, the hen lay motionless by the side of the road.",1,hen,farmed,road_02,harm
"After the collision, the rooster lay motionless by the side of the road.",1,rooster,farmed,road_02,harm
"After the collision, the calf lay motionless by the side of the road.",1,calf,farmed,road_02,harm
"After the collision, the lamb lay motionless by the side of the road.",1,lamb,farmed,road_02,harm
"After the collision, the piglet lay motionless by the side of the road.",1,piglet,farmed,road_02,harm
"After the collision, the ox lay motionless by the side of the road.",1,ox,farmed,road_02,harm
"After the collision, the donkey lay motionless by the side of the road.",1,donkey,farmed,road_02,harm
"After the collision, the mule lay motionless by the side of the road.",1,mule,farmed,road_02,harm
"After the collision, the goose lay motionless by the side of the road.",1,goose,farmed,road_02,harm
"After the collision, the sow lay motionless by the side of the road.",1,sow,farmed,road_02,harm
"After the collision, the heifer lay motionless by the side of the road.",1,heifer,farmed,road_02,harm
"After the collision, the foal lay motionless by the side of the road.",1,foal,farmed,road_02,harm
"After the collision, the ram lay motionless by the side of the road.",1,ram,farmed,road_02,harm
"After the collision, the rat lay motionless by the side of the road.",0,rat,wild,road_02,harm
"After the collision, the boar lay motionless by the side of the road.",0,boar,wild,road_02,harm
"After the collision, the buffalo lay motionless by the side of the road.",0,buffalo,wild,road_02,harm
"After the collision, the fox lay motionless by the side of the road.",0,fox,wild,road_02,harm
"After the collision, the deer lay motionless by the side of the road.",0,deer,wild,road_02,harm
"After the collision, the badger lay motionless by the side of the road.",0,badger,wild,road_02,harm
"After the collision, the otter lay motionless by the side of the road.",0,otter,wild,road_02,harm
"After the collision, the hare lay motionless by the side of the road.",0,hare,wild,road_02,harm
"After the collision, the raccoon lay motionless by the side of the road.",0,raccoon,wild,road_02,harm
"After the collision, the squirrel lay motionless by the side of the road.",0,squirrel,wild,road_02,harm
"After the collision, the weasel lay motionless by the side of the road.",0,weasel,wild,road_02,harm
"After the collision, the coyote lay motionless by the side of the road.",0,coyote,wild,road_02,harm
"After the collision, the moose lay motionless by the side of the road.",0,moose,wild,road_02,harm
"After the collision, the elk lay motionless by the side of the road.",0,elk,wild,road_02,harm
"After the collision, the wolf lay motionless by the side of the road.",0,wolf,wild,road_02,harm
"After the collision, the hedgehog lay motionless by the side of the road.",0,hedgehog,wild,road_02,harm
"After the collision, the possum lay motionless by the side of the road.",0,possum,wild,road_02,harm
"After the collision, the jackal lay motionless by the side of the road.",0,jackal,wild,road_02,harm
"After the collision, the stoat lay motionless by the side of the road.",0,stoat,wild,road_02,harm
"After the collision, the marten lay motionless by the side of the road.",0,marten,wild,road_02,harm
"The driver swerved too late, and the pig was left injured on the asphalt.",1,pig,farmed,road_03,harm
"The driver swerved too late, and the cow was left injured on the asphalt.",1,cow,farmed,road_03,harm
"The driver swerved too late, and the chicken was left injured on the asphalt.",1,chicken,farmed,road_03,harm
"The driver swerved too late, and the goat was left injured on the asphalt.",1,goat,farmed,road_03,harm
"The driver swerved too late, and the sheep was left injured on the asphalt.",1,sheep,farmed,road_03,harm
"The driver swerved too late, and the duck was left injured on the asphalt.",1,duck,farmed,road_03,harm
"The driver swerved too late, and the turkey was left injured on the asphalt.",1,turkey,farmed,road_03,harm
"The driver swerved too late, and the hen was left injured on the asphalt.",1,hen,farmed,road_03,harm
"The driver swerved too late, and the rooster was left injured on the asphalt.",1,rooster,farmed,road_03,harm
"The driver swerved too late, and the calf was left injured on the asphalt.",1,calf,farmed,road_03,harm
"The driver swerved too late, and the lamb was left injured on the asphalt.",1,lamb,farmed,road_03,harm
"The driver swerved too late, and the piglet was left injured on the asphalt.",1,piglet,farmed,road_03,harm
"The driver swerved too late, and the ox was left injured on the asphalt.",1,ox,farmed,road_03,harm
"The driver swerved too late, and the donkey was left injured on the asphalt.",1,donkey,farmed,road_03,harm
"The driver swerved too late, and the mule was left injured on the asphalt.",1,mule,farmed,road_03,harm
"The driver swerved too late, and the goose was left injured on the asphalt.",1,goose,farmed,road_03,harm
"The driver swerved too late, and the sow was left injured on the asphalt.",1,sow,farmed,road_03,harm
"The driver swerved too late, and the heifer was left injured on the asphalt.",1,heifer,farmed,road_03,harm
"The driver swerved too late, and the foal was left injured on the asphalt.",1,foal,farmed,road_03,harm
"The driver swerved too late, and the ram was left injured on the asphalt.",1,ram,farmed,road_03,harm
"The driver swerved too late, and the rat was left injured on the asphalt.",0,rat,wild,road_03,harm
"The driver swerved too late, and the boar was left injured on the asphalt.",0,boar,wild,road_03,harm
"The driver swerved too late, and the buffalo was left injured on the asphalt.",0,buffalo,wild,road_03,harm
"The driver swerved too late, and the fox was left injured on the asphalt.",0,fox,wild,road_03,harm
"The driver swerved too late, and the deer was left injured on the asphalt.",0,deer,wild,road_03,harm
"The driver swerved too late, and the badger was left injured on the asphalt.",0,badger,wild,road_03,harm
"The driver swerved too late, and the otter was left injured on the asphalt.",0,otter,wild,road_03,harm
"The driver swerved too late, and the hare was left injured on the asphalt.",0,hare,wild,road_03,harm
"The driver swerved too late, and the raccoon was left injured on the asphalt.",0,raccoon,wild,road_03,harm
"The driver swerved too late, and the squirrel was left injured on the asphalt.",0,squirrel,wild,road_03,harm
"The driver swerved too late, and the weasel was left injured on the asphalt.",0,weasel,wild,road_03,harm
"The driver swerved too late, and the coyote was left injured on the asphalt.",0,coyote,wild,road_03,harm
"The driver swerved too late, and the moose was left injured on the asphalt.",0,moose,wild,road_03,harm
"The driver swerved too late, and the elk was left injured on the asphalt.",0,elk,wild,road_03,harm
"The driver swerved too late, and the wolf was left injured on the asphalt.",0,wolf,wild,road_03,harm
"The driver swerved too late, and the hedgehog was left injured on the asphalt.",0,hedgehog,wild,road_03,harm
"The driver swerved too late, and the possum was left injured on the asphalt.",0,possum,wild,road_03,harm
"The driver swerved too late, and the jackal was left injured on the asphalt.",0,jackal,wild,road_03,harm
"The driver swerved too late, and the stoat was left injured on the asphalt.",0,stoat,wild,road_03,harm
"The driver swerved too late, and the marten was left injured on the asphalt.",0,marten,wild,road_03,harm
Witnesses saw the pig moving away from the crash site in obvious pain.,1,pig,farmed,road_04,harm
Witnesses saw the cow moving away from the crash site in obvious pain.,1,cow,farmed,road_04,harm
Witnesses saw the chicken moving away from the crash site in obvious pain.,1,chicken,farmed,road_04,harm
Witnesses saw the goat moving away from the crash site in obvious pain.,1,goat,farmed,road_04,harm
Witnesses saw the sheep moving away from the crash site in obvious pain.,1,sheep,farmed,road_04,harm
Witnesses saw the duck moving away from the crash site in obvious pain.,1,duck,farmed,road_04,harm
Witnesses saw the turkey moving away from the crash site in obvious pain.,1,turkey,farmed,road_04,harm
Witnesses saw the hen moving away from the crash site in obvious pain.,1,hen,farmed,road_04,harm
Witnesses saw the rooster moving away from the crash site in obvious pain.,1,rooster,farmed,road_04,harm
Witnesses saw the calf moving away from the crash site in obvious pain.,1,calf,farmed,road_04,harm
Witnesses saw the lamb moving away from the crash site in obvious pain.,1,lamb,farmed,road_04,harm
Witnesses saw the piglet moving away from the crash site in obvious pain.,1,piglet,farmed,road_04,harm
Witnesses saw the ox moving away from the crash site in obvious pain.,1,ox,farmed,road_04,harm
Witnesses saw the donkey moving away from the crash site in obvious pain.,1,donkey,farmed,road_04,harm
Witnesses saw the mule moving away from the crash site in obvious pain.,1,mule,farmed,road_04,harm
Witnesses saw the goose moving away from the crash site in obvious pain.,1,goose,farmed,road_04,harm
Witnesses saw the sow moving away from the crash site in obvious pain.,1,sow,farmed,road_04,harm
Witnesses saw the heifer moving away from the crash site in obvious pain.,1,heifer,farmed,road_04,harm
Witnesses saw the foal moving away from the crash site in obvious pain.,1,foal,farmed,road_04,harm
Witnesses saw the ram moving away from the crash site in obvious pain.,1,ram,farmed,road_04,harm
Witnesses saw the rat moving away from the crash site in obvious pain.,0,rat,wild,road_04,harm
Witnesses saw the boar moving away from the crash site in obvious pain.,0,boar,wild,road_04,harm
Witnesses saw the buffalo moving away from the crash site in obvious pain.,0,buffalo,wild,road_04,harm
Witnesses saw the fox moving away from the crash site in obvious pain.,0,fox,wild,road_04,harm
Witnesses saw the deer moving away from the crash site in obvious pain.,0,deer,wild,road_04,harm
Witnesses saw the badger moving away from the crash site in obvious pain.,0,badger,wild,road_04,harm
Witnesses saw the otter moving away from the crash site in obvious pain.,0,otter,wild,road_04,harm
Witnesses saw the hare moving away from the crash site in obvious pain.,0,hare,wild,road_04,harm
Witnesses saw the raccoon moving away from the crash site in obvious pain.,0,raccoon,wild,road_04,harm
Witnesses saw the squirrel moving away from the crash site in obvious pain.,0,squirrel,wild,road_04,harm
Witnesses saw the weasel moving away from the crash site in obvious pain.,0,weasel,wild,road_04,harm
Witnesses saw the coyote moving away from the crash site in obvious pain.,0,coyote,wild,road_04,harm
Witnesses saw the moose moving away from the crash site in obvious pain.,0,moose,wild,road_04,harm
Witnesses saw the elk moving away from the crash site in obvious pain.,0,elk,wild,road_04,harm
Witnesses saw the wolf moving away from the crash site in obvious pain.,0,wolf,wild,road_04,harm
Witnesses saw the hedgehog moving away from the crash site in obvious pain.,0,hedgehog,wild,road_04,harm
Witnesses saw the possum moving away from the crash site in obvious pain.,0,possum,wild,road_04,harm
Witnesses saw the jackal moving away from the crash site in obvious pain.,0,jackal,wild,road_04,harm
Witnesses saw the stoat moving away from the crash site in obvious pain.,0,stoat,wild,road_04,harm
Witnesses saw the marten moving away from the crash site in obvious pain.,0,marten,wild,road_04,harm
The car skidded on the ice and pinned the pig against the guardrail.,1,pig,farmed,road_05,harm
The car skidded on the ice and pinned the cow against the guardrail.,1,cow,farmed,road_05,harm
The car skidded on the ice and pinned the chicken against the guardrail.,1,chicken,farmed,road_05,harm
The car skidded on the ice and pinned the goat against the guardrail.,1,goat,farmed,road_05,harm
The car skidded on the ice and pinned the sheep against the guardrail.,1,sheep,farmed,road_05,harm
The car skidded on the ice and pinned the duck against the guardrail.,1,duck,farmed,road_05,harm
The car skidded on the ice and pinned the turkey against the guardrail.,1,turkey,farmed,road_05,harm
The car skidded on the ice and pinned the hen against the guardrail.,1,hen,farmed,road_05,harm
The car skidded on the ice and pinned the rooster against the guardrail.,1,rooster,farmed,road_05,harm
The car skidded on the ice and pinned the calf against the guardrail.,1,calf,farmed,road_05,harm
The car skidded on the ice and pinned the lamb against the guardrail.,1,lamb,farmed,road_05,harm
The car skidded on the ice and pinned the piglet against the guardrail.,1,piglet,farmed,road_05,harm
The car skidded on the ice and pinned the ox against the guardrail.,1,ox,farmed,road_05,harm
The car skidded on the ice and pinned the donkey against the guardrail.,1,donkey,farmed,road_05,harm
The car skidded on the ice and pinned the mule against the guardrail.,1,mule,farmed,road_05,harm
The car skidded on the ice and pinned the goose against the guardrail.,1,goose,farmed,road_05,harm
The car skidded on the ice and pinned the sow against the guardrail.,1,sow,farmed,road_05,harm
The car skidded on the ice and pinned the heifer against the guardrail.,1,heifer,farmed,road_05,harm
The car skidded on the ice and pinned the foal against the guardrail.,1,foal,farmed,road_05,harm
The car skidded on the ice and pinned the ram against the guardrail.,1,ram,farmed,road_05,harm
The car skidded on the ice and pinned the rat against the guardrail.,0,rat,wild,road_05,harm
The car skidded on the ice and pinned the boar against the guardrail.,0,boar,wild,road_05,harm
The car skidded on the ice and pinned the buffalo against the guardrail.,0,buffalo,wild,road_05,harm
The car skidded on the ice and pinned the fox against the guardrail.,0,fox,wild,road_05,harm
The car skidded on the ice and pinned the deer against the guardrail.,0,deer,wild,road_05,harm
The car skidded on the ice and pinned the badger against the guardrail.,0,badger,wild,road_05,harm
The car skidded on the ice and pinned the otter against the guardrail.,0,otter,wild,road_05,harm
The car skidded on the ice and pinned the hare against the guardrail.,0,hare,wild,road_05,harm
The car skidded on the ice and pinned the raccoon against the guardrail.,0,raccoon,wild,road_05,harm
The car skidded on the ice and pinned the squirrel against the guardrail.,0,squirrel,wild,road_05,harm
The car skidded on the ice and pinned the weasel against the guardrail.,0,weasel,wild,road_05,harm
The car skidded on the ice and pinned the coyote against the guardrail.,0,coyote,wild,road_05,harm
The car skidded on the ice and pinned the moose against the guardrail.,0,moose,wild,road_05,harm
The car skidded on the ice and pinned the elk against the guardrail.,0,elk,wild,road_05,harm
The car skidded on the ice and pinned the wolf against the guardrail.,0,wolf,wild,road_05,harm
The car skidded on the ice and pinned the hedgehog against the guardrail.,0,hedgehog,wild,road_05,harm
The car skidded on the ice and pinned the possum against the guardrail.,0,possum,wild,road_05,harm
The car skidded on the ice and pinned the jackal against the guardrail.,0,jackal,wild,road_05,harm
The car skidded on the ice and pinned the stoat against the guardrail.,0,stoat,wild,road_05,harm
The car skidded on the ice and pinned the marten against the guardrail.,0,marten,wild,road_05,harm
"Following the accident, the pig was left bleeding at the crossing.",1,pig,farmed,road_06,harm
"Following the accident, the cow was left bleeding at the crossing.",1,cow,farmed,road_06,harm
"Following the accident, the chicken was left bleeding at the crossing.",1,chicken,farmed,road_06,harm
"Following the accident, the goat was left bleeding at the crossing.",1,goat,farmed,road_06,harm
"Following the accident, the sheep was left bleeding at the crossing.",1,sheep,farmed,road_06,harm
"Following the accident, the duck was left bleeding at the crossing.",1,duck,farmed,road_06,harm
"Following the accident, the turkey was left bleeding at the crossing.",1,turkey,farmed,road_06,harm
"Following the accident, the hen was left bleeding at the crossing.",1,hen,farmed,road_06,harm
"Following the accident, the rooster was left bleeding at the crossing.",1,rooster,farmed,road_06,harm
"Following the accident, the calf was left bleeding at the crossing.",1,calf,farmed,road_06,harm
"Following the accident, the lamb was left bleeding at the crossing.",1,lamb,farmed,road_06,harm
"Following the accident, the piglet was left bleeding at the crossing.",1,piglet,farmed,road_06,harm
"Following the accident, the ox was left bleeding at the crossing.",1,ox,farmed,road_06,harm
"Following the accident, the donkey was left bleeding at the crossing.",1,donkey,farmed,road_06,harm
"Following the accident, the mule was left bleeding at the crossing.",1,mule,farmed,road_06,harm
"Following the accident, the goose was left bleeding at the crossing.",1,goose,farmed,road_06,harm
"Following the accident, the sow was left bleeding at the crossing.",1,sow,farmed,road_06,harm
"Following the accident, the heifer was left bleeding at the crossing.",1,heifer,farmed,road_06,harm
"Following the accident, the foal was left bleeding at the crossing.",1,foal,farmed,road_06,harm
"Following the accident, the ram was left bleeding at the crossing.",1,ram,farmed,road_06,harm
"Following the accident, the rat was left bleeding at the crossing.",0,rat,wild,road_06,harm
"Following the accident, the boar was left bleeding at the crossing.",0,boar,wild,road_06,harm
"Following the accident, the buffalo was left bleeding at the crossing.",0,buffalo,wild,road_06,harm
"Following the accident, the fox was left bleeding at the crossing.",0,fox,wild,road_06,harm
"Following the accident, the deer was left bleeding at the crossing.",0,deer,wild,road_06,harm
"Following the accident, the badger was left bleeding at the crossing.",0,badger,wild,road_06,harm
"Following the accident, the otter was left bleeding at the crossing.",0,otter,wild,road_06,harm
"Following the accident, the hare was left bleeding at the crossing.",0,hare,wild,road_06,harm
"Following the accident, the raccoon was left bleeding at the crossing.",0,raccoon,wild,road_06,harm
"Following the accident, the squirrel was left bleeding at the crossing.",0,squirrel,wild,road_06,harm
"Following the accident, the weasel was left bleeding at the crossing.",0,weasel,wild,road_06,harm
"Following the accident, the coyote was left bleeding at the crossing.",0,coyote,wild,road_06,harm
"Following the accident, the moose was left bleeding at the crossing.",0,moose,wild,road_06,harm
"Following the accident, the elk was left bleeding at the crossing.",0,elk,wild,road_06,harm
"Following the accident, the wolf was left bleeding at the crossing.",0,wolf,wild,road_06,harm
"Following the accident, the hedgehog was left bleeding at the crossing.",0,hedgehog,wild,road_06,harm
"Following the accident, the possum was left bleeding at the crossing.",0,possum,wild,road_06,harm
"Following the accident, the jackal was left bleeding at the crossing.",0,jackal,wild,road_06,harm
"Following the accident, the stoat was left bleeding at the crossing.",0,stoat,wild,road_06,harm
"Following the accident, the marten was left bleeding at the crossing.",0,marten,wild,road_06,harm
"For three days, the pig has been too weak from the fever to move.",1,pig,farmed,illness_01,harm
"For three days, the cow has been too weak from the fever to move.",1,cow,farmed,illness_01,harm
"For three days, the chicken has been too weak from the fever to move.",1,chicken,farmed,illness_01,harm
"For three days, the goat has been too weak from the fever to move.",1,goat,farmed,illness_01,harm
"For three days, the sheep has been too weak from the fever to move.",1,sheep,farmed,illness_01,harm
"For three days, the duck has been too weak from the fever to move.",1,duck,farmed,illness_01,harm
"For three days, the turkey has been too weak from the fever to move.",1,turkey,farmed,illness_01,harm
"For three days, the hen has been too weak from the fever to move.",1,hen,farmed,illness_01,harm
"For three days, the rooster has been too weak from the fever to move.",1,rooster,farmed,illness_01,harm
"For three days, the calf has been too weak from the fever to move.",1,calf,farmed,illness_01,harm
"For three days, the lamb has been too weak from the fever to move.",1,lamb,farmed,illness_01,harm
"For three days, the piglet has been too weak from the fever to move.",1,piglet,farmed,illness_01,harm
"For three days, the ox has been too weak from the fever to move.",1,ox,farmed,illness_01,harm
"For three days, the donkey has been too weak from the fever to move.",1,donkey,farmed,illness_01,harm
"For three days, the mule has been too weak from the fever to move.",1,mule,farmed,illness_01,harm
"For three days, the goose has been too weak from the fever to move.",1,goose,farmed,illness_01,harm
"For three days, the sow has been too weak from the fever to move.",1,sow,farmed,illness_01,harm
"For three days, the heifer has been too weak from the fever to move.",1,heifer,farmed,illness_01,harm
"For three days, the foal has been too weak from the fever to move.",1,foal,farmed,illness_01,harm
"For three days, the ram has been too weak from the fever to move.",1,ram,farmed,illness_01,harm
"For three days, the rat has been too weak from the fever to move.",0,rat,wild,illness_01,harm
"For three days, the boar has been too weak from the fever to move.",0,boar,wild,illness_01,harm
"For three days, the buffalo has been too weak from the fever to move.",0,buffalo,wild,illness_01,harm
"For three days, the fox has been too weak from the fever to move.",0,fox,wild,illness_01,harm
"For three days, the deer has been too weak from the fever to move.",0,deer,wild,illness_01,harm
"For three days, the badger has been too weak from the fever to move.",0,badger,wild,illness_01,harm
"For three days, the otter has been too weak from the fever to move.",0,otter,wild,illness_01,harm
"For three days, the hare has been too weak from the fever to move.",0,hare,wild,illness_01,harm
"For three days, the raccoon has been too weak from the fever to move.",0,raccoon,wild,illness_01,harm
"For three days, the squirrel has been too weak from the fever to move.",0,squirrel,wild,illness_01,harm
"For three days, the weasel has been too weak from the fever to move.",0,weasel,wild,illness_01,harm
"For three days, the coyote has been too weak from the fever to move.",0,coyote,wild,illness_01,harm
"For three days, the moose has been too weak from the fever to move.",0,moose,wild,illness_01,harm
"For three days, the elk has been too weak from the fever to move.",0,elk,wild,illness_01,harm
"For three days, the wolf has been too weak from the fever to move.",0,wolf,wild,illness_01,harm
"For three days, the hedgehog has been too weak from the fever to move.",0,hedgehog,wild,illness_01,harm
"For three days, the possum has been too weak from the fever to move.",0,possum,wild,illness_01,harm
"For three days, the jackal has been too weak from the fever to move.",0,jackal,wild,illness_01,harm
"For three days, the stoat has been too weak from the fever to move.",0,stoat,wild,illness_01,harm
"For three days, the marten has been too weak from the fever to move.",0,marten,wild,illness_01,harm
"The infection spread quickly, leaving the pig trembling and unable to eat.",1,pig,farmed,illness_02,harm
"The infection spread quickly, leaving the cow trembling and unable to eat.",1,cow,farmed,illness_02,harm
"The infection spread quickly, leaving the chicken trembling and unable to eat.",1,chicken,farmed,illness_02,harm
"The infection spread quickly, leaving the goat trembling and unable to eat.",1,goat,farmed,illness_02,harm
"The infection spread quickly, leaving the sheep trembling and unable to eat.",1,sheep,farmed,illness_02,harm
"The infection spread quickly, leaving the duck trembling and unable to eat.",1,duck,farmed,illness_02,harm
"The infection spread quickly, leaving the turkey trembling and unable to eat.",1,turkey,farmed,illness_02,harm
"The infection spread quickly, leaving the hen trembling and unable to eat.",1,hen,farmed,illness_02,harm
"The infection spread quickly, leaving the rooster trembling and unable to eat.",1,rooster,farmed,illness_02,harm
"The infection spread quickly, leaving the calf trembling and unable to eat.",1,calf,farmed,illness_02,harm
"The infection spread quickly, leaving the lamb trembling and unable to eat.",1,lamb,farmed,illness_02,harm
"The infection spread quickly, leaving the piglet trembling and unable to eat.",1,piglet,farmed,illness_02,harm
"The infection spread quickly, leaving the ox trembling and unable to eat.",1,ox,farmed,illness_02,harm
"The infection spread quickly, leaving the donkey trembling and unable to eat.",1,donkey,farmed,illness_02,harm
"The infection spread quickly, leaving the mule trembling and unable to eat.",1,mule,farmed,illness_02,harm
"The infection spread quickly, leaving the goose trembling and unable to eat.",1,goose,farmed,illness_02,harm
"The infection spread quickly, leaving the sow trembling and unable to eat.",1,sow,farmed,illness_02,harm
"The infection spread quickly, leaving the heifer trembling and unable to eat.",1,heifer,farmed,illness_02,harm
"The infection spread quickly, leaving the foal trembling and unable to eat.",1,foal,farmed,illness_02,harm
"The infection spread quickly, leaving the ram trembling and unable to eat.",1,ram,farmed,illness_02,harm
"The infection spread quickly, leaving the rat trembling and unable to eat.",0,rat,wild,illness_02,harm
"The infection spread quickly, leaving the boar trembling and unable to eat.",0,boar,wild,illness_02,harm
"The infection spread quickly, leaving the buffalo trembling and unable to eat.",0,buffalo,wild,illness_02,harm
"The infection spread quickly, leaving the fox trembling and unable to eat.",0,fox,wild,illness_02,harm
"The infection spread quickly, leaving the deer trembling and unable to eat.",0,deer,wild,illness_02,harm
"The infection spread quickly, leaving the badger trembling and unable to eat.",0,badger,wild,illness_02,harm
"The infection spread quickly, leaving the otter trembling and unable to eat.",0,otter,wild,illness_02,harm
"The infection spread quickly, leaving the hare trembling and unable to eat.",0,hare,wild,illness_02,harm
"The infection spread quickly, leaving the raccoon trembling and unable to eat.",0,raccoon,wild,illness_02,harm
"The infection spread quickly, leaving the squirrel trembling and unable to eat.",0,squirrel,wild,illness_02,harm
"The infection spread quickly, leaving the weasel trembling and unable to eat.",0,weasel,wild,illness_02,harm
"The infection spread quickly, leaving the coyote trembling and unable to eat.",0,coyote,wild,illness_02,harm
"The infection spread quickly, leaving the moose trembling and unable to eat.",0,moose,wild,illness_02,harm
"The infection spread quickly, leaving the elk trembling and unable to eat.",0,elk,wild,illness_02,harm
"The infection spread quickly, leaving the wolf trembling and unable to eat.",0,wolf,wild,illness_02,harm
"The infection spread quickly, leaving the hedgehog trembling and unable to eat.",0,hedgehog,wild,illness_02,harm
"The infection spread quickly, leaving the possum trembling and unable to eat.",0,possum,wild,illness_02,harm
"The infection spread quickly, leaving the jackal trembling and unable to eat.",0,jackal,wild,illness_02,harm
"The infection spread quickly, leaving the stoat trembling and unable to eat.",0,stoat,wild,illness_02,harm
"The infection spread quickly, leaving the marten trembling and unable to eat.",0,marten,wild,illness_02,harm
"Without any treatment, the pig grew sicker with each passing day.",1,pig,farmed,illness_03,harm
"Without any treatment, the cow grew sicker with each passing day.",1,cow,farmed,illness_03,harm
"Without any treatment, the chicken grew sicker with each passing day.",1,chicken,farmed,illness_03,harm
"Without any treatment, the goat grew sicker with each passing day.",1,goat,farmed,illness_03,harm
"Without any treatment, the sheep grew sicker with each passing day.",1,sheep,farmed,illness_03,harm
"Without any treatment, the duck grew sicker with each passing day.",1,duck,farmed,illness_03,harm
"Without any treatment, the turkey grew sicker with each passing day.",1,turkey,farmed,illness_03,harm
"Without any treatment, the hen grew sicker with each passing day.",1,hen,farmed,illness_03,harm
"Without any treatment, the rooster grew sicker with each passing day.",1,rooster,farmed,illness_03,harm
"Without any treatment, the calf grew sicker with each passing day.",1,calf,farmed,illness_03,harm
"Without any treatment, the lamb grew sicker with each passing day.",1,lamb,farmed,illness_03,harm
"Without any treatment, the piglet grew sicker with each passing day.",1,piglet,farmed,illness_03,harm
"Without any treatment, the ox grew sicker with each passing day.",1,ox,farmed,illness_03,harm
"Without any treatment, the donkey grew sicker with each passing day.",1,donkey,farmed,illness_03,harm
"Without any treatment, the mule grew sicker with each passing day.",1,mule,farmed,illness_03,harm
"Without any treatment, the goose grew sicker with each passing day.",1,goose,farmed,illness_03,harm
"Without any treatment, the sow grew sicker with each passing day.",1,sow,farmed,illness_03,harm
"Without any treatment, the heifer grew sicker with each passing day.",1,heifer,farmed,illness_03,harm
"Without any treatment, the foal grew sicker with each passing day.",1,foal,farmed,illness_03,harm
"Without any treatment, the ram grew sicker with each passing day.",1,ram,farmed,illness_03,harm
"Without any treatment, the rat grew sicker with each passing day.",0,rat,wild,illness_03,harm
"Without any treatment, the boar grew sicker with each passing day.",0,boar,wild,illness_03,harm
"Without any treatment, the buffalo grew sicker with each passing day.",0,buffalo,wild,illness_03,harm
"Without any treatment, the fox grew sicker with each passing day.",0,fox,wild,illness_03,harm
"Without any treatment, the deer grew sicker with each passing day.",0,deer,wild,illness_03,harm
"Without any treatment, the badger grew sicker with each passing day.",0,badger,wild,illness_03,harm
"Without any treatment, the otter grew sicker with each passing day.",0,otter,wild,illness_03,harm
"Without any treatment, the hare grew sicker with each passing day.",0,hare,wild,illness_03,harm
"Without any treatment, the raccoon grew sicker with each passing day.",0,raccoon,wild,illness_03,harm
"Without any treatment, the squirrel grew sicker with each passing day.",0,squirrel,wild,illness_03,harm
"Without any treatment, the weasel grew sicker with each passing day.",0,weasel,wild,illness_03,harm
"Without any treatment, the coyote grew sicker with each passing day.",0,coyote,wild,illness_03,harm
"Without any treatment, the moose grew sicker with each passing day.",0,moose,wild,illness_03,harm
"Without any treatment, the elk grew sicker with each passing day.",0,elk,wild,illness_03,harm
"Without any treatment, the wolf grew sicker with each passing day.",0,wolf,wild,illness_03,harm
"Without any treatment, the hedgehog grew sicker with each passing day.",0,hedgehog,wild,illness_03,harm
"Without any treatment, the possum grew sicker with each passing day.",0,possum,wild,illness_03,harm
"Without any treatment, the jackal grew sicker with each passing day.",0,jackal,wild,illness_03,harm
"Without any treatment, the stoat grew sicker with each passing day.",0,stoat,wild,illness_03,harm
"Without any treatment, the marten grew sicker with each passing day.",0,marten,wild,illness_03,harm
"After weeks of untreated illness, the pig had become dangerously thin.",1,pig,farmed,illness_04,harm
"After weeks of untreated illness, the cow had become dangerously thin.",1,cow,farmed,illness_04,harm
"After weeks of untreated illness, the chicken had become dangerously thin.",1,chicken,farmed,illness_04,harm
"After weeks of untreated illness, the goat had become dangerously thin.",1,goat,farmed,illness_04,harm
"After weeks of untreated illness, the sheep had become dangerously thin.",1,sheep,farmed,illness_04,harm
"After weeks of untreated illness, the duck had become dangerously thin.",1,duck,farmed,illness_04,harm
"After weeks of untreated illness, the turkey had become dangerously thin.",1,turkey,farmed,illness_04,harm
"After weeks of untreated illness, the hen had become dangerously thin.",1,hen,farmed,illness_04,harm
"After weeks of untreated illness, the rooster had become dangerously thin.",1,rooster,farmed,illness_04,harm
"After weeks of untreated illness, the calf had become dangerously thin.",1,calf,farmed,illness_04,harm
"After weeks of untreated illness, the lamb had become dangerously thin.",1,lamb,farmed,illness_04,harm
"After weeks of untreated illness, the piglet had become dangerously thin.",1,piglet,farmed,illness_04,harm
"After weeks of untreated illness, the ox had become dangerously thin.",1,ox,farmed,illness_04,harm
"After weeks of untreated illness, the donkey had become dangerously thin.",1,donkey,farmed,illness_04,harm
"After weeks of untreated illness, the mule had become dangerously thin.",1,mule,farmed,illness_04,harm
"After weeks of untreated illness, the goose had become dangerously thin.",1,goose,farmed,illness_04,harm
"After weeks of untreated illness, the sow had become dangerously thin.",1,sow,farmed,illness_04,harm
"After weeks of untreated illness, the heifer had become dangerously thin.",1,heifer,farmed,illness_04,harm
"After weeks of untreated illness, the foal had become dangerously thin.",1,foal,farmed,illness_04,harm
"After weeks of untreated illness, the ram had become dangerously thin.",1,ram,farmed,illness_04,harm
"After weeks of untreated illness, the rat had become dangerously thin.",0,rat,wild,illness_04,harm
"After weeks of untreated illness, the boar had become dangerously thin.",0,boar,wild,illness_04,harm
"After weeks of untreated illness, the buffalo had become dangerously thin.",0,buffalo,wild,illness_04,harm
"After weeks of untreated illness, the fox had become dangerously thin.",0,fox,wild,illness_04,harm
"After weeks of untreated illness, the deer had become dangerously thin.",0,deer,wild,illness_04,harm
"After weeks of untreated illness, the badger had become dangerously thin.",0,badger,wild,illness_04,harm
"After weeks of untreated illness, the otter had become dangerously thin.",0,otter,wild,illness_04,harm
"After weeks of untreated illness, the hare had become dangerously thin.",0,hare,wild,illness_04,harm
"After weeks of untreated illness, the raccoon had become dangerously thin.",0,raccoon,wild,illness_04,harm
"After weeks of untreated illness, the squirrel had become dangerously thin.",0,squirrel,wild,illness_04,harm
"After weeks of untreated illness, the weasel had become dangerously thin.",0,weasel,wild,illness_04,harm
"After weeks of untreated illness, the coyote had become dangerously thin.",0,coyote,wild,illness_04,harm
"After weeks of untreated illness, the moose had become dangerously thin.",0,moose,wild,illness_04,harm
"After weeks of untreated illness, the elk had become dangerously thin.",0,elk,wild,illness_04,harm
"After weeks of untreated illness, the wolf had become dangerously thin.",0,wolf,wild,illness_04,harm
"After weeks of untreated illness, the hedgehog had become dangerously thin.",0,hedgehog,wild,illness_04,harm
"After weeks of untreated illness, the possum had become dangerously thin.",0,possum,wild,illness_04,harm
"After weeks of untreated illness, the jackal had become dangerously thin.",0,jackal,wild,illness_04,harm
"After weeks of untreated illness, the stoat had become dangerously thin.",0,stoat,wild,illness_04,harm
"After weeks of untreated illness, the marten had become dangerously thin.",0,marten,wild,illness_04,harm
A painful swelling left the pig unable to move without flinching.,1,pig,farmed,illness_05,harm
A painful swelling left the cow unable to move without flinching.,1,cow,farmed,illness_05,harm
A painful swelling left the chicken unable to move without flinching.,1,chicken,farmed,illness_05,harm
A painful swelling left the goat unable to move without flinching.,1,goat,farmed,illness_05,harm
A painful swelling left the sheep unable to move without flinching.,1,sheep,farmed,illness_05,harm
A painful swelling left the duck unable to move without flinching.,1,duck,farmed,illness_05,harm
A painful swelling left the turkey unable to move without flinching.,1,turkey,farmed,illness_05,harm
A painful swelling left the hen unable to move without flinching.,1,hen,farmed,illness_05,harm
A painful swelling left the rooster unable to move without flinching.,1,rooster,farmed,illness_05,harm
A painful swelling left the calf unable to move without flinching.,1,calf,farmed,illness_05,harm
A painful swelling left the lamb unable to move without flinching.,1,lamb,farmed,illness_05,harm
A painful swelling left the piglet unable to move without flinching.,1,piglet,farmed,illness_05,harm
A painful swelling left the ox unable to move without flinching.,1,ox,farmed,illness_05,harm
A painful swelling left the donkey unable to move without flinching.,1,donkey,farmed,illness_05,harm
A painful swelling left the mule unable to move without flinching.,1,mule,farmed,illness_05,harm
A painful swelling left the goose unable to move without flinching.,1,goose,farmed,illness_05,harm
A painful swelling left the sow unable to move without flinching.,1,sow,farmed,illness_05,harm
A painful swelling left the heifer unable to move without flinching.,1,heifer,farmed,illness_05,harm
A painful swelling left the foal unable to move without flinching.,1,foal,farmed,illness_05,harm
A painful swelling left the ram unable to move without flinching.,1,ram,farmed,illness_05,harm
A painful swelling left the rat unable to move without flinching.,0,rat,wild,illness_05,harm
A painful swelling left the boar unable to move without flinching.,0,boar,wild,illness_05,harm
A painful swelling left the buffalo unable to move without flinching.,0,buffalo,wild,illness_05,harm
A painful swelling left the fox unable to move without flinching.,0,fox,wild,illness_05,harm
A painful swelling left the deer unable to move without flinching.,0,deer,wild,illness_05,harm
A painful swelling left the badger unable to move without flinching.,0,badger,wild,illness_05,harm
A painful swelling left the otter unable to move without flinching.,0,otter,wild,illness_05,harm
A painful swelling left the hare unable to move without flinching.,0,hare,wild,illness_05,harm
A painful swelling left the raccoon unable to move without flinching.,0,raccoon,wild,illness_05,harm
A painful swelling left the squirrel unable to move without flinching.,0,squirrel,wild,illness_05,harm
A painful swelling left the weasel unable to move without flinching.,0,weasel,wild,illness_05,harm
A painful swelling left the coyote unable to move without flinching.,0,coyote,wild,illness_05,harm
A painful swelling left the moose unable to move without flinching.,0,moose,wild,illness_05,harm
A painful swelling left the elk unable to move without flinching.,0,elk,wild,illness_05,harm
A painful swelling left the wolf unable to move without flinching.,0,wolf,wild,illness_05,harm
A painful swelling left the hedgehog unable to move without flinching.,0,hedgehog,wild,illness_05,harm
A painful swelling left the possum unable to move without flinching.,0,possum,wild,illness_05,harm
A painful swelling left the jackal unable to move without flinching.,0,jackal,wild,illness_05,harm
A painful swelling left the stoat unable to move without flinching.,0,stoat,wild,illness_05,harm
A painful swelling left the marten unable to move without flinching.,0,marten,wild,illness_05,harm
The disease left the pig weakened and struggling to breathe through the night.,1,pig,farmed,illness_06,harm
The disease left the cow weakened and struggling to breathe through the night.,1,cow,farmed,illness_06,harm
The disease left the chicken weakened and struggling to breathe through the night.,1,chicken,farmed,illness_06,harm
The disease left the goat weakened and struggling to breathe through the night.,1,goat,farmed,illness_06,harm
The disease left the sheep weakened and struggling to breathe through the night.,1,sheep,farmed,illness_06,harm
The disease left the duck weakened and struggling to breathe through the night.,1,duck,farmed,illness_06,harm
The disease left the turkey weakened and struggling to breathe through the night.,1,turkey,farmed,illness_06,harm
The disease left the hen weakened and struggling to breathe through the night.,1,hen,farmed,illness_06,harm
The disease left the rooster weakened and struggling to breathe through the night.,1,rooster,farmed,illness_06,harm
The disease left the calf weakened and struggling to breathe through the night.,1,calf,farmed,illness_06,harm
The disease left the lamb weakened and struggling to breathe through the night.,1,lamb,farmed,illness_06,harm
The disease left the piglet weakened and struggling to breathe through the night.,1,piglet,farmed,illness_06,harm
The disease left the ox weakened and struggling to breathe through the night.,1,ox,farmed,illness_06,harm
The disease left the donkey weakened and struggling to breathe through the night.,1,donkey,farmed,illness_06,harm
The disease left the mule weakened and struggling to breathe through the night.,1,mule,farmed,illness_06,harm
The disease left the goose weakened and struggling to breathe through the night.,1,goose,farmed,illness_06,harm
The disease left the sow weakened and struggling to breathe through the night.,1,sow,farmed,illness_06,harm
The disease left the heifer weakened and struggling to breathe through the night.,1,heifer,farmed,illness_06,harm
The disease left the foal weakened and struggling to breathe through the night.,1,foal,farmed,illness_06,harm
The disease left the ram weakened and struggling to breathe through the night.,1,ram,farmed,illness_06,harm
The disease left the rat weakened and struggling to breathe through the night.,0,rat,wild,illness_06,harm
The disease left the boar weakened and struggling to breathe through the night.,0,boar,wild,illness_06,harm
The disease left the buffalo weakened and struggling to breathe through the night.,0,buffalo,wild,illness_06,harm
The disease left the fox weakened and struggling to breathe through the night.,0,fox,wild,illness_06,harm
The disease left the deer weakened and struggling to breathe through the night.,0,deer,wild,illness_06,harm
The disease left the badger weakened and struggling to breathe through the night.,0,badger,wild,illness_06,harm
The disease left the otter weakened and struggling to breathe through the night.,0,otter,wild,illness_06,harm
The disease left the hare weakened and struggling to breathe through the night.,0,hare,wild,illness_06,harm
The disease left the raccoon weakened and struggling to breathe through the night.,0,raccoon,wild,illness_06,harm
The disease left the squirrel weakened and struggling to breathe through the night.,0,squirrel,wild,illness_06,harm
The disease left the weasel weakened and struggling to breathe through the night.,0,weasel,wild,illness_06,harm
The disease left the coyote weakened and struggling to breathe through the night.,0,coyote,wild,illness_06,harm
The disease left the moose weakened and struggling to breathe through the night.,0,moose,wild,illness_06,harm
The disease left the elk weakened and struggling to breathe through the night.,0,elk,wild,illness_06,harm
The disease left the wolf weakened and struggling to breathe through the night.,0,wolf,wild,illness_06,harm
The disease left the hedgehog weakened and struggling to breathe through the night.,0,hedgehog,wild,illness_06,harm
The disease left the possum weakened and struggling to breathe through the night.,0,possum,wild,illness_06,harm
The disease left the jackal weakened and struggling to breathe through the night.,0,jackal,wild,illness_06,harm
The disease left the stoat weakened and struggling to breathe through the night.,0,stoat,wild,illness_06,harm
The disease left the marten weakened and struggling to breathe through the night.,0,marten,wild,illness_06,harm
"When the family moved away, the pig was left behind with no food or water.",1,pig,farmed,abandon_01,harm
"When the family moved away, the cow was left behind with no food or water.",1,cow,farmed,abandon_01,harm
"When the family moved away, the chicken was left behind with no food or water.",1,chicken,farmed,abandon_01,harm
"When the family moved away, the goat was left behind with no food or water.",1,goat,farmed,abandon_01,harm
"When the family moved away, the sheep was left behind with no food or water.",1,sheep,farmed,abandon_01,harm
"When the family moved away, the duck was left behind with no food or water.",1,duck,farmed,abandon_01,harm
"When the family moved away, the turkey was left behind with no food or water.",1,turkey,farmed,abandon_01,harm
"When the family moved away, the hen was left behind with no food or water.",1,hen,farmed,abandon_01,harm
"When the family moved away, the rooster was left behind with no food or water.",1,rooster,farmed,abandon_01,harm
"When the family moved away, the calf was left behind with no food or water.",1,calf,farmed,abandon_01,harm
"When the family moved away, the lamb was left behind with no food or water.",1,lamb,farmed,abandon_01,harm
"When the family moved away, the piglet was left behind with no food or water.",1,piglet,farmed,abandon_01,harm
"When the family moved away, the ox was left behind with no food or water.",1,ox,farmed,abandon_01,harm
"When the family moved away, the donkey was left behind with no food or water.",1,donkey,farmed,abandon_01,harm
"When the family moved away, the mule was left behind with no food or water.",1,mule,farmed,abandon_01,harm
"When the family moved away, the goose was left behind with no food or water.",1,goose,farmed,abandon_01,harm
"When the family moved away, the sow was left behind with no food or water.",1,sow,farmed,abandon_01,harm
"When the family moved away, the heifer was left behind with no food or water.",1,heifer,farmed,abandon_01,harm
"When the family moved away, the foal was left behind with no food or water.",1,foal,farmed,abandon_01,harm
"When the family moved away, the ram was left behind with no food or water.",1,ram,farmed,abandon_01,harm
"When the family moved away, the rat was left behind with no food or water.",0,rat,wild,abandon_01,harm
"When the family moved away, the boar was left behind with no food or water.",0,boar,wild,abandon_01,harm
"When the family moved away, the buffalo was left behind with no food or water.",0,buffalo,wild,abandon_01,harm
"When the family moved away, the fox was left behind with no food or water.",0,fox,wild,abandon_01,harm
"When the family moved away, the deer was left behind with no food or water.",0,deer,wild,abandon_01,harm
"When the family moved away, the badger was left behind with no food or water.",0,badger,wild,abandon_01,harm
"When the family moved away, the otter was left behind with no food or water.",0,otter,wild,abandon_01,harm
"When the family moved away, the hare was left behind with no food or water.",0,hare,wild,abandon_01,harm
"When the family moved away, the raccoon was left behind with no food or water.",0,raccoon,wild,abandon_01,harm
"When the family moved away, the squirrel was left behind with no food or water.",0,squirrel,wild,abandon_01,harm
"When the family moved away, the weasel was left behind with no food or water.",0,weasel,wild,abandon_01,harm
"When the family moved away, the coyote was left behind with no food or water.",0,coyote,wild,abandon_01,harm
"When the family moved away, the moose was left behind with no food or water.",0,moose,wild,abandon_01,harm
"When the family moved away, the elk was left behind with no food or water.",0,elk,wild,abandon_01,harm
"When the family moved away, the wolf was left behind with no food or water.",0,wolf,wild,abandon_01,harm
"When the family moved away, the hedgehog was left behind with no food or water.",0,hedgehog,wild,abandon_01,harm
"When the family moved away, the possum was left behind with no food or water.",0,possum,wild,abandon_01,harm
"When the family moved away, the jackal was left behind with no food or water.",0,jackal,wild,abandon_01,harm
"When the family moved away, the stoat was left behind with no food or water.",0,stoat,wild,abandon_01,harm
"When the family moved away, the marten was left behind with no food or water.",0,marten,wild,abandon_01,harm
"For weeks, the pig was left in the empty lot, abandoned and hungry.",1,pig,farmed,abandon_02,harm
"For weeks, the cow was left in the empty lot, abandoned and hungry.",1,cow,farmed,abandon_02,harm
"For weeks, the chicken was left in the empty lot, abandoned and hungry.",1,chicken,farmed,abandon_02,harm
"For weeks, the goat was left in the empty lot, abandoned and hungry.",1,goat,farmed,abandon_02,harm
"For weeks, the sheep was left in the empty lot, abandoned and hungry.",1,sheep,farmed,abandon_02,harm
"For weeks, the duck was left in the empty lot, abandoned and hungry.",1,duck,farmed,abandon_02,harm
"For weeks, the turkey was left in the empty lot, abandoned and hungry.",1,turkey,farmed,abandon_02,harm
"For weeks, the hen was left in the empty lot, abandoned and hungry.",1,hen,farmed,abandon_02,harm
"For weeks, the rooster was left in the empty lot, abandoned and hungry.",1,rooster,farmed,abandon_02,harm
"For weeks, the calf was left in the empty lot, abandoned and hungry.",1,calf,farmed,abandon_02,harm
"For weeks, the lamb was left in the empty lot, abandoned and hungry.",1,lamb,farmed,abandon_02,harm
"For weeks, the piglet was left in the empty lot, abandoned and hungry.",1,piglet,farmed,abandon_02,harm
"For weeks, the ox was left in the empty lot, abandoned and hungry.",1,ox,farmed,abandon_02,harm
"For weeks, the donkey was left in the empty lot, abandoned and hungry.",1,donkey,farmed,abandon_02,harm
"For weeks, the mule was left in the empty lot, abandoned and hungry.",1,mule,farmed,abandon_02,harm
"For weeks, the goose was left in the empty lot, abandoned and hungry.",1,goose,farmed,abandon_02,harm
"For weeks, the sow was left in the empty lot, abandoned and hungry.",1,sow,farmed,abandon_02,harm
"For weeks, the heifer was left in the empty lot, abandoned and hungry.",1,heifer,farmed,abandon_02,harm
"For weeks, the foal was left in the empty lot, abandoned and hungry.",1,foal,farmed,abandon_02,harm
"For weeks, the ram was left in the empty lot, abandoned and hungry.",1,ram,farmed,abandon_02,harm
"For weeks, the rat was left in the empty lot, abandoned and hungry.",0,rat,wild,abandon_02,harm
"For weeks, the boar was left in the empty lot, abandoned and hungry.",0,boar,wild,abandon_02,harm
"For weeks, the buffalo was left in the empty lot, abandoned and hungry.",0,buffalo,wild,abandon_02,harm
"For weeks, the fox was left in the empty lot, abandoned and hungry.",0,fox,wild,abandon_02,harm
"For weeks, the deer was left in the empty lot, abandoned and hungry.",0,deer,wild,abandon_02,harm
"For weeks, the badger was left in the empty lot, abandoned and hungry.",0,badger,wild,abandon_02,harm
"For weeks, the otter was left in the empty lot, abandoned and hungry.",0,otter,wild,abandon_02,harm
"For weeks, the hare was left in the empty lot, abandoned and hungry.",0,hare,wild,abandon_02,harm
"For weeks, the raccoon was left in the empty lot, abandoned and hungry.",0,raccoon,wild,abandon_02,harm
"For weeks, the squirrel was left in the empty lot, abandoned and hungry.",0,squirrel,wild,abandon_02,harm
"For weeks, the weasel was left in the empty lot, abandoned and hungry.",0,weasel,wild,abandon_02,harm
"For weeks, the coyote was left in the empty lot, abandoned and hungry.",0,coyote,wild,abandon_02,harm
"For weeks, the moose was left in the empty lot, abandoned and hungry.",0,moose,wild,abandon_02,harm
"For weeks, the elk was left in the empty lot, abandoned and hungry.",0,elk,wild,abandon_02,harm
"For weeks, the wolf was left in the empty lot, abandoned and hungry.",0,wolf,wild,abandon_02,harm
"For weeks, the hedgehog was left in the empty lot, abandoned and hungry.",0,hedgehog,wild,abandon_02,harm
"For weeks, the possum was left in the empty lot, abandoned and hungry.",0,possum,wild,abandon_02,harm
"For weeks, the jackal was left in the empty lot, abandoned and hungry.",0,jackal,wild,abandon_02,harm
"For weeks, the stoat was left in the empty lot, abandoned and hungry.",0,stoat,wild,abandon_02,harm
"For weeks, the marten was left in the empty lot, abandoned and hungry.",0,marten,wild,abandon_02,harm
"Left behind after the evacuation, the pig waited alone on the deserted property.",1,pig,farmed,abandon_03,harm
"Left behind after the evacuation, the cow waited alone on the deserted property.",1,cow,farmed,abandon_03,harm
"Left behind after the evacuation, the chicken waited alone on the deserted property.",1,chicken,farmed,abandon_03,harm
"Left behind after the evacuation, the goat waited alone on the deserted property.",1,goat,farmed,abandon_03,harm
"Left behind after the evacuation, the sheep waited alone on the deserted property.",1,sheep,farmed,abandon_03,harm
"Left behind after the evacuation, the duck waited alone on the deserted property.",1,duck,farmed,abandon_03,harm
"Left behind after the evacuation, the turkey waited alone on the deserted property.",1,turkey,farmed,abandon_03,harm
"Left behind after the evacuation, the hen waited alone on the deserted property.",1,hen,farmed,abandon_03,harm
"Left behind after the evacuation, the rooster waited alone on the deserted property.",1,rooster,farmed,abandon_03,harm
"Left behind after the evacuation, the calf waited alone on the deserted property.",1,calf,farmed,abandon_03,harm
"Left behind after the evacuation, the lamb waited alone on the deserted property.",1,lamb,farmed,abandon_03,harm
"Left behind after the evacuation, the piglet waited alone on the deserted property.",1,piglet,farmed,abandon_03,harm
"Left behind after the evacuation, the ox waited alone on the deserted property.",1,ox,farmed,abandon_03,harm
"Left behind after the evacuation, the donkey waited alone on the deserted property.",1,donkey,farmed,abandon_03,harm
"Left behind after the evacuation, the mule waited alone on the deserted property.",1,mule,farmed,abandon_03,harm
"Left behind after the evacuation, the goose waited alone on the deserted property.",1,goose,farmed,abandon_03,harm
"Left behind after the evacuation, the sow waited alone on the deserted property.",1,sow,farmed,abandon_03,harm
"Left behind after the evacuation, the heifer waited alone on the deserted property.",1,heifer,farmed,abandon_03,harm
"Left behind after the evacuation, the foal waited alone on the deserted property.",1,foal,farmed,abandon_03,harm
"Left behind after the evacuation, the ram waited alone on the deserted property.",1,ram,farmed,abandon_03,harm
"Left behind after the evacuation, the rat waited alone on the deserted property.",0,rat,wild,abandon_03,harm
"Left behind after the evacuation, the boar waited alone on the deserted property.",0,boar,wild,abandon_03,harm
"Left behind after the evacuation, the buffalo waited alone on the deserted property.",0,buffalo,wild,abandon_03,harm
"Left behind after the evacuation, the fox waited alone on the deserted property.",0,fox,wild,abandon_03,harm
"Left behind after the evacuation, the deer waited alone on the deserted property.",0,deer,wild,abandon_03,harm
"Left behind after the evacuation, the badger waited alone on the deserted property.",0,badger,wild,abandon_03,harm
"Left behind after the evacuation, the otter waited alone on the deserted property.",0,otter,wild,abandon_03,harm
"Left behind after the evacuation, the hare waited alone on the deserted property.",0,hare,wild,abandon_03,harm
"Left behind after the evacuation, the raccoon waited alone on the deserted property.",0,raccoon,wild,abandon_03,harm
"Left behind after the evacuation, the squirrel waited alone on the deserted property.",0,squirrel,wild,abandon_03,harm
"Left behind after the evacuation, the weasel waited alone on the deserted property.",0,weasel,wild,abandon_03,harm
"Left behind after the evacuation, the coyote waited alone on the deserted property.",0,coyote,wild,abandon_03,harm
"Left behind after the evacuation, the moose waited alone on the deserted property.",0,moose,wild,abandon_03,harm
"Left behind after the evacuation, the elk waited alone on the deserted property.",0,elk,wild,abandon_03,harm
"Left behind after the evacuation, the wolf waited alone on the deserted property.",0,wolf,wild,abandon_03,harm
"Left behind after the evacuation, the hedgehog waited alone on the deserted property.",0,hedgehog,wild,abandon_03,harm
"Left behind after the evacuation, the possum waited alone on the deserted property.",0,possum,wild,abandon_03,harm
"Left behind after the evacuation, the jackal waited alone on the deserted property.",0,jackal,wild,abandon_03,harm
"Left behind after the evacuation, the stoat waited alone on the deserted property.",0,stoat,wild,abandon_03,harm
"Left behind after the evacuation, the marten waited alone on the deserted property.",0,marten,wild,abandon_03,harm
No one ever came back for the pig after the storm passed.,1,pig,farmed,abandon_04,harm
No one ever came back for the cow after the storm passed.,1,cow,farmed,abandon_04,harm
No one ever came back for the chicken after the storm passed.,1,chicken,farmed,abandon_04,harm
No one ever came back for the goat after the storm passed.,1,goat,farmed,abandon_04,harm
No one ever came back for the sheep after the storm passed.,1,sheep,farmed,abandon_04,harm
No one ever came back for the duck after the storm passed.,1,duck,farmed,abandon_04,harm
No one ever came back for the turkey after the storm passed.,1,turkey,farmed,abandon_04,harm
No one ever came back for the hen after the storm passed.,1,hen,farmed,abandon_04,harm
No one ever came back for the rooster after the storm passed.,1,rooster,farmed,abandon_04,harm
No one ever came back for the calf after the storm passed.,1,calf,farmed,abandon_04,harm
No one ever came back for the lamb after the storm passed.,1,lamb,farmed,abandon_04,harm
No one ever came back for the piglet after the storm passed.,1,piglet,farmed,abandon_04,harm
No one ever came back for the ox after the storm passed.,1,ox,farmed,abandon_04,harm
No one ever came back for the donkey after the storm passed.,1,donkey,farmed,abandon_04,harm
No one ever came back for the mule after the storm passed.,1,mule,farmed,abandon_04,harm
No one ever came back for the goose after the storm passed.,1,goose,farmed,abandon_04,harm
No one ever came back for the sow after the storm passed.,1,sow,farmed,abandon_04,harm
No one ever came back for the heifer after the storm passed.,1,heifer,farmed,abandon_04,harm
No one ever came back for the foal after the storm passed.,1,foal,farmed,abandon_04,harm
No one ever came back for the ram after the storm passed.,1,ram,farmed,abandon_04,harm
No one ever came back for the rat after the storm passed.,0,rat,wild,abandon_04,harm
No one ever came back for the boar after the storm passed.,0,boar,wild,abandon_04,harm
No one ever came back for the buffalo after the storm passed.,0,buffalo,wild,abandon_04,harm
No one ever came back for the fox after the storm passed.,0,fox,wild,abandon_04,harm
No one ever came back for the deer after the storm passed.,0,deer,wild,abandon_04,harm
No one ever came back for the badger after the storm passed.,0,badger,wild,abandon_04,harm
No one ever came back for the otter after the storm passed.,0,otter,wild,abandon_04,harm
No one ever came back for the hare after the storm passed.,0,hare,wild,abandon_04,harm
No one ever came back for the raccoon after the storm passed.,0,raccoon,wild,abandon_04,harm
No one ever came back for the squirrel after the storm passed.,0,squirrel,wild,abandon_04,harm
No one ever came back for the weasel after the storm passed.,0,weasel,wild,abandon_04,harm
No one ever came back for the coyote after the storm passed.,0,coyote,wild,abandon_04,harm
No one ever came back for the moose after the storm passed.,0,moose,wild,abandon_04,harm
No one ever came back for the elk after the storm passed.,0,elk,wild,abandon_04,harm
No one ever came back for the wolf after the storm passed.,0,wolf,wild,abandon_04,harm
No one ever came back for the hedgehog after the storm passed.,0,hedgehog,wild,abandon_04,harm
No one ever came back for the possum after the storm passed.,0,possum,wild,abandon_04,harm
No one ever came back for the jackal after the storm passed.,0,jackal,wild,abandon_04,harm
No one ever came back for the stoat after the storm passed.,0,stoat,wild,abandon_04,harm
No one ever came back for the marten after the storm passed.,0,marten,wild,abandon_04,harm
"Abandoned at the edge of town, the pig searched for anything to eat.",1,pig,farmed,abandon_05,harm
"Abandoned at the edge of town, the cow searched for anything to eat.",1,cow,farmed,abandon_05,harm
"Abandoned at the edge of town, the chicken searched for anything to eat.",1,chicken,farmed,abandon_05,harm
"Abandoned at the edge of town, the goat searched for anything to eat.",1,goat,farmed,abandon_05,harm
"Abandoned at the edge of town, the sheep searched for anything to eat.",1,sheep,farmed,abandon_05,harm
"Abandoned at the edge of town, the duck searched for anything to eat.",1,duck,farmed,abandon_05,harm
"Abandoned at the edge of town, the turkey searched for anything to eat.",1,turkey,farmed,abandon_05,harm
"Abandoned at the edge of town, the hen searched for anything to eat.",1,hen,farmed,abandon_05,harm
"Abandoned at the edge of town, the rooster searched for anything to eat.",1,rooster,farmed,abandon_05,harm
"Abandoned at the edge of town, the calf searched for anything to eat.",1,calf,farmed,abandon_05,harm
"Abandoned at the edge of town, the lamb searched for anything to eat.",1,lamb,farmed,abandon_05,harm
"Abandoned at the edge of town, the piglet searched for anything to eat.",1,piglet,farmed,abandon_05,harm
"Abandoned at the edge of town, the ox searched for anything to eat.",1,ox,farmed,abandon_05,harm
"Abandoned at the edge of town, the donkey searched for anything to eat.",1,donkey,farmed,abandon_05,harm
"Abandoned at the edge of town, the mule searched for anything to eat.",1,mule,farmed,abandon_05,harm
"Abandoned at the edge of town, the goose searched for anything to eat.",1,goose,farmed,abandon_05,harm
"Abandoned at the edge of town, the sow searched for anything to eat.",1,sow,farmed,abandon_05,harm
"Abandoned at the edge of town, the heifer searched for anything to eat.",1,heifer,farmed,abandon_05,harm
"Abandoned at the edge of town, the foal searched for anything to eat.",1,foal,farmed,abandon_05,harm
"Abandoned at the edge of town, the ram searched for anything to eat.",1,ram,farmed,abandon_05,harm
"Abandoned at the edge of town, the rat searched for anything to eat.",0,rat,wild,abandon_05,harm
"Abandoned at the edge of town, the boar searched for anything to eat.",0,boar,wild,abandon_05,harm
"Abandoned at the edge of town, the buffalo searched for anything to eat.",0,buffalo,wild,abandon_05,harm
"Abandoned at the edge of town, the fox searched for anything to eat.",0,fox,wild,abandon_05,harm
"Abandoned at the edge of town, the deer searched for anything to eat.",0,deer,wild,abandon_05,harm
"Abandoned at the edge of town, the badger searched for anything to eat.",0,badger,wild,abandon_05,harm
"Abandoned at the edge of town, the otter searched for anything to eat.",0,otter,wild,abandon_05,harm
"Abandoned at the edge of town, the hare searched for anything to eat.",0,hare,wild,abandon_05,harm
"Abandoned at the edge of town, the raccoon searched for anything to eat.",0,raccoon,wild,abandon_05,harm
"Abandoned at the edge of town, the squirrel searched for anything to eat.",0,squirrel,wild,abandon_05,harm
"Abandoned at the edge of town, the weasel searched for anything to eat.",0,weasel,wild,abandon_05,harm
"Abandoned at the edge of town, the coyote searched for anything to eat.",0,coyote,wild,abandon_05,harm
"Abandoned at the edge of town, the moose searched for anything to eat.",0,moose,wild,abandon_05,harm
"Abandoned at the edge of town, the elk searched for anything to eat.",0,elk,wild,abandon_05,harm
"Abandoned at the edge of town, the wolf searched for anything to eat.",0,wolf,wild,abandon_05,harm
"Abandoned at the edge of town, the hedgehog searched for anything to eat.",0,hedgehog,wild,abandon_05,harm
"Abandoned at the edge of town, the possum searched for anything to eat.",0,possum,wild,abandon_05,harm
"Abandoned at the edge of town, the jackal searched for anything to eat.",0,jackal,wild,abandon_05,harm
"Abandoned at the edge of town, the stoat searched for anything to eat.",0,stoat,wild,abandon_05,harm
"Abandoned at the edge of town, the marten searched for anything to eat.",0,marten,wild,abandon_05,harm
"After the farm was sold, the pig was left to survive alone in the empty field.",1,pig,farmed,abandon_06,harm
"After the farm was sold, the cow was left to survive alone in the empty field.",1,cow,farmed,abandon_06,harm
"After the farm was sold, the chicken was left to survive alone in the empty field.",1,chicken,farmed,abandon_06,harm
"After the farm was sold, the goat was left to survive alone in the empty field.",1,goat,farmed,abandon_06,harm
"After the farm was sold, the sheep was left to survive alone in the empty field.",1,sheep,farmed,abandon_06,harm
"After the farm was sold, the duck was left to survive alone in the empty field.",1,duck,farmed,abandon_06,harm
"After the farm was sold, the turkey was left to survive alone in the empty field.",1,turkey,farmed,abandon_06,harm
"After the farm was sold, the hen was left to survive alone in the empty field.",1,hen,farmed,abandon_06,harm
"After the farm was sold, the rooster was left to survive alone in the empty field.",1,rooster,farmed,abandon_06,harm
"After the farm was sold, the calf was left to survive alone in the empty field.",1,calf,farmed,abandon_06,harm
"After the farm was sold, the lamb was left to survive alone in the empty field.",1,lamb,farmed,abandon_06,harm
"After the farm was sold, the piglet was left to survive alone in the empty field.",1,piglet,farmed,abandon_06,harm
"After the farm was sold, the ox was left to survive alone in the empty field.",1,ox,farmed,abandon_06,harm
"After the farm was sold, the donkey was left to survive alone in the empty field.",1,donkey,farmed,abandon_06,harm
"After the farm was sold, the mule was left to survive alone in the empty field.",1,mule,farmed,abandon_06,harm
"After the farm was sold, the goose was left to survive alone in the empty field.",1,goose,farmed,abandon_06,harm
"After the farm was sold, the sow was left to survive alone in the empty field.",1,sow,farmed,abandon_06,harm
"After the farm was sold, the heifer was left to survive alone in the empty field.",1,heifer,farmed,abandon_06,harm
"After the farm was sold, the foal was left to survive alone in the empty field.",1,foal,farmed,abandon_06,harm
"After the farm was sold, the ram was left to survive alone in the empty field.",1,ram,farmed,abandon_06,harm
"After the farm was sold, the rat was left to survive alone in the empty field.",0,rat,wild,abandon_06,harm
"After the farm was sold, the boar was left to survive alone in the empty field.",0,boar,wild,abandon_06,harm
"After the farm was sold, the buffalo was left to survive alone in the empty field.",0,buffalo,wild,abandon_06,harm
"After the farm was sold, the fox was left to survive alone in the empty field.",0,fox,wild,abandon_06,harm
"After the farm was sold, the deer was left to survive alone in the empty field.",0,deer,wild,abandon_06,harm
"After the farm was sold, the badger was left to survive alone in the empty field.",0,badger,wild,abandon_06,harm
"After the farm was sold, the otter was left to survive alone in the empty field.",0,otter,wild,abandon_06,harm
"After the farm was sold, the hare was left to survive alone in the empty field.",0,hare,wild,abandon_06,harm
"After the farm was sold, the raccoon was left to survive alone in the empty field.",0,raccoon,wild,abandon_06,harm
"After the farm was sold, the squirrel was left to survive alone in the empty field.",0,squirrel,wild,abandon_06,harm
"After the farm was sold, the weasel was left to survive alone in the empty field.",0,weasel,wild,abandon_06,harm
"After the farm was sold, the coyote was left to survive alone in the empty field.",0,coyote,wild,abandon_06,harm
"After the farm was sold, the moose was left to survive alone in the empty field.",0,moose,wild,abandon_06,harm
"After the farm was sold, the elk was left to survive alone in the empty field.",0,elk,wild,abandon_06,harm
"After the farm was sold, the wolf was left to survive alone in the empty field.",0,wolf,wild,abandon_06,harm
"After the farm was sold, the hedgehog was left to survive alone in the empty field.",0,hedgehog,wild,abandon_06,harm
"After the farm was sold, the possum was left to survive alone in the empty field.",0,possum,wild,abandon_06,harm
"After the farm was sold, the jackal was left to survive alone in the empty field.",0,jackal,wild,abandon_06,harm
"After the farm was sold, the stoat was left to survive alone in the empty field.",0,stoat,wild,abandon_06,harm
"After the farm was sold, the marten was left to survive alone in the empty field.",0,marten,wild,abandon_06,harm
"For two days, the pig was stuck at the bottom of the dry well.",1,pig,farmed,trap_01,harm
"For two days, the cow was stuck at the bottom of the dry well.",1,cow,farmed,trap_01,harm
"For two days, the chicken was stuck at the bottom of the dry well.",1,chicken,farmed,trap_01,harm
"For two days, the goat was stuck at the bottom of the dry well.",1,goat,farmed,trap_01,harm
"For two days, the sheep was stuck at the bottom of the dry well.",1,sheep,farmed,trap_01,harm
"For two days, the duck was stuck at the bottom of the dry well.",1,duck,farmed,trap_01,harm
"For two days, the turkey was stuck at the bottom of the dry well.",1,turkey,farmed,trap_01,harm
"For two days, the hen was stuck at the bottom of the dry well.",1,hen,farmed,trap_01,harm
"For two days, the rooster was stuck at the bottom of the dry well.",1,rooster,farmed,trap_01,harm
"For two days, the calf was stuck at the bottom of the dry well.",1,calf,farmed,trap_01,harm
"For two days, the lamb was stuck at the bottom of the dry well.",1,lamb,farmed,trap_01,harm
"For two days, the piglet was stuck at the bottom of the dry well.",1,piglet,farmed,trap_01,harm
"For two days, the ox was stuck at the bottom of the dry well.",1,ox,farmed,trap_01,harm
"For two days, the donkey was stuck at the bottom of the dry well.",1,donkey,farmed,trap_01,harm
"For two days, the mule was stuck at the bottom of the dry well.",1,mule,farmed,trap_01,harm
"For two days, the goose was stuck at the bottom of the dry well.",1,goose,farmed,trap_01,harm
"For two days, the sow was stuck at the bottom of the dry well.",1,sow,farmed,trap_01,harm
"For two days, the heifer was stuck at the bottom of the dry well.",1,heifer,farmed,trap_01,harm
"For two days, the foal was stuck at the bottom of the dry well.",1,foal,farmed,trap_01,harm
"For two days, the ram was stuck at the bottom of the dry well.",1,ram,farmed,trap_01,harm
"For two days, the rat was stuck at the bottom of the dry well.",0,rat,wild,trap_01,harm
"For two days, the boar was stuck at the bottom of the dry well.",0,boar,wild,trap_01,harm
"For two days, the buffalo was stuck at the bottom of the dry well.",0,buffalo,wild,trap_01,harm
"For two days, the fox was stuck at the bottom of the dry well.",0,fox,wild,trap_01,harm
"For two days, the deer was stuck at the bottom of the dry well.",0,deer,wild,trap_01,harm
"For two days, the badger was stuck at the bottom of the dry well.",0,badger,wild,trap_01,harm
"For two days, the otter was stuck at the bottom of the dry well.",0,otter,wild,trap_01,harm
"For two days, the hare was stuck at the bottom of the dry well.",0,hare,wild,trap_01,harm
"For two days, the raccoon was stuck at the bottom of the dry well.",0,raccoon,wild,trap_01,harm
"For two days, the squirrel was stuck at the bottom of the dry well.",0,squirrel,wild,trap_01,harm
"For two days, the weasel was stuck at the bottom of the dry well.",0,weasel,wild,trap_01,harm
"For two days, the coyote was stuck at the bottom of the dry well.",0,coyote,wild,trap_01,harm
"For two days, the moose was stuck at the bottom of the dry well.",0,moose,wild,trap_01,harm
"For two days, the elk was stuck at the bottom of the dry well.",0,elk,wild,trap_01,harm
"For two days, the wolf was stuck at the bottom of the dry well.",0,wolf,wild,trap_01,harm
"For two days, the hedgehog was stuck at the bottom of the dry well.",0,hedgehog,wild,trap_01,harm
"For two days, the possum was stuck at the bottom of the dry well.",0,possum,wild,trap_01,harm
"For two days, the jackal was stuck at the bottom of the dry well.",0,jackal,wild,trap_01,harm
"For two days, the stoat was stuck at the bottom of the dry well.",0,stoat,wild,trap_01,harm
"For two days, the marten was stuck at the bottom of the dry well.",0,marten,wild,trap_01,harm
"The heavy gate swung shut, trapping the pig inside the narrow enclosure.",1,pig,farmed,trap_02,harm
"The heavy gate swung shut, trapping the cow inside the narrow enclosure.",1,cow,farmed,trap_02,harm
"The heavy gate swung shut, trapping the chicken inside the narrow enclosure.",1,chicken,farmed,trap_02,harm
"The heavy gate swung shut, trapping the goat inside the narrow enclosure.",1,goat,farmed,trap_02,harm
"The heavy gate swung shut, trapping the sheep inside the narrow enclosure.",1,sheep,farmed,trap_02,harm
"The heavy gate swung shut, trapping the duck inside the narrow enclosure.",1,duck,farmed,trap_02,harm
"The heavy gate swung shut, trapping the turkey inside the narrow enclosure.",1,turkey,farmed,trap_02,harm
"The heavy gate swung shut, trapping the hen inside the narrow enclosure.",1,hen,farmed,trap_02,harm
"The heavy gate swung shut, trapping the rooster inside the narrow enclosure.",1,rooster,farmed,trap_02,harm
"The heavy gate swung shut, trapping the calf inside the narrow enclosure.",1,calf,farmed,trap_02,harm
"The heavy gate swung shut, trapping the lamb inside the narrow enclosure.",1,lamb,farmed,trap_02,harm
"The heavy gate swung shut, trapping the piglet inside the narrow enclosure.",1,piglet,farmed,trap_02,harm
"The heavy gate swung shut, trapping the ox inside the narrow enclosure.",1,ox,farmed,trap_02,harm
"The heavy gate swung shut, trapping the donkey inside the narrow enclosure.",1,donkey,farmed,trap_02,harm
"The heavy gate swung shut, trapping the mule inside the narrow enclosure.",1,mule,farmed,trap_02,harm
"The heavy gate swung shut, trapping the goose inside the narrow enclosure.",1,goose,farmed,trap_02,harm
"The heavy gate swung shut, trapping the sow inside the narrow enclosure.",1,sow,farmed,trap_02,harm
"The heavy gate swung shut, trapping the heifer inside the narrow enclosure.",1,heifer,farmed,trap_02,harm
"The heavy gate swung shut, trapping the foal inside the narrow enclosure.",1,foal,farmed,trap_02,harm
"The heavy gate swung shut, trapping the ram inside the narrow enclosure.",1,ram,farmed,trap_02,harm
"The heavy gate swung shut, trapping the rat inside the narrow enclosure.",0,rat,wild,trap_02,harm
"The heavy gate swung shut, trapping the boar inside the narrow enclosure.",0,boar,wild,trap_02,harm
"The heavy gate swung shut, trapping the buffalo inside the narrow enclosure.",0,buffalo,wild,trap_02,harm
"The heavy gate swung shut, trapping the fox inside the narrow enclosure.",0,fox,wild,trap_02,harm
"The heavy gate swung shut, trapping the deer inside the narrow enclosure.",0,deer,wild,trap_02,harm
"The heavy gate swung shut, trapping the badger inside the narrow enclosure.",0,badger,wild,trap_02,harm
"The heavy gate swung shut, trapping the otter inside the narrow enclosure.",0,otter,wild,trap_02,harm
"The heavy gate swung shut, trapping the hare inside the narrow enclosure.",0,hare,wild,trap_02,harm
"The heavy gate swung shut, trapping the raccoon inside the narrow enclosure.",0,raccoon,wild,trap_02,harm
"The heavy gate swung shut, trapping the squirrel inside the narrow enclosure.",0,squirrel,wild,trap_02,harm
"The heavy gate swung shut, trapping the weasel inside the narrow enclosure.",0,weasel,wild,trap_02,harm
"The heavy gate swung shut, trapping the coyote inside the narrow enclosure.",0,coyote,wild,trap_02,harm
"The heavy gate swung shut, trapping the moose inside the narrow enclosure.",0,moose,wild,trap_02,harm
"The heavy gate swung shut, trapping the elk inside the narrow enclosure.",0,elk,wild,trap_02,harm
"The heavy gate swung shut, trapping the wolf inside the narrow enclosure.",0,wolf,wild,trap_02,harm
"The heavy gate swung shut, trapping the hedgehog inside the narrow enclosure.",0,hedgehog,wild,trap_02,harm
"The heavy gate swung shut, trapping the possum inside the narrow enclosure.",0,possum,wild,trap_02,harm
"The heavy gate swung shut, trapping the jackal inside the narrow enclosure.",0,jackal,wild,trap_02,harm
"The heavy gate swung shut, trapping the stoat inside the narrow enclosure.",0,stoat,wild,trap_02,harm
"The heavy gate swung shut, trapping the marten inside the narrow enclosure.",0,marten,wild,trap_02,harm
Rescue crews spent hours trying to free the pig from the collapsed trench.,1,pig,farmed,trap_03,harm
Rescue crews spent hours trying to free the cow from the collapsed trench.,1,cow,farmed,trap_03,harm
Rescue crews spent hours trying to free the chicken from the collapsed trench.,1,chicken,farmed,trap_03,harm
Rescue crews spent hours trying to free the goat from the collapsed trench.,1,goat,farmed,trap_03,harm
Rescue crews spent hours trying to free the sheep from the collapsed trench.,1,sheep,farmed,trap_03,harm
Rescue crews spent hours trying to free the duck from the collapsed trench.,1,duck,farmed,trap_03,harm
Rescue crews spent hours trying to free the turkey from the collapsed trench.,1,turkey,farmed,trap_03,harm
Rescue crews spent hours trying to free the hen from the collapsed trench.,1,hen,farmed,trap_03,harm
Rescue crews spent hours trying to free the rooster from the collapsed trench.,1,rooster,farmed,trap_03,harm
Rescue crews spent hours trying to free the calf from the collapsed trench.,1,calf,farmed,trap_03,harm
Rescue crews spent hours trying to free the lamb from the collapsed trench.,1,lamb,farmed,trap_03,harm
Rescue crews spent hours trying to free the piglet from the collapsed trench.,1,piglet,farmed,trap_03,harm
Rescue crews spent hours trying to free the ox from the collapsed trench.,1,ox,farmed,trap_03,harm
Rescue crews spent hours trying to free the donkey from the collapsed trench.,1,donkey,farmed,trap_03,harm
Rescue crews spent hours trying to free the mule from the collapsed trench.,1,mule,farmed,trap_03,harm
Rescue crews spent hours trying to free the goose from the collapsed trench.,1,goose,farmed,trap_03,harm
Rescue crews spent hours trying to free the sow from the collapsed trench.,1,sow,farmed,trap_03,harm
Rescue crews spent hours trying to free the heifer from the collapsed trench.,1,heifer,farmed,trap_03,harm
Rescue crews spent hours trying to free the foal from the collapsed trench.,1,foal,farmed,trap_03,harm
Rescue crews spent hours trying to free the ram from the collapsed trench.,1,ram,farmed,trap_03,harm
Rescue crews spent hours trying to free the rat from the collapsed trench.,0,rat,wild,trap_03,harm
Rescue crews spent hours trying to free the boar from the collapsed trench.,0,boar,wild,trap_03,harm
Rescue crews spent hours trying to free the buffalo from the collapsed trench.,0,buffalo,wild,trap_03,harm
Rescue crews spent hours trying to free the fox from the collapsed trench.,0,fox,wild,trap_03,harm
Rescue crews spent hours trying to free the deer from the collapsed trench.,0,deer,wild,trap_03,harm
Rescue crews spent hours trying to free the badger from the collapsed trench.,0,badger,wild,trap_03,harm
Rescue crews spent hours trying to free the otter from the collapsed trench.,0,otter,wild,trap_03,harm
Rescue crews spent hours trying to free the hare from the collapsed trench.,0,hare,wild,trap_03,harm
Rescue crews spent hours trying to free the raccoon from the collapsed trench.,0,raccoon,wild,trap_03,harm
Rescue crews spent hours trying to free the squirrel from the collapsed trench.,0,squirrel,wild,trap_03,harm
Rescue crews spent hours trying to free the weasel from the collapsed trench.,0,weasel,wild,trap_03,harm
Rescue crews spent hours trying to free the coyote from the collapsed trench.,0,coyote,wild,trap_03,harm
Rescue crews spent hours trying to free the moose from the collapsed trench.,0,moose,wild,trap_03,harm
Rescue crews spent hours trying to free the elk from the collapsed trench.,0,elk,wild,trap_03,harm
Rescue crews spent hours trying to free the wolf from the collapsed trench.,0,wolf,wild,trap_03,harm
Rescue crews spent hours trying to free the hedgehog from the collapsed trench.,0,hedgehog,wild,trap_03,harm
Rescue crews spent hours trying to free the possum from the collapsed trench.,0,possum,wild,trap_03,harm
Rescue crews spent hours trying to free the jackal from the collapsed trench.,0,jackal,wild,trap_03,harm
Rescue crews spent hours trying to free the stoat from the collapsed trench.,0,stoat,wild,trap_03,harm
Rescue crews spent hours trying to free the marten from the collapsed trench.,0,marten,wild,trap_03,harm
"Caught in the wire fence, the pig struggled for hours to get free.",1,pig,farmed,trap_04,harm
"Caught in the wire fence, the cow struggled for hours to get free.",1,cow,farmed,trap_04,harm
"Caught in the wire fence, the chicken struggled for hours to get free.",1,chicken,farmed,trap_04,harm
"Caught in the wire fence, the goat struggled for hours to get free.",1,goat,farmed,trap_04,harm
"Caught in the wire fence, the sheep struggled for hours to get free.",1,sheep,farmed,trap_04,harm
"Caught in the wire fence, the duck struggled for hours to get free.",1,duck,farmed,trap_04,harm
"Caught in the wire fence, the turkey struggled for hours to get free.",1,turkey,farmed,trap_04,harm
"Caught in the wire fence, the hen struggled for hours to get free.",1,hen,farmed,trap_04,harm
"Caught in the wire fence, the rooster struggled for hours to get free.",1,rooster,farmed,trap_04,harm
"Caught in the wire fence, the calf struggled for hours to get free.",1,calf,farmed,trap_04,harm
"Caught in the wire fence, the lamb struggled for hours to get free.",1,lamb,farmed,trap_04,harm
"Caught in the wire fence, the piglet struggled for hours to get free.",1,piglet,farmed,trap_04,harm
"Caught in the wire fence, the ox struggled for hours to get free.",1,ox,farmed,trap_04,harm
"Caught in the wire fence, the donkey struggled for hours to get free.",1,donkey,farmed,trap_04,harm
"Caught in the wire fence, the mule struggled for hours to get free.",1,mule,farmed,trap_04,harm
"Caught in the wire fence, the goose struggled for hours to get free.",1,goose,farmed,trap_04,harm
"Caught in the wire fence, the sow struggled for hours to get free.",1,sow,farmed,trap_04,harm
"Caught in the wire fence, the heifer struggled for hours to get free.",1,heifer,farmed,trap_04,harm
"Caught in the wire fence, the foal struggled for hours to get free.",1,foal,farmed,trap_04,harm
"Caught in the wire fence, the ram struggled for hours to get free.",1,ram,farmed,trap_04,harm
"Caught in the wire fence, the rat struggled for hours to get free.",0,rat,wild,trap_04,harm
"Caught in the wire fence, the boar struggled for hours to get free.",0,boar,wild,trap_04,harm
"Caught in the wire fence, the buffalo struggled for hours to get free.",0,buffalo,wild,trap_04,harm
"Caught in the wire fence, the fox struggled for hours to get free.",0,fox,wild,trap_04,harm
"Caught in the wire fence, the deer struggled for hours to get free.",0,deer,wild,trap_04,harm
"Caught in the wire fence, the badger struggled for hours to get free.",0,badger,wild,trap_04,harm
"Caught in the wire fence, the otter struggled for hours to get free.",0,otter,wild,trap_04,harm
"Caught in the wire fence, the hare struggled for hours to get free.",0,hare,wild,trap_04,harm
"Caught in the wire fence, the raccoon struggled for hours to get free.",0,raccoon,wild,trap_04,harm
"Caught in the wire fence, the squirrel struggled for hours to get free.",0,squirrel,wild,trap_04,harm
"Caught in the wire fence, the weasel struggled for hours to get free.",0,weasel,wild,trap_04,harm
"Caught in the wire fence, the coyote struggled for hours to get free.",0,coyote,wild,trap_04,harm
"Caught in the wire fence, the moose struggled for hours to get free.",0,moose,wild,trap_04,harm
"Caught in the wire fence, the elk struggled for hours to get free.",0,elk,wild,trap_04,harm
"Caught in the wire fence, the wolf struggled for hours to get free.",0,wolf,wild,trap_04,harm
"Caught in the wire fence, the hedgehog struggled for hours to get free.",0,hedgehog,wild,trap_04,harm
"Caught in the wire fence, the possum struggled for hours to get free.",0,possum,wild,trap_04,harm
"Caught in the wire fence, the jackal struggled for hours to get free.",0,jackal,wild,trap_04,harm
"Caught in the wire fence, the stoat struggled for hours to get free.",0,stoat,wild,trap_04,harm
"Caught in the wire fence, the marten struggled for hours to get free.",0,marten,wild,trap_04,harm
The mudslide left the pig trapped beneath the heavy debris.,1,pig,farmed,trap_05,harm
The mudslide left the cow trapped beneath the heavy debris.,1,cow,farmed,trap_05,harm
The mudslide left the chicken trapped beneath the heavy debris.,1,chicken,farmed,trap_05,harm
The mudslide left the goat trapped beneath the heavy debris.,1,goat,farmed,trap_05,harm
The mudslide left the sheep trapped beneath the heavy debris.,1,sheep,farmed,trap_05,harm
The mudslide left the duck trapped beneath the heavy debris.,1,duck,farmed,trap_05,harm
The mudslide left the turkey trapped beneath the heavy debris.,1,turkey,farmed,trap_05,harm
The mudslide left the hen trapped beneath the heavy debris.,1,hen,farmed,trap_05,harm
The mudslide left the rooster trapped beneath the heavy debris.,1,rooster,farmed,trap_05,harm
The mudslide left the calf trapped beneath the heavy debris.,1,calf,farmed,trap_05,harm
The mudslide left the lamb trapped beneath the heavy debris.,1,lamb,farmed,trap_05,harm
The mudslide left the piglet trapped beneath the heavy debris.,1,piglet,farmed,trap_05,harm
The mudslide left the ox trapped beneath the heavy debris.,1,ox,farmed,trap_05,harm
The mudslide left the donkey trapped beneath the heavy debris.,1,donkey,farmed,trap_05,harm
The mudslide left the mule trapped beneath the heavy debris.,1,mule,farmed,trap_05,harm
The mudslide left the goose trapped beneath the heavy debris.,1,goose,farmed,trap_05,harm
The mudslide left the sow trapped beneath the heavy debris.,1,sow,farmed,trap_05,harm
The mudslide left the heifer trapped beneath the heavy debris.,1,heifer,farmed,trap_05,harm
The mudslide left the foal trapped beneath the heavy debris.,1,foal,farmed,trap_05,harm
The mudslide left the ram trapped beneath the heavy debris.,1,ram,farmed,trap_05,harm
The mudslide left the rat trapped beneath the heavy debris.,0,rat,wild,trap_05,harm
The mudslide left the boar trapped beneath the heavy debris.,0,boar,wild,trap_05,harm
The mudslide left the buffalo trapped beneath the heavy debris.,0,buffalo,wild,trap_05,harm
The mudslide left the fox trapped beneath the heavy debris.,0,fox,wild,trap_05,harm
The mudslide left the deer trapped beneath the heavy debris.,0,deer,wild,trap_05,harm
The mudslide left the badger trapped beneath the heavy debris.,0,badger,wild,trap_05,harm
The mudslide left the otter trapped beneath the heavy debris.,0,otter,wild,trap_05,harm
The mudslide left the hare trapped beneath the heavy debris.,0,hare,wild,trap_05,harm
The mudslide left the raccoon trapped beneath the heavy debris.,0,raccoon,wild,trap_05,harm
The mudslide left the squirrel trapped beneath the heavy debris.,0,squirrel,wild,trap_05,harm
The mudslide left the weasel trapped beneath the heavy debris.,0,weasel,wild,trap_05,harm
The mudslide left the coyote trapped beneath the heavy debris.,0,coyote,wild,trap_05,harm
The mudslide left the moose trapped beneath the heavy debris.,0,moose,wild,trap_05,harm
The mudslide left the elk trapped beneath the heavy debris.,0,elk,wild,trap_05,harm
The mudslide left the wolf trapped beneath the heavy debris.,0,wolf,wild,trap_05,harm
The mudslide left the hedgehog trapped beneath the heavy debris.,0,hedgehog,wild,trap_05,harm
The mudslide left the possum trapped beneath the heavy debris.,0,possum,wild,trap_05,harm
The mudslide left the jackal trapped beneath the heavy debris.,0,jackal,wild,trap_05,harm
The mudslide left the stoat trapped beneath the heavy debris.,0,stoat,wild,trap_05,harm
The mudslide left the marten trapped beneath the heavy debris.,0,marten,wild,trap_05,harm
"Deep in the ravine, the pig was wedged between the rocks, unable to move.",1,pig,farmed,trap_06,harm
"Deep in the ravine, the cow was wedged between the rocks, unable to move.",1,cow,farmed,trap_06,harm
"Deep in the ravine, the chicken was wedged between the rocks, unable to move.",1,chicken,farmed,trap_06,harm
"Deep in the ravine, the goat was wedged between the rocks, unable to move.",1,goat,farmed,trap_06,harm
"Deep in the ravine, the sheep was wedged between the rocks, unable to move.",1,sheep,farmed,trap_06,harm
"Deep in the ravine, the duck was wedged between the rocks, unable to move.",1,duck,farmed,trap_06,harm
"Deep in the ravine, the turkey was wedged between the rocks, unable to move.",1,turkey,farmed,trap_06,harm
"Deep in the ravine, the hen was wedged between the rocks, unable to move.",1,hen,farmed,trap_06,harm
"Deep in the ravine, the rooster was wedged between the rocks, unable to move.",1,rooster,farmed,trap_06,harm
"Deep in the ravine, the calf was wedged between the rocks, unable to move.",1,calf,farmed,trap_06,harm
"Deep in the ravine, the lamb was wedged between the rocks, unable to move.",1,lamb,farmed,trap_06,harm
"Deep in the ravine, the piglet was wedged between the rocks, unable to move.",1,piglet,farmed,trap_06,harm
"Deep in the ravine, the ox was wedged between the rocks, unable to move.",1,ox,farmed,trap_06,harm
"Deep in the ravine, the donkey was wedged between the rocks, unable to move.",1,donkey,farmed,trap_06,harm
"Deep in the ravine, the mule was wedged between the rocks, unable to move.",1,mule,farmed,trap_06,harm
"Deep in the ravine, the goose was wedged between the rocks, unable to move.",1,goose,farmed,trap_06,harm
"Deep in the ravine, the sow was wedged between the rocks, unable to move.",1,sow,farmed,trap_06,harm
"Deep in the ravine, the heifer was wedged between the rocks, unable to move.",1,heifer,farmed,trap_06,harm
"Deep in the ravine, the foal was wedged between the rocks, unable to move.",1,foal,farmed,trap_06,harm
"Deep in the ravine, the ram was wedged between the rocks, unable to move.",1,ram,farmed,trap_06,harm
"Deep in the ravine, the rat was wedged between the rocks, unable to move.",0,rat,wild,trap_06,harm
"Deep in the ravine, the boar was wedged between the rocks, unable to move.",0,boar,wild,trap_06,harm
"Deep in the ravine, the buffalo was wedged between the rocks, unable to move.",0,buffalo,wild,trap_06,harm
"Deep in the ravine, the fox was wedged between the rocks, unable to move.",0,fox,wild,trap_06,harm
"Deep in the ravine, the deer was wedged between the rocks, unable to move.",0,deer,wild,trap_06,harm
"Deep in the ravine, the badger was wedged between the rocks, unable to move.",0,badger,wild,trap_06,harm
"Deep in the ravine, the otter was wedged between the rocks, unable to move.",0,otter,wild,trap_06,harm
"Deep in the ravine, the hare was wedged between the rocks, unable to move.",0,hare,wild,trap_06,harm
"Deep in the ravine, the raccoon was wedged between the rocks, unable to move.",0,raccoon,wild,trap_06,harm
"Deep in the ravine, the squirrel was wedged between the rocks, unable to move.",0,squirrel,wild,trap_06,harm
"Deep in the ravine, the weasel was wedged between the rocks, unable to move.",0,weasel,wild,trap_06,harm
"Deep in the ravine, the coyote was wedged between the rocks, unable to move.",0,coyote,wild,trap_06,harm
"Deep in the ravine, the moose was wedged between the rocks, unable to move.",0,moose,wild,trap_06,harm
"Deep in the ravine, the elk was wedged between the rocks, unable to move.",0,elk,wild,trap_06,harm
"Deep in the ravine, the wolf was wedged between the rocks, unable to move.",0,wolf,wild,trap_06,harm
"Deep in the ravine, the hedgehog was wedged between the rocks, unable to move.",0,hedgehog,wild,trap_06,harm
"Deep in the ravine, the possum was wedged between the rocks, unable to move.",0,possum,wild,trap_06,harm
"Deep in the ravine, the jackal was wedged between the rocks, unable to move.",0,jackal,wild,trap_06,harm
"Deep in the ravine, the stoat was wedged between the rocks, unable to move.",0,stoat,wild,trap_06,harm
"Deep in the ravine, the marten was wedged between the rocks, unable to move.",0,marten,wild,trap_06,harm
The fall from the ledge left the pig badly hurt.,1,pig,farmed,injury_01,harm
The fall from the ledge left the cow badly hurt.,1,cow,farmed,injury_01,harm
The fall from the ledge left the chicken badly hurt.,1,chicken,farmed,injury_01,harm
The fall from the ledge left the goat badly hurt.,1,goat,farmed,injury_01,harm
The fall from the ledge left the sheep badly hurt.,1,sheep,farmed,injury_01,harm
The fall from the ledge left the duck badly hurt.,1,duck,farmed,injury_01,harm
The fall from the ledge left the turkey badly hurt.,1,turkey,farmed,injury_01,harm
The fall from the ledge left the hen badly hurt.,1,hen,farmed,injury_01,harm
The fall from the ledge left the rooster badly hurt.,1,rooster,farmed,injury_01,harm
The fall from the ledge left the calf badly hurt.,1,calf,farmed,injury_01,harm
The fall from the ledge left the lamb badly hurt.,1,lamb,farmed,injury_01,harm
The fall from the ledge left the piglet badly hurt.,1,piglet,farmed,injury_01,harm
The fall from the ledge left the ox badly hurt.,1,ox,farmed,injury_01,harm
The fall from the ledge left the donkey badly hurt.,1,donkey,farmed,injury_01,harm
The fall from the ledge left the mule badly hurt.,1,mule,farmed,injury_01,harm
The fall from the ledge left the goose badly hurt.,1,goose,farmed,injury_01,harm
The fall from the ledge left the sow badly hurt.,1,sow,farmed,injury_01,harm
The fall from the ledge left the heifer badly hurt.,1,heifer,farmed,injury_01,harm
The fall from the ledge left the foal badly hurt.,1,foal,farmed,injury_01,harm
The fall from the ledge left the ram badly hurt.,1,ram,farmed,injury_01,harm
The fall from the ledge left the rat badly hurt.,0,rat,wild,injury_01,harm
The fall from the ledge left the boar badly hurt.,0,boar,wild,injury_01,harm
The fall from the ledge left the buffalo badly hurt.,0,buffalo,wild,injury_01,harm
The fall from the ledge left the fox badly hurt.,0,fox,wild,injury_01,harm
The fall from the ledge left the deer badly hurt.,0,deer,wild,injury_01,harm
The fall from the ledge left the badger badly hurt.,0,badger,wild,injury_01,harm
The fall from the ledge left the otter badly hurt.,0,otter,wild,injury_01,harm
The fall from the ledge left the hare badly hurt.,0,hare,wild,injury_01,harm
The fall from the ledge left the raccoon badly hurt.,0,raccoon,wild,injury_01,harm
The fall from the ledge left the squirrel badly hurt.,0,squirrel,wild,injury_01,harm
The fall from the ledge left the weasel badly hurt.,0,weasel,wild,injury_01,harm
The fall from the ledge left the coyote badly hurt.,0,coyote,wild,injury_01,harm
The fall from the ledge left the moose badly hurt.,0,moose,wild,injury_01,harm
The fall from the ledge left the elk badly hurt.,0,elk,wild,injury_01,harm
The fall from the ledge left the wolf badly hurt.,0,wolf,wild,injury_01,harm
The fall from the ledge left the hedgehog badly hurt.,0,hedgehog,wild,injury_01,harm
The fall from the ledge left the possum badly hurt.,0,possum,wild,injury_01,harm
The fall from the ledge left the jackal badly hurt.,0,jackal,wild,injury_01,harm
The fall from the ledge left the stoat badly hurt.,0,stoat,wild,injury_01,harm
The fall from the ledge left the marten badly hurt.,0,marten,wild,injury_01,harm
A deep gash left the pig bleeding and unable to move.,1,pig,farmed,injury_02,harm
A deep gash left the cow bleeding and unable to move.,1,cow,farmed,injury_02,harm
A deep gash left the chicken bleeding and unable to move.,1,chicken,farmed,injury_02,harm
A deep gash left the goat bleeding and unable to move.,1,goat,farmed,injury_02,harm
A deep gash left the sheep bleeding and unable to move.,1,sheep,farmed,injury_02,harm
A deep gash left the duck bleeding and unable to move.,1,duck,farmed,injury_02,harm
A deep gash left the turkey bleeding and unable to move.,1,turkey,farmed,injury_02,harm
A deep gash left the hen bleeding and unable to move.,1,hen,farmed,injury_02,harm
A deep gash left the rooster bleeding and unable to move.,1,rooster,farmed,injury_02,harm
A deep gash left the calf bleeding and unable to move.,1,calf,farmed,injury_02,harm
A deep gash left the lamb bleeding and unable to move.,1,lamb,farmed,injury_02,harm
A deep gash left the piglet bleeding and unable to move.,1,piglet,farmed,injury_02,harm
A deep gash left the ox bleeding and unable to move.,1,ox,farmed,injury_02,harm
A deep gash left the donkey bleeding and unable to move.,1,donkey,farmed,injury_02,harm
A deep gash left the mule bleeding and unable to move.,1,mule,farmed,injury_02,harm
A deep gash left the goose bleeding and unable to move.,1,goose,farmed,injury_02,harm
A deep gash left the sow bleeding and unable to move.,1,sow,farmed,injury_02,harm
A deep gash left the heifer bleeding and unable to move.,1,heifer,farmed,injury_02,harm
A deep gash left the foal bleeding and unable to move.,1,foal,farmed,injury_02,harm
A deep gash left the ram bleeding and unable to move.,1,ram,farmed,injury_02,harm
A deep gash left the rat bleeding and unable to move.,0,rat,wild,injury_02,harm
A deep gash left the boar bleeding and unable to move.,0,boar,wild,injury_02,harm
A deep gash left the buffalo bleeding and unable to move.,0,buffalo,wild,injury_02,harm
A deep gash left the fox bleeding and unable to move.,0,fox,wild,injury_02,harm
A deep gash left the deer bleeding and unable to move.,0,deer,wild,injury_02,harm
A deep gash left the badger bleeding and unable to move.,0,badger,wild,injury_02,harm
A deep gash left the otter bleeding and unable to move.,0,otter,wild,injury_02,harm
A deep gash left the hare bleeding and unable to move.,0,hare,wild,injury_02,harm
A deep gash left the raccoon bleeding and unable to move.,0,raccoon,wild,injury_02,harm
A deep gash left the squirrel bleeding and unable to move.,0,squirrel,wild,injury_02,harm
A deep gash left the weasel bleeding and unable to move.,0,weasel,wild,injury_02,harm
A deep gash left the coyote bleeding and unable to move.,0,coyote,wild,injury_02,harm
A deep gash left the moose bleeding and unable to move.,0,moose,wild,injury_02,harm
A deep gash left the elk bleeding and unable to move.,0,elk,wild,injury_02,harm
A deep gash left the wolf bleeding and unable to move.,0,wolf,wild,injury_02,harm
A deep gash left the hedgehog bleeding and unable to move.,0,hedgehog,wild,injury_02,harm
A deep gash left the possum bleeding and unable to move.,0,possum,wild,injury_02,harm
A deep gash left the jackal bleeding and unable to move.,0,jackal,wild,injury_02,harm
A deep gash left the stoat bleeding and unable to move.,0,stoat,wild,injury_02,harm
A deep gash left the marten bleeding and unable to move.,0,marten,wild,injury_02,harm
"After the accident with the broken glass, the pig was left with a painful wound.",1,pig,farmed,injury_03,harm
"After the accident with the broken glass, the cow was left with a painful wound.",1,cow,farmed,injury_03,harm
"After the accident with the broken glass, the chicken was left with a painful wound.",1,chicken,farmed,injury_03,harm
"After the accident with the broken glass, the goat was left with a painful wound.",1,goat,farmed,injury_03,harm
"After the accident with the broken glass, the sheep was left with a painful wound.",1,sheep,farmed,injury_03,harm
"After the accident with the broken glass, the duck was left with a painful wound.",1,duck,farmed,injury_03,harm
"After the accident with the broken glass, the turkey was left with a painful wound.",1,turkey,farmed,injury_03,harm
"After the accident with the broken glass, the hen was left with a painful wound.",1,hen,farmed,injury_03,harm
"After the accident with the broken glass, the rooster was left with a painful wound.",1,rooster,farmed,injury_03,harm
"After the accident with the broken glass, the calf was left with a painful wound.",1,calf,farmed,injury_03,harm
"After the accident with the broken glass, the lamb was left with a painful wound.",1,lamb,farmed,injury_03,harm
"After the accident with the broken glass, the piglet was left with a painful wound.",1,piglet,farmed,injury_03,harm
"After the accident with the broken glass, the ox was left with a painful wound.",1,ox,farmed,injury_03,harm
"After the accident with the broken glass, the donkey was left with a painful wound.",1,donkey,farmed,injury_03,harm
"After the accident with the broken glass, the mule was left with a painful wound.",1,mule,farmed,injury_03,harm
"After the accident with the broken glass, the goose was left with a painful wound.",1,goose,farmed,injury_03,harm
"After the accident with the broken glass, the sow was left with a painful wound.",1,sow,farmed,injury_03,harm
"After the accident with the broken glass, the heifer was left with a painful wound.",1,heifer,farmed,injury_03,harm
"After the accident with the broken glass, the foal was left with a painful wound.",1,foal,farmed,injury_03,harm
"After the accident with the broken glass, the ram was left with a painful wound.",1,ram,farmed,injury_03,harm
"After the accident with the broken glass, the rat was left with a painful wound.",0,rat,wild,injury_03,harm
"After the accident with the broken glass, the boar was left with a painful wound.",0,boar,wild,injury_03,harm
"After the accident with the broken glass, the buffalo was left with a painful wound.",0,buffalo,wild,injury_03,harm
"After the accident with the broken glass, the fox was left with a painful wound.",0,fox,wild,injury_03,harm
"After the accident with the broken glass, the deer was left with a painful wound.",0,deer,wild,injury_03,harm
"After the accident with the broken glass, the badger was left with a painful wound.",0,badger,wild,injury_03,harm
"After the accident with the broken glass, the otter was left with a painful wound.",0,otter,wild,injury_03,harm
"After the accident with the broken glass, the hare was left with a painful wound.",0,hare,wild,injury_03,harm
"After the accident with the broken glass, the raccoon was left with a painful wound.",0,raccoon,wild,injury_03,harm
"After the accident with the broken glass, the squirrel was left with a painful wound.",0,squirrel,wild,injury_03,harm
"After the accident with the broken glass, the weasel was left with a painful wound.",0,weasel,wild,injury_03,harm
"After the accident with the broken glass, the coyote was left with a painful wound.",0,coyote,wild,injury_03,harm
"After the accident with the broken glass, the moose was left with a painful wound.",0,moose,wild,injury_03,harm
"After the accident with the broken glass, the elk was left with a painful wound.",0,elk,wild,injury_03,harm
"After the accident with the broken glass, the wolf was left with a painful wound.",0,wolf,wild,injury_03,harm
"After the accident with the broken glass, the hedgehog was left with a painful wound.",0,hedgehog,wild,injury_03,harm
"After the accident with the broken glass, the possum was left with a painful wound.",0,possum,wild,injury_03,harm
"After the accident with the broken glass, the jackal was left with a painful wound.",0,jackal,wild,injury_03,harm
"After the accident with the broken glass, the stoat was left with a painful wound.",0,stoat,wild,injury_03,harm
"After the accident with the broken glass, the marten was left with a painful wound.",0,marten,wild,injury_03,harm
"The snapping trap closed on the pig, causing a deep wound.",1,pig,farmed,injury_04,harm
"The snapping trap closed on the cow, causing a deep wound.",1,cow,farmed,injury_04,harm
"The snapping trap closed on the chicken, causing a deep wound.",1,chicken,farmed,injury_04,harm
"The snapping trap closed on the goat, causing a deep wound.",1,goat,farmed,injury_04,harm
"The snapping trap closed on the sheep, causing a deep wound.",1,sheep,farmed,injury_04,harm
"The snapping trap closed on the duck, causing a deep wound.",1,duck,farmed,injury_04,harm
"The snapping trap closed on the turkey, causing a deep wound.",1,turkey,farmed,injury_04,harm
"The snapping trap closed on the hen, causing a deep wound.",1,hen,farmed,injury_04,harm
"The snapping trap closed on the rooster, causing a deep wound.",1,rooster,farmed,injury_04,harm
"The snapping trap closed on the calf, causing a deep wound.",1,calf,farmed,injury_04,harm
"The snapping trap closed on the lamb, causing a deep wound.",1,lamb,farmed,injury_04,harm
"The snapping trap closed on the piglet, causing a deep wound.",1,piglet,farmed,injury_04,harm
"The snapping trap closed on the ox, causing a deep wound.",1,ox,farmed,injury_04,harm
"The snapping trap closed on the donkey, causing a deep wound.",1,donkey,farmed,injury_04,harm
"The snapping trap closed on the mule, causing a deep wound.",1,mule,farmed,injury_04,harm
"The snapping trap closed on the goose, causing a deep wound.",1,goose,farmed,injury_04,harm
"The snapping trap closed on the sow, causing a deep wound.",1,sow,farmed,injury_04,harm
"The snapping trap closed on the heifer, causing a deep wound.",1,heifer,farmed,injury_04,harm
"The snapping trap closed on the foal, causing a deep wound.",1,foal,farmed,injury_04,harm
"The snapping trap closed on the ram, causing a deep wound.",1,ram,farmed,injury_04,harm
"The snapping trap closed on the rat, causing a deep wound.",0,rat,wild,injury_04,harm
"The snapping trap closed on the boar, causing a deep wound.",0,boar,wild,injury_04,harm
"The snapping trap closed on the buffalo, causing a deep wound.",0,buffalo,wild,injury_04,harm
"The snapping trap closed on the fox, causing a deep wound.",0,fox,wild,injury_04,harm
"The snapping trap closed on the deer, causing a deep wound.",0,deer,wild,injury_04,harm
"The snapping trap closed on the badger, causing a deep wound.",0,badger,wild,injury_04,harm
"The snapping trap closed on the otter, causing a deep wound.",0,otter,wild,injury_04,harm
"The snapping trap closed on the hare, causing a deep wound.",0,hare,wild,injury_04,harm
"The snapping trap closed on the raccoon, causing a deep wound.",0,raccoon,wild,injury_04,harm
"The snapping trap closed on the squirrel, causing a deep wound.",0,squirrel,wild,injury_04,harm
"The snapping trap closed on the weasel, causing a deep wound.",0,weasel,wild,injury_04,harm
"The snapping trap closed on the coyote, causing a deep wound.",0,coyote,wild,injury_04,harm
"The snapping trap closed on the moose, causing a deep wound.",0,moose,wild,injury_04,harm
"The snapping trap closed on the elk, causing a deep wound.",0,elk,wild,injury_04,harm
"The snapping trap closed on the wolf, causing a deep wound.",0,wolf,wild,injury_04,harm
"The snapping trap closed on the hedgehog, causing a deep wound.",0,hedgehog,wild,injury_04,harm
"The snapping trap closed on the possum, causing a deep wound.",0,possum,wild,injury_04,harm
"The snapping trap closed on the jackal, causing a deep wound.",0,jackal,wild,injury_04,harm
"The snapping trap closed on the stoat, causing a deep wound.",0,stoat,wild,injury_04,harm
"The snapping trap closed on the marten, causing a deep wound.",0,marten,wild,injury_04,harm
Sharp metal from the wreckage cut into the pig during the escape.,1,pig,farmed,injury_05,harm
Sharp metal from the wreckage cut into the cow during the escape.,1,cow,farmed,injury_05,harm
Sharp metal from the wreckage cut into the chicken during the escape.,1,chicken,farmed,injury_05,harm
Sharp metal from the wreckage cut into the goat during the escape.,1,goat,farmed,injury_05,harm
Sharp metal from the wreckage cut into the sheep during the escape.,1,sheep,farmed,injury_05,harm
Sharp metal from the wreckage cut into the duck during the escape.,1,duck,farmed,injury_05,harm
Sharp metal from the wreckage cut into the turkey during the escape.,1,turkey,farmed,injury_05,harm
Sharp metal from the wreckage cut into the hen during the escape.,1,hen,farmed,injury_05,harm
Sharp metal from the wreckage cut into the rooster during the escape.,1,rooster,farmed,injury_05,harm
Sharp metal from the wreckage cut into the calf during the escape.,1,calf,farmed,injury_05,harm
Sharp metal from the wreckage cut into the lamb during the escape.,1,lamb,farmed,injury_05,harm
Sharp metal from the wreckage cut into the piglet during the escape.,1,piglet,farmed,injury_05,harm
Sharp metal from the wreckage cut into the ox during the escape.,1,ox,farmed,injury_05,harm
Sharp metal from the wreckage cut into the donkey during the escape.,1,donkey,farmed,injury_05,harm
Sharp metal from the wreckage cut into the mule during the escape.,1,mule,farmed,injury_05,harm
Sharp metal from the wreckage cut into the goose during the escape.,1,goose,farmed,injury_05,harm
Sharp metal from the wreckage cut into the sow during the escape.,1,sow,farmed,injury_05,harm
Sharp metal from the wreckage cut into the heifer during the escape.,1,heifer,farmed,injury_05,harm
Sharp metal from the wreckage cut into the foal during the escape.,1,foal,farmed,injury_05,harm
Sharp metal from the wreckage cut into the ram during the escape.,1,ram,farmed,injury_05,harm
Sharp metal from the wreckage cut into the rat during the escape.,0,rat,wild,injury_05,harm
Sharp metal from the wreckage cut into the boar during the escape.,0,boar,wild,injury_05,harm
Sharp metal from the wreckage cut into the buffalo during the escape.,0,buffalo,wild,injury_05,harm
Sharp metal from the wreckage cut into the fox during the escape.,0,fox,wild,injury_05,harm
Sharp metal from the wreckage cut into the deer during the escape.,0,deer,wild,injury_05,harm
Sharp metal from the wreckage cut into the badger during the escape.,0,badger,wild,injury_05,harm
Sharp metal from the wreckage cut into the otter during the escape.,0,otter,wild,injury_05,harm
Sharp metal from the wreckage cut into the hare during the escape.,0,hare,wild,injury_05,harm
Sharp metal from the wreckage cut into the raccoon during the escape.,0,raccoon,wild,injury_05,harm
Sharp metal from the wreckage cut into the squirrel during the escape.,0,squirrel,wild,injury_05,harm
Sharp metal from the wreckage cut into the weasel during the escape.,0,weasel,wild,injury_05,harm
Sharp metal from the wreckage cut into the coyote during the escape.,0,coyote,wild,injury_05,harm
Sharp metal from the wreckage cut into the moose during the escape.,0,moose,wild,injury_05,harm
Sharp metal from the wreckage cut into the elk during the escape.,0,elk,wild,injury_05,harm
Sharp metal from the wreckage cut into the wolf during the escape.,0,wolf,wild,injury_05,harm
Sharp metal from the wreckage cut into the hedgehog during the escape.,0,hedgehog,wild,injury_05,harm
Sharp metal from the wreckage cut into the possum during the escape.,0,possum,wild,injury_05,harm
Sharp metal from the wreckage cut into the jackal during the escape.,0,jackal,wild,injury_05,harm
Sharp metal from the wreckage cut into the stoat during the escape.,0,stoat,wild,injury_05,harm
Sharp metal from the wreckage cut into the marten during the escape.,0,marten,wild,injury_05,harm
The tumble down the embankment left the pig bruised and struggling to move.,1,pig,farmed,injury_06,harm
The tumble down the embankment left the cow bruised and struggling to move.,1,cow,farmed,injury_06,harm
The tumble down the embankment left the chicken bruised and struggling to move.,1,chicken,farmed,injury_06,harm
The tumble down the embankment left the goat bruised and struggling to move.,1,goat,farmed,injury_06,harm
The tumble down the embankment left the sheep bruised and struggling to move.,1,sheep,farmed,injury_06,harm
The tumble down the embankment left the duck bruised and struggling to move.,1,duck,farmed,injury_06,harm
The tumble down the embankment left the turkey bruised and struggling to move.,1,turkey,farmed,injury_06,harm
The tumble down the embankment left the hen bruised and struggling to move.,1,hen,farmed,injury_06,harm
The tumble down the embankment left the rooster bruised and struggling to move.,1,rooster,farmed,injury_06,harm
The tumble down the embankment left the calf bruised and struggling to move.,1,calf,farmed,injury_06,harm
The tumble down the embankment left the lamb bruised and struggling to move.,1,lamb,farmed,injury_06,harm
The tumble down the embankment left the piglet bruised and struggling to move.,1,piglet,farmed,injury_06,harm
The tumble down the embankment left the ox bruised and struggling to move.,1,ox,farmed,injury_06,harm
The tumble down the embankment left the donkey bruised and struggling to move.,1,donkey,farmed,injury_06,harm
The tumble down the embankment left the mule bruised and struggling to move.,1,mule,farmed,injury_06,harm
The tumble down the embankment left the goose bruised and struggling to move.,1,goose,farmed,injury_06,harm
The tumble down the embankment left the sow bruised and struggling to move.,1,sow,farmed,injury_06,harm
The tumble down the embankment left the heifer bruised and struggling to move.,1,heifer,farmed,injury_06,harm
The tumble down the embankment left the foal bruised and struggling to move.,1,foal,farmed,injury_06,harm
The tumble down the embankment left the ram bruised and struggling to move.,1,ram,farmed,injury_06,harm
The tumble down the embankment left the rat bruised and struggling to move.,0,rat,wild,injury_06,harm
The tumble down the embankment left the boar bruised and struggling to move.,0,boar,wild,injury_06,harm
The tumble down the embankment left the buffalo bruised and struggling to move.,0,buffalo,wild,injury_06,harm
The tumble down the embankment left the fox bruised and struggling to move.,0,fox,wild,injury_06,harm
The tumble down the embankment left the deer bruised and struggling to move.,0,deer,wild,injury_06,harm
The tumble down the embankment left the badger bruised and struggling to move.,0,badger,wild,injury_06,harm
The tumble down the embankment left the otter bruised and struggling to move.,0,otter,wild,injury_06,harm
The tumble down the embankment left the hare bruised and struggling to move.,0,hare,wild,injury_06,harm
The tumble down the embankment left the raccoon bruised and struggling to move.,0,raccoon,wild,injury_06,harm
The tumble down the embankment left the squirrel bruised and struggling to move.,0,squirrel,wild,injury_06,harm
The tumble down the embankment left the weasel bruised and struggling to move.,0,weasel,wild,injury_06,harm
The tumble down the embankment left the coyote bruised and struggling to move.,0,coyote,wild,injury_06,harm
The tumble down the embankment left the moose bruised and struggling to move.,0,moose,wild,injury_06,harm
The tumble down the embankment left the elk bruised and struggling to move.,0,elk,wild,injury_06,harm
The tumble down the embankment left the wolf bruised and struggling to move.,0,wolf,wild,injury_06,harm
The tumble down the embankment left the hedgehog bruised and struggling to move.,0,hedgehog,wild,injury_06,harm
The tumble down the embankment left the possum bruised and struggling to move.,0,possum,wild,injury_06,harm
The tumble down the embankment left the jackal bruised and struggling to move.,0,jackal,wild,injury_06,harm
The tumble down the embankment left the stoat bruised and struggling to move.,0,stoat,wild,injury_06,harm
The tumble down the embankment left the marten bruised and struggling to move.,0,marten,wild,injury_06,harm
"When the river flooded, the pig was swept away by the current.",1,pig,farmed,flood_01,harm
"When the river flooded, the cow was swept away by the current.",1,cow,farmed,flood_01,harm
"When the river flooded, the chicken was swept away by the current.",1,chicken,farmed,flood_01,harm
"When the river flooded, the goat was swept away by the current.",1,goat,farmed,flood_01,harm
"When the river flooded, the sheep was swept away by the current.",1,sheep,farmed,flood_01,harm
"When the river flooded, the duck was swept away by the current.",1,duck,farmed,flood_01,harm
"When the river flooded, the turkey was swept away by the current.",1,turkey,farmed,flood_01,harm
"When the river flooded, the hen was swept away by the current.",1,hen,farmed,flood_01,harm
"When the river flooded, the rooster was swept away by the current.",1,rooster,farmed,flood_01,harm
"When the river flooded, the calf was swept away by the current.",1,calf,farmed,flood_01,harm
"When the river flooded, the lamb was swept away by the current.",1,lamb,farmed,flood_01,harm
"When the river flooded, the piglet was swept away by the current.",1,piglet,farmed,flood_01,harm
"When the river flooded, the ox was swept away by the current.",1,ox,farmed,flood_01,harm
"When the river flooded, the donkey was swept away by the current.",1,donkey,farmed,flood_01,harm
"When the river flooded, the mule was swept away by the current.",1,mule,farmed,flood_01,harm
"When the river flooded, the goose was swept away by the current.",1,goose,farmed,flood_01,harm
"When the river flooded, the sow was swept away by the current.",1,sow,farmed,flood_01,harm
"When the river flooded, the heifer was swept away by the current.",1,heifer,farmed,flood_01,harm
"When the river flooded, the foal was swept away by the current.",1,foal,farmed,flood_01,harm
"When the river flooded, the ram was swept away by the current.",1,ram,farmed,flood_01,harm
"When the river flooded, the rat was swept away by the current.",0,rat,wild,flood_01,harm
"When the river flooded, the boar was swept away by the current.",0,boar,wild,flood_01,harm
"When the river flooded, the buffalo was swept away by the current.",0,buffalo,wild,flood_01,harm
"When the river flooded, the fox was swept away by the current.",0,fox,wild,flood_01,harm
"When the river flooded, the deer was swept away by the current.",0,deer,wild,flood_01,harm
"When the river flooded, the badger was swept away by the current.",0,badger,wild,flood_01,harm
"When the river flooded, the otter was swept away by the current.",0,otter,wild,flood_01,harm
"When the river flooded, the hare was swept away by the current.",0,hare,wild,flood_01,harm
"When the river flooded, the raccoon was swept away by the current.",0,raccoon,wild,flood_01,harm
"When the river flooded, the squirrel was swept away by the current.",0,squirrel,wild,flood_01,harm
"When the river flooded, the weasel was swept away by the current.",0,weasel,wild,flood_01,harm
"When the river flooded, the coyote was swept away by the current.",0,coyote,wild,flood_01,harm
"When the river flooded, the moose was swept away by the current.",0,moose,wild,flood_01,harm
"When the river flooded, the elk was swept away by the current.",0,elk,wild,flood_01,harm
"When the river flooded, the wolf was swept away by the current.",0,wolf,wild,flood_01,harm
"When the river flooded, the hedgehog was swept away by the current.",0,hedgehog,wild,flood_01,harm
"When the river flooded, the possum was swept away by the current.",0,possum,wild,flood_01,harm
"When the river flooded, the jackal was swept away by the current.",0,jackal,wild,flood_01,harm
"When the river flooded, the stoat was swept away by the current.",0,stoat,wild,flood_01,harm
"When the river flooded, the marten was swept away by the current.",0,marten,wild,flood_01,harm
"Caught in the torrent, the pig was carried helplessly toward the rapids.",1,pig,farmed,flood_02,harm
"Caught in the torrent, the cow was carried helplessly toward the rapids.",1,cow,farmed,flood_02,harm
"Caught in the torrent, the chicken was carried helplessly toward the rapids.",1,chicken,farmed,flood_02,harm
"Caught in the torrent, the goat was carried helplessly toward the rapids.",1,goat,farmed,flood_02,harm
"Caught in the torrent, the sheep was carried helplessly toward the rapids.",1,sheep,farmed,flood_02,harm
"Caught in the torrent, the duck was carried helplessly toward the rapids.",1,duck,farmed,flood_02,harm
"Caught in the torrent, the turkey was carried helplessly toward the rapids.",1,turkey,farmed,flood_02,harm
"Caught in the torrent, the hen was carried helplessly toward the rapids.",1,hen,farmed,flood_02,harm
"Caught in the torrent, the rooster was carried helplessly toward the rapids.",1,rooster,farmed,flood_02,harm
"Caught in the torrent, the calf was carried helplessly toward the rapids.",1,calf,farmed,flood_02,harm
"Caught in the torrent, the lamb was carried helplessly toward the rapids.",1,lamb,farmed,flood_02,harm
"Caught in the torrent, the piglet was carried helplessly toward the rapids.",1,piglet,farmed,flood_02,harm
"Caught in the torrent, the ox was carried helplessly toward the rapids.",1,ox,farmed,flood_02,harm
"Caught in the torrent, the donkey was carried helplessly toward the rapids.",1,donkey,farmed,flood_02,harm
"Caught in the torrent, the mule was carried helplessly toward the rapids.",1,mule,farmed,flood_02,harm
"Caught in the torrent, the goose was carried helplessly toward the rapids.",1,goose,farmed,flood_02,harm
"Caught in the torrent, the sow was carried helplessly toward the rapids.",1,sow,farmed,flood_02,harm
"Caught in the torrent, the heifer was carried helplessly toward the rapids.",1,heifer,farmed,flood_02,harm
"Caught in the torrent, the foal was carried helplessly toward the rapids.",1,foal,farmed,flood_02,harm
"Caught in the torrent, the ram was carried helplessly toward the rapids.",1,ram,farmed,flood_02,harm
"Caught in the torrent, the rat was carried helplessly toward the rapids.",0,rat,wild,flood_02,harm
"Caught in the torrent, the boar was carried helplessly toward the rapids.",0,boar,wild,flood_02,harm
"Caught in the torrent, the buffalo was carried helplessly toward the rapids.",0,buffalo,wild,flood_02,harm
"Caught in the torrent, the fox was carried helplessly toward the rapids.",0,fox,wild,flood_02,harm
"Caught in the torrent, the deer was carried helplessly toward the rapids.",0,deer,wild,flood_02,harm
"Caught in the torrent, the badger was carried helplessly toward the rapids.",0,badger,wild,flood_02,harm
"Caught in the torrent, the otter was carried helplessly toward the rapids.",0,otter,wild,flood_02,harm
"Caught in the torrent, the hare was carried helplessly toward the rapids.",0,hare,wild,flood_02,harm
"Caught in the torrent, the raccoon was carried helplessly toward the rapids.",0,raccoon,wild,flood_02,harm
"Caught in the torrent, the squirrel was carried helplessly toward the rapids.",0,squirrel,wild,flood_02,harm
"Caught in the torrent, the weasel was carried helplessly toward the rapids.",0,weasel,wild,flood_02,harm
"Caught in the torrent, the coyote was carried helplessly toward the rapids.",0,coyote,wild,flood_02,harm
"Caught in the torrent, the moose was carried helplessly toward the rapids.",0,moose,wild,flood_02,harm
"Caught in the torrent, the elk was carried helplessly toward the rapids.",0,elk,wild,flood_02,harm
"Caught in the torrent, the wolf was carried helplessly toward the rapids.",0,wolf,wild,flood_02,harm
"Caught in the torrent, the hedgehog was carried helplessly toward the rapids.",0,hedgehog,wild,flood_02,harm
"Caught in the torrent, the possum was carried helplessly toward the rapids.",0,possum,wild,flood_02,harm
"Caught in the torrent, the jackal was carried helplessly toward the rapids.",0,jackal,wild,flood_02,harm
"Caught in the torrent, the stoat was carried helplessly toward the rapids.",0,stoat,wild,flood_02,harm
"Caught in the torrent, the marten was carried helplessly toward the rapids.",0,marten,wild,flood_02,harm
The rising water trapped the pig in a shrinking corner of the flooded barn.,1,pig,farmed,flood_03,harm
The rising water trapped the cow in a shrinking corner of the flooded barn.,1,cow,farmed,flood_03,harm
The rising water trapped the chicken in a shrinking corner of the flooded barn.,1,chicken,farmed,flood_03,harm
The rising water trapped the goat in a shrinking corner of the flooded barn.,1,goat,farmed,flood_03,harm
The rising water trapped the sheep in a shrinking corner of the flooded barn.,1,sheep,farmed,flood_03,harm
The rising water trapped the duck in a shrinking corner of the flooded barn.,1,duck,farmed,flood_03,harm
The rising water trapped the turkey in a shrinking corner of the flooded barn.,1,turkey,farmed,flood_03,harm
The rising water trapped the hen in a shrinking corner of the flooded barn.,1,hen,farmed,flood_03,harm
The rising water trapped the rooster in a shrinking corner of the flooded barn.,1,rooster,farmed,flood_03,harm
The rising water trapped the calf in a shrinking corner of the flooded barn.,1,calf,farmed,flood_03,harm
The rising water trapped the lamb in a shrinking corner of the flooded barn.,1,lamb,farmed,flood_03,harm
The rising water trapped the piglet in a shrinking corner of the flooded barn.,1,piglet,farmed,flood_03,harm
The rising water trapped the ox in a shrinking corner of the flooded barn.,1,ox,farmed,flood_03,harm
The rising water trapped the donkey in a shrinking corner of the flooded barn.,1,donkey,farmed,flood_03,harm
The rising water trapped the mule in a shrinking corner of the flooded barn.,1,mule,farmed,flood_03,harm
The rising water trapped the goose in a shrinking corner of the flooded barn.,1,goose,farmed,flood_03,harm
The rising water trapped the sow in a shrinking corner of the flooded barn.,1,sow,farmed,flood_03,harm
The rising water trapped the heifer in a shrinking corner of the flooded barn.,1,heifer,farmed,flood_03,harm
The rising water trapped the foal in a shrinking corner of the flooded barn.,1,foal,farmed,flood_03,harm
The rising water trapped the ram in a shrinking corner of the flooded barn.,1,ram,farmed,flood_03,harm
The rising water trapped the rat in a shrinking corner of the flooded barn.,0,rat,wild,flood_03,harm
The rising water trapped the boar in a shrinking corner of the flooded barn.,0,boar,wild,flood_03,harm
The rising water trapped the buffalo in a shrinking corner of the flooded barn.,0,buffalo,wild,flood_03,harm
The rising water trapped the fox in a shrinking corner of the flooded barn.,0,fox,wild,flood_03,harm
The rising water trapped the deer in a shrinking corner of the flooded barn.,0,deer,wild,flood_03,harm
The rising water trapped the badger in a shrinking corner of the flooded barn.,0,badger,wild,flood_03,harm
The rising water trapped the otter in a shrinking corner of the flooded barn.,0,otter,wild,flood_03,harm
The rising water trapped the hare in a shrinking corner of the flooded barn.,0,hare,wild,flood_03,harm
The rising water trapped the raccoon in a shrinking corner of the flooded barn.,0,raccoon,wild,flood_03,harm
The rising water trapped the squirrel in a shrinking corner of the flooded barn.,0,squirrel,wild,flood_03,harm
The rising water trapped the weasel in a shrinking corner of the flooded barn.,0,weasel,wild,flood_03,harm
The rising water trapped the coyote in a shrinking corner of the flooded barn.,0,coyote,wild,flood_03,harm
The rising water trapped the moose in a shrinking corner of the flooded barn.,0,moose,wild,flood_03,harm
The rising water trapped the elk in a shrinking corner of the flooded barn.,0,elk,wild,flood_03,harm
The rising water trapped the wolf in a shrinking corner of the flooded barn.,0,wolf,wild,flood_03,harm
The rising water trapped the hedgehog in a shrinking corner of the flooded barn.,0,hedgehog,wild,flood_03,harm
The rising water trapped the possum in a shrinking corner of the flooded barn.,0,possum,wild,flood_03,harm
The rising water trapped the jackal in a shrinking corner of the flooded barn.,0,jackal,wild,flood_03,harm
The rising water trapped the stoat in a shrinking corner of the flooded barn.,0,stoat,wild,flood_03,harm
The rising water trapped the marten in a shrinking corner of the flooded barn.,0,marten,wild,flood_03,harm
Onlookers watched as the pig disappeared beneath the churning floodwater.,1,pig,farmed,flood_04,harm
Onlookers watched as the cow disappeared beneath the churning floodwater.,1,cow,farmed,flood_04,harm
Onlookers watched as the chicken disappeared beneath the churning floodwater.,1,chicken,farmed,flood_04,harm
Onlookers watched as the goat disappeared beneath the churning floodwater.,1,goat,farmed,flood_04,harm
Onlookers watched as the sheep disappeared beneath the churning floodwater.,1,sheep,farmed,flood_04,harm
Onlookers watched as the duck disappeared beneath the churning floodwater.,1,duck,farmed,flood_04,harm
Onlookers watched as the turkey disappeared beneath the churning floodwater.,1,turkey,farmed,flood_04,harm
Onlookers watched as the hen disappeared beneath the churning floodwater.,1,hen,farmed,flood_04,harm
Onlookers watched as the rooster disappeared beneath the churning floodwater.,1,rooster,farmed,flood_04,harm
Onlookers watched as the calf disappeared beneath the churning floodwater.,1,calf,farmed,flood_04,harm
Onlookers watched as the lamb disappeared beneath the churning floodwater.,1,lamb,farmed,flood_04,harm
Onlookers watched as the piglet disappeared beneath the churning floodwater.,1,piglet,farmed,flood_04,harm
Onlookers watched as the ox disappeared beneath the churning floodwater.,1,ox,farmed,flood_04,harm
Onlookers watched as the donkey disappeared beneath the churning floodwater.,1,donkey,farmed,flood_04,harm
Onlookers watched as the mule disappeared beneath the churning floodwater.,1,mule,farmed,flood_04,harm
Onlookers watched as the goose disappeared beneath the churning floodwater.,1,goose,farmed,flood_04,harm
Onlookers watched as the sow disappeared beneath the churning floodwater.,1,sow,farmed,flood_04,harm
Onlookers watched as the heifer disappeared beneath the churning floodwater.,1,heifer,farmed,flood_04,harm
Onlookers watched as the foal disappeared beneath the churning floodwater.,1,foal,farmed,flood_04,harm
Onlookers watched as the ram disappeared beneath the churning floodwater.,1,ram,farmed,flood_04,harm
Onlookers watched as the rat disappeared beneath the churning floodwater.,0,rat,wild,flood_04,harm
Onlookers watched as the boar disappeared beneath the churning floodwater.,0,boar,wild,flood_04,harm
Onlookers watched as the buffalo disappeared beneath the churning floodwater.,0,buffalo,wild,flood_04,harm
Onlookers watched as the fox disappeared beneath the churning floodwater.,0,fox,wild,flood_04,harm
Onlookers watched as the deer disappeared beneath the churning floodwater.,0,deer,wild,flood_04,harm
Onlookers watched as the badger disappeared beneath the churning floodwater.,0,badger,wild,flood_04,harm
Onlookers watched as the otter disappeared beneath the churning floodwater.,0,otter,wild,flood_04,harm
Onlookers watched as the hare disappeared beneath the churning floodwater.,0,hare,wild,flood_04,harm
Onlookers watched as the raccoon disappeared beneath the churning floodwater.,0,raccoon,wild,flood_04,harm
Onlookers watched as the squirrel disappeared beneath the churning floodwater.,0,squirrel,wild,flood_04,harm
Onlookers watched as the weasel disappeared beneath the churning floodwater.,0,weasel,wild,flood_04,harm
Onlookers watched as the coyote disappeared beneath the churning floodwater.,0,coyote,wild,flood_04,harm
Onlookers watched as the moose disappeared beneath the churning floodwater.,0,moose,wild,flood_04,harm
Onlookers watched as the elk disappeared beneath the churning floodwater.,0,elk,wild,flood_04,harm
Onlookers watched as the wolf disappeared beneath the churning floodwater.,0,wolf,wild,flood_04,harm
Onlookers watched as the hedgehog disappeared beneath the churning floodwater.,0,hedgehog,wild,flood_04,harm
Onlookers watched as the possum disappeared beneath the churning floodwater.,0,possum,wild,flood_04,harm
Onlookers watched as the jackal disappeared beneath the churning floodwater.,0,jackal,wild,flood_04,harm
Onlookers watched as the stoat disappeared beneath the churning floodwater.,0,stoat,wild,flood_04,harm
Onlookers watched as the marten disappeared beneath the churning floodwater.,0,marten,wild,flood_04,harm
The flash flood left the pig stranded and exhausted in the debris.,1,pig,farmed,flood_05,harm
The flash flood left the cow stranded and exhausted in the debris.,1,cow,farmed,flood_05,harm
The flash flood left the chicken stranded and exhausted in the debris.,1,chicken,farmed,flood_05,harm
The flash flood left the goat stranded and exhausted in the debris.,1,goat,farmed,flood_05,harm
The flash flood left the sheep stranded and exhausted in the debris.,1,sheep,farmed,flood_05,harm
The flash flood left the duck stranded and exhausted in the debris.,1,duck,farmed,flood_05,harm
The flash flood left the turkey stranded and exhausted in the debris.,1,turkey,farmed,flood_05,harm
The flash flood left the hen stranded and exhausted in the debris.,1,hen,farmed,flood_05,harm
The flash flood left the rooster stranded and exhausted in the debris.,1,rooster,farmed,flood_05,harm
The flash flood left the calf stranded and exhausted in the debris.,1,calf,farmed,flood_05,harm
The flash flood left the lamb stranded and exhausted in the debris.,1,lamb,farmed,flood_05,harm
The flash flood left the piglet stranded and exhausted in the debris.,1,piglet,farmed,flood_05,harm
The flash flood left the ox stranded and exhausted in the debris.,1,ox,farmed,flood_05,harm
The flash flood left the donkey stranded and exhausted in the debris.,1,donkey,farmed,flood_05,harm
The flash flood left the mule stranded and exhausted in the debris.,1,mule,farmed,flood_05,harm
The flash flood left the goose stranded and exhausted in the debris.,1,goose,farmed,flood_05,harm
The flash flood left the sow stranded and exhausted in the debris.,1,sow,farmed,flood_05,harm
The flash flood left the heifer stranded and exhausted in the debris.,1,heifer,farmed,flood_05,harm
The flash flood left the foal stranded and exhausted in the debris.,1,foal,farmed,flood_05,harm
The flash flood left the ram stranded and exhausted in the debris.,1,ram,farmed,flood_05,harm
The flash flood left the rat stranded and exhausted in the debris.,0,rat,wild,flood_05,harm
The flash flood left the boar stranded and exhausted in the debris.,0,boar,wild,flood_05,harm
The flash flood left the buffalo stranded and exhausted in the debris.,0,buffalo,wild,flood_05,harm
The flash flood left the fox stranded and exhausted in the debris.,0,fox,wild,flood_05,harm
The flash flood left the deer stranded and exhausted in the debris.,0,deer,wild,flood_05,harm
The flash flood left the badger stranded and exhausted in the debris.,0,badger,wild,flood_05,harm
The flash flood left the otter stranded and exhausted in the debris.,0,otter,wild,flood_05,harm
The flash flood left the hare stranded and exhausted in the debris.,0,hare,wild,flood_05,harm
The flash flood left the raccoon stranded and exhausted in the debris.,0,raccoon,wild,flood_05,harm
The flash flood left the squirrel stranded and exhausted in the debris.,0,squirrel,wild,flood_05,harm
The flash flood left the weasel stranded and exhausted in the debris.,0,weasel,wild,flood_05,harm
The flash flood left the coyote stranded and exhausted in the debris.,0,coyote,wild,flood_05,harm
The flash flood left the moose stranded and exhausted in the debris.,0,moose,wild,flood_05,harm
The flash flood left the elk stranded and exhausted in the debris.,0,elk,wild,flood_05,harm
The flash flood left the wolf stranded and exhausted in the debris.,0,wolf,wild,flood_05,harm
The flash flood left the hedgehog stranded and exhausted in the debris.,0,hedgehog,wild,flood_05,harm
The flash flood left the possum stranded and exhausted in the debris.,0,possum,wild,flood_05,harm
The flash flood left the jackal stranded and exhausted in the debris.,0,jackal,wild,flood_05,harm
The flash flood left the stoat stranded and exhausted in the debris.,0,stoat,wild,flood_05,harm
The flash flood left the marten stranded and exhausted in the debris.,0,marten,wild,flood_05,harm
"After the dam broke, the pig was caught in the violent surge.",1,pig,farmed,flood_06,harm
"After the dam broke, the cow was caught in the violent surge.",1,cow,farmed,flood_06,harm
"After the dam broke, the chicken was caught in the violent surge.",1,chicken,farmed,flood_06,harm
"After the dam broke, the goat was caught in the violent surge.",1,goat,farmed,flood_06,harm
"After the dam broke, the sheep was caught in the violent surge.",1,sheep,farmed,flood_06,harm
"After the dam broke, the duck was caught in the violent surge.",1,duck,farmed,flood_06,harm
"After the dam broke, the turkey was caught in the violent surge.",1,turkey,farmed,flood_06,harm
"After the dam broke, the hen was caught in the violent surge.",1,hen,farmed,flood_06,harm
"After the dam broke, the rooster was caught in the violent surge.",1,rooster,farmed,flood_06,harm
"After the dam broke, the calf was caught in the violent surge.",1,calf,farmed,flood_06,harm
"After the dam broke, the lamb was caught in the violent surge.",1,lamb,farmed,flood_06,harm
"After the dam broke, the piglet was caught in the violent surge.",1,piglet,farmed,flood_06,harm
"After the dam broke, the ox was caught in the violent surge.",1,ox,farmed,flood_06,harm
"After the dam broke, the donkey was caught in the violent surge.",1,donkey,farmed,flood_06,harm
"After the dam broke, the mule was caught in the violent surge.",1,mule,farmed,flood_06,harm
"After the dam broke, the goose was caught in the violent surge.",1,goose,farmed,flood_06,harm
"After the dam broke, the sow was caught in the violent surge.",1,sow,farmed,flood_06,harm
"After the dam broke, the heifer was caught in the violent surge.",1,heifer,farmed,flood_06,harm
"After the dam broke, the foal was caught in the violent surge.",1,foal,farmed,flood_06,harm
"After the dam broke, the ram was caught in the violent surge.",1,ram,farmed,flood_06,harm
"After the dam broke, the rat was caught in the violent surge.",0,rat,wild,flood_06,harm
"After the dam broke, the boar was caught in the violent surge.",0,boar,wild,flood_06,harm
"After the dam broke, the buffalo was caught in the violent surge.",0,buffalo,wild,flood_06,harm
"After the dam broke, the fox was caught in the violent surge.",0,fox,wild,flood_06,harm
"After the dam broke, the deer was caught in the violent surge.",0,deer,wild,flood_06,harm
"After the dam broke, the badger was caught in the violent surge.",0,badger,wild,flood_06,harm
"After the dam broke, the otter was caught in the violent surge.",0,otter,wild,flood_06,harm
"After the dam broke, the hare was caught in the violent surge.",0,hare,wild,flood_06,harm
"After the dam broke, the raccoon was caught in the violent surge.",0,raccoon,wild,flood_06,harm
"After the dam broke, the squirrel was caught in the violent surge.",0,squirrel,wild,flood_06,harm
"After the dam broke, the weasel was caught in the violent surge.",0,weasel,wild,flood_06,harm
"After the dam broke, the coyote was caught in the violent surge.",0,coyote,wild,flood_06,harm
"After the dam broke, the moose was caught in the violent surge.",0,moose,wild,flood_06,harm
"After the dam broke, the elk was caught in the violent surge.",0,elk,wild,flood_06,harm
"After the dam broke, the wolf was caught in the violent surge.",0,wolf,wild,flood_06,harm
"After the dam broke, the hedgehog was caught in the violent surge.",0,hedgehog,wild,flood_06,harm
"After the dam broke, the possum was caught in the violent surge.",0,possum,wild,flood_06,harm
"After the dam broke, the jackal was caught in the violent surge.",0,jackal,wild,flood_06,harm
"After the dam broke, the stoat was caught in the violent surge.",0,stoat,wild,flood_06,harm
"After the dam broke, the marten was caught in the violent surge.",0,marten,wild,flood_06,harm
"During the blizzard, the pig was stranded outside without any shelter.",1,pig,farmed,weather_01,harm
"During the blizzard, the cow was stranded outside without any shelter.",1,cow,farmed,weather_01,harm
"During the blizzard, the chicken was stranded outside without any shelter.",1,chicken,farmed,weather_01,harm
"During the blizzard, the goat was stranded outside without any shelter.",1,goat,farmed,weather_01,harm
"During the blizzard, the sheep was stranded outside without any shelter.",1,sheep,farmed,weather_01,harm
"During the blizzard, the duck was stranded outside without any shelter.",1,duck,farmed,weather_01,harm
"During the blizzard, the turkey was stranded outside without any shelter.",1,turkey,farmed,weather_01,harm
"During the blizzard, the hen was stranded outside without any shelter.",1,hen,farmed,weather_01,harm
"During the blizzard, the rooster was stranded outside without any shelter.",1,rooster,farmed,weather_01,harm
"During the blizzard, the calf was stranded outside without any shelter.",1,calf,farmed,weather_01,harm
"During the blizzard, the lamb was stranded outside without any shelter.",1,lamb,farmed,weather_01,harm
"During the blizzard, the piglet was stranded outside without any shelter.",1,piglet,farmed,weather_01,harm
"During the blizzard, the ox was stranded outside without any shelter.",1,ox,farmed,weather_01,harm
"During the blizzard, the donkey was stranded outside without any shelter.",1,donkey,farmed,weather_01,harm
"During the blizzard, the mule was stranded outside without any shelter.",1,mule,farmed,weather_01,harm
"During the blizzard, the goose was stranded outside without any shelter.",1,goose,farmed,weather_01,harm
"During the blizzard, the sow was stranded outside without any shelter.",1,sow,farmed,weather_01,harm
"During the blizzard, the heifer was stranded outside without any shelter.",1,heifer,farmed,weather_01,harm
"During the blizzard, the foal was stranded outside without any shelter.",1,foal,farmed,weather_01,harm
"During the blizzard, the ram was stranded outside without any shelter.",1,ram,farmed,weather_01,harm
"During the blizzard, the rat was stranded outside without any shelter.",0,rat,wild,weather_01,harm
"During the blizzard, the boar was stranded outside without any shelter.",0,boar,wild,weather_01,harm
"During the blizzard, the buffalo was stranded outside without any shelter.",0,buffalo,wild,weather_01,harm
"During the blizzard, the fox was stranded outside without any shelter.",0,fox,wild,weather_01,harm
"During the blizzard, the deer was stranded outside without any shelter.",0,deer,wild,weather_01,harm
"During the blizzard, the badger was stranded outside without any shelter.",0,badger,wild,weather_01,harm
"During the blizzard, the otter was stranded outside without any shelter.",0,otter,wild,weather_01,harm
"During the blizzard, the hare was stranded outside without any shelter.",0,hare,wild,weather_01,harm
"During the blizzard, the raccoon was stranded outside without any shelter.",0,raccoon,wild,weather_01,harm
"During the blizzard, the squirrel was stranded outside without any shelter.",0,squirrel,wild,weather_01,harm
"During the blizzard, the weasel was stranded outside without any shelter.",0,weasel,wild,weather_01,harm
"During the blizzard, the coyote was stranded outside without any shelter.",0,coyote,wild,weather_01,harm
"During the blizzard, the moose was stranded outside without any shelter.",0,moose,wild,weather_01,harm
"During the blizzard, the elk was stranded outside without any shelter.",0,elk,wild,weather_01,harm
"During the blizzard, the wolf was stranded outside without any shelter.",0,wolf,wild,weather_01,harm
"During the blizzard, the hedgehog was stranded outside without any shelter.",0,hedgehog,wild,weather_01,harm
"During the blizzard, the possum was stranded outside without any shelter.",0,possum,wild,weather_01,harm
"During the blizzard, the jackal was stranded outside without any shelter.",0,jackal,wild,weather_01,harm
"During the blizzard, the stoat was stranded outside without any shelter.",0,stoat,wild,weather_01,harm
"During the blizzard, the marten was stranded outside without any shelter.",0,marten,wild,weather_01,harm
The heatwave left the pig collapsed from dehydration in the dusty field.,1,pig,farmed,weather_02,harm
The heatwave left the cow collapsed from dehydration in the dusty field.,1,cow,farmed,weather_02,harm
The heatwave left the chicken collapsed from dehydration in the dusty field.,1,chicken,farmed,weather_02,harm
The heatwave left the goat collapsed from dehydration in the dusty field.,1,goat,farmed,weather_02,harm
The heatwave left the sheep collapsed from dehydration in the dusty field.,1,sheep,farmed,weather_02,harm
The heatwave left the duck collapsed from dehydration in the dusty field.,1,duck,farmed,weather_02,harm
The heatwave left the turkey collapsed from dehydration in the dusty field.,1,turkey,farmed,weather_02,harm
The heatwave left the hen collapsed from dehydration in the dusty field.,1,hen,farmed,weather_02,harm
The heatwave left the rooster collapsed from dehydration in the dusty field.,1,rooster,farmed,weather_02,harm
The heatwave left the calf collapsed from dehydration in the dusty field.,1,calf,farmed,weather_02,harm
The heatwave left the lamb collapsed from dehydration in the dusty field.,1,lamb,farmed,weather_02,harm
The heatwave left the piglet collapsed from dehydration in the dusty field.,1,piglet,farmed,weather_02,harm
The heatwave left the ox collapsed from dehydration in the dusty field.,1,ox,farmed,weather_02,harm
The heatwave left the donkey collapsed from dehydration in the dusty field.,1,donkey,farmed,weather_02,harm
The heatwave left the mule collapsed from dehydration in the dusty field.,1,mule,farmed,weather_02,harm
The heatwave left the goose collapsed from dehydration in the dusty field.,1,goose,farmed,weather_02,harm
The heatwave left the sow collapsed from dehydration in the dusty field.,1,sow,farmed,weather_02,harm
The heatwave left the heifer collapsed from dehydration in the dusty field.,1,heifer,farmed,weather_02,harm
The heatwave left the foal collapsed from dehydration in the dusty field.,1,foal,farmed,weather_02,harm
The heatwave left the ram collapsed from dehydration in the dusty field.,1,ram,farmed,weather_02,harm
The heatwave left the rat collapsed from dehydration in the dusty field.,0,rat,wild,weather_02,harm
The heatwave left the boar collapsed from dehydration in the dusty field.,0,boar,wild,weather_02,harm
The heatwave left the buffalo collapsed from dehydration in the dusty field.,0,buffalo,wild,weather_02,harm
The heatwave left the fox collapsed from dehydration in the dusty field.,0,fox,wild,weather_02,harm
The heatwave left the deer collapsed from dehydration in the dusty field.,0,deer,wild,weather_02,harm
The heatwave left the badger collapsed from dehydration in the dusty field.,0,badger,wild,weather_02,harm
The heatwave left the otter collapsed from dehydration in the dusty field.,0,otter,wild,weather_02,harm
The heatwave left the hare collapsed from dehydration in the dusty field.,0,hare,wild,weather_02,harm
The heatwave left the raccoon collapsed from dehydration in the dusty field.,0,raccoon,wild,weather_02,harm
The heatwave left the squirrel collapsed from dehydration in the dusty field.,0,squirrel,wild,weather_02,harm
The heatwave left the weasel collapsed from dehydration in the dusty field.,0,weasel,wild,weather_02,harm
The heatwave left the coyote collapsed from dehydration in the dusty field.,0,coyote,wild,weather_02,harm
The heatwave left the moose collapsed from dehydration in the dusty field.,0,moose,wild,weather_02,harm
The heatwave left the elk collapsed from dehydration in the dusty field.,0,elk,wild,weather_02,harm
The heatwave left the wolf collapsed from dehydration in the dusty field.,0,wolf,wild,weather_02,harm
The heatwave left the hedgehog collapsed from dehydration in the dusty field.,0,hedgehog,wild,weather_02,harm
The heatwave left the possum collapsed from dehydration in the dusty field.,0,possum,wild,weather_02,harm
The heatwave left the jackal collapsed from dehydration in the dusty field.,0,jackal,wild,weather_02,harm
The heatwave left the stoat collapsed from dehydration in the dusty field.,0,stoat,wild,weather_02,harm
The heatwave left the marten collapsed from dehydration in the dusty field.,0,marten,wild,weather_02,harm
Freezing rain soaked the pig through the long night outdoors.,1,pig,farmed,weather_03,harm
Freezing rain soaked the cow through the long night outdoors.,1,cow,farmed,weather_03,harm
Freezing rain soaked the chicken through the long night outdoors.,1,chicken,farmed,weather_03,harm
Freezing rain soaked the goat through the long night outdoors.,1,goat,farmed,weather_03,harm
Freezing rain soaked the sheep through the long night outdoors.,1,sheep,farmed,weather_03,harm
Freezing rain soaked the duck through the long night outdoors.,1,duck,farmed,weather_03,harm
Freezing rain soaked the turkey through the long night outdoors.,1,turkey,farmed,weather_03,harm
Freezing rain soaked the hen through the long night outdoors.,1,hen,farmed,weather_03,harm
Freezing rain soaked the rooster through the long night outdoors.,1,rooster,farmed,weather_03,harm
Freezing rain soaked the calf through the long night outdoors.,1,calf,farmed,weather_03,harm
Freezing rain soaked the lamb through the long night outdoors.,1,lamb,farmed,weather_03,harm
Freezing rain soaked the piglet through the long night outdoors.,1,piglet,farmed,weather_03,harm
Freezing rain soaked the ox through the long night outdoors.,1,ox,farmed,weather_03,harm
Freezing rain soaked the donkey through the long night outdoors.,1,donkey,farmed,weather_03,harm
Freezing rain soaked the mule through the long night outdoors.,1,mule,farmed,weather_03,harm
Freezing rain soaked the goose through the long night outdoors.,1,goose,farmed,weather_03,harm
Freezing rain soaked the sow through the long night outdoors.,1,sow,farmed,weather_03,harm
Freezing rain soaked the heifer through the long night outdoors.,1,heifer,farmed,weather_03,harm
Freezing rain soaked the foal through the long night outdoors.,1,foal,farmed,weather_03,harm
Freezing rain soaked the ram through the long night outdoors.,1,ram,farmed,weather_03,harm
Freezing rain soaked the rat through the long night outdoors.,0,rat,wild,weather_03,harm
Freezing rain soaked the boar through the long night outdoors.,0,boar,wild,weather_03,harm
Freezing rain soaked the buffalo through the long night outdoors.,0,buffalo,wild,weather_03,harm
Freezing rain soaked the fox through the long night outdoors.,0,fox,wild,weather_03,harm
Freezing rain soaked the deer through the long night outdoors.,0,deer,wild,weather_03,harm
Freezing rain soaked the badger through the long night outdoors.,0,badger,wild,weather_03,harm
Freezing rain soaked the otter through the long night outdoors.,0,otter,wild,weather_03,harm
Freezing rain soaked the hare through the long night outdoors.,0,hare,wild,weather_03,harm
Freezing rain soaked the raccoon through the long night outdoors.,0,raccoon,wild,weather_03,harm
Freezing rain soaked the squirrel through the long night outdoors.,0,squirrel,wild,weather_03,harm
Freezing rain soaked the weasel through the long night outdoors.,0,weasel,wild,weather_03,harm
Freezing rain soaked the coyote through the long night outdoors.,0,coyote,wild,weather_03,harm
Freezing rain soaked the moose through the long night outdoors.,0,moose,wild,weather_03,harm
Freezing rain soaked the elk through the long night outdoors.,0,elk,wild,weather_03,harm
Freezing rain soaked the wolf through the long night outdoors.,0,wolf,wild,weather_03,harm
Freezing rain soaked the hedgehog through the long night outdoors.,0,hedgehog,wild,weather_03,harm
Freezing rain soaked the possum through the long night outdoors.,0,possum,wild,weather_03,harm
Freezing rain soaked the jackal through the long night outdoors.,0,jackal,wild,weather_03,harm
Freezing rain soaked the stoat through the long night outdoors.,0,stoat,wild,weather_03,harm
Freezing rain soaked the marten through the long night outdoors.,0,marten,wild,weather_03,harm
"In the scorching heat, the pig was left without water or shade.",1,pig,farmed,weather_04,harm
"In the scorching heat, the cow was left without water or shade.",1,cow,farmed,weather_04,harm
"In the scorching heat, the chicken was left without water or shade.",1,chicken,farmed,weather_04,harm
"In the scorching heat, the goat was left without water or shade.",1,goat,farmed,weather_04,harm
"In the scorching heat, the sheep was left without water or shade.",1,sheep,farmed,weather_04,harm
"In the scorching heat, the duck was left without water or shade.",1,duck,farmed,weather_04,harm
"In the scorching heat, the turkey was left without water or shade.",1,turkey,farmed,weather_04,harm
"In the scorching heat, the hen was left without water or shade.",1,hen,farmed,weather_04,harm
"In the scorching heat, the rooster was left without water or shade.",1,rooster,farmed,weather_04,harm
"In the scorching heat, the calf was left without water or shade.",1,calf,farmed,weather_04,harm
"In the scorching heat, the lamb was left without water or shade.",1,lamb,farmed,weather_04,harm
"In the scorching heat, the piglet was left without water or shade.",1,piglet,farmed,weather_04,harm
"In the scorching heat, the ox was left without water or shade.",1,ox,farmed,weather_04,harm
"In the scorching heat, the donkey was left without water or shade.",1,donkey,farmed,weather_04,harm
"In the scorching heat, the mule was left without water or shade.",1,mule,farmed,weather_04,harm
"In the scorching heat, the goose was left without water or shade.",1,goose,farmed,weather_04,harm
"In the scorching heat, the sow was left without water or shade.",1,sow,farmed,weather_04,harm
"In the scorching heat, the heifer was left without water or shade.",1,heifer,farmed,weather_04,harm
"In the scorching heat, the foal was left without water or shade.",1,foal,farmed,weather_04,harm
"In the scorching heat, the ram was left without water or shade.",1,ram,farmed,weather_04,harm
"In the scorching heat, the rat was left without water or shade.",0,rat,wild,weather_04,harm
"In the scorching heat, the boar was left without water or shade.",0,boar,wild,weather_04,harm
"In the scorching heat, the buffalo was left without water or shade.",0,buffalo,wild,weather_04,harm
"In the scorching heat, the fox was left without water or shade.",0,fox,wild,weather_04,harm
"In the scorching heat, the deer was left without water or shade.",0,deer,wild,weather_04,harm
"In the scorching heat, the badger was left without water or shade.",0,badger,wild,weather_04,harm
"In the scorching heat, the otter was left without water or shade.",0,otter,wild,weather_04,harm
"In the scorching heat, the hare was left without water or shade.",0,hare,wild,weather_04,harm
"In the scorching heat, the raccoon was left without water or shade.",0,raccoon,wild,weather_04,harm
"In the scorching heat, the squirrel was left without water or shade.",0,squirrel,wild,weather_04,harm
"In the scorching heat, the weasel was left without water or shade.",0,weasel,wild,weather_04,harm
"In the scorching heat, the coyote was left without water or shade.",0,coyote,wild,weather_04,harm
"In the scorching heat, the moose was left without water or shade.",0,moose,wild,weather_04,harm
"In the scorching heat, the elk was left without water or shade.",0,elk,wild,weather_04,harm
"In the scorching heat, the wolf was left without water or shade.",0,wolf,wild,weather_04,harm
"In the scorching heat, the hedgehog was left without water or shade.",0,hedgehog,wild,weather_04,harm
"In the scorching heat, the possum was left without water or shade.",0,possum,wild,weather_04,harm
"In the scorching heat, the jackal was left without water or shade.",0,jackal,wild,weather_04,harm
"In the scorching heat, the stoat was left without water or shade.",0,stoat,wild,weather_04,harm
"In the scorching heat, the marten was left without water or shade.",0,marten,wild,weather_04,harm
The sudden hailstorm caught the pig in the open pasture.,1,pig,farmed,weather_05,harm
The sudden hailstorm caught the cow in the open pasture.,1,cow,farmed,weather_05,harm
The sudden hailstorm caught the chicken in the open pasture.,1,chicken,farmed,weather_05,harm
The sudden hailstorm caught the goat in the open pasture.,1,goat,farmed,weather_05,harm
The sudden hailstorm caught the sheep in the open pasture.,1,sheep,farmed,weather_05,harm
The sudden hailstorm caught the duck in the open pasture.,1,duck,farmed,weather_05,harm
The sudden hailstorm caught the turkey in the open pasture.,1,turkey,farmed,weather_05,harm
The sudden hailstorm caught the hen in the open pasture.,1,hen,farmed,weather_05,harm
The sudden hailstorm caught the rooster in the open pasture.,1,rooster,farmed,weather_05,harm
The sudden hailstorm caught the calf in the open pasture.,1,calf,farmed,weather_05,harm
The sudden hailstorm caught the lamb in the open pasture.,1,lamb,farmed,weather_05,harm
The sudden hailstorm caught the piglet in the open pasture.,1,piglet,farmed,weather_05,harm
The sudden hailstorm caught the ox in the open pasture.,1,ox,farmed,weather_05,harm
The sudden hailstorm caught the donkey in the open pasture.,1,donkey,farmed,weather_05,harm
The sudden hailstorm caught the mule in the open pasture.,1,mule,farmed,weather_05,harm
The sudden hailstorm caught the goose in the open pasture.,1,goose,farmed,weather_05,harm
The sudden hailstorm caught the sow in the open pasture.,1,sow,farmed,weather_05,harm
The sudden hailstorm caught the heifer in the open pasture.,1,heifer,farmed,weather_05,harm
The sudden hailstorm caught the foal in the open pasture.,1,foal,farmed,weather_05,harm
The sudden hailstorm caught the ram in the open pasture.,1,ram,farmed,weather_05,harm
The sudden hailstorm caught the rat in the open pasture.,0,rat,wild,weather_05,harm
The sudden hailstorm caught the boar in the open pasture.,0,boar,wild,weather_05,harm
The sudden hailstorm caught the buffalo in the open pasture.,0,buffalo,wild,weather_05,harm
The sudden hailstorm caught the fox in the open pasture.,0,fox,wild,weather_05,harm
The sudden hailstorm caught the deer in the open pasture.,0,deer,wild,weather_05,harm
The sudden hailstorm caught the badger in the open pasture.,0,badger,wild,weather_05,harm
The sudden hailstorm caught the otter in the open pasture.,0,otter,wild,weather_05,harm
The sudden hailstorm caught the hare in the open pasture.,0,hare,wild,weather_05,harm
The sudden hailstorm caught the raccoon in the open pasture.,0,raccoon,wild,weather_05,harm
The sudden hailstorm caught the squirrel in the open pasture.,0,squirrel,wild,weather_05,harm
The sudden hailstorm caught the weasel in the open pasture.,0,weasel,wild,weather_05,harm
The sudden hailstorm caught the coyote in the open pasture.,0,coyote,wild,weather_05,harm
The sudden hailstorm caught the moose in the open pasture.,0,moose,wild,weather_05,harm
The sudden hailstorm caught the elk in the open pasture.,0,elk,wild,weather_05,harm
The sudden hailstorm caught the wolf in the open pasture.,0,wolf,wild,weather_05,harm
The sudden hailstorm caught the hedgehog in the open pasture.,0,hedgehog,wild,weather_05,harm
The sudden hailstorm caught the possum in the open pasture.,0,possum,wild,weather_05,harm
The sudden hailstorm caught the jackal in the open pasture.,0,jackal,wild,weather_05,harm
The sudden hailstorm caught the stoat in the open pasture.,0,stoat,wild,weather_05,harm
The sudden hailstorm caught the marten in the open pasture.,0,marten,wild,weather_05,harm
"By the third day of the cold snap, the pig was too weak to seek shelter.",1,pig,farmed,weather_06,harm
"By the third day of the cold snap, the cow was too weak to seek shelter.",1,cow,farmed,weather_06,harm
"By the third day of the cold snap, the chicken was too weak to seek shelter.",1,chicken,farmed,weather_06,harm
"By the third day of the cold snap, the goat was too weak to seek shelter.",1,goat,farmed,weather_06,harm
"By the third day of the cold snap, the sheep was too weak to seek shelter.",1,sheep,farmed,weather_06,harm
"By the third day of the cold snap, the duck was too weak to seek shelter.",1,duck,farmed,weather_06,harm
"By the third day of the cold snap, the turkey was too weak to seek shelter.",1,turkey,farmed,weather_06,harm
"By the third day of the cold snap, the hen was too weak to seek shelter.",1,hen,farmed,weather_06,harm
"By the third day of the cold snap, the rooster was too weak to seek shelter.",1,rooster,farmed,weather_06,harm
"By the third day of the cold snap, the calf was too weak to seek shelter.",1,calf,farmed,weather_06,harm
"By the third day of the cold snap, the lamb was too weak to seek shelter.",1,lamb,farmed,weather_06,harm
"By the third day of the cold snap, the piglet was too weak to seek shelter.",1,piglet,farmed,weather_06,harm
"By the third day of the cold snap, the ox was too weak to seek shelter.",1,ox,farmed,weather_06,harm
"By the third day of the cold snap, the donkey was too weak to seek shelter.",1,donkey,farmed,weather_06,harm
"By the third day of the cold snap, the mule was too weak to seek shelter.",1,mule,farmed,weather_06,harm
"By the third day of the cold snap, the goose was too weak to seek shelter.",1,goose,farmed,weather_06,harm
"By the third day of the cold snap, the sow was too weak to seek shelter.",1,sow,farmed,weather_06,harm
"By the third day of the cold snap, the heifer was too weak to seek shelter.",1,heifer,farmed,weather_06,harm
"By the third day of the cold snap, the foal was too weak to seek shelter.",1,foal,farmed,weather_06,harm
"By the third day of the cold snap, the ram was too weak to seek shelter.",1,ram,farmed,weather_06,harm
"By the third day of the cold snap, the rat was too weak to seek shelter.",0,rat,wild,weather_06,harm
"By the third day of the cold snap, the boar was too weak to seek shelter.",0,boar,wild,weather_06,harm
"By the third day of the cold snap, the buffalo was too weak to seek shelter.",0,buffalo,wild,weather_06,harm
"By the third day of the cold snap, the fox was too weak to seek shelter.",0,fox,wild,weather_06,harm
"By the third day of the cold snap, the deer was too weak to seek shelter.",0,deer,wild,weather_06,harm
"By the third day of the cold snap, the badger was too weak to seek shelter.",0,badger,wild,weather_06,harm
"By the third day of the cold snap, the otter was too weak to seek shelter.",0,otter,wild,weather_06,harm
"By the third day of the cold snap, the hare was too weak to seek shelter.",0,hare,wild,weather_06,harm
"By the third day of the cold snap, the raccoon was too weak to seek shelter.",0,raccoon,wild,weather_06,harm
"By the third day of the cold snap, the squirrel was too weak to seek shelter.",0,squirrel,wild,weather_06,harm
"By the third day of the cold snap, the weasel was too weak to seek shelter.",0,weasel,wild,weather_06,harm
"By the third day of the cold snap, the coyote was too weak to seek shelter.",0,coyote,wild,weather_06,harm
"By the third day of the cold snap, the moose was too weak to seek shelter.",0,moose,wild,weather_06,harm
"By the third day of the cold snap, the elk was too weak to seek shelter.",0,elk,wild,weather_06,harm
"By the third day of the cold snap, the wolf was too weak to seek shelter.",0,wolf,wild,weather_06,harm
"By the third day of the cold snap, the hedgehog was too weak to seek shelter.",0,hedgehog,wild,weather_06,harm
"By the third day of the cold snap, the possum was too weak to seek shelter.",0,possum,wild,weather_06,harm
"By the third day of the cold snap, the jackal was too weak to seek shelter.",0,jackal,wild,weather_06,harm
"By the third day of the cold snap, the stoat was too weak to seek shelter.",0,stoat,wild,weather_06,harm
"By the third day of the cold snap, the marten was too weak to seek shelter.",0,marten,wild,weather_06,harm
"After weeks without proper food, the pig had grown weak and thin.",1,pig,farmed,neglect_01,harm
"After weeks without proper food, the cow had grown weak and thin.",1,cow,farmed,neglect_01,harm
"After weeks without proper food, the chicken had grown weak and thin.",1,chicken,farmed,neglect_01,harm
"After weeks without proper food, the goat had grown weak and thin.",1,goat,farmed,neglect_01,harm
"After weeks without proper food, the sheep had grown weak and thin.",1,sheep,farmed,neglect_01,harm
"After weeks without proper food, the duck had grown weak and thin.",1,duck,farmed,neglect_01,harm
"After weeks without proper food, the turkey had grown weak and thin.",1,turkey,farmed,neglect_01,harm
"After weeks without proper food, the hen had grown weak and thin.",1,hen,farmed,neglect_01,harm
"After weeks without proper food, the rooster had grown weak and thin.",1,rooster,farmed,neglect_01,harm
"After weeks without proper food, the calf had grown weak and thin.",1,calf,farmed,neglect_01,harm
"After weeks without proper food, the lamb had grown weak and thin.",1,lamb,farmed,neglect_01,harm
"After weeks without proper food, the piglet had grown weak and thin.",1,piglet,farmed,neglect_01,harm
"After weeks without proper food, the ox had grown weak and thin.",1,ox,farmed,neglect_01,harm
"After weeks without proper food, the donkey had grown weak and thin.",1,donkey,farmed,neglect_01,harm
"After weeks without proper food, the mule had grown weak and thin.",1,mule,farmed,neglect_01,harm
"After weeks without proper food, the goose had grown weak and thin.",1,goose,farmed,neglect_01,harm
"After weeks without proper food, the sow had grown weak and thin.",1,sow,farmed,neglect_01,harm
"After weeks without proper food, the heifer had grown weak and thin.",1,heifer,farmed,neglect_01,harm
"After weeks without proper food, the foal had grown weak and thin.",1,foal,farmed,neglect_01,harm
"After weeks without proper food, the ram had grown weak and thin.",1,ram,farmed,neglect_01,harm
"After weeks without proper food, the rat had grown weak and thin.",0,rat,wild,neglect_01,harm
"After weeks without proper food, the boar had grown weak and thin.",0,boar,wild,neglect_01,harm
"After weeks without proper food, the buffalo had grown weak and thin.",0,buffalo,wild,neglect_01,harm
"After weeks without proper food, the fox had grown weak and thin.",0,fox,wild,neglect_01,harm
"After weeks without proper food, the deer had grown weak and thin.",0,deer,wild,neglect_01,harm
"After weeks without proper food, the badger had grown weak and thin.",0,badger,wild,neglect_01,harm
"After weeks without proper food, the otter had grown weak and thin.",0,otter,wild,neglect_01,harm
"After weeks without proper food, the hare had grown weak and thin.",0,hare,wild,neglect_01,harm
"After weeks without proper food, the raccoon had grown weak and thin.",0,raccoon,wild,neglect_01,harm
"After weeks without proper food, the squirrel had grown weak and thin.",0,squirrel,wild,neglect_01,harm
"After weeks without proper food, the weasel had grown weak and thin.",0,weasel,wild,neglect_01,harm
"After weeks without proper food, the coyote had grown weak and thin.",0,coyote,wild,neglect_01,harm
"After weeks without proper food, the moose had grown weak and thin.",0,moose,wild,neglect_01,harm
"After weeks without proper food, the elk had grown weak and thin.",0,elk,wild,neglect_01,harm
"After weeks without proper food, the wolf had grown weak and thin.",0,wolf,wild,neglect_01,harm
"After weeks without proper food, the hedgehog had grown weak and thin.",0,hedgehog,wild,neglect_01,harm
"After weeks without proper food, the possum had grown weak and thin.",0,possum,wild,neglect_01,harm
"After weeks without proper food, the jackal had grown weak and thin.",0,jackal,wild,neglect_01,harm
"After weeks without proper food, the stoat had grown weak and thin.",0,stoat,wild,neglect_01,harm
"After weeks without proper food, the marten had grown weak and thin.",0,marten,wild,neglect_01,harm
"The caretaker forgot about the pig, leaving no food or clean water for days.",1,pig,farmed,neglect_02,harm
"The caretaker forgot about the cow, leaving no food or clean water for days.",1,cow,farmed,neglect_02,harm
"The caretaker forgot about the chicken, leaving no food or clean water for days.",1,chicken,farmed,neglect_02,harm
"The caretaker forgot about the goat, leaving no food or clean water for days.",1,goat,farmed,neglect_02,harm
"The caretaker forgot about the sheep, leaving no food or clean water for days.",1,sheep,farmed,neglect_02,harm
"The caretaker forgot about the duck, leaving no food or clean water for days.",1,duck,farmed,neglect_02,harm
"The caretaker forgot about the turkey, leaving no food or clean water for days.",1,turkey,farmed,neglect_02,harm
"The caretaker forgot about the hen, leaving no food or clean water for days.",1,hen,farmed,neglect_02,harm
"The caretaker forgot about the rooster, leaving no food or clean water for days.",1,rooster,farmed,neglect_02,harm
"The caretaker forgot about the calf, leaving no food or clean water for days.",1,calf,farmed,neglect_02,harm
"The caretaker forgot about the lamb, leaving no food or clean water for days.",1,lamb,farmed,neglect_02,harm
"The caretaker forgot about the piglet, leaving no food or clean water for days.",1,piglet,farmed,neglect_02,harm
"The caretaker forgot about the ox, leaving no food or clean water for days.",1,ox,farmed,neglect_02,harm
"The caretaker forgot about the donkey, leaving no food or clean water for days.",1,donkey,farmed,neglect_02,harm
"The caretaker forgot about the mule, leaving no food or clean water for days.",1,mule,farmed,neglect_02,harm
"The caretaker forgot about the goose, leaving no food or clean water for days.",1,goose,farmed,neglect_02,harm
"The caretaker forgot about the sow, leaving no food or clean water for days.",1,sow,farmed,neglect_02,harm
"The caretaker forgot about the heifer, leaving no food or clean water for days.",1,heifer,farmed,neglect_02,harm
"The caretaker forgot about the foal, leaving no food or clean water for days.",1,foal,farmed,neglect_02,harm
"The caretaker forgot about the ram, leaving no food or clean water for days.",1,ram,farmed,neglect_02,harm
"The caretaker forgot about the rat, leaving no food or clean water for days.",0,rat,wild,neglect_02,harm
"The caretaker forgot about the boar, leaving no food or clean water for days.",0,boar,wild,neglect_02,harm
"The caretaker forgot about the buffalo, leaving no food or clean water for days.",0,buffalo,wild,neglect_02,harm
"The caretaker forgot about the fox, leaving no food or clean water for days.",0,fox,wild,neglect_02,harm
"The caretaker forgot about the deer, leaving no food or clean water for days.",0,deer,wild,neglect_02,harm
"The caretaker forgot about the badger, leaving no food or clean water for days.",0,badger,wild,neglect_02,harm
"The caretaker forgot about the otter, leaving no food or clean water for days.",0,otter,wild,neglect_02,harm
"The caretaker forgot about the hare, leaving no food or clean water for days.",0,hare,wild,neglect_02,harm
"The caretaker forgot about the raccoon, leaving no food or clean water for days.",0,raccoon,wild,neglect_02,harm
"The caretaker forgot about the squirrel, leaving no food or clean water for days.",0,squirrel,wild,neglect_02,harm
"The caretaker forgot about the weasel, leaving no food or clean water for days.",0,weasel,wild,neglect_02,harm
"The caretaker forgot about the coyote, leaving no food or clean water for days.",0,coyote,wild,neglect_02,harm
"The caretaker forgot about the moose, leaving no food or clean water for days.",0,moose,wild,neglect_02,harm
"The caretaker forgot about the elk, leaving no food or clean water for days.",0,elk,wild,neglect_02,harm
"The caretaker forgot about the wolf, leaving no food or clean water for days.",0,wolf,wild,neglect_02,harm
"The caretaker forgot about the hedgehog, leaving no food or clean water for days.",0,hedgehog,wild,neglect_02,harm
"The caretaker forgot about the possum, leaving no food or clean water for days.",0,possum,wild,neglect_02,harm
"The caretaker forgot about the jackal, leaving no food or clean water for days.",0,jackal,wild,neglect_02,harm
"The caretaker forgot about the stoat, leaving no food or clean water for days.",0,stoat,wild,neglect_02,harm
"The caretaker forgot about the marten, leaving no food or clean water for days.",0,marten,wild,neglect_02,harm
"Locked in the small enclosure, the pig was given barely enough to survive.",1,pig,farmed,neglect_03,harm
"Locked in the small enclosure, the cow was given barely enough to survive.",1,cow,farmed,neglect_03,harm
"Locked in the small enclosure, the chicken was given barely enough to survive.",1,chicken,farmed,neglect_03,harm
"Locked in the small enclosure, the goat was given barely enough to survive.",1,goat,farmed,neglect_03,harm
"Locked in the small enclosure, the sheep was given barely enough to survive.",1,sheep,farmed,neglect_03,harm
"Locked in the small enclosure, the duck was given barely enough to survive.",1,duck,farmed,neglect_03,harm
"Locked in the small enclosure, the turkey was given barely enough to survive.",1,turkey,farmed,neglect_03,harm
"Locked in the small enclosure, the hen was given barely enough to survive.",1,hen,farmed,neglect_03,harm
"Locked in the small enclosure, the rooster was given barely enough to survive.",1,rooster,farmed,neglect_03,harm
"Locked in the small enclosure, the calf was given barely enough to survive.",1,calf,farmed,neglect_03,harm
"Locked in the small enclosure, the lamb was given barely enough to survive.",1,lamb,farmed,neglect_03,harm
"Locked in the small enclosure, the piglet was given barely enough to survive.",1,piglet,farmed,neglect_03,harm
"Locked in the small enclosure, the ox was given barely enough to survive.",1,ox,farmed,neglect_03,harm
"Locked in the small enclosure, the donkey was given barely enough to survive.",1,donkey,farmed,neglect_03,harm
"Locked in the small enclosure, the mule was given barely enough to survive.",1,mule,farmed,neglect_03,harm
"Locked in the small enclosure, the goose was given barely enough to survive.",1,goose,farmed,neglect_03,harm
"Locked in the small enclosure, the sow was given barely enough to survive.",1,sow,farmed,neglect_03,harm
"Locked in the small enclosure, the heifer was given barely enough to survive.",1,heifer,farmed,neglect_03,harm
"Locked in the small enclosure, the foal was given barely enough to survive.",1,foal,farmed,neglect_03,harm
"Locked in the small enclosure, the ram was given barely enough to survive.",1,ram,farmed,neglect_03,harm
"Locked in the small enclosure, the rat was given barely enough to survive.",0,rat,wild,neglect_03,harm
"Locked in the small enclosure, the boar was given barely enough to survive.",0,boar,wild,neglect_03,harm
"Locked in the small enclosure, the buffalo was given barely enough to survive.",0,buffalo,wild,neglect_03,harm
"Locked in the small enclosure, the fox was given barely enough to survive.",0,fox,wild,neglect_03,harm
"Locked in the small enclosure, the deer was given barely enough to survive.",0,deer,wild,neglect_03,harm
"Locked in the small enclosure, the badger was given barely enough to survive.",0,badger,wild,neglect_03,harm
"Locked in the small enclosure, the otter was given barely enough to survive.",0,otter,wild,neglect_03,harm
"Locked in the small enclosure, the hare was given barely enough to survive.",0,hare,wild,neglect_03,harm
"Locked in the small enclosure, the raccoon was given barely enough to survive.",0,raccoon,wild,neglect_03,harm
"Locked in the small enclosure, the squirrel was given barely enough to survive.",0,squirrel,wild,neglect_03,harm
"Locked in the small enclosure, the weasel was given barely enough to survive.",0,weasel,wild,neglect_03,harm
"Locked in the small enclosure, the coyote was given barely enough to survive.",0,coyote,wild,neglect_03,harm
"Locked in the small enclosure, the moose was given barely enough to survive.",0,moose,wild,neglect_03,harm
"Locked in the small enclosure, the elk was given barely enough to survive.",0,elk,wild,neglect_03,harm
"Locked in the small enclosure, the wolf was given barely enough to survive.",0,wolf,wild,neglect_03,harm
"Locked in the small enclosure, the hedgehog was given barely enough to survive.",0,hedgehog,wild,neglect_03,harm
"Locked in the small enclosure, the possum was given barely enough to survive.",0,possum,wild,neglect_03,harm
"Locked in the small enclosure, the jackal was given barely enough to survive.",0,jackal,wild,neglect_03,harm
"Locked in the small enclosure, the stoat was given barely enough to survive.",0,stoat,wild,neglect_03,harm
"Locked in the small enclosure, the marten was given barely enough to survive.",0,marten,wild,neglect_03,harm
Months of neglect left the pig malnourished and visibly suffering.,1,pig,farmed,neglect_04,harm
Months of neglect left the cow malnourished and visibly suffering.,1,cow,farmed,neglect_04,harm
Months of neglect left the chicken malnourished and visibly suffering.,1,chicken,farmed,neglect_04,harm
Months of neglect left the goat malnourished and visibly suffering.,1,goat,farmed,neglect_04,harm
Months of neglect left the sheep malnourished and visibly suffering.,1,sheep,farmed,neglect_04,harm
Months of neglect left the duck malnourished and visibly suffering.,1,duck,farmed,neglect_04,harm
Months of neglect left the turkey malnourished and visibly suffering.,1,turkey,farmed,neglect_04,harm
Months of neglect left the hen malnourished and visibly suffering.,1,hen,farmed,neglect_04,harm
Months of neglect left the rooster malnourished and visibly suffering.,1,rooster,farmed,neglect_04,harm
Months of neglect left the calf malnourished and visibly suffering.,1,calf,farmed,neglect_04,harm
Months of neglect left the lamb malnourished and visibly suffering.,1,lamb,farmed,neglect_04,harm
Months of neglect left the piglet malnourished and visibly suffering.,1,piglet,farmed,neglect_04,harm
Months of neglect left the ox malnourished and visibly suffering.,1,ox,farmed,neglect_04,harm
Months of neglect left the donkey malnourished and visibly suffering.,1,donkey,farmed,neglect_04,harm
Months of neglect left the mule malnourished and visibly suffering.,1,mule,farmed,neglect_04,harm
Months of neglect left the goose malnourished and visibly suffering.,1,goose,farmed,neglect_04,harm
Months of neglect left the sow malnourished and visibly suffering.,1,sow,farmed,neglect_04,harm
Months of neglect left the heifer malnourished and visibly suffering.,1,heifer,farmed,neglect_04,harm
Months of neglect left the foal malnourished and visibly suffering.,1,foal,farmed,neglect_04,harm
Months of neglect left the ram malnourished and visibly suffering.,1,ram,farmed,neglect_04,harm
Months of neglect left the rat malnourished and visibly suffering.,0,rat,wild,neglect_04,harm
Months of neglect left the boar malnourished and visibly suffering.,0,boar,wild,neglect_04,harm
Months of neglect left the buffalo malnourished and visibly suffering.,0,buffalo,wild,neglect_04,harm
Months of neglect left the fox malnourished and visibly suffering.,0,fox,wild,neglect_04,harm
Months of neglect left the deer malnourished and visibly suffering.,0,deer,wild,neglect_04,harm
Months of neglect left the badger malnourished and visibly suffering.,0,badger,wild,neglect_04,harm
Months of neglect left the otter malnourished and visibly suffering.,0,otter,wild,neglect_04,harm
Months of neglect left the hare malnourished and visibly suffering.,0,hare,wild,neglect_04,harm
Months of neglect left the raccoon malnourished and visibly suffering.,0,raccoon,wild,neglect_04,harm
Months of neglect left the squirrel malnourished and visibly suffering.,0,squirrel,wild,neglect_04,harm
Months of neglect left the weasel malnourished and visibly suffering.,0,weasel,wild,neglect_04,harm
Months of neglect left the coyote malnourished and visibly suffering.,0,coyote,wild,neglect_04,harm
Months of neglect left the moose malnourished and visibly suffering.,0,moose,wild,neglect_04,harm
Months of neglect left the elk malnourished and visibly suffering.,0,elk,wild,neglect_04,harm
Months of neglect left the wolf malnourished and visibly suffering.,0,wolf,wild,neglect_04,harm
Months of neglect left the hedgehog malnourished and visibly suffering.,0,hedgehog,wild,neglect_04,harm
Months of neglect left the possum malnourished and visibly suffering.,0,possum,wild,neglect_04,harm
Months of neglect left the jackal malnourished and visibly suffering.,0,jackal,wild,neglect_04,harm
Months of neglect left the stoat malnourished and visibly suffering.,0,stoat,wild,neglect_04,harm
Months of neglect left the marten malnourished and visibly suffering.,0,marten,wild,neglect_04,harm
"With no water for two days, the pig grew weaker by the hour.",1,pig,farmed,neglect_05,harm
"With no water for two days, the cow grew weaker by the hour.",1,cow,farmed,neglect_05,harm
"With no water for two days, the chicken grew weaker by the hour.",1,chicken,farmed,neglect_05,harm
"With no water for two days, the goat grew weaker by the hour.",1,goat,farmed,neglect_05,harm
"With no water for two days, the sheep grew weaker by the hour.",1,sheep,farmed,neglect_05,harm
"With no water for two days, the duck grew weaker by the hour.",1,duck,farmed,neglect_05,harm
"With no water for two days, the turkey grew weaker by the hour.",1,turkey,farmed,neglect_05,harm
"With no water for two days, the hen grew weaker by the hour.",1,hen,farmed,neglect_05,harm
"With no water for two days, the rooster grew weaker by the hour.",1,rooster,farmed,neglect_05,harm
"With no water for two days, the calf grew weaker by the hour.",1,calf,farmed,neglect_05,harm
"With no water for two days, the lamb grew weaker by the hour.",1,lamb,farmed,neglect_05,harm
"With no water for two days, the piglet grew weaker by the hour.",1,piglet,farmed,neglect_05,harm
"With no water for two days, the ox grew weaker by the hour.",1,ox,farmed,neglect_05,harm
"With no water for two days, the donkey grew weaker by the hour.",1,donkey,farmed,neglect_05,harm
"With no water for two days, the mule grew weaker by the hour.",1,mule,farmed,neglect_05,harm
"With no water for two days, the goose grew weaker by the hour.",1,goose,farmed,neglect_05,harm
"With no water for two days, the sow grew weaker by the hour.",1,sow,farmed,neglect_05,harm
"With no water for two days, the heifer grew weaker by the hour.",1,heifer,farmed,neglect_05,harm
"With no water for two days, the foal grew weaker by the hour.",1,foal,farmed,neglect_05,harm
"With no water for two days, the ram grew weaker by the hour.",1,ram,farmed,neglect_05,harm
"With no water for two days, the rat grew weaker by the hour.",0,rat,wild,neglect_05,harm
"With no water for two days, the boar grew weaker by the hour.",0,boar,wild,neglect_05,harm
"With no water for two days, the buffalo grew weaker by the hour.",0,buffalo,wild,neglect_05,harm
"With no water for two days, the fox grew weaker by the hour.",0,fox,wild,neglect_05,harm
"With no water for two days, the deer grew weaker by the hour.",0,deer,wild,neglect_05,harm
"With no water for two days, the badger grew weaker by the hour.",0,badger,wild,neglect_05,harm
"With no water for two days, the otter grew weaker by the hour.",0,otter,wild,neglect_05,harm
"With no water for two days, the hare grew weaker by the hour.",0,hare,wild,neglect_05,harm
"With no water for two days, the raccoon grew weaker by the hour.",0,raccoon,wild,neglect_05,harm
"With no water for two days, the squirrel grew weaker by the hour.",0,squirrel,wild,neglect_05,harm
"With no water for two days, the weasel grew weaker by the hour.",0,weasel,wild,neglect_05,harm
"With no water for two days, the coyote grew weaker by the hour.",0,coyote,wild,neglect_05,harm
"With no water for two days, the moose grew weaker by the hour.",0,moose,wild,neglect_05,harm
"With no water for two days, the elk grew weaker by the hour.",0,elk,wild,neglect_05,harm
"With no water for two days, the wolf grew weaker by the hour.",0,wolf,wild,neglect_05,harm
"With no water for two days, the hedgehog grew weaker by the hour.",0,hedgehog,wild,neglect_05,harm
"With no water for two days, the possum grew weaker by the hour.",0,possum,wild,neglect_05,harm
"With no water for two days, the jackal grew weaker by the hour.",0,jackal,wild,neglect_05,harm
"With no water for two days, the stoat grew weaker by the hour.",0,stoat,wild,neglect_05,harm
"With no water for two days, the marten grew weaker by the hour.",0,marten,wild,neglect_05,harm
"The inspectors found the pig starving in filthy, cramped conditions.",1,pig,farmed,neglect_06,harm
"The inspectors found the cow starving in filthy, cramped conditions.",1,cow,farmed,neglect_06,harm
"The inspectors found the chicken starving in filthy, cramped conditions.",1,chicken,farmed,neglect_06,harm
"The inspectors found the goat starving in filthy, cramped conditions.",1,goat,farmed,neglect_06,harm
"The inspectors found the sheep starving in filthy, cramped conditions.",1,sheep,farmed,neglect_06,harm
"The inspectors found the duck starving in filthy, cramped conditions.",1,duck,farmed,neglect_06,harm
"The inspectors found the turkey starving in filthy, cramped conditions.",1,turkey,farmed,neglect_06,harm
"The inspectors found the hen starving in filthy, cramped conditions.",1,hen,farmed,neglect_06,harm
"The inspectors found the rooster starving in filthy, cramped conditions.",1,rooster,farmed,neglect_06,harm
"The inspectors found the calf starving in filthy, cramped conditions.",1,calf,farmed,neglect_06,harm
"The inspectors found the lamb starving in filthy, cramped conditions.",1,lamb,farmed,neglect_06,harm
"The inspectors found the piglet starving in filthy, cramped conditions.",1,piglet,farmed,neglect_06,harm
"The inspectors found the ox starving in filthy, cramped conditions.",1,ox,farmed,neglect_06,harm
"The inspectors found the donkey starving in filthy, cramped conditions.",1,donkey,farmed,neglect_06,harm
"The inspectors found the mule starving in filthy, cramped conditions.",1,mule,farmed,neglect_06,harm
"The inspectors found the goose starving in filthy, cramped conditions.",1,goose,farmed,neglect_06,harm
"The inspectors found the sow starving in filthy, cramped conditions.",1,sow,farmed,neglect_06,harm
"The inspectors found the heifer starving in filthy, cramped conditions.",1,heifer,farmed,neglect_06,harm
"The inspectors found the foal starving in filthy, cramped conditions.",1,foal,farmed,neglect_06,harm
"The inspectors found the ram starving in filthy, cramped conditions.",1,ram,farmed,neglect_06,harm
"The inspectors found the rat starving in filthy, cramped conditions.",0,rat,wild,neglect_06,harm
"The inspectors found the boar starving in filthy, cramped conditions.",0,boar,wild,neglect_06,harm
"The inspectors found the buffalo starving in filthy, cramped conditions.",0,buffalo,wild,neglect_06,harm
"The inspectors found the fox starving in filthy, cramped conditions.",0,fox,wild,neglect_06,harm
"The inspectors found the deer starving in filthy, cramped conditions.",0,deer,wild,neglect_06,harm
"The inspectors found the badger starving in filthy, cramped conditions.",0,badger,wild,neglect_06,harm
"The inspectors found the otter starving in filthy, cramped conditions.",0,otter,wild,neglect_06,harm
"The inspectors found the hare starving in filthy, cramped conditions.",0,hare,wild,neglect_06,harm
"The inspectors found the raccoon starving in filthy, cramped conditions.",0,raccoon,wild,neglect_06,harm
"The inspectors found the squirrel starving in filthy, cramped conditions.",0,squirrel,wild,neglect_06,harm
"The inspectors found the weasel starving in filthy, cramped conditions.",0,weasel,wild,neglect_06,harm
"The inspectors found the coyote starving in filthy, cramped conditions.",0,coyote,wild,neglect_06,harm
"The inspectors found the moose starving in filthy, cramped conditions.",0,moose,wild,neglect_06,harm
"The inspectors found the elk starving in filthy, cramped conditions.",0,elk,wild,neglect_06,harm
"The inspectors found the wolf starving in filthy, cramped conditions.",0,wolf,wild,neglect_06,harm
"The inspectors found the hedgehog starving in filthy, cramped conditions.",0,hedgehog,wild,neglect_06,harm
"The inspectors found the possum starving in filthy, cramped conditions.",0,possum,wild,neglect_06,harm
"The inspectors found the jackal starving in filthy, cramped conditions.",0,jackal,wild,neglect_06,harm
"The inspectors found the stoat starving in filthy, cramped conditions.",0,stoat,wild,neglect_06,harm
"The inspectors found the marten starving in filthy, cramped conditions.",0,marten,wild,neglect_06,harm
A pack of strays cornered and attacked the pig near the market.,1,pig,farmed,attack_01,harm
A pack of strays cornered and attacked the cow near the market.,1,cow,farmed,attack_01,harm
A pack of strays cornered and attacked the chicken near the market.,1,chicken,farmed,attack_01,harm
A pack of strays cornered and attacked the goat near the market.,1,goat,farmed,attack_01,harm
A pack of strays cornered and attacked the sheep near the market.,1,sheep,farmed,attack_01,harm
A pack of strays cornered and attacked the duck near the market.,1,duck,farmed,attack_01,harm
A pack of strays cornered and attacked the turkey near the market.,1,turkey,farmed,attack_01,harm
A pack of strays cornered and attacked the hen near the market.,1,hen,farmed,attack_01,harm
A pack of strays cornered and attacked the rooster near the market.,1,rooster,farmed,attack_01,harm
A pack of strays cornered and attacked the calf near the market.,1,calf,farmed,attack_01,harm
A pack of strays cornered and attacked the lamb near the market.,1,lamb,farmed,attack_01,harm
A pack of strays cornered and attacked the piglet near the market.,1,piglet,farmed,attack_01,harm
A pack of strays cornered and attacked the ox near the market.,1,ox,farmed,attack_01,harm
A pack of strays cornered and attacked the donkey near the market.,1,donkey,farmed,attack_01,harm
A pack of strays cornered and attacked the mule near the market.,1,mule,farmed,attack_01,harm
A pack of strays cornered and attacked the goose near the market.,1,goose,farmed,attack_01,harm
A pack of strays cornered and attacked the sow near the market.,1,sow,farmed,attack_01,harm
A pack of strays cornered and attacked the heifer near the market.,1,heifer,farmed,attack_01,harm
A pack of strays cornered and attacked the foal near the market.,1,foal,farmed,attack_01,harm
A pack of strays cornered and attacked the ram near the market.,1,ram,farmed,attack_01,harm
A pack of strays cornered and attacked the rat near the market.,0,rat,wild,attack_01,harm
A pack of strays cornered and attacked the boar near the market.,0,boar,wild,attack_01,harm
A pack of strays cornered and attacked the buffalo near the market.,0,buffalo,wild,attack_01,harm
A pack of strays cornered and attacked the fox near the market.,0,fox,wild,attack_01,harm
A pack of strays cornered and attacked the deer near the market.,0,deer,wild,attack_01,harm
A pack of strays cornered and attacked the badger near the market.,0,badger,wild,attack_01,harm
A pack of strays cornered and attacked the otter near the market.,0,otter,wild,attack_01,harm
A pack of strays cornered and attacked the hare near the market.,0,hare,wild,attack_01,harm
A pack of strays cornered and attacked the raccoon near the market.,0,raccoon,wild,attack_01,harm
A pack of strays cornered and attacked the squirrel near the market.,0,squirrel,wild,attack_01,harm
A pack of strays cornered and attacked the weasel near the market.,0,weasel,wild,attack_01,harm
A pack of strays cornered and attacked the coyote near the market.,0,coyote,wild,attack_01,harm
A pack of strays cornered and attacked the moose near the market.,0,moose,wild,attack_01,harm
A pack of strays cornered and attacked the elk near the market.,0,elk,wild,attack_01,harm
A pack of strays cornered and attacked the wolf near the market.,0,wolf,wild,attack_01,harm
A pack of strays cornered and attacked the hedgehog near the market.,0,hedgehog,wild,attack_01,harm
A pack of strays cornered and attacked the possum near the market.,0,possum,wild,attack_01,harm
A pack of strays cornered and attacked the jackal near the market.,0,jackal,wild,attack_01,harm
A pack of strays cornered and attacked the stoat near the market.,0,stoat,wild,attack_01,harm
A pack of strays cornered and attacked the marten near the market.,0,marten,wild,attack_01,harm
"Without warning, the aggressive animal charged at the pig in the field.",1,pig,farmed,attack_02,harm
"Without warning, the aggressive animal charged at the cow in the field.",1,cow,farmed,attack_02,harm
"Without warning, the aggressive animal charged at the chicken in the field.",1,chicken,farmed,attack_02,harm
"Without warning, the aggressive animal charged at the goat in the field.",1,goat,farmed,attack_02,harm
"Without warning, the aggressive animal charged at the sheep in the field.",1,sheep,farmed,attack_02,harm
"Without warning, the aggressive animal charged at the duck in the field.",1,duck,farmed,attack_02,harm
"Without warning, the aggressive animal charged at the turkey in the field.",1,turkey,farmed,attack_02,harm
"Without warning, the aggressive animal charged at the hen in the field.",1,hen,farmed,attack_02,harm
"Without warning, the aggressive animal charged at the rooster in the field.",1,rooster,farmed,attack_02,harm
"Without warning, the aggressive animal charged at the calf in the field.",1,calf,farmed,attack_02,harm
"Without warning, the aggressive animal charged at the lamb in the field.",1,lamb,farmed,attack_02,harm
"Without warning, the aggressive animal charged at the piglet in the field.",1,piglet,farmed,attack_02,harm
"Without warning, the aggressive animal charged at the ox in the field.",1,ox,farmed,attack_02,harm
"Without warning, the aggressive animal charged at the donkey in the field.",1,donkey,farmed,attack_02,harm
"Without warning, the aggressive animal charged at the mule in the field.",1,mule,farmed,attack_02,harm
"Without warning, the aggressive animal charged at the goose in the field.",1,goose,farmed,attack_02,harm
"Without warning, the aggressive animal charged at the sow in the field.",1,sow,farmed,attack_02,harm
"Without warning, the aggressive animal charged at the heifer in the field.",1,heifer,farmed,attack_02,harm
"Without warning, the aggressive animal charged at the foal in the field.",1,foal,farmed,attack_02,harm
"Without warning, the aggressive animal charged at the ram in the field.",1,ram,farmed,attack_02,harm
"Without warning, the aggressive animal charged at the rat in the field.",0,rat,wild,attack_02,harm
"Without warning, the aggressive animal charged at the boar in the field.",0,boar,wild,attack_02,harm
"Without warning, the aggressive animal charged at the buffalo in the field.",0,buffalo,wild,attack_02,harm
"Without warning, the aggressive animal charged at the fox in the field.",0,fox,wild,attack_02,harm
"Without warning, the aggressive animal charged at the deer in the field.",0,deer,wild,attack_02,harm
"Without warning, the aggressive animal charged at the badger in the field.",0,badger,wild,attack_02,harm
"Without warning, the aggressive animal charged at the otter in the field.",0,otter,wild,attack_02,harm
"Without warning, the aggressive animal charged at the hare in the field.",0,hare,wild,attack_02,harm
"Without warning, the aggressive animal charged at the raccoon in the field.",0,raccoon,wild,attack_02,harm
"Without warning, the aggressive animal charged at the squirrel in the field.",0,squirrel,wild,attack_02,harm
"Without warning, the aggressive animal charged at the weasel in the field.",0,weasel,wild,attack_02,harm
"Without warning, the aggressive animal charged at the coyote in the field.",0,coyote,wild,attack_02,harm
"Without warning, the aggressive animal charged at the moose in the field.",0,moose,wild,attack_02,harm
"Without warning, the aggressive animal charged at the elk in the field.",0,elk,wild,attack_02,harm
"Without warning, the aggressive animal charged at the wolf in the field.",0,wolf,wild,attack_02,harm
"Without warning, the aggressive animal charged at the hedgehog in the field.",0,hedgehog,wild,attack_02,harm
"Without warning, the aggressive animal charged at the possum in the field.",0,possum,wild,attack_02,harm
"Without warning, the aggressive animal charged at the jackal in the field.",0,jackal,wild,attack_02,harm
"Without warning, the aggressive animal charged at the stoat in the field.",0,stoat,wild,attack_02,harm
"Without warning, the aggressive animal charged at the marten in the field.",0,marten,wild,attack_02,harm
The intruder struck the pig repeatedly before fleeing into the night.,1,pig,farmed,attack_03,harm
The intruder struck the cow repeatedly before fleeing into the night.,1,cow,farmed,attack_03,harm
The intruder struck the chicken repeatedly before fleeing into the night.,1,chicken,farmed,attack_03,harm
The intruder struck the goat repeatedly before fleeing into the night.,1,goat,farmed,attack_03,harm
The intruder struck the sheep repeatedly before fleeing into the night.,1,sheep,farmed,attack_03,harm
The intruder struck the duck repeatedly before fleeing into the night.,1,duck,farmed,attack_03,harm
The intruder struck the turkey repeatedly before fleeing into the night.,1,turkey,farmed,attack_03,harm
The intruder struck the hen repeatedly before fleeing into the night.,1,hen,farmed,attack_03,harm
The intruder struck the rooster repeatedly before fleeing into the night.,1,rooster,farmed,attack_03,harm
The intruder struck the calf repeatedly before fleeing into the night.,1,calf,farmed,attack_03,harm
The intruder struck the lamb repeatedly before fleeing into the night.,1,lamb,farmed,attack_03,harm
The intruder struck the piglet repeatedly before fleeing into the night.,1,piglet,farmed,attack_03,harm
The intruder struck the ox repeatedly before fleeing into the night.,1,ox,farmed,attack_03,harm
The intruder struck the donkey repeatedly before fleeing into the night.,1,donkey,farmed,attack_03,harm
The intruder struck the mule repeatedly before fleeing into the night.,1,mule,farmed,attack_03,harm
The intruder struck the goose repeatedly before fleeing into the night.,1,goose,farmed,attack_03,harm
The intruder struck the sow repeatedly before fleeing into the night.,1,sow,farmed,attack_03,harm
The intruder struck the heifer repeatedly before fleeing into the night.,1,heifer,farmed,attack_03,harm
The intruder struck the foal repeatedly before fleeing into the night.,1,foal,farmed,attack_03,harm
The intruder struck the ram repeatedly before fleeing into the night.,1,ram,farmed,attack_03,harm
The intruder struck the rat repeatedly before fleeing into the night.,0,rat,wild,attack_03,harm
The intruder struck the boar repeatedly before fleeing into the night.,0,boar,wild,attack_03,harm
The intruder struck the buffalo repeatedly before fleeing into the night.,0,buffalo,wild,attack_03,harm
The intruder struck the fox repeatedly before fleeing into the night.,0,fox,wild,attack_03,harm
The intruder struck the deer repeatedly before fleeing into the night.,0,deer,wild,attack_03,harm
The intruder struck the badger repeatedly before fleeing into the night.,0,badger,wild,attack_03,harm
The intruder struck the otter repeatedly before fleeing into the night.,0,otter,wild,attack_03,harm
The intruder struck the hare repeatedly before fleeing into the night.,0,hare,wild,attack_03,harm
The intruder struck the raccoon repeatedly before fleeing into the night.,0,raccoon,wild,attack_03,harm
The intruder struck the squirrel repeatedly before fleeing into the night.,0,squirrel,wild,attack_03,harm
The intruder struck the weasel repeatedly before fleeing into the night.,0,weasel,wild,attack_03,harm
The intruder struck the coyote repeatedly before fleeing into the night.,0,coyote,wild,attack_03,harm
The intruder struck the moose repeatedly before fleeing into the night.,0,moose,wild,attack_03,harm
The intruder struck the elk repeatedly before fleeing into the night.,0,elk,wild,attack_03,harm
The intruder struck the wolf repeatedly before fleeing into the night.,0,wolf,wild,attack_03,harm
The intruder struck the hedgehog repeatedly before fleeing into the night.,0,hedgehog,wild,attack_03,harm
The intruder struck the possum repeatedly before fleeing into the night.,0,possum,wild,attack_03,harm
The intruder struck the jackal repeatedly before fleeing into the night.,0,jackal,wild,attack_03,harm
The intruder struck the stoat repeatedly before fleeing into the night.,0,stoat,wild,attack_03,harm
The intruder struck the marten repeatedly before fleeing into the night.,0,marten,wild,attack_03,harm
"Wounded in the attack, the pig retreated toward the shelter of the hedge.",1,pig,farmed,attack_04,harm
"Wounded in the attack, the cow retreated toward the shelter of the hedge.",1,cow,farmed,attack_04,harm
"Wounded in the attack, the chicken retreated toward the shelter of the hedge.",1,chicken,farmed,attack_04,harm
"Wounded in the attack, the goat retreated toward the shelter of the hedge.",1,goat,farmed,attack_04,harm
"Wounded in the attack, the sheep retreated toward the shelter of the hedge.",1,sheep,farmed,attack_04,harm
"Wounded in the attack, the duck retreated toward the shelter of the hedge.",1,duck,farmed,attack_04,harm
"Wounded in the attack, the turkey retreated toward the shelter of the hedge.",1,turkey,farmed,attack_04,harm
"Wounded in the attack, the hen retreated toward the shelter of the hedge.",1,hen,farmed,attack_04,harm
"Wounded in the attack, the rooster retreated toward the shelter of the hedge.",1,rooster,farmed,attack_04,harm
"Wounded in the attack, the calf retreated toward the shelter of the hedge.",1,calf,farmed,attack_04,harm
"Wounded in the attack, the lamb retreated toward the shelter of the hedge.",1,lamb,farmed,attack_04,harm
"Wounded in the attack, the piglet retreated toward the shelter of the hedge.",1,piglet,farmed,attack_04,harm
"Wounded in the attack, the ox retreated toward the shelter of the hedge.",1,ox,farmed,attack_04,harm
"Wounded in the attack, the donkey retreated toward the shelter of the hedge.",1,donkey,farmed,attack_04,harm
"Wounded in the attack, the mule retreated toward the shelter of the hedge.",1,mule,farmed,attack_04,harm
"Wounded in the attack, the goose retreated toward the shelter of the hedge.",1,goose,farmed,attack_04,harm
"Wounded in the attack, the sow retreated toward the shelter of the hedge.",1,sow,farmed,attack_04,harm
"Wounded in the attack, the heifer retreated toward the shelter of the hedge.",1,heifer,farmed,attack_04,harm
"Wounded in the attack, the foal retreated toward the shelter of the hedge.",1,foal,farmed,attack_04,harm
"Wounded in the attack, the ram retreated toward the shelter of the hedge.",1,ram,farmed,attack_04,harm
"Wounded in the attack, the rat retreated toward the shelter of the hedge.",0,rat,wild,attack_04,harm
"Wounded in the attack, the boar retreated toward the shelter of the hedge.",0,boar,wild,attack_04,harm
"Wounded in the attack, the buffalo retreated toward the shelter of the hedge.",0,buffalo,wild,attack_04,harm
"Wounded in the attack, the fox retreated toward the shelter of the hedge.",0,fox,wild,attack_04,harm
"Wounded in the attack, the deer retreated toward the shelter of the hedge.",0,deer,wild,attack_04,harm
"Wounded in the attack, the badger retreated toward the shelter of the hedge.",0,badger,wild,attack_04,harm
"Wounded in the attack, the otter retreated toward the shelter of the hedge.",0,otter,wild,attack_04,harm
"Wounded in the attack, the hare retreated toward the shelter of the hedge.",0,hare,wild,attack_04,harm
"Wounded in the attack, the raccoon retreated toward the shelter of the hedge.",0,raccoon,wild,attack_04,harm
"Wounded in the attack, the squirrel retreated toward the shelter of the hedge.",0,squirrel,wild,attack_04,harm
"Wounded in the attack, the weasel retreated toward the shelter of the hedge.",0,weasel,wild,attack_04,harm
"Wounded in the attack, the coyote retreated toward the shelter of the hedge.",0,coyote,wild,attack_04,harm
"Wounded in the attack, the moose retreated toward the shelter of the hedge.",0,moose,wild,attack_04,harm
"Wounded in the attack, the elk retreated toward the shelter of the hedge.",0,elk,wild,attack_04,harm
"Wounded in the attack, the wolf retreated toward the shelter of the hedge.",0,wolf,wild,attack_04,harm
"Wounded in the attack, the hedgehog retreated toward the shelter of the hedge.",0,hedgehog,wild,attack_04,harm
"Wounded in the attack, the possum retreated toward the shelter of the hedge.",0,possum,wild,attack_04,harm
"Wounded in the attack, the jackal retreated toward the shelter of the hedge.",0,jackal,wild,attack_04,harm
"Wounded in the attack, the stoat retreated toward the shelter of the hedge.",0,stoat,wild,attack_04,harm
"Wounded in the attack, the marten retreated toward the shelter of the hedge.",0,marten,wild,attack_04,harm
The predator wounded the pig during the encounter at the edge of the woods.,1,pig,farmed,attack_05,harm
The predator wounded the cow during the encounter at the edge of the woods.,1,cow,farmed,attack_05,harm
The predator wounded the chicken during the encounter at the edge of the woods.,1,chicken,farmed,attack_05,harm
The predator wounded the goat during the encounter at the edge of the woods.,1,goat,farmed,attack_05,harm
The predator wounded the sheep during the encounter at the edge of the woods.,1,sheep,farmed,attack_05,harm
The predator wounded the duck during the encounter at the edge of the woods.,1,duck,farmed,attack_05,harm
The predator wounded the turkey during the encounter at the edge of the woods.,1,turkey,farmed,attack_05,harm
The predator wounded the hen during the encounter at the edge of the woods.,1,hen,farmed,attack_05,harm
The predator wounded the rooster during the encounter at the edge of the woods.,1,rooster,farmed,attack_05,harm
The predator wounded the calf during the encounter at the edge of the woods.,1,calf,farmed,attack_05,harm
The predator wounded the lamb during the encounter at the edge of the woods.,1,lamb,farmed,attack_05,harm
The predator wounded the piglet during the encounter at the edge of the woods.,1,piglet,farmed,attack_05,harm
The predator wounded the ox during the encounter at the edge of the woods.,1,ox,farmed,attack_05,harm
The predator wounded the donkey during the encounter at the edge of the woods.,1,donkey,farmed,attack_05,harm
The predator wounded the mule during the encounter at the edge of the woods.,1,mule,farmed,attack_05,harm
The predator wounded the goose during the encounter at the edge of the woods.,1,goose,farmed,attack_05,harm
The predator wounded the sow during the encounter at the edge of the woods.,1,sow,farmed,attack_05,harm
The predator wounded the heifer during the encounter at the edge of the woods.,1,heifer,farmed,attack_05,harm
The predator wounded the foal during the encounter at the edge of the woods.,1,foal,farmed,attack_05,harm
The predator wounded the ram during the encounter at the edge of the woods.,1,ram,farmed,attack_05,harm
The predator wounded the rat during the encounter at the edge of the woods.,0,rat,wild,attack_05,harm
The predator wounded the boar during the encounter at the edge of the woods.,0,boar,wild,attack_05,harm
The predator wounded the buffalo during the encounter at the edge of the woods.,0,buffalo,wild,attack_05,harm
The predator wounded the fox during the encounter at the edge of the woods.,0,fox,wild,attack_05,harm
The predator wounded the deer during the encounter at the edge of the woods.,0,deer,wild,attack_05,harm
The predator wounded the badger during the encounter at the edge of the woods.,0,badger,wild,attack_05,harm
The predator wounded the otter during the encounter at the edge of the woods.,0,otter,wild,attack_05,harm
The predator wounded the hare during the encounter at the edge of the woods.,0,hare,wild,attack_05,harm
The predator wounded the raccoon during the encounter at the edge of the woods.,0,raccoon,wild,attack_05,harm
The predator wounded the squirrel during the encounter at the edge of the woods.,0,squirrel,wild,attack_05,harm
The predator wounded the weasel during the encounter at the edge of the woods.,0,weasel,wild,attack_05,harm
The predator wounded the coyote during the encounter at the edge of the woods.,0,coyote,wild,attack_05,harm
The predator wounded the moose during the encounter at the edge of the woods.,0,moose,wild,attack_05,harm
The predator wounded the elk during the encounter at the edge of the woods.,0,elk,wild,attack_05,harm
The predator wounded the wolf during the encounter at the edge of the woods.,0,wolf,wild,attack_05,harm
The predator wounded the hedgehog during the encounter at the edge of the woods.,0,hedgehog,wild,attack_05,harm
The predator wounded the possum during the encounter at the edge of the woods.,0,possum,wild,attack_05,harm
The predator wounded the jackal during the encounter at the edge of the woods.,0,jackal,wild,attack_05,harm
The predator wounded the stoat during the encounter at the edge of the woods.,0,stoat,wild,attack_05,harm
The predator wounded the marten during the encounter at the edge of the woods.,0,marten,wild,attack_05,harm
"Bitten several times, the pig was left bleeding near the fence.",1,pig,farmed,attack_06,harm
"Bitten several times, the cow was left bleeding near the fence.",1,cow,farmed,attack_06,harm
"Bitten several times, the chicken was left bleeding near the fence.",1,chicken,farmed,attack_06,harm
"Bitten several times, the goat was left bleeding near the fence.",1,goat,farmed,attack_06,harm
"Bitten several times, the sheep was left bleeding near the fence.",1,sheep,farmed,attack_06,harm
"Bitten several times, the duck was left bleeding near the fence.",1,duck,farmed,attack_06,harm
"Bitten several times, the turkey was left bleeding near the fence.",1,turkey,farmed,attack_06,harm
"Bitten several times, the hen was left bleeding near the fence.",1,hen,farmed,attack_06,harm
"Bitten several times, the rooster was left bleeding near the fence.",1,rooster,farmed,attack_06,harm
"Bitten several times, the calf was left bleeding near the fence.",1,calf,farmed,attack_06,harm
"Bitten several times, the lamb was left bleeding near the fence.",1,lamb,farmed,attack_06,harm
"Bitten several times, the piglet was left bleeding near the fence.",1,piglet,farmed,attack_06,harm
"Bitten several times, the ox was left bleeding near the fence.",1,ox,farmed,attack_06,harm
"Bitten several times, the donkey was left bleeding near the fence.",1,donkey,farmed,attack_06,harm
"Bitten several times, the mule was left bleeding near the fence.",1,mule,farmed,attack_06,harm
"Bitten several times, the goose was left bleeding near the fence.",1,goose,farmed,attack_06,harm
"Bitten several times, the sow was left bleeding near the fence.",1,sow,farmed,attack_06,harm
"Bitten several times, the heifer was left bleeding near the fence.",1,heifer,farmed,attack_06,harm
"Bitten several times, the foal was left bleeding near the fence.",1,foal,farmed,attack_06,harm
"Bitten several times, the ram was left bleeding near the fence.",1,ram,farmed,attack_06,harm
"Bitten several times, the rat was left bleeding near the fence.",0,rat,wild,attack_06,harm
"Bitten several times, the boar was left bleeding near the fence.",0,boar,wild,attack_06,harm
"Bitten several times, the buffalo was left bleeding near the fence.",0,buffalo,wild,attack_06,harm
"Bitten several times, the fox was left bleeding near the fence.",0,fox,wild,attack_06,harm
"Bitten several times, the deer was left bleeding near the fence.",0,deer,wild,attack_06,harm
"Bitten several times, the badger was left bleeding near the fence.",0,badger,wild,attack_06,harm
"Bitten several times, the otter was left bleeding near the fence.",0,otter,wild,attack_06,harm
"Bitten several times, the hare was left bleeding near the fence.",0,hare,wild,attack_06,harm
"Bitten several times, the raccoon was left bleeding near the fence.",0,raccoon,wild,attack_06,harm
"Bitten several times, the squirrel was left bleeding near the fence.",0,squirrel,wild,attack_06,harm
"Bitten several times, the weasel was left bleeding near the fence.",0,weasel,wild,attack_06,harm
"Bitten several times, the coyote was left bleeding near the fence.",0,coyote,wild,attack_06,harm
"Bitten several times, the moose was left bleeding near the fence.",0,moose,wild,attack_06,harm
"Bitten several times, the elk was left bleeding near the fence.",0,elk,wild,attack_06,harm
"Bitten several times, the wolf was left bleeding near the fence.",0,wolf,wild,attack_06,harm
"Bitten several times, the hedgehog was left bleeding near the fence.",0,hedgehog,wild,attack_06,harm
"Bitten several times, the possum was left bleeding near the fence.",0,possum,wild,attack_06,harm
"Bitten several times, the jackal was left bleeding near the fence.",0,jackal,wild,attack_06,harm
"Bitten several times, the stoat was left bleeding near the fence.",0,stoat,wild,attack_06,harm
"Bitten several times, the marten was left bleeding near the fence.",0,marten,wild,attack_06,harm
