statement,label,subject,subject_category,template_id,axis
"In the early morning light, the man wandered slowly across the meadow.",1,man,human,morning_01,neutral
"In the early morning light, the woman wandered slowly across the meadow.",1,woman,human,morning_01,neutral
"In the early morning light, the child wandered slowly across the meadow.",1,child,human,morning_01,neutral
"In the early morning light, the boy wandered slowly across the meadow.",1,boy,human,morning_01,neutral
"In the early morning light, the girl wandered slowly across the meadow.",1,girl,human,morning_01,neutral
"In the early morning light, the farmer wandered slowly across the meadow.",1,farmer,human,morning_01,neutral
"In the early morning light, the nurse wandered slowly across the meadow.",1,nurse,human,morning_01,neutral
"In the early morning light, the teacher wandered slowly across the meadow.",1,teacher,human,morning_01,neutral
"In the early morning light, the doctor wandered slowly across the meadow.",1,doctor,human,morning_01,neutral
"In the early morning light, the student wandered slowly across the meadow.",1,student,human,morning_01,neutral
"In the early morning light, the soldier wandered slowly across the meadow.",1,soldier,human,morning_01,neutral
"In the early morning light, the hiker wandered slowly across the meadow.",1,hiker,human,morning_01,neutral
"In the early morning light, the shepherd wandered slowly across the meadow.",1,shepherd,human,morning_01,neutral
"In the early morning light, the villager wandered slowly across the meadow.",1,villager,human,morning_01,neutral
"In the early morning light, the fisherman wandered slowly across the meadow.",1,fisherman,human,morning_01,neutral
"In the early morning light, the carpenter wandered slowly across the meadow.",1,carpenter,human,morning_01,neutral
"In the early morning light, the toddler wandered slowly across the meadow.",1,toddler,human,morning_01,neutral
"In the early morning light, the grandmother wandered slowly across the meadow.",1,grandmother,human,morning_01,neutral
"In the early morning light, the grandfather wandered slowly across the meadow.",1,grandfather,human,morning_01,neutral
"In the early morning light, the worker wandered slowly across the meadow.",1,worker,human,morning_01,neutral
"In the early morning light, the dog wandered slowly across the meadow.",0,dog,companion,morning_01,neutral
"In the early morning light, the cat wandered slowly across the meadow.",0,cat,companion,morning_01,neutral
"In the early morning light, the rabbit wandered slowly across the meadow.",0,rabbit,companion,morning_01,neutral
"In the early morning light, the puppy wandered slowly across the meadow.",0,puppy,companion,morning_01,neutral
"In the early morning light, the kitten wandered slowly across the meadow.",0,kitten,companion,morning_01,neutral
"In the early morning light, the hamster wandered slowly across the meadow.",0,hamster,companion,morning_01,neutral
"In the early morning light, the ferret wandered slowly across the meadow.",0,ferret,companion,morning_01,neutral
"In the early morning light, the poodle wandered slowly across the meadow.",0,poodle,companion,morning_01,neutral
"In the early morning light, the beagle wandered slowly across the meadow.",0,beagle,companion,morning_01,neutral
"In the early morning light, the terrier wandered slowly across the meadow.",0,terrier,companion,morning_01,neutral
"In the early morning light, the spaniel wandered slowly across the meadow.",0,spaniel,companion,morning_01,neutral
"In the early morning light, the labrador wandered slowly across the meadow.",0,labrador,companion,morning_01,neutral
"In the early morning light, the collie wandered slowly across the meadow.",0,collie,companion,morning_01,neutral
"In the early morning light, the pug wandered slowly across the meadow.",0,pug,companion,morning_01,neutral
"In the early morning light, the bulldog wandered slowly across the meadow.",0,bulldog,companion,morning_01,neutral
"In the early morning light, the retriever wandered slowly across the meadow.",0,retriever,companion,morning_01,neutral
"In the early morning light, the tomcat wandered slowly across the meadow.",0,tomcat,companion,morning_01,neutral
"In the early morning light, the gerbil wandered slowly across the meadow.",0,gerbil,companion,morning_01,neutral
"In the early morning light, the dalmatian wandered slowly across the meadow.",0,dalmatian,companion,morning_01,neutral
"In the early morning light, the greyhound wandered slowly across the meadow.",0,greyhound,companion,morning_01,neutral
"Just after sunrise, the man crossed the quiet country lane.",1,man,human,morning_02,neutral
"Just after sunrise, the woman crossed the quiet country lane.",1,woman,human,morning_02,neutral
"Just after sunrise, the child crossed the quiet country lane.",1,child,human,morning_02,neutral
"Just after sunrise, the boy crossed the quiet country lane.",1,boy,human,morning_02,neutral
"Just after sunrise, the girl crossed the quiet country lane.",1,girl,human,morning_02,neutral
"Just after sunrise, the farmer crossed the quiet country lane.",1,farmer,human,morning_02,neutral
"Just after sunrise, the nurse crossed the quiet country lane.",1,nurse,human,morning_02,neutral
"Just after sunrise, the teacher crossed the quiet country lane.",1,teacher,human,morning_02,neutral
"Just after sunrise, the doctor crossed the quiet country lane.",1,doctor,human,morning_02,neutral
"Just after sunrise, the student crossed the quiet country lane.",1,student,human,morning_02,neutral
"Just after sunrise, the soldier crossed the quiet country lane.",1,soldier,human,morning_02,neutral
"Just after sunrise, the hiker crossed the quiet country lane.",1,hiker,human,morning_02,neutral
"Just after sunrise, the shepherd crossed the quiet country lane.",1,shepherd,human,morning_02,neutral
"Just after sunrise, the villager crossed the quiet country lane.",1,villager,human,morning_02,neutral
"Just after sunrise, the fisherman crossed the quiet country lane.",1,fisherman,human,morning_02,neutral
"Just after sunrise, the carpenter crossed the quiet country lane.",1,carpenter,human,morning_02,neutral
"Just after sunrise, the toddler crossed the quiet country lane.",1,toddler,human,morning_02,neutral
"Just after sunrise, the grandmother crossed the quiet country lane.",1,grandmother,human,morning_02,neutral
"Just after sunrise, the grandfather crossed the quiet country lane.",1,grandfather,human,morning_02,neutral
"Just after sunrise, the worker crossed the quiet country lane.",1,worker,human,morning_02,neutral
"Just after sunrise, the dog crossed the quiet country lane.",0,dog,companion,morning_02,neutral
"Just after sunrise, the cat crossed the quiet country lane.",0,cat,companion,morning_02,neutral
"Just after sunrise, the rabbit crossed the quiet country lane.",0,rabbit,companion,morning_02,neutral
"Just after sunrise, the puppy crossed the quiet country lane.",0,puppy,companion,morning_02,neutral
"Just after sunrise, the kitten crossed the quiet country lane.",0,kitten,companion,morning_02,neutral
"Just after sunrise, the hamster crossed the quiet country lane.",0,hamster,companion,morning_02,neutral
"Just after sunrise, the ferret crossed the quiet country lane.",0,ferret,companion,morning_02,neutral
"Just after sunrise, the poodle crossed the quiet country lane.",0,poodle,companion,morning_02,neutral
"Just after sunrise, the beagle crossed the quiet country lane.",0,beagle,companion,morning_02,neutral
"Just after sunrise, the terrier crossed the quiet country lane.",0,terrier,companion,morning_02,neutral
"Just after sunrise, the spaniel crossed the quiet country lane.",0,spaniel,companion,morning_02,neutral
"Just after sunrise, the labrador crossed the quiet country lane.",0,labrador,companion,morning_02,neutral
"Just after sunrise, the collie crossed the quiet country lane.",0,collie,companion,morning_02,neutral
"Just after sunrise, the pug crossed the quiet country lane.",0,pug,companion,morning_02,neutral
"Just after sunrise, the bulldog crossed the quiet country lane.",0,bulldog,companion,morning_02,neutral
"Just after sunrise, the retriever crossed the quiet country lane.",0,retriever,companion,morning_02,neutral
"Just after sunrise, the tomcat crossed the quiet country lane.",0,tomcat,companion,morning_02,neutral
"Just after sunrise, the gerbil crossed the quiet country lane.",0,gerbil,companion,morning_02,neutral
"Just after sunrise, the dalmatian crossed the quiet country lane.",0,dalmatian,companion,morning_02,neutral
"Just after sunrise, the greyhound crossed the quiet country lane.",0,greyhound,companion,morning_02,neutral
"Before the household woke, the man was already out in the yard.",1,man,human,morning_03,neutral
"Before the household woke, the woman was already out in the yard.",1,woman,human,morning_03,neutral
"Before the household woke, the child was already out in the yard.",1,child,human,morning_03,neutral
"Before the household woke, the boy was already out in the yard.",1,boy,human,morning_03,neutral
"Before the household woke, the girl was already out in the yard.",1,girl,human,morning_03,neutral
"Before the household woke, the farmer was already out in the yard.",1,farmer,human,morning_03,neutral
"Before the household woke, the nurse was already out in the yard.",1,nurse,human,morning_03,neutral
"Before the household woke, the teacher was already out in the yard.",1,teacher,human,morning_03,neutral
"Before the household woke, the doctor was already out in the yard.",1,doctor,human,morning_03,neutral
"Before the household woke, the student was already out in the yard.",1,student,human,morning_03,neutral
"Before the household woke, the soldier was already out in the yard.",1,soldier,human,morning_03,neutral
"Before the household woke, the hiker was already out in the yard.",1,hiker,human,morning_03,neutral
"Before the household woke, the shepherd was already out in the yard.",1,shepherd,human,morning_03,neutral
"Before the household woke, the villager was already out in the yard.",1,villager,human,morning_03,neutral
"Before the household woke, the fisherman was already out in the yard.",1,fisherman,human,morning_03,neutral
"Before the household woke, the carpenter was already out in the yard.",1,carpenter,human,morning_03,neutral
"Before the household woke, the toddler was already out in the yard.",1,toddler,human,morning_03,neutral
"Before the household woke, the grandmother was already out in the yard.",1,grandmother,human,morning_03,neutral
"Before the household woke, the grandfather was already out in the yard.",1,grandfather,human,morning_03,neutral
"Before the household woke, the worker was already out in the yard.",1,worker,human,morning_03,neutral
"Before the household woke, the dog was already out in the yard.",0,dog,companion,morning_03,neutral
"Before the household woke, the cat was already out in the yard.",0,cat,companion,morning_03,neutral
"Before the household woke, the rabbit was already out in the yard.",0,rabbit,companion,morning_03,neutral
"Before the household woke, the puppy was already out in the yard.",0,puppy,companion,morning_03,neutral
"Before the household woke, the kitten was already out in the yard.",0,kitten,companion,morning_03,neutral
"Before the household woke, the hamster was already out in the yard.",0,hamster,companion,morning_03,neutral
"Before the household woke, the ferret was already out in the yard.",0,ferret,companion,morning_03,neutral
"Before the household woke, the poodle was already out in the yard.",0,poodle,companion,morning_03,neutral
"Before the household woke, the beagle was already out in the yard.",0,beagle,companion,morning_03,neutral
"Before the household woke, the terrier was already out in the yard.",0,terrier,companion,morning_03,neutral
"Before the household woke, the spaniel was already out in the yard.",0,spaniel,companion,morning_03,neutral
"Before the household woke, the labrador was already out in the yard.",0,labrador,companion,morning_03,neutral
"Before the household woke, the collie was already out in the yard.",0,collie,companion,morning_03,neutral
"Before the household woke, the pug was already out in the yard.",0,pug,companion,morning_03,neutral
"Before the household woke, the bulldog was already out in the yard.",0,bulldog,companion,morning_03,neutral
"Before the household woke, the retriever was already out in the yard.",0,retriever,companion,morning_03,neutral
"Before the household woke, the tomcat was already out in the yard.",0,tomcat,companion,morning_03,neutral
"Before the household woke, the gerbil was already out in the yard.",0,gerbil,companion,morning_03,neutral
"Before the household woke, the dalmatian was already out in the yard.",0,dalmatian,companion,morning_03,neutral
"Before the household woke, the greyhound was already out in the yard.",0,greyhound,companion,morning_03,neutral
"At first light, the man appeared at the edge of the orchard.",1,man,human,morning_04,neutral
"At first light, the woman appeared at the edge of the orchard.",1,woman,human,morning_04,neutral
"At first light, the child appeared at the edge of the orchard.",1,child,human,morning_04,neutral
"At first light, the boy appeared at the edge of the orchard.",1,boy,human,morning_04,neutral
"At first light, the girl appeared at the edge of the orchard.",1,girl,human,morning_04,neutral
"At first light, the farmer appeared at the edge of the orchard.",1,farmer,human,morning_04,neutral
"At first light, the nurse appeared at the edge of the orchard.",1,nurse,human,morning_04,neutral
"At first light, the teacher appeared at the edge of the orchard.",1,teacher,human,morning_04,neutral
"At first light, the doctor appeared at the edge of the orchard.",1,doctor,human,morning_04,neutral
"At first light, the student appeared at the edge of the orchard.",1,student,human,morning_04,neutral
"At first light, the soldier appeared at the edge of the orchard.",1,soldier,human,morning_04,neutral
"At first light, the hiker appeared at the edge of the orchard.",1,hiker,human,morning_04,neutral
"At first light, the shepherd appeared at the edge of the orchard.",1,shepherd,human,morning_04,neutral
"At first light, the villager appeared at the edge of the orchard.",1,villager,human,morning_04,neutral
"At first light, the fisherman appeared at the edge of the orchard.",1,fisherman,human,morning_04,neutral
"At first light, the carpenter appeared at the edge of the orchard.",1,carpenter,human,morning_04,neutral
"At first light, the toddler appeared at the edge of the orchard.",1,toddler,human,morning_04,neutral
"At first light, the grandmother appeared at the edge of the orchard.",1,grandmother,human,morning_04,neutral
"At first light, the grandfather appeared at the edge of the orchard.",1,grandfather,human,morning_04,neutral
"At first light, the worker appeared at the edge of the orchard.",1,worker,human,morning_04,neutral
"At first light, the dog appeared at the edge of the orchard.",0,dog,companion,morning_04,neutral
"At first light, the cat appeared at the edge of the orchard.",0,cat,companion,morning_04,neutral
"At first light, the rabbit appeared at the edge of the orchard.",0,rabbit,companion,morning_04,neutral
"At first light, the puppy appeared at the edge of the orchard.",0,puppy,companion,morning_04,neutral
"At first light, the kitten appeared at the edge of the orchard.",0,kitten,companion,morning_04,neutral
"At first light, the hamster appeared at the edge of the orchard.",0,hamster,companion,morning_04,neutral
"At first light, the ferret appeared at the edge of the orchard.",0,ferret,companion,morning_04,neutral
"At first light, the poodle appeared at the edge of the orchard.",0,poodle,companion,morning_04,neutral
"At first light, the beagle appeared at the edge of the orchard.",0,beagle,companion,morning_04,neutral
"At first light, the terrier appeared at the edge of the orchard.",0,terrier,companion,morning_04,neutral
"At first light, the spaniel appeared at the edge of the orchard.",0,spaniel,companion,morning_04,neutral
"At first light, the labrador appeared at the edge of the orchard.",0,labrador,companion,morning_04,neutral
"At first light, the collie appeared at the edge of the orchard.",0,collie,companion,morning_04,neutral
"At first light, the pug appeared at the edge of the orchard.",0,pug,companion,morning_04,neutral
"At first light, the bulldog appeared at the edge of the orchard.",0,bulldog,companion,morning_04,neutral
"At first light, the retriever appeared at the edge of the orchard.",0,retriever,companion,morning_04,neutral
"At first light, the tomcat appeared at the edge of the orchard.",0,tomcat,companion,morning_04,neutral
"At first light, the gerbil appeared at the edge of the orchard.",0,gerbil,companion,morning_04,neutral
"At first light, the dalmatian appeared at the edge of the orchard.",0,dalmatian,companion,morning_04,neutral
"At first light, the greyhound appeared at the edge of the orchard.",0,greyhound,companion,morning_04,neutral
"Under the shade of the old oak, the man rested through the warm afternoon.",1,man,human,rest_01,neutral
"Under the shade of the old oak, the woman rested through the warm afternoon.",1,woman,human,rest_01,neutral
"Under the shade of the old oak, the child rested through the warm afternoon.",1,child,human,rest_01,neutral
"Under the shade of the old oak, the boy rested through the warm afternoon.",1,boy,human,rest_01,neutral
"Under the shade of the old oak, the girl rested through the warm afternoon.",1,girl,human,rest_01,neutral
"Under the shade of the old oak, the farmer rested through the warm afternoon.",1,farmer,human,rest_01,neutral
"Under the shade of the old oak, the nurse rested through the warm afternoon.",1,nurse,human,rest_01,neutral
"Under the shade of the old oak, the teacher rested through the warm afternoon.",1,teacher,human,rest_01,neutral
"Under the shade of the old oak, the doctor rested through the warm afternoon.",1,doctor,human,rest_01,neutral
"Under the shade of the old oak, the student rested through the warm afternoon.",1,student,human,rest_01,neutral
"Under the shade of the old oak, the soldier rested through the warm afternoon.",1,soldier,human,rest_01,neutral
"Under the shade of the old oak, the hiker rested through the warm afternoon.",1,hiker,human,rest_01,neutral
"Under the shade of the old oak, the shepherd rested through the warm afternoon.",1,shepherd,human,rest_01,neutral
"Under the shade of the old oak, the villager rested through the warm afternoon.",1,villager,human,rest_01,neutral
"Under the shade of the old oak, the fisherman rested through the warm afternoon.",1,fisherman,human,rest_01,neutral
"Under the shade of the old oak, the carpenter rested through the warm afternoon.",1,carpenter,human,rest_01,neutral
"Under the shade of the old oak, the toddler rested through the warm afternoon.",1,toddler,human,rest_01,neutral
"Under the shade of the old oak, the grandmother rested through the warm afternoon.",1,grandmother,human,rest_01,neutral
"Under the shade of the old oak, the grandfather rested through the warm afternoon.",1,grandfather,human,rest_01,neutral
"Under the shade of the old oak, the worker rested through the warm afternoon.",1,worker,human,rest_01,neutral
"Under the shade of the old oak, the dog rested through the warm afternoon.",0,dog,companion,rest_01,neutral
"Under the shade of the old oak, the cat rested through the warm afternoon.",0,cat,companion,rest_01,neutral
"Under the shade of the old oak, the rabbit rested through the warm afternoon.",0,rabbit,companion,rest_01,neutral
"Under the shade of the old oak, the puppy rested through the warm afternoon.",0,puppy,companion,rest_01,neutral
"Under the shade of the old oak, the kitten rested through the warm afternoon.",0,kitten,companion,rest_01,neutral
"Under the shade of the old oak, the hamster rested through the warm afternoon.",0,hamster,companion,rest_01,neutral
"Under the shade of the old oak, the ferret rested through the warm afternoon.",0,ferret,companion,rest_01,neutral
"Under the shade of the old oak, the poodle rested through the warm afternoon.",0,poodle,companion,rest_01,neutral
"Under the shade of the old oak, the beagle rested through the warm afternoon.",0,beagle,companion,rest_01,neutral
"Under the shade of the old oak, the terrier rested through the warm afternoon.",0,terrier,companion,rest_01,neutral
"Under the shade of the old oak, the spaniel rested through the warm afternoon.",0,spaniel,companion,rest_01,neutral
"Under the shade of the old oak, the labrador rested through the warm afternoon.",0,labrador,companion,rest_01,neutral
"Under the shade of the old oak, the collie rested through the warm afternoon.",0,collie,companion,rest_01,neutral
"Under the shade of the old oak, the pug rested through the warm afternoon.",0,pug,companion,rest_01,neutral
"Under the shade of the old oak, the bulldog rested through the warm afternoon.",0,bulldog,companion,rest_01,neutral
"Under the shade of the old oak, the retriever rested through the warm afternoon.",0,retriever,companion,rest_01,neutral
"Under the shade of the old oak, the tomcat rested through the warm afternoon.",0,tomcat,companion,rest_01,neutral
"Under the shade of the old oak, the gerbil rested through the warm afternoon.",0,gerbil,companion,rest_01,neutral
"Under the shade of the old oak, the dalmatian rested through the warm afternoon.",0,dalmatian,companion,rest_01,neutral
"Under the shade of the old oak, the greyhound rested through the warm afternoon.",0,greyhound,companion,rest_01,neutral
"For most of the morning, the man dozed near the barn door.",1,man,human,rest_02,neutral
"For most of the morning, the woman dozed near the barn door.",1,woman,human,rest_02,neutral
"For most of the morning, the child dozed near the barn door.",1,child,human,rest_02,neutral
"For most of the morning, the boy dozed near the barn door.",1,boy,human,rest_02,neutral
"For most of the morning, the girl dozed near the barn door.",1,girl,human,rest_02,neutral
"For most of the morning, the farmer dozed near the barn door.",1,farmer,human,rest_02,neutral
"For most of the morning, the nurse dozed near the barn door.",1,nurse,human,rest_02,neutral
"For most of the morning, the teacher dozed near the barn door.",1,teacher,human,rest_02,neutral
"For most of the morning, the doctor dozed near the barn door.",1,doctor,human,rest_02,neutral
"For most of the morning, the student dozed near the barn door.",1,student,human,rest_02,neutral
"For most of the morning, the soldier dozed near the barn door.",1,soldier,human,rest_02,neutral
"For most of the morning, the hiker dozed near the barn door.",1,hiker,human,rest_02,neutral
"For most of the morning, the shepherd dozed near the barn door.",1,shepherd,human,rest_02,neutral
"For most of the morning, the villager dozed near the barn door.",1,villager,human,rest_02,neutral
"For most of the morning, the fisherman dozed near the barn door.",1,fisherman,human,rest_02,neutral
"For most of the morning, the carpenter dozed near the barn door.",1,carpenter,human,rest_02,neutral
"For most of the morning, the toddler dozed near the barn door.",1,toddler,human,rest_02,neutral
"For most of the morning, the grandmother dozed near the barn door.",1,grandmother,human,rest_02,neutral
"For most of the morning, the grandfather dozed near the barn door.",1,grandfather,human,rest_02,neutral
"For most of the morning, the worker dozed near the barn door.",1,worker,human,rest_02,neutral
"For most of the morning, the dog dozed near the barn door.",0,dog,companion,rest_02,neutral
"For most of the morning, the cat dozed near the barn door.",0,cat,companion,rest_02,neutral
"For most of the morning, the rabbit dozed near the barn door.",0,rabbit,companion,rest_02,neutral
"For most of the morning, the puppy dozed near the barn door.",0,puppy,companion,rest_02,neutral
"For most of the morning, the kitten dozed near the barn door.",0,kitten,companion,rest_02,neutral
"For most of the morning, the hamster dozed near the barn door.",0,hamster,companion,rest_02,neutral
"For most of the morning, the ferret dozed near the barn door.",0,ferret,companion,rest_02,neutral
"For most of the morning, the poodle dozed near the barn door.",0,poodle,companion,rest_02,neutral
"For most of the morning, the beagle dozed near the barn door.",0,beagle,companion,rest_02,neutral
"For most of the morning, the terrier dozed near the barn door.",0,terrier,companion,rest_02,neutral
"For most of the morning, the spaniel dozed near the barn door.",0,spaniel,companion,rest_02,neutral
"For most of the morning, the labrador dozed near the barn door.",0,labrador,companion,rest_02,neutral
"For most of the morning, the collie dozed near the barn door.",0,collie,companion,rest_02,neutral
"For most of the morning, the pug dozed near the barn door.",0,pug,companion,rest_02,neutral
"For most of the morning, the bulldog dozed near the barn door.",0,bulldog,companion,rest_02,neutral
"For most of the morning, the retriever dozed near the barn door.",0,retriever,companion,rest_02,neutral
"For most of the morning, the tomcat dozed near the barn door.",0,tomcat,companion,rest_02,neutral
"For most of the morning, the gerbil dozed near the barn door.",0,gerbil,companion,rest_02,neutral
"For most of the morning, the dalmatian dozed near the barn door.",0,dalmatian,companion,rest_02,neutral
"For most of the morning, the greyhound dozed near the barn door.",0,greyhound,companion,rest_02,neutral
"In the corner of the yard, the man settled down for a quiet nap.",1,man,human,rest_03,neutral
"In the corner of the yard, the woman settled down for a quiet nap.",1,woman,human,rest_03,neutral
"In the corner of the yard, the child settled down for a quiet nap.",1,child,human,rest_03,neutral
"In the corner of the yard, the boy settled down for a quiet nap.",1,boy,human,rest_03,neutral
"In the corner of the yard, the girl settled down for a quiet nap.",1,girl,human,rest_03,neutral
"In the corner of the yard, the farmer settled down for a quiet nap.",1,farmer,human,rest_03,neutral
"In the corner of the yard, the nurse settled down for a quiet nap.",1,nurse,human,rest_03,neutral
"In the corner of the yard, the teacher settled down for a quiet nap.",1,teacher,human,rest_03,neutral
"In the corner of the yard, the doctor settled down for a quiet nap.",1,doctor,human,rest_03,neutral
"In the corner of the yard, the student settled down for a quiet nap.",1,student,human,rest_03,neutral
"In the corner of the yard, the soldier settled down for a quiet nap.",1,soldier,human,rest_03,neutral
"In the corner of the yard, the hiker settled down for a quiet nap.",1,hiker,human,rest_03,neutral
"In the corner of the yard, the shepherd settled down for a quiet nap.",1,shepherd,human,rest_03,neutral
"In the corner of the yard, the villager settled down for a quiet nap.",1,villager,human,rest_03,neutral
"In the corner of the yard, the fisherman settled down for a quiet nap.",1,fisherman,human,rest_03,neutral
"In the corner of the yard, the carpenter settled down for a quiet nap.",1,carpenter,human,rest_03,neutral
"In the corner of the yard, the toddler settled down for a quiet nap.",1,toddler,human,rest_03,neutral
"In the corner of the yard, the grandmother settled down for a quiet nap.",1,grandmother,human,rest_03,neutral
"In the corner of the yard, the grandfather settled down for a quiet nap.",1,grandfather,human,rest_03,neutral
"In the corner of the yard, the worker settled down for a quiet nap.",1,worker,human,rest_03,neutral
"In the corner of the yard, the dog settled down for a quiet nap.",0,dog,companion,rest_03,neutral
"In the corner of the yard, the cat settled down for a quiet nap.",0,cat,companion,rest_03,neutral
"In the corner of the yard, the rabbit settled down for a quiet nap.",0,rabbit,companion,rest_03,neutral
"In the corner of the yard, the puppy settled down for a quiet nap.",0,puppy,companion,rest_03,neutral
"In the corner of the yard, the kitten settled down for a quiet nap.",0,kitten,companion,rest_03,neutral
"In the corner of the yard, the hamster settled down for a quiet nap.",0,hamster,companion,rest_03,neutral
"In the corner of the yard, the ferret settled down for a quiet nap.",0,ferret,companion,rest_03,neutral
"In the corner of the yard, the poodle settled down for a quiet nap.",0,poodle,companion,rest_03,neutral
"In the corner of the yard, the beagle settled down for a quiet nap.",0,beagle,companion,rest_03,neutral
"In the corner of the yard, the terrier settled down for a quiet nap.",0,terrier,companion,rest_03,neutral
"In the corner of the yard, the spaniel settled down for a quiet nap.",0,spaniel,companion,rest_03,neutral
"In the corner of the yard, the labrador settled down for a quiet nap.",0,labrador,companion,rest_03,neutral
"In the corner of the yard, the collie settled down for a quiet nap.",0,collie,companion,rest_03,neutral
"In the corner of the yard, the pug settled down for a quiet nap.",0,pug,companion,rest_03,neutral
"In the corner of the yard, the bulldog settled down for a quiet nap.",0,bulldog,companion,rest_03,neutral
"In the corner of the yard, the retriever settled down for a quiet nap.",0,retriever,companion,rest_03,neutral
"In the corner of the yard, the tomcat settled down for a quiet nap.",0,tomcat,companion,rest_03,neutral
"In the corner of the yard, the gerbil settled down for a quiet nap.",0,gerbil,companion,rest_03,neutral
"In the corner of the yard, the dalmatian settled down for a quiet nap.",0,dalmatian,companion,rest_03,neutral
"In the corner of the yard, the greyhound settled down for a quiet nap.",0,greyhound,companion,rest_03,neutral
"After the long walk, the man rested calmly by the gate.",1,man,human,rest_04,neutral
"After the long walk, the woman rested calmly by the gate.",1,woman,human,rest_04,neutral
"After the long walk, the child rested calmly by the gate.",1,child,human,rest_04,neutral
"After the long walk, the boy rested calmly by the gate.",1,boy,human,rest_04,neutral
"After the long walk, the girl rested calmly by the gate.",1,girl,human,rest_04,neutral
"After the long walk, the farmer rested calmly by the gate.",1,farmer,human,rest_04,neutral
"After the long walk, the nurse rested calmly by the gate.",1,nurse,human,rest_04,neutral
"After the long walk, the teacher rested calmly by the gate.",1,teacher,human,rest_04,neutral
"After the long walk, the doctor rested calmly by the gate.",1,doctor,human,rest_04,neutral
"After the long walk, the student rested calmly by the gate.",1,student,human,rest_04,neutral
"After the long walk, the soldier rested calmly by the gate.",1,soldier,human,rest_04,neutral
"After the long walk, the hiker rested calmly by the gate.",1,hiker,human,rest_04,neutral
"After the long walk, the shepherd rested calmly by the gate.",1,shepherd,human,rest_04,neutral
"After the long walk, the villager rested calmly by the gate.",1,villager,human,rest_04,neutral
"After the long walk, the fisherman rested calmly by the gate.",1,fisherman,human,rest_04,neutral
"After the long walk, the carpenter rested calmly by the gate.",1,carpenter,human,rest_04,neutral
"After the long walk, the toddler rested calmly by the gate.",1,toddler,human,rest_04,neutral
"After the long walk, the grandmother rested calmly by the gate.",1,grandmother,human,rest_04,neutral
"After the long walk, the grandfather rested calmly by the gate.",1,grandfather,human,rest_04,neutral
"After the long walk, the worker rested calmly by the gate.",1,worker,human,rest_04,neutral
"After the long walk, the dog rested calmly by the gate.",0,dog,companion,rest_04,neutral
"After the long walk, the cat rested calmly by the gate.",0,cat,companion,rest_04,neutral
"After the long walk, the rabbit rested calmly by the gate.",0,rabbit,companion,rest_04,neutral
"After the long walk, the puppy rested calmly by the gate.",0,puppy,companion,rest_04,neutral
"After the long walk, the kitten rested calmly by the gate.",0,kitten,companion,rest_04,neutral
"After the long walk, the hamster rested calmly by the gate.",0,hamster,companion,rest_04,neutral
"After the long walk, the ferret rested calmly by the gate.",0,ferret,companion,rest_04,neutral
"After the long walk, the poodle rested calmly by the gate.",0,poodle,companion,rest_04,neutral
"After the long walk, the beagle rested calmly by the gate.",0,beagle,companion,rest_04,neutral
"After the long walk, the terrier rested calmly by the gate.",0,terrier,companion,rest_04,neutral
"After the long walk, the spaniel rested calmly by the gate.",0,spaniel,companion,rest_04,neutral
"After the long walk, the labrador rested calmly by the gate.",0,labrador,companion,rest_04,neutral
"After the long walk, the collie rested calmly by the gate.",0,collie,companion,rest_04,neutral
"After the long walk, the pug rested calmly by the gate.",0,pug,companion,rest_04,neutral
"After the long walk, the bulldog rested calmly by the gate.",0,bulldog,companion,rest_04,neutral
"After the long walk, the retriever rested calmly by the gate.",0,retriever,companion,rest_04,neutral
"After the long walk, the tomcat rested calmly by the gate.",0,tomcat,companion,rest_04,neutral
"After the long walk, the gerbil rested calmly by the gate.",0,gerbil,companion,rest_04,neutral
"After the long walk, the dalmatian rested calmly by the gate.",0,dalmatian,companion,rest_04,neutral
"After the long walk, the greyhound rested calmly by the gate.",0,greyhound,companion,rest_04,neutral
"At the edge of the garden, the man paused to eat in the shade.",1,man,human,eat_01,neutral
"At the edge of the garden, the woman paused to eat in the shade.",1,woman,human,eat_01,neutral
"At the edge of the garden, the child paused to eat in the shade.",1,child,human,eat_01,neutral
"At the edge of the garden, the boy paused to eat in the shade.",1,boy,human,eat_01,neutral
"At the edge of the garden, the girl paused to eat in the shade.",1,girl,human,eat_01,neutral
"At the edge of the garden, the farmer paused to eat in the shade.",1,farmer,human,eat_01,neutral
"At the edge of the garden, the nurse paused to eat in the shade.",1,nurse,human,eat_01,neutral
"At the edge of the garden, the teacher paused to eat in the shade.",1,teacher,human,eat_01,neutral
"At the edge of the garden, the doctor paused to eat in the shade.",1,doctor,human,eat_01,neutral
"At the edge of the garden, the student paused to eat in the shade.",1,student,human,eat_01,neutral
"At the edge of the garden, the soldier paused to eat in the shade.",1,soldier,human,eat_01,neutral
"At the edge of the garden, the hiker paused to eat in the shade.",1,hiker,human,eat_01,neutral
"At the edge of the garden, the shepherd paused to eat in the shade.",1,shepherd,human,eat_01,neutral
"At the edge of the garden, the villager paused to eat in the shade.",1,villager,human,eat_01,neutral
"At the edge of the garden, the fisherman paused to eat in the shade.",1,fisherman,human,eat_01,neutral
"At the edge of the garden, the carpenter paused to eat in the shade.",1,carpenter,human,eat_01,neutral
"At the edge of the garden, the toddler paused to eat in the shade.",1,toddler,human,eat_01,neutral
"At the edge of the garden, the grandmother paused to eat in the shade.",1,grandmother,human,eat_01,neutral
"At the edge of the garden, the grandfather paused to eat in the shade.",1,grandfather,human,eat_01,neutral
"At the edge of the garden, the worker paused to eat in the shade.",1,worker,human,eat_01,neutral
"At the edge of the garden, the dog paused to eat in the shade.",0,dog,companion,eat_01,neutral
"At the edge of the garden, the cat paused to eat in the shade.",0,cat,companion,eat_01,neutral
"At the edge of the garden, the rabbit paused to eat in the shade.",0,rabbit,companion,eat_01,neutral
"At the edge of the garden, the puppy paused to eat in the shade.",0,puppy,companion,eat_01,neutral
"At the edge of the garden, the kitten paused to eat in the shade.",0,kitten,companion,eat_01,neutral
"At the edge of the garden, the hamster paused to eat in the shade.",0,hamster,companion,eat_01,neutral
"At the edge of the garden, the ferret paused to eat in the shade.",0,ferret,companion,eat_01,neutral
"At the edge of the garden, the poodle paused to eat in the shade.",0,poodle,companion,eat_01,neutral
"At the edge of the garden, the beagle paused to eat in the shade.",0,beagle,companion,eat_01,neutral
"At the edge of the garden, the terrier paused to eat in the shade.",0,terrier,companion,eat_01,neutral
"At the edge of the garden, the spaniel paused to eat in the shade.",0,spaniel,companion,eat_01,neutral
"At the edge of the garden, the labrador paused to eat in the shade.",0,labrador,companion,eat_01,neutral
"At the edge of the garden, the collie paused to eat in the shade.",0,collie,companion,eat_01,neutral
"At the edge of the garden, the pug paused to eat in the shade.",0,pug,companion,eat_01,neutral
"At the edge of the garden, the bulldog paused to eat in the shade.",0,bulldog,companion,eat_01,neutral
"At the edge of the garden, the retriever paused to eat in the shade.",0,retriever,companion,eat_01,neutral
"At the edge of the garden, the tomcat paused to eat in the shade.",0,tomcat,companion,eat_01,neutral
"At the edge of the garden, the gerbil paused to eat in the shade.",0,gerbil,companion,eat_01,neutral
"At the edge of the garden, the dalmatian paused to eat in the shade.",0,dalmatian,companion,eat_01,neutral
"At the edge of the garden, the greyhound paused to eat in the shade.",0,greyhound,companion,eat_01,neutral
"Around noon, the man stopped by the stream for a drink of water.",1,man,human,eat_02,neutral
"Around noon, the woman stopped by the stream for a drink of water.",1,woman,human,eat_02,neutral
"Around noon, the child stopped by the stream for a drink of water.",1,child,human,eat_02,neutral
"Around noon, the boy stopped by the stream for a drink of water.",1,boy,human,eat_02,neutral
"Around noon, the girl stopped by the stream for a drink of water.",1,girl,human,eat_02,neutral
"Around noon, the farmer stopped by the stream for a drink of water.",1,farmer,human,eat_02,neutral
"Around noon, the nurse stopped by the stream for a drink of water.",1,nurse,human,eat_02,neutral
"Around noon, the teacher stopped by the stream for a drink of water.",1,teacher,human,eat_02,neutral
"Around noon, the doctor stopped by the stream for a drink of water.",1,doctor,human,eat_02,neutral
"Around noon, the student stopped by the stream for a drink of water.",1,student,human,eat_02,neutral
"Around noon, the soldier stopped by the stream for a drink of water.",1,soldier,human,eat_02,neutral
"Around noon, the hiker stopped by the stream for a drink of water.",1,hiker,human,eat_02,neutral
"Around noon, the shepherd stopped by the stream for a drink of water.",1,shepherd,human,eat_02,neutral
"Around noon, the villager stopped by the stream for a drink of water.",1,villager,human,eat_02,neutral
"Around noon, the fisherman stopped by the stream for a drink of water.",1,fisherman,human,eat_02,neutral
"Around noon, the carpenter stopped by the stream for a drink of water.",1,carpenter,human,eat_02,neutral
"Around noon, the toddler stopped by the stream for a drink of water.",1,toddler,human,eat_02,neutral
"Around noon, the grandmother stopped by the stream for a drink of water.",1,grandmother,human,eat_02,neutral
"Around noon, the grandfather stopped by the stream for a drink of water.",1,grandfather,human,eat_02,neutral
"Around noon, the worker stopped by the stream for a drink of water.",1,worker,human,eat_02,neutral
"Around noon, the dog stopped by the stream for a drink of water.",0,dog,companion,eat_02,neutral
"Around noon, the cat stopped by the stream for a drink of water.",0,cat,companion,eat_02,neutral
"Around noon, the rabbit stopped by the stream for a drink of water.",0,rabbit,companion,eat_02,neutral
"Around noon, the puppy stopped by the stream for a drink of water.",0,puppy,companion,eat_02,neutral
"Around noon, the kitten stopped by the stream for a drink of water.",0,kitten,companion,eat_02,neutral
"Around noon, the hamster stopped by the stream for a drink of water.",0,hamster,companion,eat_02,neutral
"Around noon, the ferret stopped by the stream for a drink of water.",0,ferret,companion,eat_02,neutral
"Around noon, the poodle stopped by the stream for a drink of water.",0,poodle,companion,eat_02,neutral
"Around noon, the beagle stopped by the stream for a drink of water.",0,beagle,companion,eat_02,neutral
"Around noon, the terrier stopped by the stream for a drink of water.",0,terrier,companion,eat_02,neutral
"Around noon, the spaniel stopped by the stream for a drink of water.",0,spaniel,companion,eat_02,neutral
"Around noon, the labrador stopped by the stream for a drink of water.",0,labrador,companion,eat_02,neutral
"Around noon, the collie stopped by the stream for a drink of water.",0,collie,companion,eat_02,neutral
"Around noon, the pug stopped by the stream for a drink of water.",0,pug,companion,eat_02,neutral
"Around noon, the bulldog stopped by the stream for a drink of water.",0,bulldog,companion,eat_02,neutral
"Around noon, the retriever stopped by the stream for a drink of water.",0,retriever,companion,eat_02,neutral
"Around noon, the tomcat stopped by the stream for a drink of water.",0,tomcat,companion,eat_02,neutral
"Around noon, the gerbil stopped by the stream for a drink of water.",0,gerbil,companion,eat_02,neutral
"Around noon, the dalmatian stopped by the stream for a drink of water.",0,dalmatian,companion,eat_02,neutral
"Around noon, the greyhound stopped by the stream for a drink of water.",0,greyhound,companion,eat_02,neutral
"During the afternoon, the man ate slowly beside the fence.",1,man,human,eat_03,neutral
"During the afternoon, the woman ate slowly beside the fence.",1,woman,human,eat_03,neutral
"During the afternoon, the child ate slowly beside the fence.",1,child,human,eat_03,neutral
"During the afternoon, the boy ate slowly beside the fence.",1,boy,human,eat_03,neutral
"During the afternoon, the girl ate slowly beside the fence.",1,girl,human,eat_03,neutral
"During the afternoon, the farmer ate slowly beside the fence.",1,farmer,human,eat_03,neutral
"During the afternoon, the nurse ate slowly beside the fence.",1,nurse,human,eat_03,neutral
"During the afternoon, the teacher ate slowly beside the fence.",1,teacher,human,eat_03,neutral
"During the afternoon, the doctor ate slowly beside the fence.",1,doctor,human,eat_03,neutral
"During the afternoon, the student ate slowly beside the fence.",1,student,human,eat_03,neutral
"During the afternoon, the soldier ate slowly beside the fence.",1,soldier,human,eat_03,neutral
"During the afternoon, the hiker ate slowly beside the fence.",1,hiker,human,eat_03,neutral
"During the afternoon, the shepherd ate slowly beside the fence.",1,shepherd,human,eat_03,neutral
"During the afternoon, the villager ate slowly beside the fence.",1,villager,human,eat_03,neutral
"During the afternoon, the fisherman ate slowly beside the fence.",1,fisherman,human,eat_03,neutral
"During the afternoon, the carpenter ate slowly beside the fence.",1,carpenter,human,eat_03,neutral
"During the afternoon, the toddler ate slowly beside the fence.",1,toddler,human,eat_03,neutral
"During the afternoon, the grandmother ate slowly beside the fence.",1,grandmother,human,eat_03,neutral
"During the afternoon, the grandfather ate slowly beside the fence.",1,grandfather,human,eat_03,neutral
"During the afternoon, the worker ate slowly beside the fence.",1,worker,human,eat_03,neutral
"During the afternoon, the dog ate slowly beside the fence.",0,dog,companion,eat_03,neutral
"During the afternoon, the cat ate slowly beside the fence.",0,cat,companion,eat_03,neutral
"During the afternoon, the rabbit ate slowly beside the fence.",0,rabbit,companion,eat_03,neutral
"During the afternoon, the puppy ate slowly beside the fence.",0,puppy,companion,eat_03,neutral
"During the afternoon, the kitten ate slowly beside the fence.",0,kitten,companion,eat_03,neutral
"During the afternoon, the hamster ate slowly beside the fence.",0,hamster,companion,eat_03,neutral
"During the afternoon, the ferret ate slowly beside the fence.",0,ferret,companion,eat_03,neutral
"During the afternoon, the poodle ate slowly beside the fence.",0,poodle,companion,eat_03,neutral
"During the afternoon, the beagle ate slowly beside the fence.",0,beagle,companion,eat_03,neutral
"During the afternoon, the terrier ate slowly beside the fence.",0,terrier,companion,eat_03,neutral
"During the afternoon, the spaniel ate slowly beside the fence.",0,spaniel,companion,eat_03,neutral
"During the afternoon, the labrador ate slowly beside the fence.",0,labrador,companion,eat_03,neutral
"During the afternoon, the collie ate slowly beside the fence.",0,collie,companion,eat_03,neutral
"During the afternoon, the pug ate slowly beside the fence.",0,pug,companion,eat_03,neutral
"During the afternoon, the bulldog ate slowly beside the fence.",0,bulldog,companion,eat_03,neutral
"During the afternoon, the retriever ate slowly beside the fence.",0,retriever,companion,eat_03,neutral
"During the afternoon, the tomcat ate slowly beside the fence.",0,tomcat,companion,eat_03,neutral
"During the afternoon, the gerbil ate slowly beside the fence.",0,gerbil,companion,eat_03,neutral
"During the afternoon, the dalmatian ate slowly beside the fence.",0,dalmatian,companion,eat_03,neutral
"During the afternoon, the greyhound ate slowly beside the fence.",0,greyhound,companion,eat_03,neutral
"Near the back porch, the man finished eating as the sun went down.",1,man,human,eat_04,neutral
"Near the back porch, the woman finished eating as the sun went down.",1,woman,human,eat_04,neutral
"Near the back porch, the child finished eating as the sun went down.",1,child,human,eat_04,neutral
"Near the back porch, the boy finished eating as the sun went down.",1,boy,human,eat_04,neutral
"Near the back porch, the girl finished eating as the sun went down.",1,girl,human,eat_04,neutral
"Near the back porch, the farmer finished eating as the sun went down.",1,farmer,human,eat_04,neutral
"Near the back porch, the nurse finished eating as the sun went down.",1,nurse,human,eat_04,neutral
"Near the back porch, the teacher finished eating as the sun went down.",1,teacher,human,eat_04,neutral
"Near the back porch, the doctor finished eating as the sun went down.",1,doctor,human,eat_04,neutral
"Near the back porch, the student finished eating as the sun went down.",1,student,human,eat_04,neutral
"Near the back porch, the soldier finished eating as the sun went down.",1,soldier,human,eat_04,neutral
"Near the back porch, the hiker finished eating as the sun went down.",1,hiker,human,eat_04,neutral
"Near the back porch, the shepherd finished eating as the sun went down.",1,shepherd,human,eat_04,neutral
"Near the back porch, the villager finished eating as the sun went down.",1,villager,human,eat_04,neutral
"Near the back porch, the fisherman finished eating as the sun went down.",1,fisherman,human,eat_04,neutral
"Near the back porch, the carpenter finished eating as the sun went down.",1,carpenter,human,eat_04,neutral
"Near the back porch, the toddler finished eating as the sun went down.",1,toddler,human,eat_04,neutral
"Near the back porch, the grandmother finished eating as the sun went down.",1,grandmother,human,eat_04,neutral
"Near the back porch, the grandfather finished eating as the sun went down.",1,grandfather,human,eat_04,neutral
"Near the back porch, the worker finished eating as the sun went down.",1,worker,human,eat_04,neutral
"Near the back porch, the dog finished eating as the sun went down.",0,dog,companion,eat_04,neutral
"Near the back porch, the cat finished eating as the sun went down.",0,cat,companion,eat_04,neutral
"Near the back porch, the rabbit finished eating as the sun went down.",0,rabbit,companion,eat_04,neutral
"Near the back porch, the puppy finished eating as the sun went down.",0,puppy,companion,eat_04,neutral
"Near the back porch, the kitten finished eating as the sun went down.",0,kitten,companion,eat_04,neutral
"Near the back porch, the hamster finished eating as the sun went down.",0,hamster,companion,eat_04,neutral
"Near the back porch, the ferret finished eating as the sun went down.",0,ferret,companion,eat_04,neutral
"Near the back porch, the poodle finished eating as the sun went down.",0,poodle,companion,eat_04,neutral
"Near the back porch, the beagle finished eating as the sun went down.",0,beagle,companion,eat_04,neutral
"Near the back porch, the terrier finished eating as the sun went down.",0,terrier,companion,eat_04,neutral
"Near the back porch, the spaniel finished eating as the sun went down.",0,spaniel,companion,eat_04,neutral
"Near the back porch, the labrador finished eating as the sun went down.",0,labrador,companion,eat_04,neutral
"Near the back porch, the collie finished eating as the sun went down.",0,collie,companion,eat_04,neutral
"Near the back porch, the pug finished eating as the sun went down.",0,pug,companion,eat_04,neutral
"Near the back porch, the bulldog finished eating as the sun went down.",0,bulldog,companion,eat_04,neutral
"Near the back porch, the retriever finished eating as the sun went down.",0,retriever,companion,eat_04,neutral
"Near the back porch, the tomcat finished eating as the sun went down.",0,tomcat,companion,eat_04,neutral
"Near the back porch, the gerbil finished eating as the sun went down.",0,gerbil,companion,eat_04,neutral
"Near the back porch, the dalmatian finished eating as the sun went down.",0,dalmatian,companion,eat_04,neutral
"Near the back porch, the greyhound finished eating as the sun went down.",0,greyhound,companion,eat_04,neutral
"Along the gravel path, the man moved at an unhurried pace.",1,man,human,move_01,neutral
"Along the gravel path, the woman moved at an unhurried pace.",1,woman,human,move_01,neutral
"Along the gravel path, the child moved at an unhurried pace.",1,child,human,move_01,neutral
"Along the gravel path, the boy moved at an unhurried pace.",1,boy,human,move_01,neutral
"Along the gravel path, the girl moved at an unhurried pace.",1,girl,human,move_01,neutral
"Along the gravel path, the farmer moved at an unhurried pace.",1,farmer,human,move_01,neutral
"Along the gravel path, the nurse moved at an unhurried pace.",1,nurse,human,move_01,neutral
"Along the gravel path, the teacher moved at an unhurried pace.",1,teacher,human,move_01,neutral
"Along the gravel path, the doctor moved at an unhurried pace.",1,doctor,human,move_01,neutral
"Along the gravel path, the student moved at an unhurried pace.",1,student,human,move_01,neutral
"Along the gravel path, the soldier moved at an unhurried pace.",1,soldier,human,move_01,neutral
"Along the gravel path, the hiker moved at an unhurried pace.",1,hiker,human,move_01,neutral
"Along the gravel path, the shepherd moved at an unhurried pace.",1,shepherd,human,move_01,neutral
"Along the gravel path, the villager moved at an unhurried pace.",1,villager,human,move_01,neutral
"Along the gravel path, the fisherman moved at an unhurried pace.",1,fisherman,human,move_01,neutral
"Along the gravel path, the carpenter moved at an unhurried pace.",1,carpenter,human,move_01,neutral
"Along the gravel path, the toddler moved at an unhurried pace.",1,toddler,human,move_01,neutral
"Along the gravel path, the grandmother moved at an unhurried pace.",1,grandmother,human,move_01,neutral
"Along the gravel path, the grandfather moved at an unhurried pace.",1,grandfather,human,move_01,neutral
"Along the gravel path, the worker moved at an unhurried pace.",1,worker,human,move_01,neutral
"Along the gravel path, the dog moved at an unhurried pace.",0,dog,companion,move_01,neutral
"Along the gravel path, the cat moved at an unhurried pace.",0,cat,companion,move_01,neutral
"Along the gravel path, the rabbit moved at an unhurried pace.",0,rabbit,companion,move_01,neutral
"Along the gravel path, the puppy moved at an unhurried pace.",0,puppy,companion,move_01,neutral
"Along the gravel path, the kitten moved at an unhurried pace.",0,kitten,companion,move_01,neutral
"Along the gravel path, the hamster moved at an unhurried pace.",0,hamster,companion,move_01,neutral
"Along the gravel path, the ferret moved at an unhurried pace.",0,ferret,companion,move_01,neutral
"Along the gravel path, the poodle moved at an unhurried pace.",0,poodle,companion,move_01,neutral
"Along the gravel path, the beagle moved at an unhurried pace.",0,beagle,companion,move_01,neutral
"Along the gravel path, the terrier moved at an unhurried pace.",0,terrier,companion,move_01,neutral
"Along the gravel path, the spaniel moved at an unhurried pace.",0,spaniel,companion,move_01,neutral
"Along the gravel path, the labrador moved at an unhurried pace.",0,labrador,companion,move_01,neutral
"Along the gravel path, the collie moved at an unhurried pace.",0,collie,companion,move_01,neutral
"Along the gravel path, the pug moved at an unhurried pace.",0,pug,companion,move_01,neutral
"Along the gravel path, the bulldog moved at an unhurried pace.",0,bulldog,companion,move_01,neutral
"Along the gravel path, the retriever moved at an unhurried pace.",0,retriever,companion,move_01,neutral
"Along the gravel path, the tomcat moved at an unhurried pace.",0,tomcat,companion,move_01,neutral
"Along the gravel path, the gerbil moved at an unhurried pace.",0,gerbil,companion,move_01,neutral
"Along the gravel path, the dalmatian moved at an unhurried pace.",0,dalmatian,companion,move_01,neutral
"Along the gravel path, the greyhound moved at an unhurried pace.",0,greyhound,companion,move_01,neutral
"Across the open pasture, the man made steady progress toward the trees.",1,man,human,move_02,neutral
"Across the open pasture, the woman made steady progress toward the trees.",1,woman,human,move_02,neutral
"Across the open pasture, the child made steady progress toward the trees.",1,child,human,move_02,neutral
"Across the open pasture, the boy made steady progress toward the trees.",1,boy,human,move_02,neutral
"Across the open pasture, the girl made steady progress toward the trees.",1,girl,human,move_02,neutral
"Across the open pasture, the farmer made steady progress toward the trees.",1,farmer,human,move_02,neutral
"Across the open pasture, the nurse made steady progress toward the trees.",1,nurse,human,move_02,neutral
"Across the open pasture, the teacher made steady progress toward the trees.",1,teacher,human,move_02,neutral
"Across the open pasture, the doctor made steady progress toward the trees.",1,doctor,human,move_02,neutral
"Across the open pasture, the student made steady progress toward the trees.",1,student,human,move_02,neutral
"Across the open pasture, the soldier made steady progress toward the trees.",1,soldier,human,move_02,neutral
"Across the open pasture, the hiker made steady progress toward the trees.",1,hiker,human,move_02,neutral
"Across the open pasture, the shepherd made steady progress toward the trees.",1,shepherd,human,move_02,neutral
"Across the open pasture, the villager made steady progress toward the trees.",1,villager,human,move_02,neutral
"Across the open pasture, the fisherman made steady progress toward the trees.",1,fisherman,human,move_02,neutral
"Across the open pasture, the carpenter made steady progress toward the trees.",1,carpenter,human,move_02,neutral
"Across the open pasture, the toddler made steady progress toward the trees.",1,toddler,human,move_02,neutral
"Across the open pasture, the grandmother made steady progress toward the trees.",1,grandmother,human,move_02,neutral
"Across the open pasture, the grandfather made steady progress toward the trees.",1,grandfather,human,move_02,neutral
"Across the open pasture, the worker made steady progress toward the trees.",1,worker,human,move_02,neutral
"Across the open pasture, the dog made steady progress toward the trees.",0,dog,companion,move_02,neutral
"Across the open pasture, the cat made steady progress toward the trees.",0,cat,companion,move_02,neutral
"Across the open pasture, the rabbit made steady progress toward the trees.",0,rabbit,companion,move_02,neutral
"Across the open pasture, the puppy made steady progress toward the trees.",0,puppy,companion,move_02,neutral
"Across the open pasture, the kitten made steady progress toward the trees.",0,kitten,companion,move_02,neutral
"Across the open pasture, the hamster made steady progress toward the trees.",0,hamster,companion,move_02,neutral
"Across the open pasture, the ferret made steady progress toward the trees.",0,ferret,companion,move_02,neutral
"Across the open pasture, the poodle made steady progress toward the trees.",0,poodle,companion,move_02,neutral
"Across the open pasture, the beagle made steady progress toward the trees.",0,beagle,companion,move_02,neutral
"Across the open pasture, the terrier made steady progress toward the trees.",0,terrier,companion,move_02,neutral
"Across the open pasture, the spaniel made steady progress toward the trees.",0,spaniel,companion,move_02,neutral
"Across the open pasture, the labrador made steady progress toward the trees.",0,labrador,companion,move_02,neutral
"Across the open pasture, the collie made steady progress toward the trees.",0,collie,companion,move_02,neutral
"Across the open pasture, the pug made steady progress toward the trees.",0,pug,companion,move_02,neutral
"Across the open pasture, the bulldog made steady progress toward the trees.",0,bulldog,companion,move_02,neutral
"Across the open pasture, the retriever made steady progress toward the trees.",0,retriever,companion,move_02,neutral
"Across the open pasture, the tomcat made steady progress toward the trees.",0,tomcat,companion,move_02,neutral
"Across the open pasture, the gerbil made steady progress toward the trees.",0,gerbil,companion,move_02,neutral
"Across the open pasture, the dalmatian made steady progress toward the trees.",0,dalmatian,companion,move_02,neutral
"Across the open pasture, the greyhound made steady progress toward the trees.",0,greyhound,companion,move_02,neutral
"Down by the river bank, the man picked a careful way over the stones.",1,man,human,move_03,neutral
"Down by the river bank, the woman picked a careful way over the stones.",1,woman,human,move_03,neutral
"Down by the river bank, the child picked a careful way over the stones.",1,child,human,move_03,neutral
"Down by the river bank, the boy picked a careful way over the stones.",1,boy,human,move_03,neutral
"Down by the river bank, the girl picked a careful way over the stones.",1,girl,human,move_03,neutral
"Down by the river bank, the farmer picked a careful way over the stones.",1,farmer,human,move_03,neutral
"Down by the river bank, the nurse picked a careful way over the stones.",1,nurse,human,move_03,neutral
"Down by the river bank, the teacher picked a careful way over the stones.",1,teacher,human,move_03,neutral
"Down by the river bank, the doctor picked a careful way over the stones.",1,doctor,human,move_03,neutral
"Down by the river bank, the student picked a careful way over the stones.",1,student,human,move_03,neutral
"Down by the river bank, the soldier picked a careful way over the stones.",1,soldier,human,move_03,neutral
"Down by the river bank, the hiker picked a careful way over the stones.",1,hiker,human,move_03,neutral
"Down by the river bank, the shepherd picked a careful way over the stones.",1,shepherd,human,move_03,neutral
"Down by the river bank, the villager picked a careful way over the stones.",1,villager,human,move_03,neutral
"Down by the river bank, the fisherman picked a careful way over the stones.",1,fisherman,human,move_03,neutral
"Down by the river bank, the carpenter picked a careful way over the stones.",1,carpenter,human,move_03,neutral
"Down by the river bank, the toddler picked a careful way over the stones.",1,toddler,human,move_03,neutral
"Down by the river bank, the grandmother picked a careful way over the stones.",1,grandmother,human,move_03,neutral
"Down by the river bank, the grandfather picked a careful way over the stones.",1,grandfather,human,move_03,neutral
"Down by the river bank, the worker picked a careful way over the stones.",1,worker,human,move_03,neutral
"Down by the river bank, the dog picked a careful way over the stones.",0,dog,companion,move_03,neutral
"Down by the river bank, the cat picked a careful way over the stones.",0,cat,companion,move_03,neutral
"Down by the river bank, the rabbit picked a careful way over the stones.",0,rabbit,companion,move_03,neutral
"Down by the river bank, the puppy picked a careful way over the stones.",0,puppy,companion,move_03,neutral
"Down by the river bank, the kitten picked a careful way over the stones.",0,kitten,companion,move_03,neutral
"Down by the river bank, the hamster picked a careful way over the stones.",0,hamster,companion,move_03,neutral
"Down by the river bank, the ferret picked a careful way over the stones.",0,ferret,companion,move_03,neutral
"Down by the river bank, the poodle picked a careful way over the stones.",0,poodle,companion,move_03,neutral
"Down by the river bank, the beagle picked a careful way over the stones.",0,beagle,companion,move_03,neutral
"Down by the river bank, the terrier picked a careful way over the stones.",0,terrier,companion,move_03,neutral
"Down by the river bank, the spaniel picked a careful way over the stones.",0,spaniel,companion,move_03,neutral
"Down by the river bank, the labrador picked a careful way over the stones.",0,labrador,companion,move_03,neutral
"Down by the river bank, the collie picked a careful way over the stones.",0,collie,companion,move_03,neutral
"Down by the river bank, the pug picked a careful way over the stones.",0,pug,companion,move_03,neutral
"Down by the river bank, the bulldog picked a careful way over the stones.",0,bulldog,companion,move_03,neutral
"Down by the river bank, the retriever picked a careful way over the stones.",0,retriever,companion,move_03,neutral
"Down by the river bank, the tomcat picked a careful way over the stones.",0,tomcat,companion,move_03,neutral
"Down by the river bank, the gerbil picked a careful way over the stones.",0,gerbil,companion,move_03,neutral
"Down by the river bank, the dalmatian picked a careful way over the stones.",0,dalmatian,companion,move_03,neutral
"Down by the river bank, the greyhound picked a careful way over the stones.",0,greyhound,companion,move_03,neutral
"Through the tall grass, the man moved quietly toward the hedgerow.",1,man,human,move_04,neutral
"Through the tall grass, the woman moved quietly toward the hedgerow.",1,woman,human,move_04,neutral
"Through the tall grass, the child moved quietly toward the hedgerow.",1,child,human,move_04,neutral
"Through the tall grass, the boy moved quietly toward the hedgerow.",1,boy,human,move_04,neutral
"Through the tall grass, the girl moved quietly toward the hedgerow.",1,girl,human,move_04,neutral
"Through the tall grass, the farmer moved quietly toward the hedgerow.",1,farmer,human,move_04,neutral
"Through the tall grass, the nurse moved quietly toward the hedgerow.",1,nurse,human,move_04,neutral
"Through the tall grass, the teacher moved quietly toward the hedgerow.",1,teacher,human,move_04,neutral
"Through the tall grass, the doctor moved quietly toward the hedgerow.",1,doctor,human,move_04,neutral
"Through the tall grass, the student moved quietly toward the hedgerow.",1,student,human,move_04,neutral
"Through the tall grass, the soldier moved quietly toward the hedgerow.",1,soldier,human,move_04,neutral
"Through the tall grass, the hiker moved quietly toward the hedgerow.",1,hiker,human,move_04,neutral
"Through the tall grass, the shepherd moved quietly toward the hedgerow.",1,shepherd,human,move_04,neutral
"Through the tall grass, the villager moved quietly toward the hedgerow.",1,villager,human,move_04,neutral
"Through the tall grass, the fisherman moved quietly toward the hedgerow.",1,fisherman,human,move_04,neutral
"Through the tall grass, the carpenter moved quietly toward the hedgerow.",1,carpenter,human,move_04,neutral
"Through the tall grass, the toddler moved quietly toward the hedgerow.",1,toddler,human,move_04,neutral
"Through the tall grass, the grandmother moved quietly toward the hedgerow.",1,grandmother,human,move_04,neutral
"Through the tall grass, the grandfather moved quietly toward the hedgerow.",1,grandfather,human,move_04,neutral
"Through the tall grass, the worker moved quietly toward the hedgerow.",1,worker,human,move_04,neutral
"Through the tall grass, the dog moved quietly toward the hedgerow.",0,dog,companion,move_04,neutral
"Through the tall grass, the cat moved quietly toward the hedgerow.",0,cat,companion,move_04,neutral
"Through the tall grass, the rabbit moved quietly toward the hedgerow.",0,rabbit,companion,move_04,neutral
"Through the tall grass, the puppy moved quietly toward the hedgerow.",0,puppy,companion,move_04,neutral
"Through the tall grass, the kitten moved quietly toward the hedgerow.",0,kitten,companion,move_04,neutral
"Through the tall grass, the hamster moved quietly toward the hedgerow.",0,hamster,companion,move_04,neutral
"Through the tall grass, the ferret moved quietly toward the hedgerow.",0,ferret,companion,move_04,neutral
"Through the tall grass, the poodle moved quietly toward the hedgerow.",0,poodle,companion,move_04,neutral
"Through the tall grass, the beagle moved quietly toward the hedgerow.",0,beagle,companion,move_04,neutral
"Through the tall grass, the terrier moved quietly toward the hedgerow.",0,terrier,companion,move_04,neutral
"Through the tall grass, the spaniel moved quietly toward the hedgerow.",0,spaniel,companion,move_04,neutral
"Through the tall grass, the labrador moved quietly toward the hedgerow.",0,labrador,companion,move_04,neutral
"Through the tall grass, the collie moved quietly toward the hedgerow.",0,collie,companion,move_04,neutral
"Through the tall grass, the pug moved quietly toward the hedgerow.",0,pug,companion,move_04,neutral
"Through the tall grass, the bulldog moved quietly toward the hedgerow.",0,bulldog,companion,move_04,neutral
"Through the tall grass, the retriever moved quietly toward the hedgerow.",0,retriever,companion,move_04,neutral
"Through the tall grass, the tomcat moved quietly toward the hedgerow.",0,tomcat,companion,move_04,neutral
"Through the tall grass, the gerbil moved quietly toward the hedgerow.",0,gerbil,companion,move_04,neutral
"Through the tall grass, the dalmatian moved quietly toward the hedgerow.",0,dalmatian,companion,move_04,neutral
"Through the tall grass, the greyhound moved quietly toward the hedgerow.",0,greyhound,companion,move_04,neutral
"From the fence line, the neighbors watched the man cross the field.",1,man,human,watch_01,neutral
"From the fence line, the neighbors watched the woman cross the field.",1,woman,human,watch_01,neutral
"From the fence line, the neighbors watched the child cross the field.",1,child,human,watch_01,neutral
"From the fence line, the neighbors watched the boy cross the field.",1,boy,human,watch_01,neutral
"From the fence line, the neighbors watched the girl cross the field.",1,girl,human,watch_01,neutral
"From the fence line, the neighbors watched the farmer cross the field.",1,farmer,human,watch_01,neutral
"From the fence line, the neighbors watched the nurse cross the field.",1,nurse,human,watch_01,neutral
"From the fence line, the neighbors watched the teacher cross the field.",1,teacher,human,watch_01,neutral
"From the fence line, the neighbors watched the doctor cross the field.",1,doctor,human,watch_01,neutral
"From the fence line, the neighbors watched the student cross the field.",1,student,human,watch_01,neutral
"From the fence line, the neighbors watched the soldier cross the field.",1,soldier,human,watch_01,neutral
"From the fence line, the neighbors watched the hiker cross the field.",1,hiker,human,watch_01,neutral
"From the fence line, the neighbors watched the shepherd cross the field.",1,shepherd,human,watch_01,neutral
"From the fence line, the neighbors watched the villager cross the field.",1,villager,human,watch_01,neutral
"From the fence line, the neighbors watched the fisherman cross the field.",1,fisherman,human,watch_01,neutral
"From the fence line, the neighbors watched the carpenter cross the field.",1,carpenter,human,watch_01,neutral
"From the fence line, the neighbors watched the toddler cross the field.",1,toddler,human,watch_01,neutral
"From the fence line, the neighbors watched the grandmother cross the field.",1,grandmother,human,watch_01,neutral
"From the fence line, the neighbors watched the grandfather cross the field.",1,grandfather,human,watch_01,neutral
"From the fence line, the neighbors watched the worker cross the field.",1,worker,human,watch_01,neutral
"From the fence line, the neighbors watched the dog cross the field.",0,dog,companion,watch_01,neutral
"From the fence line, the neighbors watched the cat cross the field.",0,cat,companion,watch_01,neutral
"From the fence line, the neighbors watched the rabbit cross the field.",0,rabbit,companion,watch_01,neutral
"From the fence line, the neighbors watched the puppy cross the field.",0,puppy,companion,watch_01,neutral
"From the fence line, the neighbors watched the kitten cross the field.",0,kitten,companion,watch_01,neutral
"From the fence line, the neighbors watched the hamster cross the field.",0,hamster,companion,watch_01,neutral
"From the fence line, the neighbors watched the ferret cross the field.",0,ferret,companion,watch_01,neutral
"From the fence line, the neighbors watched the poodle cross the field.",0,poodle,companion,watch_01,neutral
"From the fence line, the neighbors watched the beagle cross the field.",0,beagle,companion,watch_01,neutral
"From the fence line, the neighbors watched the terrier cross the field.",0,terrier,companion,watch_01,neutral
"From the fence line, the neighbors watched the spaniel cross the field.",0,spaniel,companion,watch_01,neutral
"From the fence line, the neighbors watched the labrador cross the field.",0,labrador,companion,watch_01,neutral
"From the fence line, the neighbors watched the collie cross the field.",0,collie,companion,watch_01,neutral
"From the fence line, the neighbors watched the pug cross the field.",0,pug,companion,watch_01,neutral
"From the fence line, the neighbors watched the bulldog cross the field.",0,bulldog,companion,watch_01,neutral
"From the fence line, the neighbors watched the retriever cross the field.",0,retriever,companion,watch_01,neutral
"From the fence line, the neighbors watched the tomcat cross the field.",0,tomcat,companion,watch_01,neutral
"From the fence line, the neighbors watched the gerbil cross the field.",0,gerbil,companion,watch_01,neutral
"From the fence line, the neighbors watched the dalmatian cross the field.",0,dalmatian,companion,watch_01,neutral
"From the fence line, the neighbors watched the greyhound cross the field.",0,greyhound,companion,watch_01,neutral
"Through the kitchen window, the visitors saw the man pass by the shed.",1,man,human,watch_02,neutral
"Through the kitchen window, the visitors saw the woman pass by the shed.",1,woman,human,watch_02,neutral
"Through the kitchen window, the visitors saw the child pass by the shed.",1,child,human,watch_02,neutral
"Through the kitchen window, the visitors saw the boy pass by the shed.",1,boy,human,watch_02,neutral
"Through the kitchen window, the visitors saw the girl pass by the shed.",1,girl,human,watch_02,neutral
"Through the kitchen window, the visitors saw the farmer pass by the shed.",1,farmer,human,watch_02,neutral
"Through the kitchen window, the visitors saw the nurse pass by the shed.",1,nurse,human,watch_02,neutral
"Through the kitchen window, the visitors saw the teacher pass by the shed.",1,teacher,human,watch_02,neutral
"Through the kitchen window, the visitors saw the doctor pass by the shed.",1,doctor,human,watch_02,neutral
"Through the kitchen window, the visitors saw the student pass by the shed.",1,student,human,watch_02,neutral
"Through the kitchen window, the visitors saw the soldier pass by the shed.",1,soldier,human,watch_02,neutral
"Through the kitchen window, the visitors saw the hiker pass by the shed.",1,hiker,human,watch_02,neutral
"Through the kitchen window, the visitors saw the shepherd pass by the shed.",1,shepherd,human,watch_02,neutral
"Through the kitchen window, the visitors saw the villager pass by the shed.",1,villager,human,watch_02,neutral
"Through the kitchen window, the visitors saw the fisherman pass by the shed.",1,fisherman,human,watch_02,neutral
"Through the kitchen window, the visitors saw the carpenter pass by the shed.",1,carpenter,human,watch_02,neutral
"Through the kitchen window, the visitors saw the toddler pass by the shed.",1,toddler,human,watch_02,neutral
"Through the kitchen window, the visitors saw the grandmother pass by the shed.",1,grandmother,human,watch_02,neutral
"Through the kitchen window, the visitors saw the grandfather pass by the shed.",1,grandfather,human,watch_02,neutral
"Through the kitchen window, the visitors saw the worker pass by the shed.",1,worker,human,watch_02,neutral
"Through the kitchen window, the visitors saw the dog pass by the shed.",0,dog,companion,watch_02,neutral
"Through the kitchen window, the visitors saw the cat pass by the shed.",0,cat,companion,watch_02,neutral
"Through the kitchen window, the visitors saw the rabbit pass by the shed.",0,rabbit,companion,watch_02,neutral
"Through the kitchen window, the visitors saw the puppy pass by the shed.",0,puppy,companion,watch_02,neutral
"Through the kitchen window, the visitors saw the kitten pass by the shed.",0,kitten,companion,watch_02,neutral
"Through the kitchen window, the visitors saw the hamster pass by the shed.",0,hamster,companion,watch_02,neutral
"Through the kitchen window, the visitors saw the ferret pass by the shed.",0,ferret,companion,watch_02,neutral
"Through the kitchen window, the visitors saw the poodle pass by the shed.",0,poodle,companion,watch_02,neutral
"Through the kitchen window, the visitors saw the beagle pass by the shed.",0,beagle,companion,watch_02,neutral
"Through the kitchen window, the visitors saw the terrier pass by the shed.",0,terrier,companion,watch_02,neutral
"Through the kitchen window, the visitors saw the spaniel pass by the shed.",0,spaniel,companion,watch_02,neutral
"Through the kitchen window, the visitors saw the labrador pass by the shed.",0,labrador,companion,watch_02,neutral
"Through the kitchen window, the visitors saw the collie pass by the shed.",0,collie,companion,watch_02,neutral
"Through the kitchen window, the visitors saw the pug pass by the shed.",0,pug,companion,watch_02,neutral
"Through the kitchen window, the visitors saw the bulldog pass by the shed.",0,bulldog,companion,watch_02,neutral
"Through the kitchen window, the visitors saw the retriever pass by the shed.",0,retriever,companion,watch_02,neutral
"Through the kitchen window, the visitors saw the tomcat pass by the shed.",0,tomcat,companion,watch_02,neutral
"Through the kitchen window, the visitors saw the gerbil pass by the shed.",0,gerbil,companion,watch_02,neutral
"Through the kitchen window, the visitors saw the dalmatian pass by the shed.",0,dalmatian,companion,watch_02,neutral
"Through the kitchen window, the visitors saw the greyhound pass by the shed.",0,greyhound,companion,watch_02,neutral
"On the hillside, onlookers noticed the man standing near the stone wall.",1,man,human,watch_03,neutral
"On the hillside, onlookers noticed the woman standing near the stone wall.",1,woman,human,watch_03,neutral
"On the hillside, onlookers noticed the child standing near the stone wall.",1,child,human,watch_03,neutral
"On the hillside, onlookers noticed the boy standing near the stone wall.",1,boy,human,watch_03,neutral
"On the hillside, onlookers noticed the girl standing near the stone wall.",1,girl,human,watch_03,neutral
"On the hillside, onlookers noticed the farmer standing near the stone wall.",1,farmer,human,watch_03,neutral
"On the hillside, onlookers noticed the nurse standing near the stone wall.",1,nurse,human,watch_03,neutral
"On the hillside, onlookers noticed the teacher standing near the stone wall.",1,teacher,human,watch_03,neutral
"On the hillside, onlookers noticed the doctor standing near the stone wall.",1,doctor,human,watch_03,neutral
"On the hillside, onlookers noticed the student standing near the stone wall.",1,student,human,watch_03,neutral
"On the hillside, onlookers noticed the soldier standing near the stone wall.",1,soldier,human,watch_03,neutral
"On the hillside, onlookers noticed the hiker standing near the stone wall.",1,hiker,human,watch_03,neutral
"On the hillside, onlookers noticed the shepherd standing near the stone wall.",1,shepherd,human,watch_03,neutral
"On the hillside, onlookers noticed the villager standing near the stone wall.",1,villager,human,watch_03,neutral
"On the hillside, onlookers noticed the fisherman standing near the stone wall.",1,fisherman,human,watch_03,neutral
"On the hillside, onlookers noticed the carpenter standing near the stone wall.",1,carpenter,human,watch_03,neutral
"On the hillside, onlookers noticed the toddler standing near the stone wall.",1,toddler,human,watch_03,neutral
"On the hillside, onlookers noticed the grandmother standing near the stone wall.",1,grandmother,human,watch_03,neutral
"On the hillside, onlookers noticed the grandfather standing near the stone wall.",1,grandfather,human,watch_03,neutral
"On the hillside, onlookers noticed the worker standing near the stone wall.",1,worker,human,watch_03,neutral
"On the hillside, onlookers noticed the dog standing near the stone wall.",0,dog,companion,watch_03,neutral
"On the hillside, onlookers noticed the cat standing near the stone wall.",0,cat,companion,watch_03,neutral
"On the hillside, onlookers noticed the rabbit standing near the stone wall.",0,rabbit,companion,watch_03,neutral
"On the hillside, onlookers noticed the puppy standing near the stone wall.",0,puppy,companion,watch_03,neutral
"On the hillside, onlookers noticed the kitten standing near the stone wall.",0,kitten,companion,watch_03,neutral
"On the hillside, onlookers noticed the hamster standing near the stone wall.",0,hamster,companion,watch_03,neutral
"On the hillside, onlookers noticed the ferret standing near the stone wall.",0,ferret,companion,watch_03,neutral
"On the hillside, onlookers noticed the poodle standing near the stone wall.",0,poodle,companion,watch_03,neutral
"On the hillside, onlookers noticed the beagle standing near the stone wall.",0,beagle,companion,watch_03,neutral
"On the hillside, onlookers noticed the terrier standing near the stone wall.",0,terrier,companion,watch_03,neutral
"On the hillside, onlookers noticed the spaniel standing near the stone wall.",0,spaniel,companion,watch_03,neutral
"On the hillside, onlookers noticed the labrador standing near the stone wall.",0,labrador,companion,watch_03,neutral
"On the hillside, onlookers noticed the collie standing near the stone wall.",0,collie,companion,watch_03,neutral
"On the hillside, onlookers noticed the pug standing near the stone wall.",0,pug,companion,watch_03,neutral
"On the hillside, onlookers noticed the bulldog standing near the stone wall.",0,bulldog,companion,watch_03,neutral
"On the hillside, onlookers noticed the retriever standing near the stone wall.",0,retriever,companion,watch_03,neutral
"On the hillside, onlookers noticed the tomcat standing near the stone wall.",0,tomcat,companion,watch_03,neutral
"On the hillside, onlookers noticed the gerbil standing near the stone wall.",0,gerbil,companion,watch_03,neutral
"On the hillside, onlookers noticed the dalmatian standing near the stone wall.",0,dalmatian,companion,watch_03,neutral
"On the hillside, onlookers noticed the greyhound standing near the stone wall.",0,greyhound,companion,watch_03,neutral
"In the fading light, passersby spotted the man beside the old barn.",1,man,human,watch_04,neutral
"In the fading light, passersby spotted the woman beside the old barn.",1,woman,human,watch_04,neutral
"In the fading light, passersby spotted the child beside the old barn.",1,child,human,watch_04,neutral
"In the fading light, passersby spotted the boy beside the old barn.",1,boy,human,watch_04,neutral
"In the fading light, passersby spotted the girl beside the old barn.",1,girl,human,watch_04,neutral
"In the fading light, passersby spotted the farmer beside the old barn.",1,farmer,human,watch_04,neutral
"In the fading light, passersby spotted the nurse beside the old barn.",1,nurse,human,watch_04,neutral
"In the fading light, passersby spotted the teacher beside the old barn.",1,teacher,human,watch_04,neutral
"In the fading light, passersby spotted the doctor beside the old barn.",1,doctor,human,watch_04,neutral
"In the fading light, passersby spotted the student beside the old barn.",1,student,human,watch_04,neutral
"In the fading light, passersby spotted the soldier beside the old barn.",1,soldier,human,watch_04,neutral
"In the fading light, passersby spotted the hiker beside the old barn.",1,hiker,human,watch_04,neutral
"In the fading light, passersby spotted the shepherd beside the old barn.",1,shepherd,human,watch_04,neutral
"In the fading light, passersby spotted the villager beside the old barn.",1,villager,human,watch_04,neutral
"In the fading light, passersby spotted the fisherman beside the old barn.",1,fisherman,human,watch_04,neutral
"In the fading light, passersby spotted the carpenter beside the old barn.",1,carpenter,human,watch_04,neutral
"In the fading light, passersby spotted the toddler beside the old barn.",1,toddler,human,watch_04,neutral
"In the fading light, passersby spotted the grandmother beside the old barn.",1,grandmother,human,watch_04,neutral
"In the fading light, passersby spotted the grandfather beside the old barn.",1,grandfather,human,watch_04,neutral
"In the fading light, passersby spotted the worker beside the old barn.",1,worker,human,watch_04,neutral
"In the fading light, passersby spotted the dog beside the old barn.",0,dog,companion,watch_04,neutral
"In the fading light, passersby spotted the cat beside the old barn.",0,cat,companion,watch_04,neutral
"In the fading light, passersby spotted the rabbit beside the old barn.",0,rabbit,companion,watch_04,neutral
"In the fading light, passersby spotted the puppy beside the old barn.",0,puppy,companion,watch_04,neutral
"In the fading light, passersby spotted the kitten beside the old barn.",0,kitten,companion,watch_04,neutral
"In the fading light, passersby spotted the hamster beside the old barn.",0,hamster,companion,watch_04,neutral
"In the fading light, passersby spotted the ferret beside the old barn.",0,ferret,companion,watch_04,neutral
"In the fading light, passersby spotted the poodle beside the old barn.",0,poodle,companion,watch_04,neutral
"In the fading light, passersby spotted the beagle beside the old barn.",0,beagle,companion,watch_04,neutral
"In the fading light, passersby spotted the terrier beside the old barn.",0,terrier,companion,watch_04,neutral
"In the fading light, passersby spotted the spaniel beside the old barn.",0,spaniel,companion,watch_04,neutral
"In the fading light, passersby spotted the labrador beside the old barn.",0,labrador,companion,watch_04,neutral
"In the fading light, passersby spotted the collie beside the old barn.",0,collie,companion,watch_04,neutral
"In the fading light, passersby spotted the pug beside the old barn.",0,pug,companion,watch_04,neutral
"In the fading light, passersby spotted the bulldog beside the old barn.",0,bulldog,companion,watch_04,neutral
"In the fading light, passersby spotted the retriever beside the old barn.",0,retriever,companion,watch_04,neutral
"In the fading light, passersby spotted the tomcat beside the old barn.",0,tomcat,companion,watch_04,neutral
"In the fading light, passersby spotted the gerbil beside the old barn.",0,gerbil,companion,watch_04,neutral
"In the fading light, passersby spotted the dalmatian beside the old barn.",0,dalmatian,companion,watch_04,neutral
"In the fading light, passersby spotted the greyhound beside the old barn.",0,greyhound,companion,watch_04,neutral
"Throughout the quiet evening, the man could be heard moving about the yard.",1,man,human,sound_01,neutral
"Throughout the quiet evening, the woman could be heard moving about the yard.",1,woman,human,sound_01,neutral
"Throughout the quiet evening, the child could be heard moving about the yard.",1,child,human,sound_01,neutral
"Throughout the quiet evening, the boy could be heard moving about the yard.",1,boy,human,sound_01,neutral
"Throughout the quiet evening, the girl could be heard moving about the yard.",1,girl,human,sound_01,neutral
"Throughout the quiet evening, the farmer could be heard moving about the yard.",1,farmer,human,sound_01,neutral
"Throughout the quiet evening, the nurse could be heard moving about the yard.",1,nurse,human,sound_01,neutral
"Throughout the quiet evening, the teacher could be heard moving about the yard.",1,teacher,human,sound_01,neutral
"Throughout the quiet evening, the doctor could be heard moving about the yard.",1,doctor,human,sound_01,neutral
"Throughout the quiet evening, the student could be heard moving about the yard.",1,student,human,sound_01,neutral
"Throughout the quiet evening, the soldier could be heard moving about the yard.",1,soldier,human,sound_01,neutral
"Throughout the quiet evening, the hiker could be heard moving about the yard.",1,hiker,human,sound_01,neutral
"Throughout the quiet evening, the shepherd could be heard moving about the yard.",1,shepherd,human,sound_01,neutral
"Throughout the quiet evening, the villager could be heard moving about the yard.",1,villager,human,sound_01,neutral
"Throughout the quiet evening, the fisherman could be heard moving about the yard.",1,fisherman,human,sound_01,neutral
"Throughout the quiet evening, the carpenter could be heard moving about the yard.",1,carpenter,human,sound_01,neutral
"Throughout the quiet evening, the toddler could be heard moving about the yard.",1,toddler,human,sound_01,neutral
"Throughout the quiet evening, the grandmother could be heard moving about the yard.",1,grandmother,human,sound_01,neutral
"Throughout the quiet evening, the grandfather could be heard moving about the yard.",1,grandfather,human,sound_01,neutral
"Throughout the quiet evening, the worker could be heard moving about the yard.",1,worker,human,sound_01,neutral
"Throughout the quiet evening, the dog could be heard moving about the yard.",0,dog,companion,sound_01,neutral
"Throughout the quiet evening, the cat could be heard moving about the yard.",0,cat,companion,sound_01,neutral
"Throughout the quiet evening, the rabbit could be heard moving about the yard.",0,rabbit,companion,sound_01,neutral
"Throughout the quiet evening, the puppy could be heard moving about the yard.",0,puppy,companion,sound_01,neutral
"Throughout the quiet evening, the kitten could be heard moving about the yard.",0,kitten,companion,sound_01,neutral
"Throughout the quiet evening, the hamster could be heard moving about the yard.",0,hamster,companion,sound_01,neutral
"Throughout the quiet evening, the ferret could be heard moving about the yard.",0,ferret,companion,sound_01,neutral
"Throughout the quiet evening, the poodle could be heard moving about the yard.",0,poodle,companion,sound_01,neutral
"Throughout the quiet evening, the beagle could be heard moving about the yard.",0,beagle,companion,sound_01,neutral
"Throughout the quiet evening, the terrier could be heard moving about the yard.",0,terrier,companion,sound_01,neutral
"Throughout the quiet evening, the spaniel could be heard moving about the yard.",0,spaniel,companion,sound_01,neutral
"Throughout the quiet evening, the labrador could be heard moving about the yard.",0,labrador,companion,sound_01,neutral
"Throughout the quiet evening, the collie could be heard moving about the yard.",0,collie,companion,sound_01,neutral
"Throughout the quiet evening, the pug could be heard moving about the yard.",0,pug,companion,sound_01,neutral
"Throughout the quiet evening, the bulldog could be heard moving about the yard.",0,bulldog,companion,sound_01,neutral
"Throughout the quiet evening, the retriever could be heard moving about the yard.",0,retriever,companion,sound_01,neutral
"Throughout the quiet evening, the tomcat could be heard moving about the yard.",0,tomcat,companion,sound_01,neutral
"Throughout the quiet evening, the gerbil could be heard moving about the yard.",0,gerbil,companion,sound_01,neutral
"Throughout the quiet evening, the dalmatian could be heard moving about the yard.",0,dalmatian,companion,sound_01,neutral
"Throughout the quiet evening, the greyhound could be heard moving about the yard.",0,greyhound,companion,sound_01,neutral
"Now and then, the man made soft sounds near the doorway.",1,man,human,sound_02,neutral
"Now and then, the woman made soft sounds near the doorway.",1,woman,human,sound_02,neutral
"Now and then, the child made soft sounds near the doorway.",1,child,human,sound_02,neutral
"Now and then, the boy made soft sounds near the doorway.",1,boy,human,sound_02,neutral
"Now and then, the girl made soft sounds near the doorway.",1,girl,human,sound_02,neutral
"Now and then, the farmer made soft sounds near the doorway.",1,farmer,human,sound_02,neutral
"Now and then, the nurse made soft sounds near the doorway.",1,nurse,human,sound_02,neutral
"Now and then, the teacher made soft sounds near the doorway.",1,teacher,human,sound_02,neutral
"Now and then, the doctor made soft sounds near the doorway.",1,doctor,human,sound_02,neutral
"Now and then, the student made soft sounds near the doorway.",1,student,human,sound_02,neutral
"Now and then, the soldier made soft sounds near the doorway.",1,soldier,human,sound_02,neutral
"Now and then, the hiker made soft sounds near the doorway.",1,hiker,human,sound_02,neutral
"Now and then, the shepherd made soft sounds near the doorway.",1,shepherd,human,sound_02,neutral
"Now and then, the villager made soft sounds near the doorway.",1,villager,human,sound_02,neutral
"Now and then, the fisherman made soft sounds near the doorway.",1,fisherman,human,sound_02,neutral
"Now and then, the carpenter made soft sounds near the doorway.",1,carpenter,human,sound_02,neutral
"Now and then, the toddler made soft sounds near the doorway.",1,toddler,human,sound_02,neutral
"Now and then, the grandmother made soft sounds near the doorway.",1,grandmother,human,sound_02,neutral
"Now and then, the grandfather made soft sounds near the doorway.",1,grandfather,human,sound_02,neutral
"Now and then, the worker made soft sounds near the doorway.",1,worker,human,sound_02,neutral
"Now and then, the dog made soft sounds near the doorway.",0,dog,companion,sound_02,neutral
"Now and then, the cat made soft sounds near the doorway.",0,cat,companion,sound_02,neutral
"Now and then, the rabbit made soft sounds near the doorway.",0,rabbit,companion,sound_02,neutral
"Now and then, the puppy made soft sounds near the doorway.",0,puppy,companion,sound_02,neutral
"Now and then, the kitten made soft sounds near the doorway.",0,kitten,companion,sound_02,neutral
"Now and then, the hamster made soft sounds near the doorway.",0,hamster,companion,sound_02,neutral
"Now and then, the ferret made soft sounds near the doorway.",0,ferret,companion,sound_02,neutral
"Now and then, the poodle made soft sounds near the doorway.",0,poodle,companion,sound_02,neutral
"Now and then, the beagle made soft sounds near the doorway.",0,beagle,companion,sound_02,neutral
"Now and then, the terrier made soft sounds near the doorway.",0,terrier,companion,sound_02,neutral
"Now and then, the spaniel made soft sounds near the doorway.",0,spaniel,companion,sound_02,neutral
"Now and then, the labrador made soft sounds near the doorway.",0,labrador,companion,sound_02,neutral
"Now and then, the collie made soft sounds near the doorway.",0,collie,companion,sound_02,neutral
"Now and then, the pug made soft sounds near the doorway.",0,pug,companion,sound_02,neutral
"Now and then, the bulldog made soft sounds near the doorway.",0,bulldog,companion,sound_02,neutral
"Now and then, the retriever made soft sounds near the doorway.",0,retriever,companion,sound_02,neutral
"Now and then, the tomcat made soft sounds near the doorway.",0,tomcat,companion,sound_02,neutral
"Now and then, the gerbil made soft sounds near the doorway.",0,gerbil,companion,sound_02,neutral
"Now and then, the dalmatian made soft sounds near the doorway.",0,dalmatian,companion,sound_02,neutral
"Now and then, the greyhound made soft sounds near the doorway.",0,greyhound,companion,sound_02,neutral
"In the gentle spring rain, the man stayed dry beneath the wide eaves.",1,man,human,mildweather_01,neutral
"In the gentle spring rain, the woman stayed dry beneath the wide eaves.",1,woman,human,mildweather_01,neutral
"In the gentle spring rain, the child stayed dry beneath the wide eaves.",1,child,human,mildweather_01,neutral
"In the gentle spring rain, the boy stayed dry beneath the wide eaves.",1,boy,human,mildweather_01,neutral
"In the gentle spring rain, the girl stayed dry beneath the wide eaves.",1,girl,human,mildweather_01,neutral
"In the gentle spring rain, the farmer stayed dry beneath the wide eaves.",1,farmer,human,mildweather_01,neutral
"In the gentle spring rain, the nurse stayed dry beneath the wide eaves.",1,nurse,human,mildweather_01,neutral
"In the gentle spring rain, the teacher stayed dry beneath the wide eaves.",1,teacher,human,mildweather_01,neutral
"In the gentle spring rain, the doctor stayed dry beneath the wide eaves.",1,doctor,human,mildweather_01,neutral
"In the gentle spring rain, the student stayed dry beneath the wide eaves.",1,student,human,mildweather_01,neutral
"In the gentle spring rain, the soldier stayed dry beneath the wide eaves.",1,soldier,human,mildweather_01,neutral
"In the gentle spring rain, the hiker stayed dry beneath the wide eaves.",1,hiker,human,mildweather_01,neutral
"In the gentle spring rain, the shepherd stayed dry beneath the wide eaves.",1,shepherd,human,mildweather_01,neutral
"In the gentle spring rain, the villager stayed dry beneath the wide eaves.",1,villager,human,mildweather_01,neutral
"In the gentle spring rain, the fisherman stayed dry beneath the wide eaves.",1,fisherman,human,mildweather_01,neutral
"In the gentle spring rain, the carpenter stayed dry beneath the wide eaves.",1,carpenter,human,mildweather_01,neutral
"In the gentle spring rain, the toddler stayed dry beneath the wide eaves.",1,toddler,human,mildweather_01,neutral
"In the gentle spring rain, the grandmother stayed dry beneath the wide eaves.",1,grandmother,human,mildweather_01,neutral
"In the gentle spring rain, the grandfather stayed dry beneath the wide eaves.",1,grandfather,human,mildweather_01,neutral
"In the gentle spring rain, the worker stayed dry beneath the wide eaves.",1,worker,human,mildweather_01,neutral
"In the gentle spring rain, the dog stayed dry beneath the wide eaves.",0,dog,companion,mildweather_01,neutral
"In the gentle spring rain, the cat stayed dry beneath the wide eaves.",0,cat,companion,mildweather_01,neutral
"In the gentle spring rain, the rabbit stayed dry beneath the wide eaves.",0,rabbit,companion,mildweather_01,neutral
"In the gentle spring rain, the puppy stayed dry beneath the wide eaves.",0,puppy,companion,mildweather_01,neutral
"In the gentle spring rain, the kitten stayed dry beneath the wide eaves.",0,kitten,companion,mildweather_01,neutral
"In the gentle spring rain, the hamster stayed dry beneath the wide eaves.",0,hamster,companion,mildweather_01,neutral
"In the gentle spring rain, the ferret stayed dry beneath the wide eaves.",0,ferret,companion,mildweather_01,neutral
"In the gentle spring rain, the poodle stayed dry beneath the wide eaves.",0,poodle,companion,mildweather_01,neutral
"In the gentle spring rain, the beagle stayed dry beneath the wide eaves.",0,beagle,companion,mildweather_01,neutral
"In the gentle spring rain, the terrier stayed dry beneath the wide eaves.",0,terrier,companion,mildweather_01,neutral
"In the gentle spring rain, the spaniel stayed dry beneath the wide eaves.",0,spaniel,companion,mildweather_01,neutral
"In the gentle spring rain, the labrador stayed dry beneath the wide eaves.",0,labrador,companion,mildweather_01,neutral
"In the gentle spring rain, the collie stayed dry beneath the wide eaves.",0,collie,companion,mildweather_01,neutral
"In the gentle spring rain, the pug stayed dry beneath the wide eaves.",0,pug,companion,mildweather_01,neutral
"In the gentle spring rain, the bulldog stayed dry beneath the wide eaves.",0,bulldog,companion,mildweather_01,neutral
"In the gentle spring rain, the retriever stayed dry beneath the wide eaves.",0,retriever,companion,mildweather_01,neutral
"In the gentle spring rain, the tomcat stayed dry beneath the wide eaves.",0,tomcat,companion,mildweather_01,neutral
"In the gentle spring rain, the gerbil stayed dry beneath the wide eaves.",0,gerbil,companion,mildweather_01,neutral
"In the gentle spring rain, the dalmatian stayed dry beneath the wide eaves.",0,dalmatian,companion,mildweather_01,neutral
"In the gentle spring rain, the greyhound stayed dry beneath the wide eaves.",0,greyhound,companion,mildweather_01,neutral
"On the mild autumn morning, the man enjoyed the sun by the south wall.",1,man,human,mildweather_02,neutral
"On the mild autumn morning, the woman enjoyed the sun by the south wall.",1,woman,human,mildweather_02,neutral
"On the mild autumn morning, the child enjoyed the sun by the south wall.",1,child,human,mildweather_02,neutral
"On the mild autumn morning, the boy enjoyed the sun by the south wall.",1,boy,human,mildweather_02,neutral
"On the mild autumn morning, the girl enjoyed the sun by the south wall.",1,girl,human,mildweather_02,neutral
"On the mild autumn morning, the farmer enjoyed the sun by the south wall.",1,farmer,human,mildweather_02,neutral
"On the mild autumn morning, the nurse enjoyed the sun by the south wall.",1,nurse,human,mildweather_02,neutral
"On the mild autumn morning, the teacher enjoyed the sun by the south wall.",1,teacher,human,mildweather_02,neutral
"On the mild autumn morning, the doctor enjoyed the sun by the south wall.",1,doctor,human,mildweather_02,neutral
"On the mild autumn morning, the student enjoyed the sun by the south wall.",1,student,human,mildweather_02,neutral
"On the mild autumn morning, the soldier enjoyed the sun by the south wall.",1,soldier,human,mildweather_02,neutral
"On the mild autumn morning, the hiker enjoyed the sun by the south wall.",1,hiker,human,mildweather_02,neutral
"On the mild autumn morning, the shepherd enjoyed the sun by the south wall.",1,shepherd,human,mildweather_02,neutral
"On the mild autumn morning, the villager enjoyed the sun by the south wall.",1,villager,human,mildweather_02,neutral
"On the mild autumn morning, the fisherman enjoyed the sun by the south wall.",1,fisherman,human,mildweather_02,neutral
"On the mild autumn morning, the carpenter enjoyed the sun by the south wall.",1,carpenter,human,mildweather_02,neutral
"On the mild autumn morning, the toddler enjoyed the sun by the south wall.",1,toddler,human,mildweather_02,neutral
"On the mild autumn morning, the grandmother enjoyed the sun by the south wall.",1,grandmother,human,mildweather_02,neutral
"On the mild autumn morning, the grandfather enjoyed the sun by the south wall.",1,grandfather,human,mildweather_02,neutral
"On the mild autumn morning, the worker enjoyed the sun by the south wall.",1,worker,human,mildweather_02,neutral
"On the mild autumn morning, the dog enjoyed the sun by the south wall.",0,dog,companion,mildweather_02,neutral
"On the mild autumn morning, the cat enjoyed the sun by the south wall.",0,cat,companion,mildweather_02,neutral
"On the mild autumn morning, the rabbit enjoyed the sun by the south wall.",0,rabbit,companion,mildweather_02,neutral
"On the mild autumn morning, the puppy enjoyed the sun by the south wall.",0,puppy,companion,mildweather_02,neutral
"On the mild autumn morning, the kitten enjoyed the sun by the south wall.",0,kitten,companion,mildweather_02,neutral
"On the mild autumn morning, the hamster enjoyed the sun by the south wall.",0,hamster,companion,mildweather_02,neutral
"On the mild autumn morning, the ferret enjoyed the sun by the south wall.",0,ferret,companion,mildweather_02,neutral
"On the mild autumn morning, the poodle enjoyed the sun by the south wall.",0,poodle,companion,mildweather_02,neutral
"On the mild autumn morning, the beagle enjoyed the sun by the south wall.",0,beagle,companion,mildweather_02,neutral
"On the mild autumn morning, the terrier enjoyed the sun by the south wall.",0,terrier,companion,mildweather_02,neutral
"On the mild autumn morning, the spaniel enjoyed the sun by the south wall.",0,spaniel,companion,mildweather_02,neutral
"On the mild autumn morning, the labrador enjoyed the sun by the south wall.",0,labrador,companion,mildweather_02,neutral
"On the mild autumn morning, the collie enjoyed the sun by the south wall.",0,collie,companion,mildweather_02,neutral
"On the mild autumn morning, the pug enjoyed the sun by the south wall.",0,pug,companion,mildweather_02,neutral
"On the mild autumn morning, the bulldog enjoyed the sun by the south wall.",0,bulldog,companion,mildweather_02,neutral
"On the mild autumn morning, the retriever enjoyed the sun by the south wall.",0,retriever,companion,mildweather_02,neutral
"On the mild autumn morning, the tomcat enjoyed the sun by the south wall.",0,tomcat,companion,mildweather_02,neutral
"On the mild autumn morning, the gerbil enjoyed the sun by the south wall.",0,gerbil,companion,mildweather_02,neutral
"On the mild autumn morning, the dalmatian enjoyed the sun by the south wall.",0,dalmatian,companion,mildweather_02,neutral
"On the mild autumn morning, the greyhound enjoyed the sun by the south wall.",0,greyhound,companion,mildweather_02,neutral
"As the light breeze passed, the man lingered in the open doorway.",1,man,human,mildweather_03,neutral
"As the light breeze passed, the woman lingered in the open doorway.",1,woman,human,mildweather_03,neutral
"As the light breeze passed, the child lingered in the open doorway.",1,child,human,mildweather_03,neutral
"As the light breeze passed, the boy lingered in the open doorway.",1,boy,human,mildweather_03,neutral
"As the light breeze passed, the girl lingered in the open doorway.",1,girl,human,mildweather_03,neutral
"As the light breeze passed, the farmer lingered in the open doorway.",1,farmer,human,mildweather_03,neutral
"As the light breeze passed, the nurse lingered in the open doorway.",1,nurse,human,mildweather_03,neutral
"As the light breeze passed, the teacher lingered in the open doorway.",1,teacher,human,mildweather_03,neutral
"As the light breeze passed, the doctor lingered in the open doorway.",1,doctor,human,mildweather_03,neutral
"As the light breeze passed, the student lingered in the open doorway.",1,student,human,mildweather_03,neutral
"As the light breeze passed, the soldier lingered in the open doorway.",1,soldier,human,mildweather_03,neutral
"As the light breeze passed, the hiker lingered in the open doorway.",1,hiker,human,mildweather_03,neutral
"As the light breeze passed, the shepherd lingered in the open doorway.",1,shepherd,human,mildweather_03,neutral
"As the light breeze passed, the villager lingered in the open doorway.",1,villager,human,mildweather_03,neutral
"As the light breeze passed, the fisherman lingered in the open doorway.",1,fisherman,human,mildweather_03,neutral
"As the light breeze passed, the carpenter lingered in the open doorway.",1,carpenter,human,mildweather_03,neutral
"As the light breeze passed, the toddler lingered in the open doorway.",1,toddler,human,mildweather_03,neutral
"As the light breeze passed, the grandmother lingered in the open doorway.",1,grandmother,human,mildweather_03,neutral
"As the light breeze passed, the grandfather lingered in the open doorway.",1,grandfather,human,mildweather_03,neutral
"As the light breeze passed, the worker lingered in the open doorway.",1,worker,human,mildweather_03,neutral
"As the light breeze passed, the dog lingered in the open doorway.",0,dog,companion,mildweather_03,neutral
"As the light breeze passed, the cat lingered in the open doorway.",0,cat,companion,mildweather_03,neutral
"As the light breeze passed, the rabbit lingered in the open doorway.",0,rabbit,companion,mildweather_03,neutral
"As the light breeze passed, the puppy lingered in the open doorway.",0,puppy,companion,mildweather_03,neutral
"As the light breeze passed, the kitten lingered in the open doorway.",0,kitten,companion,mildweather_03,neutral
"As the light breeze passed, the hamster lingered in the open doorway.",0,hamster,companion,mildweather_03,neutral
"As the light breeze passed, the ferret lingered in the open doorway.",0,ferret,companion,mildweather_03,neutral
"As the light breeze passed, the poodle lingered in the open doorway.",0,poodle,companion,mildweather_03,neutral
"As the light breeze passed, the beagle lingered in the open doorway.",0,beagle,companion,mildweather_03,neutral
"As the light breeze passed, the terrier lingered in the open doorway.",0,terrier,companion,mildweather_03,neutral
"As the light breeze passed, the spaniel lingered in the open doorway.",0,spaniel,companion,mildweather_03,neutral
"As the light breeze passed, the labrador lingered in the open doorway.",0,labrador,companion,mildweather_03,neutral
"As the light breeze passed, the collie lingered in the open doorway.",0,collie,companion,mildweather_03,neutral
"As the light breeze passed, the pug lingered in the open doorway.",0,pug,companion,mildweather_03,neutral
"As the light breeze passed, the bulldog lingered in the open doorway.",0,bulldog,companion,mildweather_03,neutral
"As the light breeze passed, the retriever lingered in the open doorway.",0,retriever,companion,mildweather_03,neutral
"As the light breeze passed, the tomcat lingered in the open doorway.",0,tomcat,companion,mildweather_03,neutral
"As the light breeze passed, the gerbil lingered in the open doorway.",0,gerbil,companion,mildweather_03,neutral
"As the light breeze passed, the dalmatian lingered in the open doorway.",0,dalmatian,companion,mildweather_03,neutral
"As the light breeze passed, the greyhound lingered in the open doorway.",0,greyhound,companion,mildweather_03,neutral
"Under the clear summer sky, the man spent the whole day outdoors.",1,man,human,mildweather_04,neutral
"Under the clear summer sky, the woman spent the whole day outdoors.",1,woman,human,mildweather_04,neutral
"Under the clear summer sky, the child spent the whole day outdoors.",1,child,human,mildweather_04,neutral
"Under the clear summer sky, the boy spent the whole day outdoors.",1,boy,human,mildweather_04,neutral
"Under the clear summer sky, the girl spent the whole day outdoors.",1,girl,human,mildweather_04,neutral
"Under the clear summer sky, the farmer spent the whole day outdoors.",1,farmer,human,mildweather_04,neutral
"Under the clear summer sky, the nurse spent the whole day outdoors.",1,nurse,human,mildweather_04,neutral
"Under the clear summer sky, the teacher spent the whole day outdoors.",1,teacher,human,mildweather_04,neutral
"Under the clear summer sky, the doctor spent the whole day outdoors.",1,doctor,human,mildweather_04,neutral
"Under the clear summer sky, the student spent the whole day outdoors.",1,student,human,mildweather_04,neutral
"Under the clear summer sky, the soldier spent the whole day outdoors.",1,soldier,human,mildweather_04,neutral
"Under the clear summer sky, the hiker spent the whole day outdoors.",1,hiker,human,mildweather_04,neutral
"Under the clear summer sky, the shepherd spent the whole day outdoors.",1,shepherd,human,mildweather_04,neutral
"Under the clear summer sky, the villager spent the whole day outdoors.",1,villager,human,mildweather_04,neutral
"Under the clear summer sky, the fisherman spent the whole day outdoors.",1,fisherman,human,mildweather_04,neutral
"Under the clear summer sky, the carpenter spent the whole day outdoors.",1,carpenter,human,mildweather_04,neutral
"Under the clear summer sky, the toddler spent the whole day outdoors.",1,toddler,human,mildweather_04,neutral
"Under the clear summer sky, the grandmother spent the whole day outdoors.",1,grandmother,human,mildweather_04,neutral
"Under the clear summer sky, the grandfather spent the whole day outdoors.",1,grandfather,human,mildweather_04,neutral
"Under the clear summer sky, the worker spent the whole day outdoors.",1,worker,human,mildweather_04,neutral
"Under the clear summer sky, the dog spent the whole day outdoors.",0,dog,companion,mildweather_04,neutral
"Under the clear summer sky, the cat spent the whole day outdoors.",0,cat,companion,mildweather_04,neutral
"Under the clear summer sky, the rabbit spent the whole day outdoors.",0,rabbit,companion,mildweather_04,neutral
"Under the clear summer sky, the puppy spent the whole day outdoors.",0,puppy,companion,mildweather_04,neutral
"Under the clear summer sky, the kitten spent the whole day outdoors.",0,kitten,companion,mildweather_04,neutral
"Under the clear summer sky, the hamster spent the whole day outdoors.",0,hamster,companion,mildweather_04,neutral
"Under the clear summer sky, the ferret spent the whole day outdoors.",0,ferret,companion,mildweather_04,neutral
"Under the clear summer sky, the poodle spent the whole day outdoors.",0,poodle,companion,mildweather_04,neutral
"Under the clear summer sky, the beagle spent the whole day outdoors.",0,beagle,companion,mildweather_04,neutral
"Under the clear summer sky, the terrier spent the whole day outdoors.",0,terrier,companion,mildweather_04,neutral
"Under the clear summer sky, the spaniel spent the whole day outdoors.",0,spaniel,companion,mildweather_04,neutral
"Under the clear summer sky, the labrador spent the whole day outdoors.",0,labrador,companion,mildweather_04,neutral
"Under the clear summer sky, the collie spent the whole day outdoors.",0,collie,companion,mildweather_04,neutral
"Under the clear summer sky, the pug spent the whole day outdoors.",0,pug,companion,mildweather_04,neutral
"Under the clear summer sky, the bulldog spent the whole day outdoors.",0,bulldog,companion,mildweather_04,neutral
"Under the clear summer sky, the retriever spent the whole day outdoors.",0,retriever,companion,mildweather_04,neutral
"Under the clear summer sky, the tomcat spent the whole day outdoors.",0,tomcat,companion,mildweather_04,neutral
"Under the clear summer sky, the gerbil spent the whole day outdoors.",0,gerbil,companion,mildweather_04,neutral
"Under the clear summer sky, the dalmatian spent the whole day outdoors.",0,dalmatian,companion,mildweather_04,neutral
"Under the clear summer sky, the greyhound spent the whole day outdoors.",0,greyhound,companion,mildweather_04,neutral
"Around the old farmhouse, the man explored the overgrown garden.",1,man,human,explore_01,neutral
"Around the old farmhouse, the woman explored the overgrown garden.",1,woman,human,explore_01,neutral
"Around the old farmhouse, the child explored the overgrown garden.",1,child,human,explore_01,neutral
"Around the old farmhouse, the boy explored the overgrown garden.",1,boy,human,explore_01,neutral
"Around the old farmhouse, the girl explored the overgrown garden.",1,girl,human,explore_01,neutral
"Around the old farmhouse, the farmer explored the overgrown garden.",1,farmer,human,explore_01,neutral
"Around the old farmhouse, the nurse explored the overgrown garden.",1,nurse,human,explore_01,neutral
"Around the old farmhouse, the teacher explored the overgrown garden.",1,teacher,human,explore_01,neutral
"Around the old farmhouse, the doctor explored the overgrown garden.",1,doctor,human,explore_01,neutral
"Around the old farmhouse, the student explored the overgrown garden.",1,student,human,explore_01,neutral
"Around the old farmhouse, the soldier explored the overgrown garden.",1,soldier,human,explore_01,neutral
"Around the old farmhouse, the hiker explored the overgrown garden.",1,hiker,human,explore_01,neutral
"Around the old farmhouse, the shepherd explored the overgrown garden.",1,shepherd,human,explore_01,neutral
"Around the old farmhouse, the villager explored the overgrown garden.",1,villager,human,explore_01,neutral
"Around the old farmhouse, the fisherman explored the overgrown garden.",1,fisherman,human,explore_01,neutral
"Around the old farmhouse, the carpenter explored the overgrown garden.",1,carpenter,human,explore_01,neutral
"Around the old farmhouse, the toddler explored the overgrown garden.",1,toddler,human,explore_01,neutral
"Around the old farmhouse, the grandmother explored the overgrown garden.",1,grandmother,human,explore_01,neutral
"Around the old farmhouse, the grandfather explored the overgrown garden.",1,grandfather,human,explore_01,neutral
"Around the old farmhouse, the worker explored the overgrown garden.",1,worker,human,explore_01,neutral
"Around the old farmhouse, the dog explored the overgrown garden.",0,dog,companion,explore_01,neutral
"Around the old farmhouse, the cat explored the overgrown garden.",0,cat,companion,explore_01,neutral
"Around the old farmhouse, the rabbit explored the overgrown garden.",0,rabbit,companion,explore_01,neutral
"Around the old farmhouse, the puppy explored the overgrown garden.",0,puppy,companion,explore_01,neutral
"Around the old farmhouse, the kitten explored the overgrown garden.",0,kitten,companion,explore_01,neutral
"Around the old farmhouse, the hamster explored the overgrown garden.",0,hamster,companion,explore_01,neutral
"Around the old farmhouse, the ferret explored the overgrown garden.",0,ferret,companion,explore_01,neutral
"Around the old farmhouse, the poodle explored the overgrown garden.",0,poodle,companion,explore_01,neutral
"Around the old farmhouse, the beagle explored the overgrown garden.",0,beagle,companion,explore_01,neutral
"Around the old farmhouse, the terrier explored the overgrown garden.",0,terrier,companion,explore_01,neutral
"Around the old farmhouse, the spaniel explored the overgrown garden.",0,spaniel,companion,explore_01,neutral
"Around the old farmhouse, the labrador explored the overgrown garden.",0,labrador,companion,explore_01,neutral
"Around the old farmhouse, the collie explored the overgrown garden.",0,collie,companion,explore_01,neutral
"Around the old farmhouse, the pug explored the overgrown garden.",0,pug,companion,explore_01,neutral
"Around the old farmhouse, the bulldog explored the overgrown garden.",0,bulldog,companion,explore_01,neutral
"Around the old farmhouse, the retriever explored the overgrown garden.",0,retriever,companion,explore_01,neutral
"Around the old farmhouse, the tomcat explored the overgrown garden.",0,tomcat,companion,explore_01,neutral
"Around the old farmhouse, the gerbil explored the overgrown garden.",0,gerbil,companion,explore_01,neutral
"Around the old farmhouse, the dalmatian explored the overgrown garden.",0,dalmatian,companion,explore_01,neutral
"Around the old farmhouse, the greyhound explored the overgrown garden.",0,greyhound,companion,explore_01,neutral
"Behind the toolshed, the man investigated a pile of fallen leaves.",1,man,human,explore_02,neutral
"Behind the toolshed, the woman investigated a pile of fallen leaves.",1,woman,human,explore_02,neutral
"Behind the toolshed, the child investigated a pile of fallen leaves.",1,child,human,explore_02,neutral
"Behind the toolshed, the boy investigated a pile of fallen leaves.",1,boy,human,explore_02,neutral
"Behind the toolshed, the girl investigated a pile of fallen leaves.",1,girl,human,explore_02,neutral
"Behind the toolshed, the farmer investigated a pile of fallen leaves.",1,farmer,human,explore_02,neutral
"Behind the toolshed, the nurse investigated a pile of fallen leaves.",1,nurse,human,explore_02,neutral
"Behind the toolshed, the teacher investigated a pile of fallen leaves.",1,teacher,human,explore_02,neutral
"Behind the toolshed, the doctor investigated a pile of fallen leaves.",1,doctor,human,explore_02,neutral
"Behind the toolshed, the student investigated a pile of fallen leaves.",1,student,human,explore_02,neutral
"Behind the toolshed, the soldier investigated a pile of fallen leaves.",1,soldier,human,explore_02,neutral
"Behind the toolshed, the hiker investigated a pile of fallen leaves.",1,hiker,human,explore_02,neutral
"Behind the toolshed, the shepherd investigated a pile of fallen leaves.",1,shepherd,human,explore_02,neutral
"Behind the toolshed, the villager investigated a pile of fallen leaves.",1,villager,human,explore_02,neutral
"Behind the toolshed, the fisherman investigated a pile of fallen leaves.",1,fisherman,human,explore_02,neutral
"Behind the toolshed, the carpenter investigated a pile of fallen leaves.",1,carpenter,human,explore_02,neutral
"Behind the toolshed, the toddler investigated a pile of fallen leaves.",1,toddler,human,explore_02,neutral
"Behind the toolshed, the grandmother investigated a pile of fallen leaves.",1,grandmother,human,explore_02,neutral
"Behind the toolshed, the grandfather investigated a pile of fallen leaves.",1,grandfather,human,explore_02,neutral
"Behind the toolshed, the worker investigated a pile of fallen leaves.",1,worker,human,explore_02,neutral
"Behind the toolshed, the dog investigated a pile of fallen leaves.",0,dog,companion,explore_02,neutral
"Behind the toolshed, the cat investigated a pile of fallen leaves.",0,cat,companion,explore_02,neutral
"Behind the toolshed, the rabbit investigated a pile of fallen leaves.",0,rabbit,companion,explore_02,neutral
"Behind the toolshed, the puppy investigated a pile of fallen leaves.",0,puppy,companion,explore_02,neutral
"Behind the toolshed, the kitten investigated a pile of fallen leaves.",0,kitten,companion,explore_02,neutral
"Behind the toolshed, the hamster investigated a pile of fallen leaves.",0,hamster,companion,explore_02,neutral
"Behind the toolshed, the ferret investigated a pile of fallen leaves.",0,ferret,companion,explore_02,neutral
"Behind the toolshed, the poodle investigated a pile of fallen leaves.",0,poodle,companion,explore_02,neutral
"Behind the toolshed, the beagle investigated a pile of fallen leaves.",0,beagle,companion,explore_02,neutral
"Behind the toolshed, the terrier investigated a pile of fallen leaves.",0,terrier,companion,explore_02,neutral
"Behind the toolshed, the spaniel investigated a pile of fallen leaves.",0,spaniel,companion,explore_02,neutral
"Behind the toolshed, the labrador investigated a pile of fallen leaves.",0,labrador,companion,explore_02,neutral
"Behind the toolshed, the collie investigated a pile of fallen leaves.",0,collie,companion,explore_02,neutral
"Behind the toolshed, the pug investigated a pile of fallen leaves.",0,pug,companion,explore_02,neutral
"Behind the toolshed, the bulldog investigated a pile of fallen leaves.",0,bulldog,companion,explore_02,neutral
"Behind the toolshed, the retriever investigated a pile of fallen leaves.",0,retriever,companion,explore_02,neutral
"Behind the toolshed, the tomcat investigated a pile of fallen leaves.",0,tomcat,companion,explore_02,neutral
"Behind the toolshed, the gerbil investigated a pile of fallen leaves.",0,gerbil,companion,explore_02,neutral
"Behind the toolshed, the dalmatian investigated a pile of fallen leaves.",0,dalmatian,companion,explore_02,neutral
"Behind the toolshed, the greyhound investigated a pile of fallen leaves.",0,greyhound,companion,explore_02,neutral
"Near the orchard gate, the man paused to take in the morning air.",1,man,human,explore_03,neutral
"Near the orchard gate, the woman paused to take in the morning air.",1,woman,human,explore_03,neutral
"Near the orchard gate, the child paused to take in the morning air.",1,child,human,explore_03,neutral
"Near the orchard gate, the boy paused to take in the morning air.",1,boy,human,explore_03,neutral
"Near the orchard gate, the girl paused to take in the morning air.",1,girl,human,explore_03,neutral
"Near the orchard gate, the farmer paused to take in the morning air.",1,farmer,human,explore_03,neutral
"Near the orchard gate, the nurse paused to take in the morning air.",1,nurse,human,explore_03,neutral
"Near the orchard gate, the teacher paused to take in the morning air.",1,teacher,human,explore_03,neutral
"Near the orchard gate, the doctor paused to take in the morning air.",1,doctor,human,explore_03,neutral
"Near the orchard gate, the student paused to take in the morning air.",1,student,human,explore_03,neutral
"Near the orchard gate, the soldier paused to take in the morning air.",1,soldier,human,explore_03,neutral
"Near the orchard gate, the hiker paused to take in the morning air.",1,hiker,human,explore_03,neutral
"Near the orchard gate, the shepherd paused to take in the morning air.",1,shepherd,human,explore_03,neutral
"Near the orchard gate, the villager paused to take in the morning air.",1,villager,human,explore_03,neutral
"Near the orchard gate, the fisherman paused to take in the morning air.",1,fisherman,human,explore_03,neutral
"Near the orchard gate, the carpenter paused to take in the morning air.",1,carpenter,human,explore_03,neutral
"Near the orchard gate, the toddler paused to take in the morning air.",1,toddler,human,explore_03,neutral
"Near the orchard gate, the grandmother paused to take in the morning air.",1,grandmother,human,explore_03,neutral
"Near the orchard gate, the grandfather paused to take in the morning air.",1,grandfather,human,explore_03,neutral
"Near the orchard gate, the worker paused to take in the morning air.",1,worker,human,explore_03,neutral
"Near the orchard gate, the dog paused to take in the morning air.",0,dog,companion,explore_03,neutral
"Near the orchard gate, the cat paused to take in the morning air.",0,cat,companion,explore_03,neutral
"Near the orchard gate, the rabbit paused to take in the morning air.",0,rabbit,companion,explore_03,neutral
"Near the orchard gate, the puppy paused to take in the morning air.",0,puppy,companion,explore_03,neutral
"Near the orchard gate, the kitten paused to take in the morning air.",0,kitten,companion,explore_03,neutral
"Near the orchard gate, the hamster paused to take in the morning air.",0,hamster,companion,explore_03,neutral
"Near the orchard gate, the ferret paused to take in the morning air.",0,ferret,companion,explore_03,neutral
"Near the orchard gate, the poodle paused to take in the morning air.",0,poodle,companion,explore_03,neutral
"Near the orchard gate, the beagle paused to take in the morning air.",0,beagle,companion,explore_03,neutral
"Near the orchard gate, the terrier paused to take in the morning air.",0,terrier,companion,explore_03,neutral
"Near the orchard gate, the spaniel paused to take in the morning air.",0,spaniel,companion,explore_03,neutral
"Near the orchard gate, the labrador paused to take in the morning air.",0,labrador,companion,explore_03,neutral
"Near the orchard gate, the collie paused to take in the morning air.",0,collie,companion,explore_03,neutral
"Near the orchard gate, the pug paused to take in the morning air.",0,pug,companion,explore_03,neutral
"Near the orchard gate, the bulldog paused to take in the morning air.",0,bulldog,companion,explore_03,neutral
"Near the orchard gate, the retriever paused to take in the morning air.",0,retriever,companion,explore_03,neutral
"Near the orchard gate, the tomcat paused to take in the morning air.",0,tomcat,companion,explore_03,neutral
"Near the orchard gate, the gerbil paused to take in the morning air.",0,gerbil,companion,explore_03,neutral
"Near the orchard gate, the dalmatian paused to take in the morning air.",0,dalmatian,companion,explore_03,neutral
"Near the orchard gate, the greyhound paused to take in the morning air.",0,greyhound,companion,explore_03,neutral
"Along the hedge, the man wandered from one end to the other.",1,man,human,explore_04,neutral
"Along the hedge, the woman wandered from one end to the other.",1,woman,human,explore_04,neutral
"Along the hedge, the child wandered from one end to the other.",1,child,human,explore_04,neutral
"Along the hedge, the boy wandered from one end to the other.",1,boy,human,explore_04,neutral
"Along the hedge, the girl wandered from one end to the other.",1,girl,human,explore_04,neutral
"Along the hedge, the farmer wandered from one end to the other.",1,farmer,human,explore_04,neutral
"Along the hedge, the nurse wandered from one end to the other.",1,nurse,human,explore_04,neutral
"Along the hedge, the teacher wandered from one end to the other.",1,teacher,human,explore_04,neutral
"Along the hedge, the doctor wandered from one end to the other.",1,doctor,human,explore_04,neutral
"Along the hedge, the student wandered from one end to the other.",1,student,human,explore_04,neutral
"Along the hedge, the soldier wandered from one end to the other.",1,soldier,human,explore_04,neutral
"Along the hedge, the hiker wandered from one end to the other.",1,hiker,human,explore_04,neutral
"Along the hedge, the shepherd wandered from one end to the other.",1,shepherd,human,explore_04,neutral
"Along the hedge, the villager wandered from one end to the other.",1,villager,human,explore_04,neutral
"Along the hedge, the fisherman wandered from one end to the other.",1,fisherman,human,explore_04,neutral
"Along the hedge, the carpenter wandered from one end to the other.",1,carpenter,human,explore_04,neutral
"Along the hedge, the toddler wandered from one end to the other.",1,toddler,human,explore_04,neutral
"Along the hedge, the grandmother wandered from one end to the other.",1,grandmother,human,explore_04,neutral
"Along the hedge, the grandfather wandered from one end to the other.",1,grandfather,human,explore_04,neutral
"Along the hedge, the worker wandered from one end to the other.",1,worker,human,explore_04,neutral
"Along the hedge, the dog wandered from one end to the other.",0,dog,companion,explore_04,neutral
"Along the hedge, the cat wandered from one end to the other.",0,cat,companion,explore_04,neutral
"Along the hedge, the rabbit wandered from one end to the other.",0,rabbit,companion,explore_04,neutral
"Along the hedge, the puppy wandered from one end to the other.",0,puppy,companion,explore_04,neutral
"Along the hedge, the kitten wandered from one end to the other.",0,kitten,companion,explore_04,neutral
"Along the hedge, the hamster wandered from one end to the other.",0,hamster,companion,explore_04,neutral
"Along the hedge, the ferret wandered from one end to the other.",0,ferret,companion,explore_04,neutral
"Along the hedge, the poodle wandered from one end to the other.",0,poodle,companion,explore_04,neutral
"Along the hedge, the beagle wandered from one end to the other.",0,beagle,companion,explore_04,neutral
"Along the hedge, the terrier wandered from one end to the other.",0,terrier,companion,explore_04,neutral
"Along the hedge, the spaniel wandered from one end to the other.",0,spaniel,companion,explore_04,neutral
"Along the hedge, the labrador wandered from one end to the other.",0,labrador,companion,explore_04,neutral
"Along the hedge, the collie wandered from one end to the other.",0,collie,companion,explore_04,neutral
"Along the hedge, the pug wandered from one end to the other.",0,pug,companion,explore_04,neutral
"Along the hedge, the bulldog wandered from one end to the other.",0,bulldog,companion,explore_04,neutral
"Along the hedge, the retriever wandered from one end to the other.",0,retriever,companion,explore_04,neutral
"Along the hedge, the tomcat wandered from one end to the other.",0,tomcat,companion,explore_04,neutral
"Along the hedge, the gerbil wandered from one end to the other.",0,gerbil,companion,explore_04,neutral
"Along the hedge, the dalmatian wandered from one end to the other.",0,dalmatian,companion,explore_04,neutral
"Along the hedge, the greyhound wandered from one end to the other.",0,greyhound,companion,explore_04,neutral
"As dusk settled, the man returned to the shelter of the barn.",1,man,human,evening_01,neutral
"As dusk settled, the woman returned to the shelter of the barn.",1,woman,human,evening_01,neutral
"As dusk settled, the child returned to the shelter of the barn.",1,child,human,evening_01,neutral
"As dusk settled, the boy returned to the shelter of the barn.",1,boy,human,evening_01,neutral
"As dusk settled, the girl returned to the shelter of the barn.",1,girl,human,evening_01,neutral
"As dusk settled, the farmer returned to the shelter of the barn.",1,farmer,human,evening_01,neutral
"As dusk settled, the nurse returned to the shelter of the barn.",1,nurse,human,evening_01,neutral
"As dusk settled, the teacher returned to the shelter of the barn.",1,teacher,human,evening_01,neutral
"As dusk settled, the doctor returned to the shelter of the barn.",1,doctor,human,evening_01,neutral
"As dusk settled, the student returned to the shelter of the barn.",1,student,human,evening_01,neutral
"As dusk settled, the soldier returned to the shelter of the barn.",1,soldier,human,evening_01,neutral
"As dusk settled, the hiker returned to the shelter of the barn.",1,hiker,human,evening_01,neutral
"As dusk settled, the shepherd returned to the shelter of the barn.",1,shepherd,human,evening_01,neutral
"As dusk settled, the villager returned to the shelter of the barn.",1,villager,human,evening_01,neutral
"As dusk settled, the fisherman returned to the shelter of the barn.",1,fisherman,human,evening_01,neutral
"As dusk settled, the carpenter returned to the shelter of the barn.",1,carpenter,human,evening_01,neutral
"As dusk settled, the toddler returned to the shelter of the barn.",1,toddler,human,evening_01,neutral
"As dusk settled, the grandmother returned to the shelter of the barn.",1,grandmother,human,evening_01,neutral
"As dusk settled, the grandfather returned to the shelter of the barn.",1,grandfather,human,evening_01,neutral
"As dusk settled, the worker returned to the shelter of the barn.",1,worker,human,evening_01,neutral
"As dusk settled, the dog returned to the shelter of the barn.",0,dog,companion,evening_01,neutral
"As dusk settled, the cat returned to the shelter of the barn.",0,cat,companion,evening_01,neutral
"As dusk settled, the rabbit returned to the shelter of the barn.",0,rabbit,companion,evening_01,neutral
"As dusk settled, the puppy returned to the shelter of the barn.",0,puppy,companion,evening_01,neutral
"As dusk settled, the kitten returned to the shelter of the barn.",0,kitten,companion,evening_01,neutral
"As dusk settled, the hamster returned to the shelter of the barn.",0,hamster,companion,evening_01,neutral
"As dusk settled, the ferret returned to the shelter of the barn.",0,ferret,companion,evening_01,neutral
"As dusk settled, the poodle returned to the shelter of the barn.",0,poodle,companion,evening_01,neutral
"As dusk settled, the beagle returned to the shelter of the barn.",0,beagle,companion,evening_01,neutral
"As dusk settled, the terrier returned to the shelter of the barn.",0,terrier,companion,evening_01,neutral
"As dusk settled, the spaniel returned to the shelter of the barn.",0,spaniel,companion,evening_01,neutral
"As dusk settled, the labrador returned to the shelter of the barn.",0,labrador,companion,evening_01,neutral
"As dusk settled, the collie returned to the shelter of the barn.",0,collie,companion,evening_01,neutral
"As dusk settled, the pug returned to the shelter of the barn.",0,pug,companion,evening_01,neutral
"As dusk settled, the bulldog returned to the shelter of the barn.",0,bulldog,companion,evening_01,neutral
"As dusk settled, the retriever returned to the shelter of the barn.",0,retriever,companion,evening_01,neutral
"As dusk settled, the tomcat returned to the shelter of the barn.",0,tomcat,companion,evening_01,neutral
"As dusk settled, the gerbil returned to the shelter of the barn.",0,gerbil,companion,evening_01,neutral
"As dusk settled, the dalmatian returned to the shelter of the barn.",0,dalmatian,companion,evening_01,neutral
"As dusk settled, the greyhound returned to the shelter of the barn.",0,greyhound,companion,evening_01,neutral
"By nightfall, the man had found a warm place to sleep.",1,man,human,evening_02,neutral
"By nightfall, the woman had found a warm place to sleep.",1,woman,human,evening_02,neutral
"By nightfall, the child had found a warm place to sleep.",1,child,human,evening_02,neutral
"By nightfall, the boy had found a warm place to sleep.",1,boy,human,evening_02,neutral
"By nightfall, the girl had found a warm place to sleep.",1,girl,human,evening_02,neutral
"By nightfall, the farmer had found a warm place to sleep.",1,farmer,human,evening_02,neutral
"By nightfall, the nurse had found a warm place to sleep.",1,nurse,human,evening_02,neutral
"By nightfall, the teacher had found a warm place to sleep.",1,teacher,human,evening_02,neutral
"By nightfall, the doctor had found a warm place to sleep.",1,doctor,human,evening_02,neutral
"By nightfall, the student had found a warm place to sleep.",1,student,human,evening_02,neutral
"By nightfall, the soldier had found a warm place to sleep.",1,soldier,human,evening_02,neutral
"By nightfall, the hiker had found a warm place to sleep.",1,hiker,human,evening_02,neutral
"By nightfall, the shepherd had found a warm place to sleep.",1,shepherd,human,evening_02,neutral
"By nightfall, the villager had found a warm place to sleep.",1,villager,human,evening_02,neutral
"By nightfall, the fisherman had found a warm place to sleep.",1,fisherman,human,evening_02,neutral
"By nightfall, the carpenter had found a warm place to sleep.",1,carpenter,human,evening_02,neutral
"By nightfall, the toddler had found a warm place to sleep.",1,toddler,human,evening_02,neutral
"By nightfall, the grandmother had found a warm place to sleep.",1,grandmother,human,evening_02,neutral
"By nightfall, the grandfather had found a warm place to sleep.",1,grandfather,human,evening_02,neutral
"By nightfall, the worker had found a warm place to sleep.",1,worker,human,evening_02,neutral
"By nightfall, the dog had found a warm place to sleep.",0,dog,companion,evening_02,neutral
"By nightfall, the cat had found a warm place to sleep.",0,cat,companion,evening_02,neutral
"By nightfall, the rabbit had found a warm place to sleep.",0,rabbit,companion,evening_02,neutral
"By nightfall, the puppy had found a warm place to sleep.",0,puppy,companion,evening_02,neutral
"By nightfall, the kitten had found a warm place to sleep.",0,kitten,companion,evening_02,neutral
"By nightfall, the hamster had found a warm place to sleep.",0,hamster,companion,evening_02,neutral
"By nightfall, the ferret had found a warm place to sleep.",0,ferret,companion,evening_02,neutral
"By nightfall, the poodle had found a warm place to sleep.",0,poodle,companion,evening_02,neutral
"By nightfall, the beagle had found a warm place to sleep.",0,beagle,companion,evening_02,neutral
"By nightfall, the terrier had found a warm place to sleep.",0,terrier,companion,evening_02,neutral
"By nightfall, the spaniel had found a warm place to sleep.",0,spaniel,companion,evening_02,neutral
"By nightfall, the labrador had found a warm place to sleep.",0,labrador,companion,evening_02,neutral
"By nightfall, the collie had found a warm place to sleep.",0,collie,companion,evening_02,neutral
"By nightfall, the pug had found a warm place to sleep.",0,pug,companion,evening_02,neutral
"By nightfall, the bulldog had found a warm place to sleep.",0,bulldog,companion,evening_02,neutral
"By nightfall, the retriever had found a warm place to sleep.",0,retriever,companion,evening_02,neutral
"By nightfall, the tomcat had found a warm place to sleep.",0,tomcat,companion,evening_02,neutral
"By nightfall, the gerbil had found a warm place to sleep.",0,gerbil,companion,evening_02,neutral
"By nightfall, the dalmatian had found a warm place to sleep.",0,dalmatian,companion,evening_02,neutral
"By nightfall, the greyhound had found a warm place to sleep.",0,greyhound,companion,evening_02,neutral
"In the last light of day, the man lingered near the gate.",1,man,human,evening_03,neutral
"In the last light of day, the woman lingered near the gate.",1,woman,human,evening_03,neutral
"In the last light of day, the child lingered near the gate.",1,child,human,evening_03,neutral
"In the last light of day, the boy lingered near the gate.",1,boy,human,evening_03,neutral
"In the last light of day, the girl lingered near the gate.",1,girl,human,evening_03,neutral
"In the last light of day, the farmer lingered near the gate.",1,farmer,human,evening_03,neutral
"In the last light of day, the nurse lingered near the gate.",1,nurse,human,evening_03,neutral
"In the last light of day, the teacher lingered near the gate.",1,teacher,human,evening_03,neutral
"In the last light of day, the doctor lingered near the gate.",1,doctor,human,evening_03,neutral
"In the last light of day, the student lingered near the gate.",1,student,human,evening_03,neutral
"In the last light of day, the soldier lingered near the gate.",1,soldier,human,evening_03,neutral
"In the last light of day, the hiker lingered near the gate.",1,hiker,human,evening_03,neutral
"In the last light of day, the shepherd lingered near the gate.",1,shepherd,human,evening_03,neutral
"In the last light of day, the villager lingered near the gate.",1,villager,human,evening_03,neutral
"In the last light of day, the fisherman lingered near the gate.",1,fisherman,human,evening_03,neutral
"In the last light of day, the carpenter lingered near the gate.",1,carpenter,human,evening_03,neutral
"In the last light of day, the toddler lingered near the gate.",1,toddler,human,evening_03,neutral
"In the last light of day, the grandmother lingered near the gate.",1,grandmother,human,evening_03,neutral
"In the last light of day, the grandfather lingered near the gate.",1,grandfather,human,evening_03,neutral
"In the last light of day, the worker lingered near the gate.",1,worker,human,evening_03,neutral
"In the last light of day, the dog lingered near the gate.",0,dog,companion,evening_03,neutral
"In the last light of day, the cat lingered near the gate.",0,cat,companion,evening_03,neutral
"In the last light of day, the rabbit lingered near the gate.",0,rabbit,companion,evening_03,neutral
"In the last light of day, the puppy lingered near the gate.",0,puppy,companion,evening_03,neutral
"In the last light of day, the kitten lingered near the gate.",0,kitten,companion,evening_03,neutral
"In the last light of day, the hamster lingered near the gate.",0,hamster,companion,evening_03,neutral
"In the last light of day, the ferret lingered near the gate.",0,ferret,companion,evening_03,neutral
"In the last light of day, the poodle lingered near the gate.",0,poodle,companion,evening_03,neutral
"In the last light of day, the beagle lingered near the gate.",0,beagle,companion,evening_03,neutral
"In the last light of day, the terrier lingered near the gate.",0,terrier,companion,evening_03,neutral
"In the last light of day, the spaniel lingered near the gate.",0,spaniel,companion,evening_03,neutral
"In the last light of day, the labrador lingered near the gate.",0,labrador,companion,evening_03,neutral
"In the last light of day, the collie lingered near the gate.",0,collie,companion,evening_03,neutral
"In the last light of day, the pug lingered near the gate.",0,pug,companion,evening_03,neutral
"In the last light of day, the bulldog lingered near the gate.",0,bulldog,companion,evening_03,neutral
"In the last light of day, the retriever lingered near the gate.",0,retriever,companion,evening_03,neutral
"In the last light of day, the tomcat lingered near the gate.",0,tomcat,companion,evening_03,neutral
"In the last light of day, the gerbil lingered near the gate.",0,gerbil,companion,evening_03,neutral
"In the last light of day, the dalmatian lingered near the gate.",0,dalmatian,companion,evening_03,neutral
"In the last light of day, the greyhound lingered near the gate.",0,greyhound,companion,evening_03,neutral
"When the stars came out, the man was resting by the hedge.",1,man,human,evening_04,neutral
"When the stars came out, the woman was resting by the hedge.",1,woman,human,evening_04,neutral
"When the stars came out, the child was resting by the hedge.",1,child,human,evening_04,neutral
"When the stars came out, the boy was resting by the hedge.",1,boy,human,evening_04,neutral
"When the stars came out, the girl was resting by the hedge.",1,girl,human,evening_04,neutral
"When the stars came out, the farmer was resting by the hedge.",1,farmer,human,evening_04,neutral
"When the stars came out, the nurse was resting by the hedge.",1,nurse,human,evening_04,neutral
"When the stars came out, the teacher was resting by the hedge.",1,teacher,human,evening_04,neutral
"When the stars came out, the doctor was resting by the hedge.",1,doctor,human,evening_04,neutral
"When the stars came out, the student was resting by the hedge.",1,student,human,evening_04,neutral
"When the stars came out, the soldier was resting by the hedge.",1,soldier,human,evening_04,neutral
"When the stars came out, the hiker was resting by the hedge.",1,hiker,human,evening_04,neutral
"When the stars came out, the shepherd was resting by the hedge.",1,shepherd,human,evening_04,neutral
"When the stars came out, the villager was resting by the hedge.",1,villager,human,evening_04,neutral
"When the stars came out, the fisherman was resting by the hedge.",1,fisherman,human,evening_04,neutral
"When the stars came out, the carpenter was resting by the hedge.",1,carpenter,human,evening_04,neutral
"When the stars came out, the toddler was resting by the hedge.",1,toddler,human,evening_04,neutral
"When the stars came out, the grandmother was resting by the hedge.",1,grandmother,human,evening_04,neutral
"When the stars came out, the grandfather was resting by the hedge.",1,grandfather,human,evening_04,neutral
"When the stars came out, the worker was resting by the hedge.",1,worker,human,evening_04,neutral
"When the stars came out, the dog was resting by the hedge.",0,dog,companion,evening_04,neutral
"When the stars came out, the cat was resting by the hedge.",0,cat,companion,evening_04,neutral
"When the stars came out, the rabbit was resting by the hedge.",0,rabbit,companion,evening_04,neutral
"When the stars came out, the puppy was resting by the hedge.",0,puppy,companion,evening_04,neutral
"When the stars came out, the kitten was resting by the hedge.",0,kitten,companion,evening_04,neutral
"When the stars came out, the hamster was resting by the hedge.",0,hamster,companion,evening_04,neutral
"When the stars came out, the ferret was resting by the hedge.",0,ferret,companion,evening_04,neutral
"When the stars came out, the poodle was resting by the hedge.",0,poodle,companion,evening_04,neutral
"When the stars came out, the beagle was resting by the hedge.",0,beagle,companion,evening_04,neutral
"When the stars came out, the terrier was resting by the hedge.",0,terrier,companion,evening_04,neutral
"When the stars came out, the spaniel was resting by the hedge.",0,spaniel,companion,evening_04,neutral
"When the stars came out, the labrador was resting by the hedge.",0,labrador,companion,evening_04,neutral
"When the stars came out, the collie was resting by the hedge.",0,collie,companion,evening_04,neutral
"When the stars came out, the pug was resting by the hedge.",0,pug,companion,evening_04,neutral
"When the stars came out, the bulldog was resting by the hedge.",0,bulldog,companion,evening_04,neutral
"When the stars came out, the retriever was resting by the hedge.",0,retriever,companion,evening_04,neutral
"When the stars came out, the tomcat was resting by the hedge.",0,tomcat,companion,evening_04,neutral
"When the stars came out, the gerbil was resting by the hedge.",0,gerbil,companion,evening_04,neutral
"When the stars came out, the dalmatian was resting by the hedge.",0,dalmatian,companion,evening_04,neutral
"When the stars came out, the greyhound was resting by the hedge.",0,greyhound,companion,evening_04,neutral
"Every day that week, the man appeared in the same corner of the field.",1,man,human,routine_01,neutral
"Every day that week, the woman appeared in the same corner of the field.",1,woman,human,routine_01,neutral
"Every day that week, the child appeared in the same corner of the field.",1,child,human,routine_01,neutral
"Every day that week, the boy appeared in the same corner of the field.",1,boy,human,routine_01,neutral
"Every day that week, the girl appeared in the same corner of the field.",1,girl,human,routine_01,neutral
"Every day that week, the farmer appeared in the same corner of the field.",1,farmer,human,routine_01,neutral
"Every day that week, the nurse appeared in the same corner of the field.",1,nurse,human,routine_01,neutral
"Every day that week, the teacher appeared in the same corner of the field.",1,teacher,human,routine_01,neutral
"Every day that week, the doctor appeared in the same corner of the field.",1,doctor,human,routine_01,neutral
"Every day that week, the student appeared in the same corner of the field.",1,student,human,routine_01,neutral
"Every day that week, the soldier appeared in the same corner of the field.",1,soldier,human,routine_01,neutral
"Every day that week, the hiker appeared in the same corner of the field.",1,hiker,human,routine_01,neutral
"Every day that week, the shepherd appeared in the same corner of the field.",1,shepherd,human,routine_01,neutral
"Every day that week, the villager appeared in the same corner of the field.",1,villager,human,routine_01,neutral
"Every day that week, the fisherman appeared in the same corner of the field.",1,fisherman,human,routine_01,neutral
"Every day that week, the carpenter appeared in the same corner of the field.",1,carpenter,human,routine_01,neutral
"Every day that week, the toddler appeared in the same corner of the field.",1,toddler,human,routine_01,neutral
"Every day that week, the grandmother appeared in the same corner of the field.",1,grandmother,human,routine_01,neutral
"Every day that week, the grandfather appeared in the same corner of the field.",1,grandfather,human,routine_01,neutral
"Every day that week, the worker appeared in the same corner of the field.",1,worker,human,routine_01,neutral
"Every day that week, the dog appeared in the same corner of the field.",0,dog,companion,routine_01,neutral
"Every day that week, the cat appeared in the same corner of the field.",0,cat,companion,routine_01,neutral
"Every day that week, the rabbit appeared in the same corner of the field.",0,rabbit,companion,routine_01,neutral
"Every day that week, the puppy appeared in the same corner of the field.",0,puppy,companion,routine_01,neutral
"Every day that week, the kitten appeared in the same corner of the field.",0,kitten,companion,routine_01,neutral
"Every day that week, the hamster appeared in the same corner of the field.",0,hamster,companion,routine_01,neutral
"Every day that week, the ferret appeared in the same corner of the field.",0,ferret,companion,routine_01,neutral
"Every day that week, the poodle appeared in the same corner of the field.",0,poodle,companion,routine_01,neutral
"Every day that week, the beagle appeared in the same corner of the field.",0,beagle,companion,routine_01,neutral
"Every day that week, the terrier appeared in the same corner of the field.",0,terrier,companion,routine_01,neutral
"Every day that week, the spaniel appeared in the same corner of the field.",0,spaniel,companion,routine_01,neutral
"Every day that week, the labrador appeared in the same corner of the field.",0,labrador,companion,routine_01,neutral
"Every day that week, the collie appeared in the same corner of the field.",0,collie,companion,routine_01,neutral
"Every day that week, the pug appeared in the same corner of the field.",0,pug,companion,routine_01,neutral
"Every day that week, the bulldog appeared in the same corner of the field.",0,bulldog,companion,routine_01,neutral
"Every day that week, the retriever appeared in the same corner of the field.",0,retriever,companion,routine_01,neutral
"Every day that week, the tomcat appeared in the same corner of the field.",0,tomcat,companion,routine_01,neutral
"Every day that week, the gerbil appeared in the same corner of the field.",0,gerbil,companion,routine_01,neutral
"Every day that week, the dalmatian appeared in the same corner of the field.",0,dalmatian,companion,routine_01,neutral
"Every day that week, the greyhound appeared in the same corner of the field.",0,greyhound,companion,routine_01,neutral
"Like clockwork, the man arrived at the gate each morning.",1,man,human,routine_02,neutral
"Like clockwork, the woman arrived at the gate each morning.",1,woman,human,routine_02,neutral
"Like clockwork, the child arrived at the gate each morning.",1,child,human,routine_02,neutral
"Like clockwork, the boy arrived at the gate each morning.",1,boy,human,routine_02,neutral
"Like clockwork, the girl arrived at the gate each morning.",1,girl,human,routine_02,neutral
"Like clockwork, the farmer arrived at the gate each morning.",1,farmer,human,routine_02,neutral
"Like clockwork, the nurse arrived at the gate each morning.",1,nurse,human,routine_02,neutral
"Like clockwork, the teacher arrived at the gate each morning.",1,teacher,human,routine_02,neutral
"Like clockwork, the doctor arrived at the gate each morning.",1,doctor,human,routine_02,neutral
"Like clockwork, the student arrived at the gate each morning.",1,student,human,routine_02,neutral
"Like clockwork, the soldier arrived at the gate each morning.",1,soldier,human,routine_02,neutral
"Like clockwork, the hiker arrived at the gate each morning.",1,hiker,human,routine_02,neutral
"Like clockwork, the shepherd arrived at the gate each morning.",1,shepherd,human,routine_02,neutral
"Like clockwork, the villager arrived at the gate each morning.",1,villager,human,routine_02,neutral
"Like clockwork, the fisherman arrived at the gate each morning.",1,fisherman,human,routine_02,neutral
"Like clockwork, the carpenter arrived at the gate each morning.",1,carpenter,human,routine_02,neutral
"Like clockwork, the toddler arrived at the gate each morning.",1,toddler,human,routine_02,neutral
"Like clockwork, the grandmother arrived at the gate each morning.",1,grandmother,human,routine_02,neutral
"Like clockwork, the grandfather arrived at the gate each morning.",1,grandfather,human,routine_02,neutral
"Like clockwork, the worker arrived at the gate each morning.",1,worker,human,routine_02,neutral
"Like clockwork, the dog arrived at the gate each morning.",0,dog,companion,routine_02,neutral
"Like clockwork, the cat arrived at the gate each morning.",0,cat,companion,routine_02,neutral
"Like clockwork, the rabbit arrived at the gate each morning.",0,rabbit,companion,routine_02,neutral
"Like clockwork, the puppy arrived at the gate each morning.",0,puppy,companion,routine_02,neutral
"Like clockwork, the kitten arrived at the gate each morning.",0,kitten,companion,routine_02,neutral
"Like clockwork, the hamster arrived at the gate each morning.",0,hamster,companion,routine_02,neutral
"Like clockwork, the ferret arrived at the gate each morning.",0,ferret,companion,routine_02,neutral
"Like clockwork, the poodle arrived at the gate each morning.",0,poodle,companion,routine_02,neutral
"Like clockwork, the beagle arrived at the gate each morning.",0,beagle,companion,routine_02,neutral
"Like clockwork, the terrier arrived at the gate each morning.",0,terrier,companion,routine_02,neutral
"Like clockwork, the spaniel arrived at the gate each morning.",0,spaniel,companion,routine_02,neutral
"Like clockwork, the labrador arrived at the gate each morning.",0,labrador,companion,routine_02,neutral
"Like clockwork, the collie arrived at the gate each morning.",0,collie,companion,routine_02,neutral
"Like clockwork, the pug arrived at the gate each morning.",0,pug,companion,routine_02,neutral
"Like clockwork, the bulldog arrived at the gate each morning.",0,bulldog,companion,routine_02,neutral
"Like clockwork, the retriever arrived at the gate each morning.",0,retriever,companion,routine_02,neutral
"Like clockwork, the tomcat arrived at the gate each morning.",0,tomcat,companion,routine_02,neutral
"Like clockwork, the gerbil arrived at the gate each morning.",0,gerbil,companion,routine_02,neutral
"Like clockwork, the dalmatian arrived at the gate each morning.",0,dalmatian,companion,routine_02,neutral
"Like clockwork, the greyhound arrived at the gate each morning.",0,greyhound,companion,routine_02,neutral
"Most afternoons, the man could be found near the willow tree.",1,man,human,routine_03,neutral
"Most afternoons, the woman could be found near the willow tree.",1,woman,human,routine_03,neutral
"Most afternoons, the child could be found near the willow tree.",1,child,human,routine_03,neutral
"Most afternoons, the boy could be found near the willow tree.",1,boy,human,routine_03,neutral
"Most afternoons, the girl could be found near the willow tree.",1,girl,human,routine_03,neutral
"Most afternoons, the farmer could be found near the willow tree.",1,farmer,human,routine_03,neutral
"Most afternoons, the nurse could be found near the willow tree.",1,nurse,human,routine_03,neutral
"Most afternoons, the teacher could be found near the willow tree.",1,teacher,human,routine_03,neutral
"Most afternoons, the doctor could be found near the willow tree.",1,doctor,human,routine_03,neutral
"Most afternoons, the student could be found near the willow tree.",1,student,human,routine_03,neutral
"Most afternoons, the soldier could be found near the willow tree.",1,soldier,human,routine_03,neutral
"Most afternoons, the hiker could be found near the willow tree.",1,hiker,human,routine_03,neutral
"Most afternoons, the shepherd could be found near the willow tree.",1,shepherd,human,routine_03,neutral
"Most afternoons, the villager could be found near the willow tree.",1,villager,human,routine_03,neutral
"Most afternoons, the fisherman could be found near the willow tree.",1,fisherman,human,routine_03,neutral
"Most afternoons, the carpenter could be found near the willow tree.",1,carpenter,human,routine_03,neutral
"Most afternoons, the toddler could be found near the willow tree.",1,toddler,human,routine_03,neutral
"Most afternoons, the grandmother could be found near the willow tree.",1,grandmother,human,routine_03,neutral
"Most afternoons, the grandfather could be found near the willow tree.",1,grandfather,human,routine_03,neutral
"Most afternoons, the worker could be found near the willow tree.",1,worker,human,routine_03,neutral
"Most afternoons, the dog could be found near the willow tree.",0,dog,companion,routine_03,neutral
"Most afternoons, the cat could be found near the willow tree.",0,cat,companion,routine_03,neutral
"Most afternoons, the rabbit could be found near the willow tree.",0,rabbit,companion,routine_03,neutral
"Most afternoons, the puppy could be found near the willow tree.",0,puppy,companion,routine_03,neutral
"Most afternoons, the kitten could be found near the willow tree.",0,kitten,companion,routine_03,neutral
"Most afternoons, the hamster could be found near the willow tree.",0,hamster,companion,routine_03,neutral
"Most afternoons, the ferret could be found near the willow tree.",0,ferret,companion,routine_03,neutral
"Most afternoons, the poodle could be found near the willow tree.",0,poodle,companion,routine_03,neutral
"Most afternoons, the beagle could be found near the willow tree.",0,beagle,companion,routine_03,neutral
"Most afternoons, the terrier could be found near the willow tree.",0,terrier,companion,routine_03,neutral
"Most afternoons, the spaniel could be found near the willow tree.",0,spaniel,companion,routine_03,neutral
"Most afternoons, the labrador could be found near the willow tree.",0,labrador,companion,routine_03,neutral
"Most afternoons, the collie could be found near the willow tree.",0,collie,companion,routine_03,neutral
"Most afternoons, the pug could be found near the willow tree.",0,pug,companion,routine_03,neutral
"Most afternoons, the bulldog could be found near the willow tree.",0,bulldog,companion,routine_03,neutral
"Most afternoons, the retriever could be found near the willow tree.",0,retriever,companion,routine_03,neutral
"Most afternoons, the tomcat could be found near the willow tree.",0,tomcat,companion,routine_03,neutral
"Most afternoons, the gerbil could be found near the willow tree.",0,gerbil,companion,routine_03,neutral
"Most afternoons, the dalmatian could be found near the willow tree.",0,dalmatian,companion,routine_03,neutral
"Most afternoons, the greyhound could be found near the willow tree.",0,greyhound,companion,routine_03,neutral
"Day after day, the man followed the same path along the fence.",1,man,human,routine_04,neutral
"Day after day, the woman followed the same path along the fence.",1,woman,human,routine_04,neutral
"Day after day, the child followed the same path along the fence.",1,child,human,routine_04,neutral
"Day after day, the boy followed the same path along the fence.",1,boy,human,routine_04,neutral
"Day after day, the girl followed the same path along the fence.",1,girl,human,routine_04,neutral
"Day after day, the farmer followed the same path along the fence.",1,farmer,human,routine_04,neutral
"Day after day, the nurse followed the same path along the fence.",1,nurse,human,routine_04,neutral
"Day after day, the teacher followed the same path along the fence.",1,teacher,human,routine_04,neutral
"Day after day, the doctor followed the same path along the fence.",1,doctor,human,routine_04,neutral
"Day after day, the student followed the same path along the fence.",1,student,human,routine_04,neutral
"Day after day, the soldier followed the same path along the fence.",1,soldier,human,routine_04,neutral
"Day after day, the hiker followed the same path along the fence.",1,hiker,human,routine_04,neutral
"Day after day, the shepherd followed the same path along the fence.",1,shepherd,human,routine_04,neutral
"Day after day, the villager followed the same path along the fence.",1,villager,human,routine_04,neutral
"Day after day, the fisherman followed the same path along the fence.",1,fisherman,human,routine_04,neutral
"Day after day, the carpenter followed the same path along the fence.",1,carpenter,human,routine_04,neutral
"Day after day, the toddler followed the same path along the fence.",1,toddler,human,routine_04,neutral
"Day after day, the grandmother followed the same path along the fence.",1,grandmother,human,routine_04,neutral
"Day after day, the grandfather followed the same path along the fence.",1,grandfather,human,routine_04,neutral
"Day after day, the worker followed the same path along the fence.",1,worker,human,routine_04,neutral
"Day after day, the dog followed the same path along the fence.",0,dog,companion,routine_04,neutral
"Day after day, the cat followed the same path along the fence.",0,cat,companion,routine_04,neutral
"Day after day, the rabbit followed the same path along the fence.",0,rabbit,companion,routine_04,neutral
"Day after day, the puppy followed the same path along the fence.",0,puppy,companion,routine_04,neutral
"Day after day, the kitten followed the same path along the fence.",0,kitten,companion,routine_04,neutral
"Day after day, the hamster followed the same path along the fence.",0,hamster,companion,routine_04,neutral
"Day after day, the ferret followed the same path along the fence.",0,ferret,companion,routine_04,neutral
"Day after day, the poodle followed the same path along the fence.",0,poodle,companion,routine_04,neutral
"Day after day, the beagle followed the same path along the fence.",0,beagle,companion,routine_04,neutral
"Day after day, the terrier followed the same path along the fence.",0,terrier,companion,routine_04,neutral
"Day after day, the spaniel followed the same path along the fence.",0,spaniel,companion,routine_04,neutral
"Day after day, the labrador followed the same path along the fence.",0,labrador,companion,routine_04,neutral
"Day after day, the collie followed the same path along the fence.",0,collie,companion,routine_04,neutral
"Day after day, the pug followed the same path along the fence.",0,pug,companion,routine_04,neutral
"Day after day, the bulldog followed the same path along the fence.",0,bulldog,companion,routine_04,neutral
"Day after day, the retriever followed the same path along the fence.",0,retriever,companion,routine_04,neutral
"Day after day, the tomcat followed the same path along the fence.",0,tomcat,companion,routine_04,neutral
"Day after day, the gerbil followed the same path along the fence.",0,gerbil,companion,routine_04,neutral
"Day after day, the dalmatian followed the same path along the fence.",0,dalmatian,companion,routine_04,neutral
"Day after day, the greyhound followed the same path along the fence.",0,greyhound,companion,routine_04,neutral
"For the village newsletter, a photographer took a picture of the man by the pond.",1,man,human,public_01,neutral
"For the village newsletter, a photographer took a picture of the woman by the pond.",1,woman,human,public_01,neutral
"For the village newsletter, a photographer took a picture of the child by the pond.",1,child,human,public_01,neutral
"For the village newsletter, a photographer took a picture of the boy by the pond.",1,boy,human,public_01,neutral
"For the village newsletter, a photographer took a picture of the girl by the pond.",1,girl,human,public_01,neutral
"For the village newsletter, a photographer took a picture of the farmer by the pond.",1,farmer,human,public_01,neutral
"For the village newsletter, a photographer took a picture of the nurse by the pond.",1,nurse,human,public_01,neutral
"For the village newsletter, a photographer took a picture of the teacher by the pond.",1,teacher,human,public_01,neutral
"For the village newsletter, a photographer took a picture of the doctor by the pond.",1,doctor,human,public_01,neutral
"For the village newsletter, a photographer took a picture of the student by the pond.",1,student,human,public_01,neutral
"For the village newsletter, a photographer took a picture of the soldier by the pond.",1,soldier,human,public_01,neutral
"For the village newsletter, a photographer took a picture of the hiker by the pond.",1,hiker,human,public_01,neutral
"For the village newsletter, a photographer took a picture of the shepherd by the pond.",1,shepherd,human,public_01,neutral
"For the village newsletter, a photographer took a picture of the villager by the pond.",1,villager,human,public_01,neutral
"For the village newsletter, a photographer took a picture of the fisherman by the pond.",1,fisherman,human,public_01,neutral
"For the village newsletter, a photographer took a picture of the carpenter by the pond.",1,carpenter,human,public_01,neutral
"For the village newsletter, a photographer took a picture of the toddler by the pond.",1,toddler,human,public_01,neutral
"For the village newsletter, a photographer took a picture of the grandmother by the pond.",1,grandmother,human,public_01,neutral
"For the village newsletter, a photographer took a picture of the grandfather by the pond.",1,grandfather,human,public_01,neutral
"For the village newsletter, a photographer took a picture of the worker by the pond.",1,worker,human,public_01,neutral
"For the village newsletter, a photographer took a picture of the dog by the pond.",0,dog,companion,public_01,neutral
"For the village newsletter, a photographer took a picture of the cat by the pond.",0,cat,companion,public_01,neutral
"For the village newsletter, a photographer took a picture of the rabbit by the pond.",0,rabbit,companion,public_01,neutral
"For the village newsletter, a photographer took a picture of the puppy by the pond.",0,puppy,companion,public_01,neutral
"For the village newsletter, a photographer took a picture of the kitten by the pond.",0,kitten,companion,public_01,neutral
"For the village newsletter, a photographer took a picture of the hamster by the pond.",0,hamster,companion,public_01,neutral
"For the village newsletter, a photographer took a picture of the ferret by the pond.",0,ferret,companion,public_01,neutral
"For the village newsletter, a photographer took a picture of the poodle by the pond.",0,poodle,companion,public_01,neutral
"For the village newsletter, a photographer took a picture of the beagle by the pond.",0,beagle,companion,public_01,neutral
"For the village newsletter, a photographer took a picture of the terrier by the pond.",0,terrier,companion,public_01,neutral
"For the village newsletter, a photographer took a picture of the spaniel by the pond.",0,spaniel,companion,public_01,neutral
"For the village newsletter, a photographer took a picture of the labrador by the pond.",0,labrador,companion,public_01,neutral
"For the village newsletter, a photographer took a picture of the collie by the pond.",0,collie,companion,public_01,neutral
"For the village newsletter, a photographer took a picture of the pug by the pond.",0,pug,companion,public_01,neutral
"For the village newsletter, a photographer took a picture of the bulldog by the pond.",0,bulldog,companion,public_01,neutral
"For the village newsletter, a photographer took a picture of the retriever by the pond.",0,retriever,companion,public_01,neutral
"For the village newsletter, a photographer took a picture of the tomcat by the pond.",0,tomcat,companion,public_01,neutral
"For the village newsletter, a photographer took a picture of the gerbil by the pond.",0,gerbil,companion,public_01,neutral
"For the village newsletter, a photographer took a picture of the dalmatian by the pond.",0,dalmatian,companion,public_01,neutral
"For the village newsletter, a photographer took a picture of the greyhound by the pond.",0,greyhound,companion,public_01,neutral
"During the harvest fair, the man drew smiles from the passing crowd.",1,man,human,public_02,neutral
"During the harvest fair, the woman drew smiles from the passing crowd.",1,woman,human,public_02,neutral
"During the harvest fair, the child drew smiles from the passing crowd.",1,child,human,public_02,neutral
"During the harvest fair, the boy drew smiles from the passing crowd.",1,boy,human,public_02,neutral
"During the harvest fair, the girl drew smiles from the passing crowd.",1,girl,human,public_02,neutral
"During the harvest fair, the farmer drew smiles from the passing crowd.",1,farmer,human,public_02,neutral
"During the harvest fair, the nurse drew smiles from the passing crowd.",1,nurse,human,public_02,neutral
"During the harvest fair, the teacher drew smiles from the passing crowd.",1,teacher,human,public_02,neutral
"During the harvest fair, the doctor drew smiles from the passing crowd.",1,doctor,human,public_02,neutral
"During the harvest fair, the student drew smiles from the passing crowd.",1,student,human,public_02,neutral
"During the harvest fair, the soldier drew smiles from the passing crowd.",1,soldier,human,public_02,neutral
"During the harvest fair, the hiker drew smiles from the passing crowd.",1,hiker,human,public_02,neutral
"During the harvest fair, the shepherd drew smiles from the passing crowd.",1,shepherd,human,public_02,neutral
"During the harvest fair, the villager drew smiles from the passing crowd.",1,villager,human,public_02,neutral
"During the harvest fair, the fisherman drew smiles from the passing crowd.",1,fisherman,human,public_02,neutral
"During the harvest fair, the carpenter drew smiles from the passing crowd.",1,carpenter,human,public_02,neutral
"During the harvest fair, the toddler drew smiles from the passing crowd.",1,toddler,human,public_02,neutral
"During the harvest fair, the grandmother drew smiles from the passing crowd.",1,grandmother,human,public_02,neutral
"During the harvest fair, the grandfather drew smiles from the passing crowd.",1,grandfather,human,public_02,neutral
"During the harvest fair, the worker drew smiles from the passing crowd.",1,worker,human,public_02,neutral
"During the harvest fair, the dog drew smiles from the passing crowd.",0,dog,companion,public_02,neutral
"During the harvest fair, the cat drew smiles from the passing crowd.",0,cat,companion,public_02,neutral
"During the harvest fair, the rabbit drew smiles from the passing crowd.",0,rabbit,companion,public_02,neutral
"During the harvest fair, the puppy drew smiles from the passing crowd.",0,puppy,companion,public_02,neutral
"During the harvest fair, the kitten drew smiles from the passing crowd.",0,kitten,companion,public_02,neutral
"During the harvest fair, the hamster drew smiles from the passing crowd.",0,hamster,companion,public_02,neutral
"During the harvest fair, the ferret drew smiles from the passing crowd.",0,ferret,companion,public_02,neutral
"During the harvest fair, the poodle drew smiles from the passing crowd.",0,poodle,companion,public_02,neutral
"During the harvest fair, the beagle drew smiles from the passing crowd.",0,beagle,companion,public_02,neutral
"During the harvest fair, the terrier drew smiles from the passing crowd.",0,terrier,companion,public_02,neutral
"During the harvest fair, the spaniel drew smiles from the passing crowd.",0,spaniel,companion,public_02,neutral
"During the harvest fair, the labrador drew smiles from the passing crowd.",0,labrador,companion,public_02,neutral
"During the harvest fair, the collie drew smiles from the passing crowd.",0,collie,companion,public_02,neutral
"During the harvest fair, the pug drew smiles from the passing crowd.",0,pug,companion,public_02,neutral
"During the harvest fair, the bulldog drew smiles from the passing crowd.",0,bulldog,companion,public_02,neutral
"During the harvest fair, the retriever drew smiles from the passing crowd.",0,retriever,companion,public_02,neutral
"During the harvest fair, the tomcat drew smiles from the passing crowd.",0,tomcat,companion,public_02,neutral
"During the harvest fair, the gerbil drew smiles from the passing crowd.",0,gerbil,companion,public_02,neutral
"During the harvest fair, the dalmatian drew smiles from the passing crowd.",0,dalmatian,companion,public_02,neutral
"During the harvest fair, the greyhound drew smiles from the passing crowd.",0,greyhound,companion,public_02,neutral
