statement,label,subject,subject_category,template_id,axis
"When the barn caught fire, the man was trapped inside and crying out.",1,man,human,fire_01,harm
"When the barn caught fire, the woman was trapped inside and crying out.",1,woman,human,fire_01,harm
"When the barn caught fire, the child was trapped inside and crying out.",1,child,human,fire_01,harm
"When the barn caught fire, the boy was trapped inside and crying out.",1,boy,human,fire_01,harm
"When the barn caught fire, the girl was trapped inside and crying out.",1,girl,human,fire_01,harm
"When the barn caught fire, the farmer was trapped inside and crying out.",1,farmer,human,fire_01,harm
"When the barn caught fire, the nurse was trapped inside and crying out.",1,nurse,human,fire_01,harm
"When the barn caught fire, the teacher was trapped inside and crying out.",1,teacher,human,fire_01,harm
"When the barn caught fire, the doctor was trapped inside and crying out.",1,doctor,human,fire_01,harm
"When the barn caught fire, the student was trapped inside and crying out.",1,student,human,fire_01,harm
"When the barn caught fire, the soldier was trapped inside and crying out.",1,soldier,human,fire_01,harm
"When the barn caught fire, the hiker was trapped inside and crying out.",1,hiker,human,fire_01,harm
"When the barn caught fire, the shepherd was trapped inside and crying out.",1,shepherd,human,fire_01,harm
"When the barn caught fire, the villager was trapped inside and crying out.",1,villager,human,fire_01,harm
"When the barn caught fire, the fisherman was trapped inside and crying out.",1,fisherman,human,fire_01,harm
"When the barn caught fire, the carpenter was trapped inside and crying out.",1,carpenter,human,fire_01,harm
"When the barn caught fire, the toddler was trapped inside and crying out.",1,toddler,human,fire_01,harm
"When the barn caught fire, the grandmother was trapped inside and crying out.",1,grandmother,human,fire_01,harm
"When the barn caught fire, the grandfather was trapped inside and crying out.",1,grandfather,human,fire_01,harm
"When the barn caught fire, the worker was trapped inside and crying out.",1,worker,human,fire_01,harm
"When the barn caught fire, the baker was trapped inside and crying out.",1,baker,human,fire_01,harm
"When the barn caught fire, the tailor was trapped inside and crying out.",1,tailor,human,fire_01,harm
"When the barn caught fire, the plumber was trapped inside and crying out.",1,plumber,human,fire_01,harm
"When the barn caught fire, the sailor was trapped inside and crying out.",1,sailor,human,fire_01,harm
"When the barn caught fire, the painter was trapped inside and crying out.",1,painter,human,fire_01,harm
"When the barn caught fire, the banker was trapped inside and crying out.",1,banker,human,fire_01,harm
"When the barn caught fire, the lawyer was trapped inside and crying out.",1,lawyer,human,fire_01,harm
"When the barn caught fire, the priest was trapped inside and crying out.",1,priest,human,fire_01,harm
"When the barn caught fire, the mayor was trapped inside and crying out.",1,mayor,human,fire_01,harm
"When the barn caught fire, the clerk was trapped inside and crying out.",1,clerk,human,fire_01,harm
"When the barn caught fire, the chef was trapped inside and crying out.",1,chef,human,fire_01,harm
"When the barn caught fire, the pilot was trapped inside and crying out.",1,pilot,human,fire_01,harm
"When the barn caught fire, the miner was trapped inside and crying out.",1,miner,human,fire_01,harm
"When the barn caught fire, the mason was trapped inside and crying out.",1,mason,human,fire_01,harm
"When the barn caught fire, the traveler was trapped inside and crying out.",1,traveler,human,fire_01,harm
"When the barn caught fire, the stranger was trapped inside and crying out.",1,stranger,human,fire_01,harm
"When the barn caught fire, the infant was trapped inside and crying out.",1,infant,human,fire_01,harm
"When the barn caught fire, the widow was trapped inside and crying out.",1,widow,human,fire_01,harm
"When the barn caught fire, the uncle was trapped inside and crying out.",1,uncle,human,fire_01,harm
"When the barn caught fire, the aunt was trapped inside and crying out.",1,aunt,human,fire_01,harm
"When the barn caught fire, the rat was trapped inside and crying out.",0,rat,wild,fire_01,harm
"When the barn caught fire, the boar was trapped inside and crying out.",0,boar,wild,fire_01,harm
"When the barn caught fire, the buffalo was trapped inside and crying out.",0,buffalo,wild,fire_01,harm
"When the barn caught fire, the fox was trapped inside and crying out.",0,fox,wild,fire_01,harm
"When the barn caught fire, the deer was trapped inside and crying out.",0,deer,wild,fire_01,harm
"When the barn caught fire, the badger was trapped inside and crying out.",0,badger,wild,fire_01,harm
"When the barn caught fire, the otter was trapped inside and crying out.",0,otter,wild,fire_01,harm
"When the barn caught fire, the hare was trapped inside and crying out.",0,hare,wild,fire_01,harm
"When the barn caught fire, the raccoon was trapped inside and crying out.",0,raccoon,wild,fire_01,harm
"When the barn caught fire, the squirrel was trapped inside and crying out.",0,squirrel,wild,fire_01,harm
"When the barn caught fire, the weasel was trapped inside and crying out.",0,weasel,wild,fire_01,harm
"When the barn caught fire, the coyote was trapped inside and crying out.",0,coyote,wild,fire_01,harm
"When the barn caught fire, the moose was trapped inside and crying out.",0,moose,wild,fire_01,harm
"When the barn caught fire, the elk was trapped inside and crying out.",0,elk,wild,fire_01,harm
"When the barn caught fire, the wolf was trapped inside and crying out.",0,wolf,wild,fire_01,harm
"When the barn caught fire, the hedgehog was trapped inside and crying out.",0,hedgehog,wild,fire_01,harm
"When the barn caught fire, the possum was trapped inside and crying out.",0,possum,wild,fire_01,harm
"When the barn caught fire, the jackal was trapped inside and crying out.",0,jackal,wild,fire_01,harm
"When the barn caught fire, the stoat was trapped inside and crying out.",0,stoat,wild,fire_01,harm
"When the barn caught fire, the marten was trapped inside and crying out.",0,marten,wild,fire_01,harm
"When the barn caught fire, the bear was trapped inside and crying out.",0,bear,wild,fire_01,harm
"When the barn caught fire, the lynx was trapped inside and crying out.",0,lynx,wild,fire_01,harm
"When the barn caught fire, the bobcat was trapped inside and crying out.",0,bobcat,wild,fire_01,harm
"When the barn caught fire, the marmot was trapped inside and crying out.",0,marmot,wild,fire_01,harm
"When the barn caught fire, the mink was trapped inside and crying out.",0,mink,wild,fire_01,harm
"When the barn caught fire, the mole was trapped inside and crying out.",0,mole,wild,fire_01,harm
"When the barn caught fire, the vole was trapped inside and crying out.",0,vole,wild,fire_01,harm
"When the barn caught fire, the shrew was trapped inside and crying out.",0,shrew,wild,fire_01,harm
"When the barn caught fire, the porcupine was trapped inside and crying out.",0,porcupine,wild,fire_01,harm
"When the barn caught fire, the skunk was trapped inside and crying out.",0,skunk,wild,fire_01,harm
"When the barn caught fire, the chipmunk was trapped inside and crying out.",0,chipmunk,wild,fire_01,harm
"When the barn caught fire, the beaver was trapped inside and crying out.",0,beaver,wild,fire_01,harm
"When the barn caught fire, the bison was trapped inside and crying out.",0,bison,wild,fire_01,harm
"When the barn caught fire, the antelope was trapped inside and crying out.",0,antelope,wild,fire_01,harm
"When the barn caught fire, the dingo was trapped inside and crying out.",0,dingo,wild,fire_01,harm
"When the barn caught fire, the cougar was trapped inside and crying out.",0,cougar,wild,fire_01,harm
"When the barn caught fire, the wolverine was trapped inside and crying out.",0,wolverine,wild,fire_01,harm
"When the barn caught fire, the muskrat was trapped inside and crying out.",0,muskrat,wild,fire_01,harm
"When the barn caught fire, the lemming was trapped inside and crying out.",0,lemming,wild,fire_01,harm
"When the barn caught fire, the fawn was trapped inside and crying out.",0,fawn,wild,fire_01,harm
Smoke filled the shed while the man remained stuck behind the jammed door.,1,man,human,fire_02,harm
Smoke filled the shed while the woman remained stuck behind the jammed door.,1,woman,human,fire_02,harm
Smoke filled the shed while the child remained stuck behind the jammed door.,1,child,human,fire_02,harm
Smoke filled the shed while the boy remained stuck behind the jammed door.,1,boy,human,fire_02,harm
Smoke filled the shed while the girl remained stuck behind the jammed door.,1,girl,human,fire_02,harm
Smoke filled the shed while the farmer remained stuck behind the jammed door.,1,farmer,human,fire_02,harm
Smoke filled the shed while the nurse remained stuck behind the jammed door.,1,nurse,human,fire_02,harm
Smoke filled the shed while the teacher remained stuck behind the jammed door.,1,teacher,human,fire_02,harm
Smoke filled the shed while the doctor remained stuck behind the jammed door.,1,doctor,human,fire_02,harm
Smoke filled the shed while the student remained stuck behind the jammed door.,1,student,human,fire_02,harm
Smoke filled the shed while the soldier remained stuck behind the jammed door.,1,soldier,human,fire_02,harm
Smoke filled the shed while the hiker remained stuck behind the jammed door.,1,hiker,human,fire_02,harm
Smoke filled the shed while the shepherd remained stuck behind the jammed door.,1,shepherd,human,fire_02,harm
Smoke filled the shed while the villager remained stuck behind the jammed door.,1,villager,human,fire_02,harm
Smoke filled the shed while the fisherman remained stuck behind the jammed door.,1,fisherman,human,fire_02,harm
Smoke filled the shed while the carpenter remained stuck behind the jammed door.,1,carpenter,human,fire_02,harm
Smoke filled the shed while the toddler remained stuck behind the jammed door.,1,toddler,human,fire_02,harm
Smoke filled the shed while the grandmother remained stuck behind the jammed door.,1,grandmother,human,fire_02,harm
Smoke filled the shed while the grandfather remained stuck behind the jammed door.,1,grandfather,human,fire_02,harm
Smoke filled the shed while the worker remained stuck behind the jammed door.,1,worker,human,fire_02,harm
Smoke filled the shed while the baker remained stuck behind the jammed door.,1,baker,human,fire_02,harm
Smoke filled the shed while the tailor remained stuck behind the jammed door.,1,tailor,human,fire_02,harm
Smoke filled the shed while the plumber remained stuck behind the jammed door.,1,plumber,human,fire_02,harm
Smoke filled the shed while the sailor remained stuck behind the jammed door.,1,sailor,human,fire_02,harm
Smoke filled the shed while the painter remained stuck behind the jammed door.,1,painter,human,fire_02,harm
Smoke filled the shed while the banker remained stuck behind the jammed door.,1,banker,human,fire_02,harm
Smoke filled the shed while the lawyer remained stuck behind the jammed door.,1,lawyer,human,fire_02,harm
Smoke filled the shed while the priest remained stuck behind the jammed door.,1,priest,human,fire_02,harm
Smoke filled the shed while the mayor remained stuck behind the jammed door.,1,mayor,human,fire_02,harm
Smoke filled the shed while the clerk remained stuck behind the jammed door.,1,clerk,human,fire_02,harm
Smoke filled the shed while the chef remained stuck behind the jammed door.,1,chef,human,fire_02,harm
Smoke filled the shed while the pilot remained stuck behind the jammed door.,1,pilot,human,fire_02,harm
Smoke filled the shed while the miner remained stuck behind the jammed door.,1,miner,human,fire_02,harm
Smoke filled the shed while the mason remained stuck behind the jammed door.,1,mason,human,fire_02,harm
Smoke filled the shed while the traveler remained stuck behind the jammed door.,1,traveler,human,fire_02,harm
Smoke filled the shed while the stranger remained stuck behind the jammed door.,1,stranger,human,fire_02,harm
Smoke filled the shed while the infant remained stuck behind the jammed door.,1,infant,human,fire_02,harm
Smoke filled the shed while the widow remained stuck behind the jammed door.,1,widow,human,fire_02,harm
Smoke filled the shed while the uncle remained stuck behind the jammed door.,1,uncle,human,fire_02,harm
Smoke filled the shed while the aunt remained stuck behind the jammed door.,1,aunt,human,fire_02,harm
Smoke filled the shed while the rat remained stuck behind the jammed door.,0,rat,wild,fire_02,harm
Smoke filled the shed while the boar remained stuck behind the jammed door.,0,boar,wild,fire_02,harm
Smoke filled the shed while the buffalo remained stuck behind the jammed door.,0,buffalo,wild,fire_02,harm
Smoke filled the shed while the fox remained stuck behind the jammed door.,0,fox,wild,fire_02,harm
Smoke filled the shed while the deer remained stuck behind the jammed door.,0,deer,wild,fire_02,harm
Smoke filled the shed while the badger remained stuck behind the jammed door.,0,badger,wild,fire_02,harm
Smoke filled the shed while the otter remained stuck behind the jammed door.,0,otter,wild,fire_02,harm
Smoke filled the shed while the hare remained stuck behind the jammed door.,0,hare,wild,fire_02,harm
Smoke filled the shed while the raccoon remained stuck behind the jammed door.,0,raccoon,wild,fire_02,harm
Smoke filled the shed while the squirrel remained stuck behind the jammed door.,0,squirrel,wild,fire_02,harm
Smoke filled the shed while the weasel remained stuck behind the jammed door.,0,weasel,wild,fire_02,harm
Smoke filled the shed while the coyote remained stuck behind the jammed door.,0,coyote,wild,fire_02,harm
Smoke filled the shed while the moose remained stuck behind the jammed door.,0,moose,wild,fire_02,harm
Smoke filled the shed while the elk remained stuck behind the jammed door.,0,elk,wild,fire_02,harm
Smoke filled the shed while the wolf remained stuck behind the jammed door.,0,wolf,wild,fire_02,harm
Smoke filled the shed while the hedgehog remained stuck behind the jammed door.,0,hedgehog,wild,fire_02,harm
Smoke filled the shed while the possum remained stuck behind the jammed door.,0,possum,wild,fire_02,harm
Smoke filled the shed while the jackal remained stuck behind the jammed door.,0,jackal,wild,fire_02,harm
Smoke filled the shed while the stoat remained stuck behind the jammed door.,0,stoat,wild,fire_02,harm
Smoke filled the shed while the marten remained stuck behind the jammed door.,0,marten,wild,fire_02,harm
Smoke filled the shed while the bear remained stuck behind the jammed door.,0,bear,wild,fire_02,harm
Smoke filled the shed while the lynx remained stuck behind the jammed door.,0,lynx,wild,fire_02,harm
Smoke filled the shed while the bobcat remained stuck behind the jammed door.,0,bobcat,wild,fire_02,harm
Smoke filled the shed while the marmot remained stuck behind the jammed door.,0,marmot,wild,fire_02,harm
Smoke filled the shed while the mink remained stuck behind the jammed door.,0,mink,wild,fire_02,harm
Smoke filled the shed while the mole remained stuck behind the jammed door.,0,mole,wild,fire_02,harm
Smoke filled the shed while the vole remained stuck behind the jammed door.,0,vole,wild,fire_02,harm
Smoke filled the shed while the shrew remained stuck behind the jammed door.,0,shrew,wild,fire_02,harm
Smoke filled the shed while the porcupine remained stuck behind the jammed door.,0,porcupine,wild,fire_02,harm
Smoke filled the shed while the skunk remained stuck behind the jammed door.,0,skunk,wild,fire_02,harm
Smoke filled the shed while the chipmunk remained stuck behind the jammed door.,0,chipmunk,wild,fire_02,harm
Smoke filled the shed while the beaver remained stuck behind the jammed door.,0,beaver,wild,fire_02,harm
Smoke filled the shed while the bison remained stuck behind the jammed door.,0,bison,wild,fire_02,harm
Smoke filled the shed while the antelope remained stuck behind the jammed door.,0,antelope,wild,fire_02,harm
Smoke filled the shed while the dingo remained stuck behind the jammed door.,0,dingo,wild,fire_02,harm
Smoke filled the shed while the cougar remained stuck behind the jammed door.,0,cougar,wild,fire_02,harm
Smoke filled the shed while the wolverine remained stuck behind the jammed door.,0,wolverine,wild,fire_02,harm
Smoke filled the shed while the muskrat remained stuck behind the jammed door.,0,muskrat,wild,fire_02,harm
Smoke filled the shed while the lemming remained stuck behind the jammed door.,0,lemming,wild,fire_02,harm
Smoke filled the shed while the fawn remained stuck behind the jammed door.,0,fawn,wild,fire_02,harm
"After the wildfire swept through the valley, the man was found badly burned.",1,man,human,fire_03,harm
"After the wildfire swept through the valley, the woman was found badly burned.",1,woman,human,fire_03,harm
"After the wildfire swept through the valley, the child was found badly burned.",1,child,human,fire_03,harm
"After the wildfire swept through the valley, the boy was found badly burned.",1,boy,human,fire_03,harm
"After the wildfire swept through the valley, the girl was found badly burned.",1,girl,human,fire_03,harm
"After the wildfire swept through the valley, the farmer was found badly burned.",1,farmer,human,fire_03,harm
"After the wildfire swept through the valley, the nurse was found badly burned.",1,nurse,human,fire_03,harm
"After the wildfire swept through the valley, the teacher was found badly burned.",1,teacher,human,fire_03,harm
"After the wildfire swept through the valley, the doctor was found badly burned.",1,doctor,human,fire_03,harm
"After the wildfire swept through the valley, the student was found badly burned.",1,student,human,fire_03,harm
"After the wildfire swept through the valley, the soldier was found badly burned.",1,soldier,human,fire_03,harm
"After the wildfire swept through the valley, the hiker was found badly burned.",1,hiker,human,fire_03,harm
"After the wildfire swept through the valley, the shepherd was found badly burned.",1,shepherd,human,fire_03,harm
"After the wildfire swept through the valley, the villager was found badly burned.",1,villager,human,fire_03,harm
"After the wildfire swept through the valley, the fisherman was found badly burned.",1,fisherman,human,fire_03,harm
"After the wildfire swept through the valley, the carpenter was found badly burned.",1,carpenter,human,fire_03,harm
"After the wildfire swept through the valley, the toddler was found badly burned.",1,toddler,human,fire_03,harm
"After the wildfire swept through the valley, the grandmother was found badly burned.",1,grandmother,human,fire_03,harm
"After the wildfire swept through the valley, the grandfather was found badly burned.",1,grandfather,human,fire_03,harm
"After the wildfire swept through the valley, the worker was found badly burned.",1,worker,human,fire_03,harm
"After the wildfire swept through the valley, the baker was found badly burned.",1,baker,human,fire_03,harm
"After the wildfire swept through the valley, the tailor was found badly burned.",1,tailor,human,fire_03,harm
"After the wildfire swept through the valley, the plumber was found badly burned.",1,plumber,human,fire_03,harm
"After the wildfire swept through the valley, the sailor was found badly burned.",1,sailor,human,fire_03,harm
"After the wildfire swept through the valley, the painter was found badly burned.",1,painter,human,fire_03,harm
"After the wildfire swept through the valley, the banker was found badly burned.",1,banker,human,fire_03,harm
"After the wildfire swept through the valley, the lawyer was found badly burned.",1,lawyer,human,fire_03,harm
"After the wildfire swept through the valley, the priest was found badly burned.",1,priest,human,fire_03,harm
"After the wildfire swept through the valley, the mayor was found badly burned.",1,mayor,human,fire_03,harm
"After the wildfire swept through the valley, the clerk was found badly burned.",1,clerk,human,fire_03,harm
"After the wildfire swept through the valley, the chef was found badly burned.",1,chef,human,fire_03,harm
"After the wildfire swept through the valley, the pilot was found badly burned.",1,pilot,human,fire_03,harm
"After the wildfire swept through the valley, the miner was found badly burned.",1,miner,human,fire_03,harm
"After the wildfire swept through the valley, the mason was found badly burned.",1,mason,human,fire_03,harm
"After the wildfire swept through the valley, the traveler was found badly burned.",1,traveler,human,fire_03,harm
"After the wildfire swept through the valley, the stranger was found badly burned.",1,stranger,human,fire_03,harm
"After the wildfire swept through the valley, the infant was found badly burned.",1,infant,human,fire_03,harm
"After the wildfire swept through the valley, the widow was found badly burned.",1,widow,human,fire_03,harm
"After the wildfire swept through the valley, the uncle was found badly burned.",1,uncle,human,fire_03,harm
"After the wildfire swept through the valley, the aunt was found badly burned.",1,aunt,human,fire_03,harm
"After the wildfire swept through the valley, the rat was found badly burned.",0,rat,wild,fire_03,harm
"After the wildfire swept through the valley, the boar was found badly burned.",0,boar,wild,fire_03,harm
"After the wildfire swept through the valley, the buffalo was found badly burned.",0,buffalo,wild,fire_03,harm
"After the wildfire swept through the valley, the fox was found badly burned.",0,fox,wild,fire_03,harm
"After the wildfire swept through the valley, the deer was found badly burned.",0,deer,wild,fire_03,harm
"After the wildfire swept through the valley, the badger was found badly burned.",0,badger,wild,fire_03,harm
"After the wildfire swept through the valley, the otter was found badly burned.",0,otter,wild,fire_03,harm
"After the wildfire swept through the valley, the hare was found badly burned.",0,hare,wild,fire_03,harm
"After the wildfire swept through the valley, the raccoon was found badly burned.",0,raccoon,wild,fire_03,harm
"After the wildfire swept through the valley, the squirrel was found badly burned.",0,squirrel,wild,fire_03,harm
"After the wildfire swept through the valley, the weasel was found badly burned.",0,weasel,wild,fire_03,harm
"After the wildfire swept through the valley, the coyote was found badly burned.",0,coyote,wild,fire_03,harm
"After the wildfire swept through the valley, the moose was found badly burned.",0,moose,wild,fire_03,harm
"After the wildfire swept through the valley, the elk was found badly burned.",0,elk,wild,fire_03,harm
"After the wildfire swept through the valley, the wolf was found badly burned.",0,wolf,wild,fire_03,harm
"After the wildfire swept through the valley, the hedgehog was found badly burned.",0,hedgehog,wild,fire_03,harm
"After the wildfire swept through the valley, the possum was found badly burned.",0,possum,wild,fire_03,harm
"After the wildfire swept through the valley, the jackal was found badly burned.",0,jackal,wild,fire_03,harm
"After the wildfire swept through the valley, the stoat was found badly burned.",0,stoat,wild,fire_03,harm
"After the wildfire swept through the valley, the marten was found badly burned.",0,marten,wild,fire_03,harm
"After the wildfire swept through the valley, the bear was found badly burned.",0,bear,wild,fire_03,harm
"After the wildfire swept through the valley, the lynx was found badly burned.",0,lynx,wild,fire_03,harm
"After the wildfire swept through the valley, the bobcat was found badly burned.",0,bobcat,wild,fire_03,harm
"After the wildfire swept through the valley, the marmot was found badly burned.",0,marmot,wild,fire_03,harm
"After the wildfire swept through the valley, the mink was found badly burned.",0,mink,wild,fire_03,harm
"After the wildfire swept through the valley, the mole was found badly burned.",0,mole,wild,fire_03,harm
"After the wildfire swept through the valley, the vole was found badly burned.",0,vole,wild,fire_03,harm
"After the wildfire swept through the valley, the shrew was found badly burned.",0,shrew,wild,fire_03,harm
"After the wildfire swept through the valley, the porcupine was found badly burned.",0,porcupine,wild,fire_03,harm
"After the wildfire swept through the valley, the skunk was found badly burned.",0,skunk,wild,fire_03,harm
"After the wildfire swept through the valley, the chipmunk was found badly burned.",0,chipmunk,wild,fire_03,harm
"After the wildfire swept through the valley, the beaver was found badly burned.",0,beaver,wild,fire_03,harm
"After the wildfire swept through the valley, the bison was found badly burned.",0,bison,wild,fire_03,harm
"After the wildfire swept through the valley, the antelope was found badly burned.",0,antelope,wild,fire_03,harm
"After the wildfire swept through the valley, the dingo was found badly burned.",0,dingo,wild,fire_03,harm
"After the wildfire swept through the valley, the cougar was found badly burned.",0,cougar,wild,fire_03,harm
"After the wildfire swept through the valley, the wolverine was found badly burned.",0,wolverine,wild,fire_03,harm
"After the wildfire swept through the valley, the muskrat was found badly burned.",0,muskrat,wild,fire_03,harm
"After the wildfire swept through the valley, the lemming was found badly burned.",0,lemming,wild,fire_03,harm
"After the wildfire swept through the valley, the fawn was found badly burned.",0,fawn,wild,fire_03,harm
Rescuers pulled the man from the burning building just before the roof collapsed.,1,man,human,fire_04,harm
Rescuers pulled the woman from the burning building just before the roof collapsed.,1,woman,human,fire_04,harm
Rescuers pulled the child from the burning building just before the roof collapsed.,1,child,human,fire_04,harm
Rescuers pulled the boy from the burning building just before the roof collapsed.,1,boy,human,fire_04,harm
Rescuers pulled the girl from the burning building just before the roof collapsed.,1,girl,human,fire_04,harm
Rescuers pulled the farmer from the burning building just before the roof collapsed.,1,farmer,human,fire_04,harm
Rescuers pulled the nurse from the burning building just before the roof collapsed.,1,nurse,human,fire_04,harm
Rescuers pulled the teacher from the burning building just before the roof collapsed.,1,teacher,human,fire_04,harm
Rescuers pulled the doctor from the burning building just before the roof collapsed.,1,doctor,human,fire_04,harm
Rescuers pulled the student from the burning building just before the roof collapsed.,1,student,human,fire_04,harm
Rescuers pulled the soldier from the burning building just before the roof collapsed.,1,soldier,human,fire_04,harm
Rescuers pulled the hiker from the burning building just before the roof collapsed.,1,hiker,human,fire_04,harm
Rescuers pulled the shepherd from the burning building just before the roof collapsed.,1,shepherd,human,fire_04,harm
Rescuers pulled the villager from the burning building just before the roof collapsed.,1,villager,human,fire_04,harm
Rescuers pulled the fisherman from the burning building just before the roof collapsed.,1,fisherman,human,fire_04,harm
Rescuers pulled the carpenter from the burning building just before the roof collapsed.,1,carpenter,human,fire_04,harm
Rescuers pulled the toddler from the burning building just before the roof collapsed.,1,toddler,human,fire_04,harm
Rescuers pulled the grandmother from the burning building just before the roof collapsed.,1,grandmother,human,fire_04,harm
Rescuers pulled the grandfather from the burning building just before the roof collapsed.,1,grandfather,human,fire_04,harm
Rescuers pulled the worker from the burning building just before the roof collapsed.,1,worker,human,fire_04,harm
Rescuers pulled the baker from the burning building just before the roof collapsed.,1,baker,human,fire_04,harm
Rescuers pulled the tailor from the burning building just before the roof collapsed.,1,tailor,human,fire_04,harm
Rescuers pulled the plumber from the burning building just before the roof collapsed.,1,plumber,human,fire_04,harm
Rescuers pulled the sailor from the burning building just before the roof collapsed.,1,sailor,human,fire_04,harm
Rescuers pulled the painter from the burning building just before the roof collapsed.,1,painter,human,fire_04,harm
Rescuers pulled the banker from the burning building just before the roof collapsed.,1,banker,human,fire_04,harm
Rescuers pulled the lawyer from the burning building just before the roof collapsed.,1,lawyer,human,fire_04,harm
Rescuers pulled the priest from the burning building just before the roof collapsed.,1,priest,human,fire_04,harm
Rescuers pulled the mayor from the burning building just before the roof collapsed.,1,mayor,human,fire_04,harm
Rescuers pulled the clerk from the burning building just before the roof collapsed.,1,clerk,human,fire_04,harm
Rescuers pulled the chef from the burning building just before the roof collapsed.,1,chef,human,fire_04,harm
Rescuers pulled the pilot from the burning building just before the roof collapsed.,1,pilot,human,fire_04,harm
Rescuers pulled the miner from the burning building just before the roof collapsed.,1,miner,human,fire_04,harm
Rescuers pulled the mason from the burning building just before the roof collapsed.,1,mason,human,fire_04,harm
Rescuers pulled the traveler from the burning building just before the roof collapsed.,1,traveler,human,fire_04,harm
Rescuers pulled the stranger from the burning building just before the roof collapsed.,1,stranger,human,fire_04,harm
Rescuers pulled the infant from the burning building just before the roof collapsed.,1,infant,human,fire_04,harm
Rescuers pulled the widow from the burning building just before the roof collapsed.,1,widow,human,fire_04,harm
Rescuers pulled the uncle from the burning building just before the roof collapsed.,1,uncle,human,fire_04,harm
Rescuers pulled the aunt from the burning building just before the roof collapsed.,1,aunt,human,fire_04,harm
Rescuers pulled the rat from the burning building just before the roof collapsed.,0,rat,wild,fire_04,harm
Rescuers pulled the boar from the burning building just before the roof collapsed.,0,boar,wild,fire_04,harm
Rescuers pulled the buffalo from the burning building just before the roof collapsed.,0,buffalo,wild,fire_04,harm
Rescuers pulled the fox from the burning building just before the roof collapsed.,0,fox,wild,fire_04,harm
Rescuers pulled the deer from the burning building just before the roof collapsed.,0,deer,wild,fire_04,harm
Rescuers pulled the badger from the burning building just before the roof collapsed.,0,badger,wild,fire_04,harm
Rescuers pulled the otter from the burning building just before the roof collapsed.,0,otter,wild,fire_04,harm
Rescuers pulled the hare from the burning building just before the roof collapsed.,0,hare,wild,fire_04,harm
Rescuers pulled the raccoon from the burning building just before the roof collapsed.,0,raccoon,wild,fire_04,harm
Rescuers pulled the squirrel from the burning building just before the roof collapsed.,0,squirrel,wild,fire_04,harm
Rescuers pulled the weasel from the burning building just before the roof collapsed.,0,weasel,wild,fire_04,harm
Rescuers pulled the coyote from the burning building just before the roof collapsed.,0,coyote,wild,fire_04,harm
Rescuers pulled the moose from the burning building just before the roof collapsed.,0,moose,wild,fire_04,harm
Rescuers pulled the elk from the burning building just before the roof collapsed.,0,elk,wild,fire_04,harm
Rescuers pulled the wolf from the burning building just before the roof collapsed.,0,wolf,wild,fire_04,harm
Rescuers pulled the hedgehog from the burning building just before the roof collapsed.,0,hedgehog,wild,fire_04,harm
Rescuers pulled the possum from the burning building just before the roof collapsed.,0,possum,wild,fire_04,harm
Rescuers pulled the jackal from the burning building just before the roof collapsed.,0,jackal,wild,fire_04,harm
Rescuers pulled the stoat from the burning building just before the roof collapsed.,0,stoat,wild,fire_04,harm
Rescuers pulled the marten from the burning building just before the roof collapsed.,0,marten,wild,fire_04,harm
Rescuers pulled the bear from the burning building just before the roof collapsed.,0,bear,wild,fire_04,harm
Rescuers pulled the lynx from the burning building just before the roof collapsed.,0,lynx,wild,fire_04,harm
Rescuers pulled the bobcat from the burning building just before the roof collapsed.,0,bobcat,wild,fire_04,harm
Rescuers pulled the marmot from the burning building just before the roof collapsed.,0,marmot,wild,fire_04,harm
Rescuers pulled the mink from the burning building just before the roof collapsed.,0,mink,wild,fire_04,harm
Rescuers pulled the mole from the burning building just before the roof collapsed.,0,mole,wild,fire_04,harm
Rescuers pulled the vole from the burning building just before the roof collapsed.,0,vole,wild,fire_04,harm
Rescuers pulled the shrew from the burning building just before the roof collapsed.,0,shrew,wild,fire_04,harm
Rescuers pulled the porcupine from the burning building just before the roof collapsed.,0,porcupine,wild,fire_04,harm
Rescuers pulled the skunk from the burning building just before the roof collapsed.,0,skunk,wild,fire_04,harm
Rescuers pulled the chipmunk from the burning building just before the roof collapsed.,0,chipmunk,wild,fire_04,harm
Rescuers pulled the beaver from the burning building just before the roof collapsed.,0,beaver,wild,fire_04,harm
Rescuers pulled the bison from the burning building just before the roof collapsed.,0,bison,wild,fire_04,harm
Rescuers pulled the antelope from the burning building just before the roof collapsed.,0,antelope,wild,fire_04,harm
Rescuers pulled the dingo from the burning building just before the roof collapsed.,0,dingo,wild,fire_04,harm
Rescuers pulled the cougar from the burning building just before the roof collapsed.,0,cougar,wild,fire_04,harm
Rescuers pulled the wolverine from the burning building just before the roof collapsed.,0,wolverine,wild,fire_04,harm
Rescuers pulled the muskrat from the burning building just before the roof collapsed.,0,muskrat,wild,fire_04,harm
Rescuers pulled the lemming from the burning building just before the roof collapsed.,0,lemming,wild,fire_04,harm
Rescuers pulled the fawn from the burning building just before the roof collapsed.,0,fawn,wild,fire_04,harm
The flames spread so quickly that the man suffered severe burns before escaping.,1,man,human,fire_05,harm
The flames spread so quickly that the woman suffered severe burns before escaping.,1,woman,human,fire_05,harm
The flames spread so quickly that the child suffered severe burns before escaping.,1,child,human,fire_05,harm
The flames spread so quickly that the boy suffered severe burns before escaping.,1,boy,human,fire_05,harm
The flames spread so quickly that the girl suffered severe burns before escaping.,1,girl,human,fire_05,harm
The flames spread so quickly that the farmer suffered severe burns before escaping.,1,farmer,human,fire_05,harm
The flames spread so quickly that the nurse suffered severe burns before escaping.,1,nurse,human,fire_05,harm
The flames spread so quickly that the teacher suffered severe burns before escaping.,1,teacher,human,fire_05,harm
The flames spread so quickly that the doctor suffered severe burns before escaping.,1,doctor,human,fire_05,harm
The flames spread so quickly that the student suffered severe burns before escaping.,1,student,human,fire_05,harm
The flames spread so quickly that the soldier suffered severe burns before escaping.,1,soldier,human,fire_05,harm
The flames spread so quickly that the hiker suffered severe burns before escaping.,1,hiker,human,fire_05,harm
The flames spread so quickly that the shepherd suffered severe burns before escaping.,1,shepherd,human,fire_05,harm
The flames spread so quickly that the villager suffered severe burns before escaping.,1,villager,human,fire_05,harm
The flames spread so quickly that the fisherman suffered severe burns before escaping.,1,fisherman,human,fire_05,harm
The flames spread so quickly that the carpenter suffered severe burns before escaping.,1,carpenter,human,fire_05,harm
The flames spread so quickly that the toddler suffered severe burns before escaping.,1,toddler,human,fire_05,harm
The flames spread so quickly that the grandmother suffered severe burns before escaping.,1,grandmother,human,fire_05,harm
The flames spread so quickly that the grandfather suffered severe burns before escaping.,1,grandfather,human,fire_05,harm
The flames spread so quickly that the worker suffered severe burns before escaping.,1,worker,human,fire_05,harm
The flames spread so quickly that the baker suffered severe burns before escaping.,1,baker,human,fire_05,harm
The flames spread so quickly that the tailor suffered severe burns before escaping.,1,tailor,human,fire_05,harm
The flames spread so quickly that the plumber suffered severe burns before escaping.,1,plumber,human,fire_05,harm
The flames spread so quickly that the sailor suffered severe burns before escaping.,1,sailor,human,fire_05,harm
The flames spread so quickly that the painter suffered severe burns before escaping.,1,painter,human,fire_05,harm
The flames spread so quickly that the banker suffered severe burns before escaping.,1,banker,human,fire_05,harm
The flames spread so quickly that the lawyer suffered severe burns before escaping.,1,lawyer,human,fire_05,harm
The flames spread so quickly that the priest suffered severe burns before escaping.,1,priest,human,fire_05,harm
The flames spread so quickly that the mayor suffered severe burns before escaping.,1,mayor,human,fire_05,harm
The flames spread so quickly that the clerk suffered severe burns before escaping.,1,clerk,human,fire_05,harm
The flames spread so quickly that the chef suffered severe burns before escaping.,1,chef,human,fire_05,harm
The flames spread so quickly that the pilot suffered severe burns before escaping.,1,pilot,human,fire_05,harm
The flames spread so quickly that the miner suffered severe burns before escaping.,1,miner,human,fire_05,harm
The flames spread so quickly that the mason suffered severe burns before escaping.,1,mason,human,fire_05,harm
The flames spread so quickly that the traveler suffered severe burns before escaping.,1,traveler,human,fire_05,harm
The flames spread so quickly that the stranger suffered severe burns before escaping.,1,stranger,human,fire_05,harm
The flames spread so quickly that the infant suffered severe burns before escaping.,1,infant,human,fire_05,harm
The flames spread so quickly that the widow suffered severe burns before escaping.,1,widow,human,fire_05,harm
The flames spread so quickly that the uncle suffered severe burns before escaping.,1,uncle,human,fire_05,harm
The flames spread so quickly that the aunt suffered severe burns before escaping.,1,aunt,human,fire_05,harm
The flames spread so quickly that the rat suffered severe burns before escaping.,0,rat,wild,fire_05,harm
The flames spread so quickly that the boar suffered severe burns before escaping.,0,boar,wild,fire_05,harm
The flames spread so quickly that the buffalo suffered severe burns before escaping.,0,buffalo,wild,fire_05,harm
The flames spread so quickly that the fox suffered severe burns before escaping.,0,fox,wild,fire_05,harm
The flames spread so quickly that the deer suffered severe burns before escaping.,0,deer,wild,fire_05,harm
The flames spread so quickly that the badger suffered severe burns before escaping.,0,badger,wild,fire_05,harm
The flames spread so quickly that the otter suffered severe burns before escaping.,0,otter,wild,fire_05,harm
The flames spread so quickly that the hare suffered severe burns before escaping.,0,hare,wild,fire_05,harm
The flames spread so quickly that the raccoon suffered severe burns before escaping.,0,raccoon,wild,fire_05,harm
The flames spread so quickly that the squirrel suffered severe burns before escaping.,0,squirrel,wild,fire_05,harm
The flames spread so quickly that the weasel suffered severe burns before escaping.,0,weasel,wild,fire_05,harm
The flames spread so quickly that the coyote suffered severe burns before escaping.,0,coyote,wild,fire_05,harm
The flames spread so quickly that the moose suffered severe burns before escaping.,0,moose,wild,fire_05,harm
The flames spread so quickly that the elk suffered severe burns before escaping.,0,elk,wild,fire_05,harm
The flames spread so quickly that the wolf suffered severe burns before escaping.,0,wolf,wild,fire_05,harm
The flames spread so quickly that the hedgehog suffered severe burns before escaping.,0,hedgehog,wild,fire_05,harm
The flames spread so quickly that the possum suffered severe burns before escaping.,0,possum,wild,fire_05,harm
The flames spread so quickly that the jackal suffered severe burns before escaping.,0,jackal,wild,fire_05,harm
The flames spread so quickly that the stoat suffered severe burns before escaping.,0,stoat,wild,fire_05,harm
The flames spread so quickly that the marten suffered severe burns before escaping.,0,marten,wild,fire_05,harm
The flames spread so quickly that the bear suffered severe burns before escaping.,0,bear,wild,fire_05,harm
The flames spread so quickly that the lynx suffered severe burns before escaping.,0,lynx,wild,fire_05,harm
The flames spread so quickly that the bobcat suffered severe burns before escaping.,0,bobcat,wild,fire_05,harm
The flames spread so quickly that the marmot suffered severe burns before escaping.,0,marmot,wild,fire_05,harm
The flames spread so quickly that the mink suffered severe burns before escaping.,0,mink,wild,fire_05,harm
The flames spread so quickly that the mole suffered severe burns before escaping.,0,mole,wild,fire_05,harm
The flames spread so quickly that the vole suffered severe burns before escaping.,0,vole,wild,fire_05,harm
The flames spread so quickly that the shrew suffered severe burns before escaping.,0,shrew,wild,fire_05,harm
The flames spread so quickly that the porcupine suffered severe burns before escaping.,0,porcupine,wild,fire_05,harm
The flames spread so quickly that the skunk suffered severe burns before escaping.,0,skunk,wild,fire_05,harm
The flames spread so quickly that the chipmunk suffered severe burns before escaping.,0,chipmunk,wild,fire_05,harm
The flames spread so quickly that the beaver suffered severe burns before escaping.,0,beaver,wild,fire_05,harm
The flames spread so quickly that the bison suffered severe burns before escaping.,0,bison,wild,fire_05,harm
The flames spread so quickly that the antelope suffered severe burns before escaping.,0,antelope,wild,fire_05,harm
The flames spread so quickly that the dingo suffered severe burns before escaping.,0,dingo,wild,fire_05,harm
The flames spread so quickly that the cougar suffered severe burns before escaping.,0,cougar,wild,fire_05,harm
The flames spread so quickly that the wolverine suffered severe burns before escaping.,0,wolverine,wild,fire_05,harm
The flames spread so quickly that the muskrat suffered severe burns before escaping.,0,muskrat,wild,fire_05,harm
The flames spread so quickly that the lemming suffered severe burns before escaping.,0,lemming,wild,fire_05,harm
The flames spread so quickly that the fawn suffered severe burns before escaping.,0,fawn,wild,fire_05,harm
"Firefighters found the man collapsed near the doorway, barely breathing from the smoke.",1,man,human,fire_06,harm
"Firefighters found the woman collapsed near the doorway, barely breathing from the smoke.",1,woman,human,fire_06,harm
"Firefighters found the child collapsed near the doorway, barely breathing from the smoke.",1,child,human,fire_06,harm
"Firefighters found the boy collapsed near the doorway, barely breathing from the smoke.",1,boy,human,fire_06,harm
"Firefighters found the girl collapsed near the doorway, barely breathing from the smoke.",1,girl,human,fire_06,harm
"Firefighters found the farmer collapsed near the doorway, barely breathing from the smoke.",1,farmer,human,fire_06,harm
"Firefighters found the nurse collapsed near the doorway, barely breathing from the smoke.",1,nurse,human,fire_06,harm
"Firefighters found the teacher collapsed near the doorway, barely breathing from the smoke.",1,teacher,human,fire_06,harm
"Firefighters found the doctor collapsed near the doorway, barely breathing from the smoke.",1,doctor,human,fire_06,harm
"Firefighters found the student collapsed near the doorway, barely breathing from the smoke.",1,student,human,fire_06,harm
"Firefighters found the soldier collapsed near the doorway, barely breathing from the smoke.",1,soldier,human,fire_06,harm
"Firefighters found the hiker collapsed near the doorway, barely breathing from the smoke.",1,hiker,human,fire_06,harm
"Firefighters found the shepherd collapsed near the doorway, barely breathing from the smoke.",1,shepherd,human,fire_06,harm
"Firefighters found the villager collapsed near the doorway, barely breathing from the smoke.",1,villager,human,fire_06,harm
"Firefighters found the fisherman collapsed near the doorway, barely breathing from the smoke.",1,fisherman,human,fire_06,harm
"Firefighters found the carpenter collapsed near the doorway, barely breathing from the smoke.",1,carpenter,human,fire_06,harm
"Firefighters found the toddler collapsed near the doorway, barely breathing from the smoke.",1,toddler,human,fire_06,harm
"Firefighters found the grandmother collapsed near the doorway, barely breathing from the smoke.",1,grandmother,human,fire_06,harm
"Firefighters found the grandfather collapsed near the doorway, barely breathing from the smoke.",1,grandfather,human,fire_06,harm
"Firefighters found the worker collapsed near the doorway, barely breathing from the smoke.",1,worker,human,fire_06,harm
"Firefighters found the baker collapsed near the doorway, barely breathing from the smoke.",1,baker,human,fire_06,harm
"Firefighters found the tailor collapsed near the doorway, barely breathing from the smoke.",1,tailor,human,fire_06,harm
"Firefighters found the plumber collapsed near the doorway, barely breathing from the smoke.",1,plumber,human,fire_06,harm
"Firefighters found the sailor collapsed near the doorway, barely breathing from the smoke.",1,sailor,human,fire_06,harm
"Firefighters found the painter collapsed near the doorway, barely breathing from the smoke.",1,painter,human,fire_06,harm
"Firefighters found the banker collapsed near the doorway, barely breathing from the smoke.",1,banker,human,fire_06,harm
"Firefighters found the lawyer collapsed near the doorway, barely breathing from the smoke.",1,lawyer,human,fire_06,harm
"Firefighters found the priest collapsed near the doorway, barely breathing from the smoke.",1,priest,human,fire_06,harm
"Firefighters found the mayor collapsed near the doorway, barely breathing from the smoke.",1,mayor,human,fire_06,harm
"Firefighters found the clerk collapsed near the doorway, barely breathing from the smoke.",1,clerk,human,fire_06,harm
"Firefighters found the chef collapsed near the doorway, barely breathing from the smoke.",1,chef,human,fire_06,harm
"Firefighters found the pilot collapsed near the doorway, barely breathing from the smoke.",1,pilot,human,fire_06,harm
"Firefighters found the miner collapsed near the doorway, barely breathing from the smoke.",1,miner,human,fire_06,harm
"Firefighters found the mason collapsed near the doorway, barely breathing from the smoke.",1,mason,human,fire_06,harm
"Firefighters found the traveler collapsed near the doorway, barely breathing from the smoke.",1,traveler,human,fire_06,harm
"Firefighters found the stranger collapsed near the doorway, barely breathing from the smoke.",1,stranger,human,fire_06,harm
"Firefighters found the infant collapsed near the doorway, barely breathing from the smoke.",1,infant,human,fire_06,harm
"Firefighters found the widow collapsed near the doorway, barely breathing from the smoke.",1,widow,human,fire_06,harm
"Firefighters found the uncle collapsed near the doorway, barely breathing from the smoke.",1,uncle,human,fire_06,harm
"Firefighters found the aunt collapsed near the doorway, barely breathing from the smoke.",1,aunt,human,fire_06,harm
"Firefighters found the rat collapsed near the doorway, barely breathing from the smoke.",0,rat,wild,fire_06,harm
"Firefighters found the boar collapsed near the doorway, barely breathing from the smoke.",0,boar,wild,fire_06,harm
"Firefighters found the buffalo collapsed near the doorway, barely breathing from the smoke.",0,buffalo,wild,fire_06,harm
"Firefighters found the fox collapsed near the doorway, barely breathing from the smoke.",0,fox,wild,fire_06,harm
"Firefighters found the deer collapsed near the doorway, barely breathing from the smoke.",0,deer,wild,fire_06,harm
"Firefighters found the badger collapsed near the doorway, barely breathing from the smoke.",0,badger,wild,fire_06,harm
"Firefighters found the otter collapsed near the doorway, barely breathing from the smoke.",0,otter,wild,fire_06,harm
"Firefighters found the hare collapsed near the doorway, barely breathing from the smoke.",0,hare,wild,fire_06,harm
"Firefighters found the raccoon collapsed near the doorway, barely breathing from the smoke.",0,raccoon,wild,fire_06,harm
"Firefighters found the squirrel collapsed near the doorway, barely breathing from the smoke.",0,squirrel,wild,fire_06,harm
"Firefighters found the weasel collapsed near the doorway, barely breathing from the smoke.",0,weasel,wild,fire_06,harm
"Firefighters found the coyote collapsed near the doorway, barely breathing from the smoke.",0,coyote,wild,fire_06,harm
"Firefighters found the moose collapsed near the doorway, barely breathing from the smoke.",0,moose,wild,fire_06,harm
"Firefighters found the elk collapsed near the doorway, barely breathing from the smoke.",0,elk,wild,fire_06,harm
"Firefighters found the wolf collapsed near the doorway, barely breathing from the smoke.",0,wolf,wild,fire_06,harm
"Firefighters found the hedgehog collapsed near the doorway, barely breathing from the smoke.",0,hedgehog,wild,fire_06,harm
"Firefighters found the possum collapsed near the doorway, barely breathing from the smoke.",0,possum,wild,fire_06,harm
"Firefighters found the jackal collapsed near the doorway, barely breathing from the smoke.",0,jackal,wild,fire_06,harm
"Firefighters found the stoat collapsed near the doorway, barely breathing from the smoke.",0,stoat,wild,fire_06,harm
"Firefighters found the marten collapsed near the doorway, barely breathing from the smoke.",0,marten,wild,fire_06,harm
"Firefighters found the bear collapsed near the doorway, barely breathing from the smoke.",0,bear,wild,fire_06,harm
"Firefighters found the lynx collapsed near the doorway, barely breathing from the smoke.",0,lynx,wild,fire_06,harm
"Firefighters found the bobcat collapsed near the doorway, barely breathing from the smoke.",0,bobcat,wild,fire_06,harm
"Firefighters found the marmot collapsed near the doorway, barely breathing from the smoke.",0,marmot,wild,fire_06,harm
"Firefighters found the mink collapsed near the doorway, barely breathing from the smoke.",0,mink,wild,fire_06,harm
"Firefighters found the mole collapsed near the doorway, barely breathing from the smoke.",0,mole,wild,fire_06,harm
"Firefighters found the vole collapsed near the doorway, barely breathing from the smoke.",0,vole,wild,fire_06,harm
"Firefighters found the shrew collapsed near the doorway, barely breathing from the smoke.",0,shrew,wild,fire_06,harm
"Firefighters found the porcupine collapsed near the doorway, barely breathing from the smoke.",0,porcupine,wild,fire_06,harm
"Firefighters found the skunk collapsed near the doorway, barely breathing from the smoke.",0,skunk,wild,fire_06,harm
"Firefighters found the chipmunk collapsed near the doorway, barely breathing from the smoke.",0,chipmunk,wild,fire_06,harm
"Firefighters found the beaver collapsed near the doorway, barely breathing from the smoke.",0,beaver,wild,fire_06,harm
"Firefighters found the bison collapsed near the doorway, barely breathing from the smoke.",0,bison,wild,fire_06,harm
"Firefighters found the antelope collapsed near the doorway, barely breathing from the smoke.",0,antelope,wild,fire_06,harm
"Firefighters found the dingo collapsed near the doorway, barely breathing from the smoke.",0,dingo,wild,fire_06,harm
"Firefighters found the cougar collapsed near the doorway, barely breathing from the smoke.",0,cougar,wild,fire_06,harm
"Firefighters found the wolverine collapsed near the doorway, barely breathing from the smoke.",0,wolverine,wild,fire_06,harm
"Firefighters found the muskrat collapsed near the doorway, barely breathing from the smoke.",0,muskrat,wild,fire_06,harm
"Firefighters found the lemming collapsed near the doorway, barely breathing from the smoke.",0,lemming,wild,fire_06,harm
"Firefighters found the fawn collapsed near the doorway, barely breathing from the smoke.",0,fawn,wild,fire_06,harm
A speeding truck struck the man on the dark highway.,1,man,human,road_01,harm
A speeding truck struck the woman on the dark highway.,1,woman,human,road_01,harm
A speeding truck struck the child on the dark highway.,1,child,human,road_01,harm
A speeding truck struck the boy on the dark highway.,1,boy,human,road_01,harm
A speeding truck struck the girl on the dark highway.,1,girl,human,road_01,harm
A speeding truck struck the farmer on the dark highway.,1,farmer,human,road_01,harm
A speeding truck struck the nurse on the dark highway.,1,nurse,human,road_01,harm
A speeding truck struck the teacher on the dark highway.,1,teacher,human,road_01,harm
A speeding truck struck the doctor on the dark highway.,1,doctor,human,road_01,harm
A speeding truck struck the student on the dark highway.,1,student,human,road_01,harm
A speeding truck struck the soldier on the dark highway.,1,soldier,human,road_01,harm
A speeding truck struck the hiker on the dark highway.,1,hiker,human,road_01,harm
A speeding truck struck the shepherd on the dark highway.,1,shepherd,human,road_01,harm
A speeding truck struck the villager on the dark highway.,1,villager,human,road_01,harm
A speeding truck struck the fisherman on the dark highway.,1,fisherman,human,road_01,harm
A speeding truck struck the carpenter on the dark highway.,1,carpenter,human,road_01,harm
A speeding truck struck the toddler on the dark highway.,1,toddler,human,road_01,harm
A speeding truck struck the grandmother on the dark highway.,1,grandmother,human,road_01,harm
A speeding truck struck the grandfather on the dark highway.,1,grandfather,human,road_01,harm
A speeding truck struck the worker on the dark highway.,1,worker,human,road_01,harm
A speeding truck struck the baker on the dark highway.,1,baker,human,road_01,harm
A speeding truck struck the tailor on the dark highway.,1,tailor,human,road_01,harm
A speeding truck struck the plumber on the dark highway.,1,plumber,human,road_01,harm
A speeding truck struck the sailor on the dark highway.,1,sailor,human,road_01,harm
A speeding truck struck the painter on the dark highway.,1,painter,human,road_01,harm
A speeding truck struck the banker on the dark highway.,1,banker,human,road_01,harm
A speeding truck struck the lawyer on the dark highway.,1,lawyer,human,road_01,harm
A speeding truck struck the priest on the dark highway.,1,priest,human,road_01,harm
A speeding truck struck the mayor on the dark highway.,1,mayor,human,road_01,harm
A speeding truck struck the clerk on the dark highway.,1,clerk,human,road_01,harm
A speeding truck struck the chef on the dark highway.,1,chef,human,road_01,harm
A speeding truck struck the pilot on the dark highway.,1,pilot,human,road_01,harm
A speeding truck struck the miner on the dark highway.,1,miner,human,road_01,harm
A speeding truck struck the mason on the dark highway.,1,mason,human,road_01,harm
A speeding truck struck the traveler on the dark highway.,1,traveler,human,road_01,harm
A speeding truck struck the stranger on the dark highway.,1,stranger,human,road_01,harm
A speeding truck struck the infant on the dark highway.,1,infant,human,road_01,harm
A speeding truck struck the widow on the dark highway.,1,widow,human,road_01,harm
A speeding truck struck the uncle on the dark highway.,1,uncle,human,road_01,harm
A speeding truck struck the aunt on the dark highway.,1,aunt,human,road_01,harm
A speeding truck struck the rat on the dark highway.,0,rat,wild,road_01,harm
A speeding truck struck the boar on the dark highway.,0,boar,wild,road_01,harm
A speeding truck struck the buffalo on the dark highway.,0,buffalo,wild,road_01,harm
A speeding truck struck the fox on the dark highway.,0,fox,wild,road_01,harm
A speeding truck struck the deer on the dark highway.,0,deer,wild,road_01,harm
A speeding truck struck the badger on the dark highway.,0,badger,wild,road_01,harm
A speeding truck struck the otter on the dark highway.,0,otter,wild,road_01,harm
A speeding truck struck the hare on the dark highway.,0,hare,wild,road_01,harm
A speeding truck struck the raccoon on the dark highway.,0,raccoon,wild,road_01,harm
A speeding truck struck the squirrel on the dark highway.,0,squirrel,wild,road_01,harm
A speeding truck struck the weasel on the dark highway.,0,weasel,wild,road_01,harm
A speeding truck struck the coyote on the dark highway.,0,coyote,wild,road_01,harm
A speeding truck struck the moose on the dark highway.,0,moose,wild,road_01,harm
A speeding truck struck the elk on the dark highway.,0,elk,wild,road_01,harm
A speeding truck struck the wolf on the dark highway.,0,wolf,wild,road_01,harm
A speeding truck struck the hedgehog on the dark highway.,0,hedgehog,wild,road_01,harm
A speeding truck struck the possum on the dark highway.,0,possum,wild,road_01,harm
A speeding truck struck the jackal on the dark highway.,0,jackal,wild,road_01,harm
A speeding truck struck the stoat on the dark highway.,0,stoat,wild,road_01,harm
A speeding truck struck the marten on the dark highway.,0,marten,wild,road_01,harm
A speeding truck struck the bear on the dark highway.,0,bear,wild,road_01,harm
A speeding truck struck the lynx on the dark highway.,0,lynx,wild,road_01,harm
A speeding truck struck the bobcat on the dark highway.,0,bobcat,wild,road_01,harm
A speeding truck struck the marmot on the dark highway.,0,marmot,wild,road_01,harm
A speeding truck struck the mink on the dark highway.,0,mink,wild,road_01,harm
A speeding truck struck the mole on the dark highway.,0,mole,wild,road_01,harm
A speeding truck struck the vole on the dark highway.,0,vole,wild,road_01,harm
A speeding truck struck the shrew on the dark highway.,0,shrew,wild,road_01,harm
A speeding truck struck the porcupine on the dark highway.,0,porcupine,wild,road_01,harm
A speeding truck struck the skunk on the dark highway.,0,skunk,wild,road_01,harm
A speeding truck struck the chipmunk on the dark highway.,0,chipmunk,wild,road_01,harm
A speeding truck struck the beaver on the dark highway.,0,beaver,wild,road_01,harm
A speeding truck struck the bison on the dark highway.,0,bison,wild,road_01,harm
A speeding truck struck the antelope on the dark highway.,0,antelope,wild,road_01,harm
A speeding truck struck the dingo on the dark highway.,0,dingo,wild,road_01,harm
A speeding truck struck the cougar on the dark highway.,0,cougar,wild,road_01,harm
A speeding truck struck the wolverine on the dark highway.,0,wolverine,wild,road_01,harm
A speeding truck struck the muskrat on the dark highway.,0,muskrat,wild,road_01,harm
A speeding truck struck the lemming on the dark highway.,0,lemming,wild,road_01,harm
A speeding truck struck the fawn on the dark highway.,0,fawn,wild,road_01,harm
"After the collision, the man lay motionless by the side of the road.",1,man,human,road_02,harm
"After the collision, the woman lay motionless by the side of the road.",1,woman,human,road_02,harm
"After the collision, the child lay motionless by the side of the road.",1,child,human,road_02,harm
"After the collision, the boy lay motionless by the side of the road.",1,boy,human,road_02,harm
"After the collision, the girl lay motionless by the side of the road.",1,girl,human,road_02,harm
"After the collision, the farmer lay motionless by the side of the road.",1,farmer,human,road_02,harm
"After the collision, the nurse lay motionless by the side of the road.",1,nurse,human,road_02,harm
"After the collision, the teacher lay motionless by the side of the road.",1,teacher,human,road_02,harm
"After the collision, the doctor lay motionless by the side of the road.",1,doctor,human,road_02,harm
"After the collision, the student lay motionless by the side of the road.",1,student,human,road_02,harm
"After the collision, the soldier lay motionless by the side of the road.",1,soldier,human,road_02,harm
"After the collision, the hiker lay motionless by the side of the road.",1,hiker,human,road_02,harm
"After the collision, the shepherd lay motionless by the side of the road.",1,shepherd,human,road_02,harm
"After the collision, the villager lay motionless by the side of the road.",1,villager,human,road_02,harm
"After the collision, the fisherman lay motionless by the side of the road.",1,fisherman,human,road_02,harm
"After the collision, the carpenter lay motionless by the side of the road.",1,carpenter,human,road_02,harm
"After the collision, the toddler lay motionless by the side of the road.",1,toddler,human,road_02,harm
"After the collision, the grandmother lay motionless by the side of the road.",1,grandmother,human,road_02,harm
"After the collision, the grandfather lay motionless by the side of the road.",1,grandfather,human,road_02,harm
"After the collision, the worker lay motionless by the side of the road.",1,worker,human,road_02,harm
"After the collision, the baker lay motionless by the side of the road.",1,baker,human,road_02,harm
"After the collision, the tailor lay motionless by the side of the road.",1,tailor,human,road_02,harm
"After the collision, the plumber lay motionless by the side of the road.",1,plumber,human,road_02,harm
"After the collision, the sailor lay motionless by the side of the road.",1,sailor,human,road_02,harm
"After the collision, the painter lay motionless by the side of the road.",1,painter,human,road_02,harm
"After the collision, the banker lay motionless by the side of the road.",1,banker,human,road_02,harm
"After the collision, the lawyer lay motionless by the side of the road.",1,lawyer,human,road_02,harm
"After the collision, the priest lay motionless by the side of the road.",1,priest,human,road_02,harm
"After the collision, the mayor lay motionless by the side of the road.",1,mayor,human,road_02,harm
"After the collision, the clerk lay motionless by the side of the road.",1,clerk,human,road_02,harm
"After the collision, the chef lay motionless by the side of the road.",1,chef,human,road_02,harm
"After the collision, the pilot lay motionless by the side of the road.",1,pilot,human,road_02,harm
"After the collision, the miner lay motionless by the side of the road.",1,miner,human,road_02,harm
"After the collision, the mason lay motionless by the side of the road.",1,mason,human,road_02,harm
"After the collision, the traveler lay motionless by the side of the road.",1,traveler,human,road_02,harm
"After the collision, the stranger lay motionless by the side of the road.",1,stranger,human,road_02,harm
"After the collision, the infant lay motionless by the side of the road.",1,infant,human,road_02,harm
"After the collision, the widow lay motionless by the side of the road.",1,widow,human,road_02,harm
"After the collision, the uncle lay motionless by the side of the road.",1,uncle,human,road_02,harm
"After the collision, the aunt lay motionless by the side of the road.",1,aunt,human,road_02,harm
"After the collision, the rat lay motionless by the side of the road.",0,rat,wild,road_02,harm
"After the collision, the boar lay motionless by the side of the road.",0,boar,wild,road_02,harm
"After the collision, the buffalo lay motionless by the side of the road.",0,buffalo,wild,road_02,harm
"After the collision, the fox lay motionless by the side of the road.",0,fox,wild,road_02,harm
"After the collision, the deer lay motionless by the side of the road.",0,deer,wild,road_02,harm
"After the collision, the badger lay motionless by the side of the road.",0,badger,wild,road_02,harm
"After the collision, the otter lay motionless by the side of the road.",0,otter,wild,road_02,harm
"After the collision, the hare lay motionless by the side of the road.",0,hare,wild,road_02,harm
"After the collision, the raccoon lay motionless by the side of the road.",0,raccoon,wild,road_02,harm
"After the collision, the squirrel lay motionless by the side of the road.",0,squirrel,wild,road_02,harm
"After the collision, the weasel lay motionless by the side of the road.",0,weasel,wild,road_02,harm
"After the collision, the coyote lay motionless by the side of the road.",0,coyote,wild,road_02,harm
"After the collision, the moose lay motionless by the side of the road.",0,moose,wild,road_02,harm
"After the collision, the elk lay motionless by the side of the road.",0,elk,wild,road_02,harm
"After the collision, the wolf lay motionless by the side of the road.",0,wolf,wild,road_02,harm
"After the collision, the hedgehog lay motionless by the side of the road.",0,hedgehog,wild,road_02,harm
"After the collision, the possum lay motionless by the side of the road.",0,possum,wild,road_02,harm
"After the collision, the jackal lay motionless by the side of the road.",0,jackal,wild,road_02,harm
"After the collision, the stoat lay motionless by the side of the road.",0,stoat,wild,road_02,harm
"After the collision, the marten lay motionless by the side of the road.",0,marten,wild,road_02,harm
"After the collision, the bear lay motionless by the side of the road.",0,bear,wild,road_02,harm
"After the collision, the lynx lay motionless by the side of the road.",0,lynx,wild,road_02,harm
"After the collision, the bobcat lay motionless by the side of the road.",0,bobcat,wild,road_02,harm
"After the collision, the marmot lay motionless by the side of the road.",0,marmot,wild,road_02,harm
"After the collision, the mink lay motionless by the side of the road.",0,mink,wild,road_02,harm
"After the collision, the mole lay motionless by the side of the road.",0,mole,wild,road_02,harm
"After the collision, the vole lay motionless by the side of the road.",0,vole,wild,road_02,harm
"After the collision, the shrew lay motionless by the side of the road.",0,shrew,wild,road_02,harm
"After the collision, the porcupine lay motionless by the side of the road.",0,porcupine,wild,road_02,harm
"After the collision, the skunk lay motionless by the side of the road.",0,skunk,wild,road_02,harm
"After the collision, the chipmunk lay motionless by the side of the road.",0,chipmunk,wild,road_02,harm
"After the collision, the beaver lay motionless by the side of the road.",0,beaver,wild,road_02,harm
"After the collision, the bison lay motionless by the side of the road.",0,bison,wild,road_02,harm
"After the collision, the antelope lay motionless by the side of the road.",0,antelope,wild,road_02,harm
"After the collision, the dingo lay motionless by the side of the road.",0,dingo,wild,road_02,harm
"After the collision, the cougar lay motionless by the side of the road.",0,cougar,wild,road_02,harm
"After the collision, the wolverine lay motionless by the side of the road.",0,wolverine,wild,road_02,harm
"After the collision, the muskrat lay motionless by the side of the road.",0,muskrat,wild,road_02,harm
"After the collision, the lemming lay motionless by the side of the road.",0,lemming,wild,road_02,harm
"After the collision, the fawn lay motionless by the side of the road.",0,fawn,wild,road_02,harm
"The driver swerved too late, and the man was left injured on the asphalt.",1,man,human,road_03,harm
"The driver swerved too late, and the woman was left injured on the asphalt.",1,woman,human,road_03,harm
"The driver swerved too late, and the child was left injured on the asphalt.",1,child,human,road_03,harm
"The driver swerved too late, and the boy was left injured on the asphalt.",1,boy,human,road_03,harm
"The driver swerved too late, and the girl was left injured on the asphalt.",1,girl,human,road_03,harm
"The driver swerved too late, and the farmer was left injured on the asphalt.",1,farmer,human,road_03,harm
"The driver swerved too late, and the nurse was left injured on the asphalt.",1,nurse,human,road_03,harm
"The driver swerved too late, and the teacher was left injured on the asphalt.",1,teacher,human,road_03,harm
"The driver swerved too late, and the doctor was left injured on the asphalt.",1,doctor,human,road_03,harm
"The driver swerved too late, and the student was left injured on the asphalt.",1,student,human,road_03,harm
"The driver swerved too late, and the soldier was left injured on the asphalt.",1,soldier,human,road_03,harm
"The driver swerved too late, and the hiker was left injured on the asphalt.",1,hiker,human,road_03,harm
"The driver swerved too late, and the shepherd was left injured on the asphalt.",1,shepherd,human,road_03,harm
"The driver swerved too late, and the villager was left injured on the asphalt.",1,villager,human,road_03,harm
"The driver swerved too late, and the fisherman was left injured on the asphalt.",1,fisherman,human,road_03,harm
"The driver swerved too late, and the carpenter was left injured on the asphalt.",1,carpenter,human,road_03,harm
"The driver swerved too late, and the toddler was left injured on the asphalt.",1,toddler,human,road_03,harm
"The driver swerved too late, and the grandmother was left injured on the asphalt.",1,grandmother,human,road_03,harm
"The driver swerved too late, and the grandfather was left injured on the asphalt.",1,grandfather,human,road_03,harm
"The driver swerved too late, and the worker was left injured on the asphalt.",1,worker,human,road_03,harm
"The driver swerved too late, and the baker was left injured on the asphalt.",1,baker,human,road_03,harm
"The driver swerved too late, and the tailor was left injured on the asphalt.",1,tailor,human,road_03,harm
"The driver swerved too late, and the plumber was left injured on the asphalt.",1,plumber,human,road_03,harm
"The driver swerved too late, and the sailor was left injured on the asphalt.",1,sailor,human,road_03,harm
"The driver swerved too late, and the painter was left injured on the asphalt.",1,painter,human,road_03,harm
"The driver swerved too late, and the banker was left injured on the asphalt.",1,banker,human,road_03,harm
"The driver swerved too late, and the lawyer was left injured on the asphalt.",1,lawyer,human,road_03,harm
"The driver swerved too late, and the priest was left injured on the asphalt.",1,priest,human,road_03,harm
"The driver swerved too late, and the mayor was left injured on the asphalt.",1,mayor,human,road_03,harm
"The driver swerved too late, and the clerk was left injured on the asphalt.",1,clerk,human,road_03,harm
"The driver swerved too late, and the chef was left injured on the asphalt.",1,chef,human,road_03,harm
"The driver swerved too late, and the pilot was left injured on the asphalt.",1,pilot,human,road_03,harm
"The driver swerved too late, and the miner was left injured on the asphalt.",1,miner,human,road_03,harm
"The driver swerved too late, and the mason was left injured on the asphalt.",1,mason,human,road_03,harm
"The driver swerved too late, and the traveler was left injured on the asphalt.",1,traveler,human,road_03,harm
"The driver swerved too late, and the stranger was left injured on the asphalt.",1,stranger,human,road_03,harm
"The driver swerved too late, and the infant was left injured on the asphalt.",1,infant,human,road_03,harm
"The driver swerved too late, and the widow was left injured on the asphalt.",1,widow,human,road_03,harm
"The driver swerved too late, and the uncle was left injured on the asphalt.",1,uncle,human,road_03,harm
"The driver swerved too late, and the aunt was left injured on the asphalt.",1,aunt,human,road_03,harm
"The driver swerved too late, and the rat was left injured on the asphalt.",0,rat,wild,road_03,harm
"The driver swerved too late, and the boar was left injured on the asphalt.",0,boar,wild,road_03,harm
"The driver swerved too late, and the buffalo was left injured on the asphalt.",0,buffalo,wild,road_03,harm
"The driver swerved too late, and the fox was left injured on the asphalt.",0,fox,wild,road_03,harm
"The driver swerved too late, and the deer was left injured on the asphalt.",0,deer,wild,road_03,harm
"The driver swerved too late, and the badger was left injured on the asphalt.",0,badger,wild,road_03,harm
"The driver swerved too late, and the otter was left injured on the asphalt.",0,otter,wild,road_03,harm
"The driver swerved too late, and the hare was left injured on the asphalt.",0,hare,wild,road_03,harm
"The driver swerved too late, and the raccoon was left injured on the asphalt.",0,raccoon,wild,road_03,harm
"The driver swerved too late, and the squirrel was left injured on the asphalt.",0,squirrel,wild,road_03,harm
"The driver swerved too late, and the weasel was left injured on the asphalt.",0,weasel,wild,road_03,harm
"The driver swerved too late, and the coyote was left injured on the asphalt.",0,coyote,wild,road_03,harm
"The driver swerved too late, and the moose was left injured on the asphalt.",0,moose,wild,road_03,harm
"The driver swerved too late, and the elk was left injured on the asphalt.",0,elk,wild,road_03,harm
"The driver swerved too late, and the wolf was left injured on the asphalt.",0,wolf,wild,road_03,harm
"The driver swerved too late, and the hedgehog was left injured on the asphalt.",0,hedgehog,wild,road_03,harm
"The driver swerved too late, and the possum was left injured on the asphalt.",0,possum,wild,road_03,harm
"The driver swerved too late, and the jackal was left injured on the asphalt.",0,jackal,wild,road_03,harm
"The driver swerved too late, and the stoat was left injured on the asphalt.",0,stoat,wild,road_03,harm
"The driver swerved too late, and the marten was left injured on the asphalt.",0,marten,wild,road_03,harm
"The driver swerved too late, and the bear was left injured on the asphalt.",0,bear,wild,road_03,harm
"The driver swerved too late, and the lynx was left injured on the asphalt.",0,lynx,wild,road_03,harm
"The driver swerved too late, and the bobcat was left injured on the asphalt.",0,bobcat,wild,road_03,harm
"The driver swerved too late, and the marmot was left injured on the asphalt.",0,marmot,wild,road_03,harm
"The driver swerved too late, and the mink was left injured on the asphalt.",0,mink,wild,road_03,harm
"The driver swerved too late, and the mole was left injured on the asphalt.",0,mole,wild,road_03,harm
"The driver swerved too late, and the vole was left injured on the asphalt.",0,vole,wild,road_03,harm
"The driver swerved too late, and the shrew was left injured on the asphalt.",0,shrew,wild,road_03,harm
"The driver swerved too late, and the porcupine was left injured on the asphalt.",0,porcupine,wild,road_03,harm
"The driver swerved too late, and the skunk was left injured on the asphalt.",0,skunk,wild,road_03,harm
"The driver swerved too late, and the chipmunk was left injured on the asphalt.",0,chipmunk,wild,road_03,harm
"The driver swerved too late, and the beaver was left injured on the asphalt.",0,beaver,wild,road_03,harm
"The driver swerved too late, and the bison was left injured on the asphalt.",0,bison,wild,road_03,harm
"The driver swerved too late, and the antelope was left injured on the asphalt.",0,antelope,wild,road_03,harm
"The driver swerved too late, and the dingo was left injured on the asphalt.",0,dingo,wild,road_03,harm
"The driver swerved too late, and the cougar was left injured on the asphalt.",0,cougar,wild,road_03,harm
"The driver swerved too late, and the wolverine was left injured on the asphalt.",0,wolverine,wild,road_03,harm
"The driver swerved too late, and the muskrat was left injured on the asphalt.",0,muskrat,wild,road_03,harm
"The driver swerved too late, and the lemming was left injured on the asphalt.",0,lemming,wild,road_03,harm
"The driver swerved too late, and the fawn was left injured on the asphalt.",0,fawn,wild,road_03,harm
Witnesses saw the man moving away from the crash site in obvious pain.,1,man,human,road_04,harm
Witnesses saw the woman moving away from the crash site in obvious pain.,1,woman,human,road_04,harm
Witnesses saw the child moving away from the crash site in obvious pain.,1,child,human,road_04,harm
Witnesses saw the boy moving away from the crash site in obvious pain.,1,boy,human,road_04,harm
Witnesses saw the girl moving away from the crash site in obvious pain.,1,girl,human,road_04,harm
Witnesses saw the farmer moving away from the crash site in obvious pain.,1,farmer,human,road_04,harm
Witnesses saw the nurse moving away from the crash site in obvious pain.,1,nurse,human,road_04,harm
Witnesses saw the teacher moving away from the crash site in obvious pain.,1,teacher,human,road_04,harm
Witnesses saw the doctor moving away from the crash site in obvious pain.,1,doctor,human,road_04,harm
Witnesses saw the student moving away from the crash site in obvious pain.,1,student,human,road_04,harm
Witnesses saw the soldier moving away from the crash site in obvious pain.,1,soldier,human,road_04,harm
Witnesses saw the hiker moving away from the crash site in obvious pain.,1,hiker,human,road_04,harm
Witnesses saw the shepherd moving away from the crash site in obvious pain.,1,shepherd,human,road_04,harm
Witnesses saw the villager moving away from the crash site in obvious pain.,1,villager,human,road_04,harm
Witnesses saw the fisherman moving away from the crash site in obvious pain.,1,fisherman,human,road_04,harm
Witnesses saw the carpenter moving away from the crash site in obvious pain.,1,carpenter,human,road_04,harm
Witnesses saw the toddler moving away from the crash site in obvious pain.,1,toddler,human,road_04,harm
Witnesses saw the grandmother moving away from the crash site in obvious pain.,1,grandmother,human,road_04,harm
Witnesses saw the grandfather moving away from the crash site in obvious pain.,1,grandfather,human,road_04,harm
Witnesses saw the worker moving away from the crash site in obvious pain.,1,worker,human,road_04,harm
Witnesses saw the baker moving away from the crash site in obvious pain.,1,baker,human,road_04,harm
Witnesses saw the tailor moving away from the crash site in obvious pain.,1,tailor,human,road_04,harm
Witnesses saw the plumber moving away from the crash site in obvious pain.,1,plumber,human,road_04,harm
Witnesses saw the sailor moving away from the crash site in obvious pain.,1,sailor,human,road_04,harm
Witnesses saw the painter moving away from the crash site in obvious pain.,1,painter,human,road_04,harm
Witnesses saw the banker moving away from the crash site in obvious pain.,1,banker,human,road_04,harm
Witnesses saw the lawyer moving away from the crash site in obvious pain.,1,lawyer,human,road_04,harm
Witnesses saw the priest moving away from the crash site in obvious pain.,1,priest,human,road_04,harm
Witnesses saw the mayor moving away from the crash site in obvious pain.,1,mayor,human,road_04,harm
Witnesses saw the clerk moving away from the crash site in obvious pain.,1,clerk,human,road_04,harm
Witnesses saw the chef moving away from the crash site in obvious pain.,1,chef,human,road_04,harm
Witnesses saw the pilot moving away from the crash site in obvious pain.,1,pilot,human,road_04,harm
Witnesses saw the miner moving away from the crash site in obvious pain.,1,miner,human,road_04,harm
Witnesses saw the mason moving away from the crash site in obvious pain.,1,mason,human,road_04,harm
Witnesses saw the traveler moving away from the crash site in obvious pain.,1,traveler,human,road_04,harm
Witnesses saw the stranger moving away from the crash site in obvious pain.,1,stranger,human,road_04,harm
Witnesses saw the infant moving away from the crash site in obvious pain.,1,infant,human,road_04,harm
Witnesses saw the widow moving away from the crash site in obvious pain.,1,widow,human,road_04,harm
Witnesses saw the uncle moving away from the crash site in obvious pain.,1,uncle,human,road_04,harm
Witnesses saw the aunt moving away from the crash site in obvious pain.,1,aunt,human,road_04,harm
Witnesses saw the rat moving away from the crash site in obvious pain.,0,rat,wild,road_04,harm
Witnesses saw the boar moving away from the crash site in obvious pain.,0,boar,wild,road_04,harm
Witnesses saw the buffalo moving away from the crash site in obvious pain.,0,buffalo,wild,road_04,harm
Witnesses saw the fox moving away from the crash site in obvious pain.,0,fox,wild,road_04,harm
Witnesses saw the deer moving away from the crash site in obvious pain.,0,deer,wild,road_04,harm
Witnesses saw the badger moving away from the crash site in obvious pain.,0,badger,wild,road_04,harm
Witnesses saw the otter moving away from the crash site in obvious pain.,0,otter,wild,road_04,harm
Witnesses saw the hare moving away from the crash site in obvious pain.,0,hare,wild,road_04,harm
Witnesses saw the raccoon moving away from the crash site in obvious pain.,0,raccoon,wild,road_04,harm
Witnesses saw the squirrel moving away from the crash site in obvious pain.,0,squirrel,wild,road_04,harm
Witnesses saw the weasel moving away from the crash site in obvious pain.,0,weasel,wild,road_04,harm
Witnesses saw the coyote moving away from the crash site in obvious pain.,0,coyote,wild,road_04,harm
Witnesses saw the moose moving away from the crash site in obvious pain.,0,moose,wild,road_04,harm
Witnesses saw the elk moving away from the crash site in obvious pain.,0,elk,wild,road_04,harm
Witnesses saw the wolf moving away from the crash site in obvious pain.,0,wolf,wild,road_04,harm
Witnesses saw the hedgehog moving away from the crash site in obvious pain.,0,hedgehog,wild,road_04,harm
Witnesses saw the possum moving away from the crash site in obvious pain.,0,possum,wild,road_04,harm
Witnesses saw the jackal moving away from the crash site in obvious pain.,0,jackal,wild,road_04,harm
Witnesses saw the stoat moving away from the crash site in obvious pain.,0,stoat,wild,road_04,harm
Witnesses saw the marten moving away from the crash site in obvious pain.,0,marten,wild,road_04,harm
Witnesses saw the bear moving away from the crash site in obvious pain.,0,bear,wild,road_04,harm
Witnesses saw the lynx moving away from the crash site in obvious pain.,0,lynx,wild,road_04,harm
Witnesses saw the bobcat moving away from the crash site in obvious pain.,0,bobcat,wild,road_04,harm
Witnesses saw the marmot moving away from the crash site in obvious pain.,0,marmot,wild,road_04,harm
Witnesses saw the mink moving away from the crash site in obvious pain.,0,mink,wild,road_04,harm
Witnesses saw the mole moving away from the crash site in obvious pain.,0,mole,wild,road_04,harm
Witnesses saw the vole moving away from the crash site in obvious pain.,0,vole,wild,road_04,harm
Witnesses saw the shrew moving away from the crash site in obvious pain.,0,shrew,wild,road_04,harm
Witnesses saw the porcupine moving away from the crash site in obvious pain.,0,porcupine,wild,road_04,harm
Witnesses saw the skunk moving away from the crash site in obvious pain.,0,skunk,wild,road_04,harm
Witnesses saw the chipmunk moving away from the crash site in obvious pain.,0,chipmunk,wild,road_04,harm
Witnesses saw the beaver moving away from the crash site in obvious pain.,0,beaver,wild,road_04,harm
Witnesses saw the bison moving away from the crash site in obvious pain.,0,bison,wild,road_04,harm
Witnesses saw the antelope moving away from the crash site in obvious pain.,0,antelope,wild,road_04,harm
Witnesses saw the dingo moving away from the crash site in obvious pain.,0,dingo,wild,road_04,harm
Witnesses saw the cougar moving away from the crash site in obvious pain.,0,cougar,wild,road_04,harm
Witnesses saw the wolverine moving away from the crash site in obvious pain.,0,wolverine,wild,road_04,harm
Witnesses saw the muskrat moving away from the crash site in obvious pain.,0,muskrat,wild,road_04,harm
Witnesses saw the lemming moving away from the crash site in obvious pain.,0,lemming,wild,road_04,harm
Witnesses saw the fawn moving away from the crash site in obvious pain.,0,fawn,wild,road_04,harm
The car skidded on the ice and pinned the man against the guardrail.,1,man,human,road_05,harm
The car skidded on the ice and pinned the woman against the guardrail.,1,woman,human,road_05,harm
The car skidded on the ice and pinned the child against the guardrail.,1,child,human,road_05,harm
The car skidded on the ice and pinned the boy against the guardrail.,1,boy,human,road_05,harm
The car skidded on the ice and pinned the girl against the guardrail.,1,girl,human,road_05,harm
The car skidded on the ice and pinned the farmer against the guardrail.,1,farmer,human,road_05,harm
The car skidded on the ice and pinned the nurse against the guardrail.,1,nurse,human,road_05,harm
The car skidded on the ice and pinned the teacher against the guardrail.,1,teacher,human,road_05,harm
The car skidded on the ice and pinned the doctor against the guardrail.,1,doctor,human,road_05,harm
The car skidded on the ice and pinned the student against the guardrail.,1,student,human,road_05,harm
The car skidded on the ice and pinned the soldier against the guardrail.,1,soldier,human,road_05,harm
The car skidded on the ice and pinned the hiker against the guardrail.,1,hiker,human,road_05,harm
The car skidded on the ice and pinned the shepherd against the guardrail.,1,shepherd,human,road_05,harm
The car skidded on the ice and pinned the villager against the guardrail.,1,villager,human,road_05,harm
The car skidded on the ice and pinned the fisherman against the guardrail.,1,fisherman,human,road_05,harm
The car skidded on the ice and pinned the carpenter against the guardrail.,1,carpenter,human,road_05,harm
The car skidded on the ice and pinned the toddler against the guardrail.,1,toddler,human,road_05,harm
The car skidded on the ice and pinned the grandmother against the guardrail.,1,grandmother,human,road_05,harm
The car skidded on the ice and pinned the grandfather against the guardrail.,1,grandfather,human,road_05,harm
The car skidded on the ice and pinned the worker against the guardrail.,1,worker,human,road_05,harm
The car skidded on the ice and pinned the baker against the guardrail.,1,baker,human,road_05,harm
The car skidded on the ice and pinned the tailor against the guardrail.,1,tailor,human,road_05,harm
The car skidded on the ice and pinned the plumber against the guardrail.,1,plumber,human,road_05,harm
The car skidded on the ice and pinned the sailor against the guardrail.,1,sailor,human,road_05,harm
The car skidded on the ice and pinned the painter against the guardrail.,1,painter,human,road_05,harm
The car skidded on the ice and pinned the banker against the guardrail.,1,banker,human,road_05,harm
The car skidded on the ice and pinned the lawyer against the guardrail.,1,lawyer,human,road_05,harm
The car skidded on the ice and pinned the priest against the guardrail.,1,priest,human,road_05,harm
The car skidded on the ice and pinned the mayor against the guardrail.,1,mayor,human,road_05,harm
The car skidded on the ice and pinned the clerk against the guardrail.,1,clerk,human,road_05,harm
The car skidded on the ice and pinned the chef against the guardrail.,1,chef,human,road_05,harm
The car skidded on the ice and pinned the pilot against the guardrail.,1,pilot,human,road_05,harm
The car skidded on the ice and pinned the miner against the guardrail.,1,miner,human,road_05,harm
The car skidded on the ice and pinned the mason against the guardrail.,1,mason,human,road_05,harm
The car skidded on the ice and pinned the traveler against the guardrail.,1,traveler,human,road_05,harm
The car skidded on the ice and pinned the stranger against the guardrail.,1,stranger,human,road_05,harm
The car skidded on the ice and pinned the infant against the guardrail.,1,infant,human,road_05,harm
The car skidded on the ice and pinned the widow against the guardrail.,1,widow,human,road_05,harm
The car skidded on the ice and pinned the uncle against the guardrail.,1,uncle,human,road_05,harm
The car skidded on the ice and pinned the aunt against the guardrail.,1,aunt,human,road_05,harm
The car skidded on the ice and pinned the rat against the guardrail.,0,rat,wild,road_05,harm
The car skidded on the ice and pinned the boar against the guardrail.,0,boar,wild,road_05,harm
The car skidded on the ice and pinned the buffalo against the guardrail.,0,buffalo,wild,road_05,harm
The car skidded on the ice and pinned the fox against the guardrail.,0,fox,wild,road_05,harm
The car skidded on the ice and pinned the deer against the guardrail.,0,deer,wild,road_05,harm
The car skidded on the ice and pinned the badger against the guardrail.,0,badger,wild,road_05,harm
The car skidded on the ice and pinned the otter against the guardrail.,0,otter,wild,road_05,harm
The car skidded on the ice and pinned the hare against the guardrail.,0,hare,wild,road_05,harm
The car skidded on the ice and pinned the raccoon against the guardrail.,0,raccoon,wild,road_05,harm
The car skidded on the ice and pinned the squirrel against the guardrail.,0,squirrel,wild,road_05,harm
The car skidded on the ice and pinned the weasel against the guardrail.,0,weasel,wild,road_05,harm
The car skidded on the ice and pinned the coyote against the guardrail.,0,coyote,wild,road_05,harm
The car skidded on the ice and pinned the moose against the guardrail.,0,moose,wild,road_05,harm
The car skidded on the ice and pinned the elk against the guardrail.,0,elk,wild,road_05,harm
The car skidded on the ice and pinned the wolf against the guardrail.,0,wolf,wild,road_05,harm
The car skidded on the ice and pinned the hedgehog against the guardrail.,0,hedgehog,wild,road_05,harm
The car skidded on the ice and pinned the possum against the guardrail.,0,possum,wild,road_05,harm
The car skidded on the ice and pinned the jackal against the guardrail.,0,jackal,wild,road_05,harm
The car skidded on the ice and pinned the stoat against the guardrail.,0,stoat,wild,road_05,harm
The car skidded on the ice and pinned the marten against the guardrail.,0,marten,wild,road_05,harm
The car skidded on the ice and pinned the bear against the guardrail.,0,bear,wild,road_05,harm
The car skidded on the ice and pinned the lynx against the guardrail.,0,lynx,wild,road_05,harm
The car skidded on the ice and pinned the bobcat against the guardrail.,0,bobcat,wild,road_05,harm
The car skidded on the ice and pinned the marmot against the guardrail.,0,marmot,wild,road_05,harm
The car skidded on the ice and pinned the mink against the guardrail.,0,mink,wild,road_05,harm
The car skidded on the ice and pinned the mole against the guardrail.,0,mole,wild,road_05,harm
The car skidded on the ice and pinned the vole against the guardrail.,0,vole,wild,road_05,harm
The car skidded on the ice and pinned the shrew against the guardrail.,0,shrew,wild,road_05,harm
The car skidded on the ice and pinned the porcupine against the guardrail.,0,porcupine,wild,road_05,harm
The car skidded on the ice and pinned the skunk against the guardrail.,0,skunk,wild,road_05,harm
The car skidded on the ice and pinned the chipmunk against the guardrail.,0,chipmunk,wild,road_05,harm
The car skidded on the ice and pinned the beaver against the guardrail.,0,beaver,wild,road_05,harm
The car skidded on the ice and pinned the bison against the guardrail.,0,bison,wild,road_05,harm
The car skidded on the ice and pinned the antelope against the guardrail.,0,antelope,wild,road_05,harm
The car skidded on the ice and pinned the dingo against the guardrail.,0,dingo,wild,road_05,harm
The car skidded on the ice and pinned the cougar against the guardrail.,0,cougar,wild,road_05,harm
The car skidded on the ice and pinned the wolverine against the guardrail.,0,wolverine,wild,road_05,harm
The car skidded on the ice and pinned the muskrat against the guardrail.,0,muskrat,wild,road_05,harm
The car skidded on the ice and pinned the lemming against the guardrail.,0,lemming,wild,road_05,harm
The car skidded on the ice and pinned the fawn against the guardrail.,0,fawn,wild,road_05,harm
"Following the accident, the man was left bleeding at the crossing.",1,man,human,road_06,harm
"Following the accident, the woman was left bleeding at the crossing.",1,woman,human,road_06,harm
"Following the accident, the child was left bleeding at the crossing.",1,child,human,road_06,harm
"Following the accident, the boy was left bleeding at the crossing.",1,boy,human,road_06,harm
"Following the accident, the girl was left bleeding at the crossing.",1,girl,human,road_06,harm
"Following the accident, the farmer was left bleeding at the crossing.",1,farmer,human,road_06,harm
"Following the accident, the nurse was left bleeding at the crossing.",1,nurse,human,road_06,harm
"Following the accident, the teacher was left bleeding at the crossing.",1,teacher,human,road_06,harm
"Following the accident, the doctor was left bleeding at the crossing.",1,doctor,human,road_06,harm
"Following the accident, the student was left bleeding at the crossing.",1,student,human,road_06,harm
"Following the accident, the soldier was left bleeding at the crossing.",1,soldier,human,road_06,harm
"Following the accident, the hiker was left bleeding at the crossing.",1,hiker,human,road_06,harm
"Following the accident, the shepherd was left bleeding at the crossing.",1,shepherd,human,road_06,harm
"Following the accident, the villager was left bleeding at the crossing.",1,villager,human,road_06,harm
"Following the accident, the fisherman was left bleeding at the crossing.",1,fisherman,human,road_06,harm
"Following the accident, the carpenter was left bleeding at the crossing.",1,carpenter,human,road_06,harm
"Following the accident, the toddler was left bleeding at the crossing.",1,toddler,human,road_06,harm
"Following the accident, the grandmother was left bleeding at the crossing.",1,grandmother,human,road_06,harm
"Following the accident, the grandfather was left bleeding at the crossing.",1,grandfather,human,road_06,harm
"Following the accident, the worker was left bleeding at the crossing.",1,worker,human,road_06,harm
"Following the accident, the baker was left bleeding at the crossing.",1,baker,human,road_06,harm
"Following the accident, the tailor was left bleeding at the crossing.",1,tailor,human,road_06,harm
"Following the accident, the plumber was left bleeding at the crossing.",1,plumber,human,road_06,harm
"Following the accident, the sailor was left bleeding at the crossing.",1,sailor,human,road_06,harm
"Following the accident, the painter was left bleeding at the crossing.",1,painter,human,road_06,harm
"Following the accident, the banker was left bleeding at the crossing.",1,banker,human,road_06,harm
"Following the accident, the lawyer was left bleeding at the crossing.",1,lawyer,human,road_06,harm
"Following the accident, the priest was left bleeding at the crossing.",1,priest,human,road_06,harm
"Following the accident, the mayor was left bleeding at the crossing.",1,mayor,human,road_06,harm
"Following the accident, the clerk was left bleeding at the crossing.",1,clerk,human,road_06,harm
"Following the accident, the chef was left bleeding at the crossing.",1,chef,human,road_06,harm
"Following the accident, the pilot was left bleeding at the crossing.",1,pilot,human,road_06,harm
"Following the accident, the miner was left bleeding at the crossing.",1,miner,human,road_06,harm
"Following the accident, the mason was left bleeding at the crossing.",1,mason,human,road_06,harm
"Following the accident, the traveler was left bleeding at the crossing.",1,traveler,human,road_06,harm
"Following the accident, the stranger was left bleeding at the crossing.",1,stranger,human,road_06,harm
"Following the accident, the infant was left bleeding at the crossing.",1,infant,human,road_06,harm
"Following the accident, the widow was left bleeding at the crossing.",1,widow,human,road_06,harm
"Following the accident, the uncle was left bleeding at the crossing.",1,uncle,human,road_06,harm
"Following the accident, the aunt was left bleeding at the crossing.",1,aunt,human,road_06,harm
"Following the accident, the rat was left bleeding at the crossing.",0,rat,wild,road_06,harm
"Following the accident, the boar was left bleeding at the crossing.",0,boar,wild,road_06,harm
"Following the accident, the buffalo was left bleeding at the crossing.",0,buffalo,wild,road_06,harm
"Following the accident, the fox was left bleeding at the crossing.",0,fox,wild,road_06,harm
"Following the accident, the deer was left bleeding at the crossing.",0,deer,wild,road_06,harm
"Following the accident, the badger was left bleeding at the crossing.",0,badger,wild,road_06,harm
"Following the accident, the otter was left bleeding at the crossing.",0,otter,wild,road_06,harm
"Following the accident, the hare was left bleeding at the crossing.",0,hare,wild,road_06,harm
"Following the accident, the raccoon was left bleeding at the crossing.",0,raccoon,wild,road_06,harm
"Following the accident, the squirrel was left bleeding at the crossing.",0,squirrel,wild,road_06,harm
"Following the accident, the weasel was left bleeding at the crossing.",0,weasel,wild,road_06,harm
"Following the accident, the coyote was left bleeding at the crossing.",0,coyote,wild,road_06,harm
"Following the accident, the moose was left bleeding at the crossing.",0,moose,wild,road_06,harm
"Following the accident, the elk was left bleeding at the crossing.",0,elk,wild,road_06,harm
"Following the accident, the wolf was left bleeding at the crossing.",0,wolf,wild,road_06,harm
"Following the accident, the hedgehog was left bleeding at the crossing.",0,hedgehog,wild,road_06,harm
"Following the accident, the possum was left bleeding at the crossing.",0,possum,wild,road_06,harm
"Following the accident, the jackal was left bleeding at the crossing.",0,jackal,wild,road_06,harm
"Following the accident, the stoat was left bleeding at the crossing.",0,stoat,wild,road_06,harm
"Following the accident, the marten was left bleeding at the crossing.",0,marten,wild,road_06,harm
"Following the accident, the bear was left bleeding at the crossing.",0,bear,wild,road_06,harm
"Following the accident, the lynx was left bleeding at the crossing.",0,lynx,wild,road_06,harm
"Following the accident, the bobcat was left bleeding at the crossing.",0,bobcat,wild,road_06,harm
"Following the accident, the marmot was left bleeding at the crossing.",0,marmot,wild,road_06,harm
"Following the accident, the mink was left bleeding at the crossing.",0,mink,wild,road_06,harm
"Following the accident, the mole was left bleeding at the crossing.",0,mole,wild,road_06,harm
"Following the accident, the vole was left bleeding at the crossing.",0,vole,wild,road_06,harm
"Following the accident, the shrew was left bleeding at the crossing.",0,shrew,wild,road_06,harm
"Following the accident, the porcupine was left bleeding at the crossing.",0,porcupine,wild,road_06,harm
"Following the accident, the skunk was left bleeding at the crossing.",0,skunk,wild,road_06,harm
"Following the accident, the chipmunk was left bleeding at the crossing.",0,chipmunk,wild,road_06,harm
"Following the accident, the beaver was left bleeding at the crossing.",0,beaver,wild,road_06,harm
"Following the accident, the bison was left bleeding at the crossing.",0,bison,wild,road_06,harm
"Following the accident, the antelope was left bleeding at the crossing.",0,antelope,wild,road_06,harm
"Following the accident, the dingo was left bleeding at the crossing.",0,dingo,wild,road_06,harm
"Following the accident, the cougar was left bleeding at the crossing.",0,cougar,wild,road_06,harm
"Following the accident, the wolverine was left bleeding at the crossing.",0,wolverine,wild,road_06,harm
"Following the accident, the muskrat was left bleeding at the crossing.",0,muskrat,wild,road_06,harm
"Following the accident, the lemming was left bleeding at the crossing.",0,lemming,wild,road_06,harm
"Following the accident, the fawn was left bleeding at the crossing.",0,fawn,wild,road_06,harm
"For three days, the man has been too weak from the fever to move.",1,man,human,illness_01,harm
"For three days, the woman has been too weak from the fever to move.",1,woman,human,illness_01,harm
"For three days, the child has been too weak from the fever to move.",1,child,human,illness_01,harm
"For three days, the boy has been too weak from the fever to move.",1,boy,human,illness_01,harm
"For three days, the girl has been too weak from the fever to move.",1,girl,human,illness_01,harm
"For three days, the farmer has been too weak from the fever to move.",1,farmer,human,illness_01,harm
"For three days, the nurse has been too weak from the fever to move.",1,nurse,human,illness_01,harm
"For three days, the teacher has been too weak from the fever to move.",1,teacher,human,illness_01,harm
"For three days, the doctor has been too weak from the fever to move.",1,doctor,human,illness_01,harm
"For three days, the student has been too weak from the fever to move.",1,student,human,illness_01,harm
"For three days, the soldier has been too weak from the fever to move.",1,soldier,human,illness_01,harm
"For three days, the hiker has been too weak from the fever to move.",1,hiker,human,illness_01,harm
"For three days, the shepherd has been too weak from the fever to move.",1,shepherd,human,illness_01,harm
"For three days, the villager has been too weak from the fever to move.",1,villager,human,illness_01,harm
"For three days, the fisherman has been too weak from the fever to move.",1,fisherman,human,illness_01,harm
"For three days, the carpenter has been too weak from the fever to move.",1,carpenter,human,illness_01,harm
"For three days, the toddler has been too weak from the fever to move.",1,toddler,human,illness_01,harm
"For three days, the grandmother has been too weak from the fever to move.",1,grandmother,human,illness_01,harm
"For three days, the grandfather has been too weak from the fever to move.",1,grandfather,human,illness_01,harm
"For three days, the worker has been too weak from the fever to move.",1,worker,human,illness_01,harm
"For three days, the baker has been too weak from the fever to move.",1,baker,human,illness_01,harm
"For three days, the tailor has been too weak from the fever to move.",1,tailor,human,illness_01,harm
"For three days, the plumber has been too weak from the fever to move.",1,plumber,human,illness_01,harm
"For three days, the sailor has been too weak from the fever to move.",1,sailor,human,illness_01,harm
"For three days, the painter has been too weak from the fever to move.",1,painter,human,illness_01,harm
"For three days, the banker has been too weak from the fever to move.",1,banker,human,illness_01,harm
"For three days, the lawyer has been too weak from the fever to move.",1,lawyer,human,illness_01,harm
"For three days, the priest has been too weak from the fever to move.",1,priest,human,illness_01,harm
"For three days, the mayor has been too weak from the fever to move.",1,mayor,human,illness_01,harm
"For three days, the clerk has been too weak from the fever to move.",1,clerk,human,illness_01,harm
"For three days, the chef has been too weak from the fever to move.",1,chef,human,illness_01,harm
"For three days, the pilot has been too weak from the fever to move.",1,pilot,human,illness_01,harm
"For three days, the miner has been too weak from the fever to move.",1,miner,human,illness_01,harm
"For three days, the mason has been too weak from the fever to move.",1,mason,human,illness_01,harm
"For three days, the traveler has been too weak from the fever to move.",1,traveler,human,illness_01,harm
"For three days, the stranger has been too weak from the fever to move.",1,stranger,human,illness_01,harm
"For three days, the infant has been too weak from the fever to move.",1,infant,human,illness_01,harm
"For three days, the widow has been too weak from the fever to move.",1,widow,human,illness_01,harm
"For three days, the uncle has been too weak from the fever to move.",1,uncle,human,illness_01,harm
"For three days, the aunt has been too weak from the fever to move.",1,aunt,human,illness_01,harm
"For three days, the rat has been too weak from the fever to move.",0,rat,wild,illness_01,harm
"For three days, the boar has been too weak from the fever to move.",0,boar,wild,illness_01,harm
"For three days, the buffalo has been too weak from the fever to move.",0,buffalo,wild,illness_01,harm
"For three days, the fox has been too weak from the fever to move.",0,fox,wild,illness_01,harm
"For three days, the deer has been too weak from the fever to move.",0,deer,wild,illness_01,harm
"For three days, the badger has been too weak from the fever to move.",0,badger,wild,illness_01,harm
"For three days, the otter has been too weak from the fever to move.",0,otter,wild,illness_01,harm
"For three days, the hare has been too weak from the fever to move.",0,hare,wild,illness_01,harm
"For three days, the raccoon has been too weak from the fever to move.",0,raccoon,wild,illness_01,harm
"For three days, the squirrel has been too weak from the fever to move.",0,squirrel,wild,illness_01,harm
"For three days, the weasel has been too weak from the fever to move.",0,weasel,wild,illness_01,harm
"For three days, the coyote has been too weak from the fever to move.",0,coyote,wild,illness_01,harm
"For three days, the moose has been too weak from the fever to move.",0,moose,wild,illness_01,harm
"For three days, the elk has been too weak from the fever to move.",0,elk,wild,illness_01,harm
"For three days, the wolf has been too weak from the fever to move.",0,wolf,wild,illness_01,harm
"For three days, the hedgehog has been too weak from the fever to move.",0,hedgehog,wild,illness_01,harm
"For three days, the possum has been too weak from the fever to move.",0,possum,wild,illness_01,harm
"For three days, the jackal has been too weak from the fever to move.",0,jackal,wild,illness_01,harm
"For three days, the stoat has been too weak from the fever to move.",0,stoat,wild,illness_01,harm
"For three days, the marten has been too weak from the fever to move.",0,marten,wild,illness_01,harm
"For three days, the bear has been too weak from the fever to move.",0,bear,wild,illness_01,harm
"For three days, the lynx has been too weak from the fever to move.",0,lynx,wild,illness_01,harm
"For three days, the bobcat has been too weak from the fever to move.",0,bobcat,wild,illness_01,harm
"For three days, the marmot has been too weak from the fever to move.",0,marmot,wild,illness_01,harm
"For three days, the mink has been too weak from the fever to move.",0,mink,wild,illness_01,harm
"For three days, the mole has been too weak from the fever to move.",0,mole,wild,illness_01,harm
"For three days, the vole has been too weak from the fever to move.",0,vole,wild,illness_01,harm
"For three days, the shrew has been too weak from the fever to move.",0,shrew,wild,illness_01,harm
"For three days, the porcupine has been too weak from the fever to move.",0,porcupine,wild,illness_01,harm
"For three days, the skunk has been too weak from the fever to move.",0,skunk,wild,illness_01,harm
"For three days, the chipmunk has been too weak from the fever to move.",0,chipmunk,wild,illness_01,harm
"For three days, the beaver has been too weak from the fever to move.",0,beaver,wild,illness_01,harm
"For three days, the bison has been too weak from the fever to move.",0,bison,wild,illness_01,harm
"For three days, the antelope has been too weak from the fever to move.",0,antelope,wild,illness_01,harm
"For three days, the dingo has been too weak from the fever to move.",0,dingo,wild,illness_01,harm
"For three days, the cougar has been too weak from the fever to move.",0,cougar,wild,illness_01,harm
"For three days, the wolverine has been too weak from the fever to move.",0,wolverine,wild,illness_01,harm
"For three days, the muskrat has been too weak from the fever to move.",0,muskrat,wild,illness_01,harm
"For three days, the lemming has been too weak from the fever to move.",0,lemming,wild,illness_01,harm
"For three days, the fawn has been too weak from the fever to move.",0,fawn,wild,illness_01,harm
"The infection spread quickly, leaving the man trembling and unable to eat.",1,man,human,illness_02,harm
"The infection spread quickly, leaving the woman trembling and unable to eat.",1,woman,human,illness_02,harm
"The infection spread quickly, leaving the child trembling and unable to eat.",1,child,human,illness_02,harm
"The infection spread quickly, leaving the boy trembling and unable to eat.",1,boy,human,illness_02,harm
"The infection spread quickly, leaving the girl trembling and unable to eat.",1,girl,human,illness_02,harm
"The infection spread quickly, leaving the farmer trembling and unable to eat.",1,farmer,human,illness_02,harm
"The infection spread quickly, leaving the nurse trembling and unable to eat.",1,nurse,human,illness_02,harm
"The infection spread quickly, leaving the teacher trembling and unable to eat.",1,teacher,human,illness_02,harm
"The infection spread quickly, leaving the doctor trembling and unable to eat.",1,doctor,human,illness_02,harm
"The infection spread quickly, leaving the student trembling and unable to eat.",1,student,human,illness_02,harm
"The infection spread quickly, leaving the soldier trembling and unable to eat.",1,soldier,human,illness_02,harm
"The infection spread quickly, leaving the hiker trembling and unable to eat.",1,hiker,human,illness_02,harm
"The infection spread quickly, leaving the shepherd trembling and unable to eat.",1,shepherd,human,illness_02,harm
"The infection spread quickly, leaving the villager trembling and unable to eat.",1,villager,human,illness_02,harm
"The infection spread quickly, leaving the fisherman trembling and unable to eat.",1,fisherman,human,illness_02,harm
"The infection spread quickly, leaving the carpenter trembling and unable to eat.",1,carpenter,human,illness_02,harm
"The infection spread quickly, leaving the toddler trembling and unable to eat.",1,toddler,human,illness_02,harm
"The infection spread quickly, leaving the grandmother trembling and unable to eat.",1,grandmother,human,illness_02,harm
"The infection spread quickly, leaving the grandfather trembling and unable to eat.",1,grandfather,human,illness_02,harm
"The infection spread quickly, leaving the worker trembling and unable to eat.",1,worker,human,illness_02,harm
"The infection spread quickly, leaving the baker trembling and unable to eat.",1,baker,human,illness_02,harm
"The infection spread quickly, leaving the tailor trembling and unable to eat.",1,tailor,human,illness_02,harm
"The infection spread quickly, leaving the plumber trembling and unable to eat.",1,plumber,human,illness_02,harm
"The infection spread quickly, leaving the sailor trembling and unable to eat.",1,sailor,human,illness_02,harm
"The infection spread quickly, leaving the painter trembling and unable to eat.",1,painter,human,illness_02,harm
"The infection spread quickly, leaving the banker trembling and unable to eat.",1,banker,human,illness_02,harm
"The infection spread quickly, leaving the lawyer trembling and unable to eat.",1,lawyer,human,illness_02,harm
"The infection spread quickly, leaving the priest trembling and unable to eat.",1,priest,human,illness_02,harm
"The infection spread quickly, leaving the mayor trembling and unable to eat.",1,mayor,human,illness_02,harm
"The infection spread quickly, leaving the clerk trembling and unable to eat.",1,clerk,human,illness_02,harm
"The infection spread quickly, leaving the chef trembling and unable to eat.",1,chef,human,illness_02,harm
"The infection spread quickly, leaving the pilot trembling and unable to eat.",1,pilot,human,illness_02,harm
"The infection spread quickly, leaving the miner trembling and unable to eat.",1,miner,human,illness_02,harm
"The infection spread quickly, leaving the mason trembling and unable to eat.",1,mason,human,illness_02,harm
"The infection spread quickly, leaving the traveler trembling and unable to eat.",1,traveler,human,illness_02,harm
"The infection spread quickly, leaving the stranger trembling and unable to eat.",1,stranger,human,illness_02,harm
"The infection spread quickly, leaving the infant trembling and unable to eat.",1,infant,human,illness_02,harm
"The infection spread quickly, leaving the widow trembling and unable to eat.",1,widow,human,illness_02,harm
"The infection spread quickly, leaving the uncle trembling and unable to eat.",1,uncle,human,illness_02,harm
"The infection spread quickly, leaving the aunt trembling and unable to eat.",1,aunt,human,illness_02,harm
"The infection spread quickly, leaving the rat trembling and unable to eat.",0,rat,wild,illness_02,harm
"The infection spread quickly, leaving the boar trembling and unable to eat.",0,boar,wild,illness_02,harm
"The infection spread quickly, leaving the buffalo trembling and unable to eat.",0,buffalo,wild,illness_02,harm
"The infection spread quickly, leaving the fox trembling and unable to eat.",0,fox,wild,illness_02,harm
"The infection spread quickly, leaving the deer trembling and unable to eat.",0,deer,wild,illness_02,harm
"The infection spread quickly, leaving the badger trembling and unable to eat.",0,badger,wild,illness_02,harm
"The infection spread quickly, leaving the otter trembling and unable to eat.",0,otter,wild,illness_02,harm
"The infection spread quickly, leaving the hare trembling and unable to eat.",0,hare,wild,illness_02,harm
"The infection spread quickly, leaving the raccoon trembling and unable to eat.",0,raccoon,wild,illness_02,harm
"The infection spread quickly, leaving the squirrel trembling and unable to eat.",0,squirrel,wild,illness_02,harm
"The infection spread quickly, leaving the weasel trembling and unable to eat.",0,weasel,wild,illness_02,harm
"The infection spread quickly, leaving the coyote trembling and unable to eat.",0,coyote,wild,illness_02,harm
"The infection spread quickly, leaving the moose trembling and unable to eat.",0,moose,wild,illness_02,harm
"The infection spread quickly, leaving the elk trembling and unable to eat.",0,elk,wild,illness_02,harm
"The infection spread quickly, leaving the wolf trembling and unable to eat.",0,wolf,wild,illness_02,harm
"The infection spread quickly, leaving the hedgehog trembling and unable to eat.",0,hedgehog,wild,illness_02,harm
"The infection spread quickly, leaving the possum trembling and unable to eat.",0,possum,wild,illness_02,harm
"The infection spread quickly, leaving the jackal trembling and unable to eat.",0,jackal,wild,illness_02,harm
"The infection spread quickly, leaving the stoat trembling and unable to eat.",0,stoat,wild,illness_02,harm
"The infection spread quickly, leaving the marten trembling and unable to eat.",0,marten,wild,illness_02,harm
"The infection spread quickly, leaving the bear trembling and unable to eat.",0,bear,wild,illness_02,harm
"The infection spread quickly, leaving the lynx trembling and unable to eat.",0,lynx,wild,illness_02,harm
"The infection spread quickly, leaving the bobcat trembling and unable to eat.",0,bobcat,wild,illness_02,harm
"The infection spread quickly, leaving the marmot trembling and unable to eat.",0,marmot,wild,illness_02,harm
"The infection spread quickly, leaving the mink trembling and unable to eat.",0,mink,wild,illness_02,harm
"The infection spread quickly, leaving the mole trembling and unable to eat.",0,mole,wild,illness_02,harm
"The infection spread quickly, leaving the vole trembling and unable to eat.",0,vole,wild,illness_02,harm
"The infection spread quickly, leaving the shrew trembling and unable to eat.",0,shrew,wild,illness_02,harm
"The infection spread quickly, leaving the porcupine trembling and unable to eat.",0,porcupine,wild,illness_02,harm
"The infection spread quickly, leaving the skunk trembling and unable to eat.",0,skunk,wild,illness_02,harm
"The infection spread quickly, leaving the chipmunk trembling and unable to eat.",0,chipmunk,wild,illness_02,harm
"The infection spread quickly, leaving the beaver trembling and unable to eat.",0,beaver,wild,illness_02,harm
"The infection spread quickly, leaving the bison trembling and unable to eat.",0,bison,wild,illness_02,harm
"The infection spread quickly, leaving the antelope trembling and unable to eat.",0,antelope,wild,illness_02,harm
"The infection spread quickly, leaving the dingo trembling and unable to eat.",0,dingo,wild,illness_02,harm
"The infection spread quickly, leaving the cougar trembling and unable to eat.",0,cougar,wild,illness_02,harm
"The infection spread quickly, leaving the wolverine trembling and unable to eat.",0,wolverine,wild,illness_02,harm
"The infection spread quickly, leaving the muskrat trembling and unable to eat.",0,muskrat,wild,illness_02,harm
"The infection spread quickly, leaving the lemming trembling and unable to eat.",0,lemming,wild,illness_02,harm
"The infection spread quickly, leaving the fawn trembling and unable to eat.",0,fawn,wild,illness_02,harm
"Without any treatment, the man grew sicker with each passing day.",1,man,human,illness_03,harm
"Without any treatment, the woman grew sicker with each passing day.",1,woman,human,illness_03,harm
"Without any treatment, the child grew sicker with each passing day.",1,child,human,illness_03,harm
"Without any treatment, the boy grew sicker with each passing day.",1,boy,human,illness_03,harm
"Without any treatment, the girl grew sicker with each passing day.",1,girl,human,illness_03,harm
"Without any treatment, the farmer grew sicker with each passing day.",1,farmer,human,illness_03,harm
"Without any treatment, the nurse grew sicker with each passing day.",1,nurse,human,illness_03,harm
"Without any treatment, the teacher grew sicker with each passing day.",1,teacher,human,illness_03,harm
"Without any treatment, the doctor grew sicker with each passing day.",1,doctor,human,illness_03,harm
"Without any treatment, the student grew sicker with each passing day.",1,student,human,illness_03,harm
"Without any treatment, the soldier grew sicker with each passing day.",1,soldier,human,illness_03,harm
"Without any treatment, the hiker grew sicker with each passing day.",1,hiker,human,illness_03,harm
"Without any treatment, the shepherd grew sicker with each passing day.",1,shepherd,human,illness_03,harm
"Without any treatment, the villager grew sicker with each passing day.",1,villager,human,illness_03,harm
"Without any treatment, the fisherman grew sicker with each passing day.",1,fisherman,human,illness_03,harm
"Without any treatment, the carpenter grew sicker with each passing day.",1,carpenter,human,illness_03,harm
"Without any treatment, the toddler grew sicker with each passing day.",1,toddler,human,illness_03,harm
"Without any treatment, the grandmother grew sicker with each passing day.",1,grandmother,human,illness_03,harm
"Without any treatment, the grandfather grew sicker with each passing day.",1,grandfather,human,illness_03,harm
"Without any treatment, the worker grew sicker with each passing day.",1,worker,human,illness_03,harm
"Without any treatment, the baker grew sicker with each passing day.",1,baker,human,illness_03,harm
"Without any treatment, the tailor grew sicker with each passing day.",1,tailor,human,illness_03,harm
"Without any treatment, the plumber grew sicker with each passing day.",1,plumber,human,illness_03,harm
"Without any treatment, the sailor grew sicker with each passing day.",1,sailor,human,illness_03,harm
"Without any treatment, the painter grew sicker with each passing day.",1,painter,human,illness_03,harm
"Without any treatment, the banker grew sicker with each passing day.",1,banker,human,illness_03,harm
"Without any treatment, the lawyer grew sicker with each passing day.",1,lawyer,human,illness_03,harm
"Without any treatment, the priest grew sicker with each passing day.",1,priest,human,illness_03,harm
"Without any treatment, the mayor grew sicker with each passing day.",1,mayor,human,illness_03,harm
"Without any treatment, the clerk grew sicker with each passing day.",1,clerk,human,illness_03,harm
"Without any treatment, the chef grew sicker with each passing day.",1,chef,human,illness_03,harm
"Without any treatment, the pilot grew sicker with each passing day.",1,pilot,human,illness_03,harm
"Without any treatment, the miner grew sicker with each passing day.",1,miner,human,illness_03,harm
"Without any treatment, the mason grew sicker with each passing day.",1,mason,human,illness_03,harm
"Without any treatment, the traveler grew sicker with each passing day.",1,traveler,human,illness_03,harm
"Without any treatment, the stranger grew sicker with each passing day.",1,stranger,human,illness_03,harm
"Without any treatment, the infant grew sicker with each passing day.",1,infant,human,illness_03,harm
"Without any treatment, the widow grew sicker with each passing day.",1,widow,human,illness_03,harm
"Without any treatment, the uncle grew sicker with each passing day.",1,uncle,human,illness_03,harm
"Without any treatment, the aunt grew sicker with each passing day.",1,aunt,human,illness_03,harm
"Without any treatment, the rat grew sicker with each passing day.",0,rat,wild,illness_03,harm
"Without any treatment, the boar grew sicker with each passing day.",0,boar,wild,illness_03,harm
"Without any treatment, the buffalo grew sicker with each passing day.",0,buffalo,wild,illness_03,harm
"Without any treatment, the fox grew sicker with each passing day.",0,fox,wild,illness_03,harm
"Without any treatment, the deer grew sicker with each passing day.",0,deer,wild,illness_03,harm
"Without any treatment, the badger grew sicker with each passing day.",0,badger,wild,illness_03,harm
"Without any treatment, the otter grew sicker with each passing day.",0,otter,wild,illness_03,harm
"Without any treatment, the hare grew sicker with each passing day.",0,hare,wild,illness_03,harm
"Without any treatment, the raccoon grew sicker with each passing day.",0,raccoon,wild,illness_03,harm
"Without any treatment, the squirrel grew sicker with each passing day.",0,squirrel,wild,illness_03,harm
"Without any treatment, the weasel grew sicker with each passing day.",0,weasel,wild,illness_03,harm
"Without any treatment, the coyote grew sicker with each passing day.",0,coyote,wild,illness_03,harm
"Without any treatment, the moose grew sicker with each passing day.",0,moose,wild,illness_03,harm
"Without any treatment, the elk grew sicker with each passing day.",0,elk,wild,illness_03,harm
"Without any treatment, the wolf grew sicker with each passing day.",0,wolf,wild,illness_03,harm
"Without any treatment, the hedgehog grew sicker with each passing day.",0,hedgehog,wild,illness_03,harm
"Without any treatment, the possum grew sicker with each passing day.",0,possum,wild,illness_03,harm
"Without any treatment, the jackal grew sicker with each passing day.",0,jackal,wild,illness_03,harm
"Without any treatment, the stoat grew sicker with each passing day.",0,stoat,wild,illness_03,harm
"Without any treatment, the marten grew sicker with each passing day.",0,marten,wild,illness_03,harm
"Without any treatment, the bear grew sicker with each passing day.",0,bear,wild,illness_03,harm
"Without any treatment, the lynx grew sicker with each passing day.",0,lynx,wild,illness_03,harm
"Without any treatment, the bobcat grew sicker with each passing day.",0,bobcat,wild,illness_03,harm
"Without any treatment, the marmot grew sicker with each passing day.",0,marmot,wild,illness_03,harm
"Without any treatment, the mink grew sicker with each passing day.",0,mink,wild,illness_03,harm
"Without any treatment, the mole grew sicker with each passing day.",0,mole,wild,illness_03,harm
"Without any treatment, the vole grew sicker with each passing day.",0,vole,wild,illness_03,harm
"Without any treatment, the shrew grew sicker with each passing day.",0,shrew,wild,illness_03,harm
"Without any treatment, the porcupine grew sicker with each passing day.",0,porcupine,wild,illness_03,harm
"Without any treatment, the skunk grew sicker with each passing day.",0,skunk,wild,illness_03,harm
"Without any treatment, the chipmunk grew sicker with each passing day.",0,chipmunk,wild,illness_03,harm
"Without any treatment, the beaver grew sicker with each passing day.",0,beaver,wild,illness_03,harm
"Without any treatment, the bison grew sicker with each passing day.",0,bison,wild,illness_03,harm
"Without any treatment, the antelope grew sicker with each passing day.",0,antelope,wild,illness_03,harm
"Without any treatment, the dingo grew sicker with each passing day.",0,dingo,wild,illness_03,harm
"Without any treatment, the cougar grew sicker with each passing day.",0,cougar,wild,illness_03,harm
"Without any treatment, the wolverine grew sicker with each passing day.",0,wolverine,wild,illness_03,harm
"Without any treatment, the muskrat grew sicker with each passing day.",0,muskrat,wild,illness_03,harm
"Without any treatment, the lemming grew sicker with each passing day.",0,lemming,wild,illness_03,harm
"Without any treatment, the fawn grew sicker with each passing day.",0,fawn,wild,illness_03,harm
"After weeks of untreated illness, the man had become dangerously thin.",1,man,human,illness_04,harm
"After weeks of untreated illness, the woman had become dangerously thin.",1,woman,human,illness_04,harm
"After weeks of untreated illness, the child had become dangerously thin.",1,child,human,illness_04,harm
"After weeks of untreated illness, the boy had become dangerously thin.",1,boy,human,illness_04,harm
"After weeks of untreated illness, the girl had become dangerously thin.",1,girl,human,illness_04,harm
"After weeks of untreated illness, the farmer had become dangerously thin.",1,farmer,human,illness_04,harm
"After weeks of untreated illness, the nurse had become dangerously thin.",1,nurse,human,illness_04,harm
"After weeks of untreated illness, the teacher had become dangerously thin.",1,teacher,human,illness_04,harm
"After weeks of untreated illness, the doctor had become dangerously thin.",1,doctor,human,illness_04,harm
"After weeks of untreated illness, the student had become dangerously thin.",1,student,human,illness_04,harm
"After weeks of untreated illness, the soldier had become dangerously thin.",1,soldier,human,illness_04,harm
"After weeks of untreated illness, the hiker had become dangerously thin.",1,hiker,human,illness_04,harm
"After weeks of untreated illness, the shepherd had become dangerously thin.",1,shepherd,human,illness_04,harm
"After weeks of untreated illness, the villager had become dangerously thin.",1,villager,human,illness_04,harm
"After weeks of untreated illness, the fisherman had become dangerously thin.",1,fisherman,human,illness_04,harm
"After weeks of untreated illness, the carpenter had become dangerously thin.",1,carpenter,human,illness_04,harm
"After weeks of untreated illness, the toddler had become dangerously thin.",1,toddler,human,illness_04,harm
"After weeks of untreated illness, the grandmother had become dangerously thin.",1,grandmother,human,illness_04,harm
"After weeks of untreated illness, the grandfather had become dangerously thin.",1,grandfather,human,illness_04,harm
"After weeks of untreated illness, the worker had become dangerously thin.",1,worker,human,illness_04,harm
"After weeks of untreated illness, the baker had become dangerously thin.",1,baker,human,illness_04,harm
"After weeks of untreated illness, the tailor had become dangerously thin.",1,tailor,human,illness_04,harm
"After weeks of untreated illness, the plumber had become dangerously thin.",1,plumber,human,illness_04,harm
"After weeks of untreated illness, the sailor had become dangerously thin.",1,sailor,human,illness_04,harm
"After weeks of untreated illness, the painter had become dangerously thin.",1,painter,human,illness_04,harm
"After weeks of untreated illness, the banker had become dangerously thin.",1,banker,human,illness_04,harm
"After weeks of untreated illness, the lawyer had become dangerously thin.",1,lawyer,human,illness_04,harm
"After weeks of untreated illness, the priest had become dangerously thin.",1,priest,human,illness_04,harm
"After weeks of untreated illness, the mayor had become dangerously thin.",1,mayor,human,illness_04,harm
"After weeks of untreated illness, the clerk had become dangerously thin.",1,clerk,human,illness_04,harm
"After weeks of untreated illness, the chef had become dangerously thin.",1,chef,human,illness_04,harm
"After weeks of untreated illness, the pilot had become dangerously thin.",1,pilot,human,illness_04,harm
"After weeks of untreated illness, the miner had become dangerously thin.",1,miner,human,illness_04,harm
"After weeks of untreated illness, the mason had become dangerously thin.",1,mason,human,illness_04,harm
"After weeks of untreated illness, the traveler had become dangerously thin.",1,traveler,human,illness_04,harm
"After weeks of untreated illness, the stranger had become dangerously thin.",1,stranger,human,illness_04,harm
"After weeks of untreated illness, the infant had become dangerously thin.",1,infant,human,illness_04,harm
"After weeks of untreated illness, the widow had become dangerously thin.",1,widow,human,illness_04,harm
"After weeks of untreated illness, the uncle had become dangerously thin.",1,uncle,human,illness_04,harm
"After weeks of untreated illness, the aunt had become dangerously thin.",1,aunt,human,illness_04,harm
"After weeks of untreated illness, the rat had become dangerously thin.",0,rat,wild,illness_04,harm
"After weeks of untreated illness, the boar had become dangerously thin.",0,boar,wild,illness_04,harm
"After weeks of untreated illness, the buffalo had become dangerously thin.",0,buffalo,wild,illness_04,harm
"After weeks of untreated illness, the fox had become dangerously thin.",0,fox,wild,illness_04,harm
"After weeks of untreated illness, the deer had become dangerously thin.",0,deer,wild,illness_04,harm
"After weeks of untreated illness, the badger had become dangerously thin.",0,badger,wild,illness_04,harm
"After weeks of untreated illness, the otter had become dangerously thin.",0,otter,wild,illness_04,harm
"After weeks of untreated illness, the hare had become dangerously thin.",0,hare,wild,illness_04,harm
"After weeks of untreated illness, the raccoon had become dangerously thin.",0,raccoon,wild,illness_04,harm
"After weeks of untreated illness, the squirrel had become dangerously thin.",0,squirrel,wild,illness_04,harm
"After weeks of untreated illness, the weasel had become dangerously thin.",0,weasel,wild,illness_04,harm
"After weeks of untreated illness, the coyote had become dangerously thin.",0,coyote,wild,illness_04,harm
"After weeks of untreated illness, the moose had become dangerously thin.",0,moose,wild,illness_04,harm
"After weeks of untreated illness, the elk had become dangerously thin.",0,elk,wild,illness_04,harm
"After weeks of untreated illness, the wolf had become dangerously thin.",0,wolf,wild,illness_04,harm
"After weeks of untreated illness, the hedgehog had become dangerously thin.",0,hedgehog,wild,illness_04,harm
"After weeks of untreated illness, the possum had become dangerously thin.",0,possum,wild,illness_04,harm
"After weeks of untreated illness, the jackal had become dangerously thin.",0,jackal,wild,illness_04,harm
"After weeks of untreated illness, the stoat had become dangerously thin.",0,stoat,wild,illness_04,harm
"After weeks of untreated illness, the marten had become dangerously thin.",0,marten,wild,illness_04,harm
"After weeks of untreated illness, the bear had become dangerously thin.",0,bear,wild,illness_04,harm
"After weeks of untreated illness, the lynx had become dangerously thin.",0,lynx,wild,illness_04,harm
"After weeks of untreated illness, the bobcat had become dangerously thin.",0,bobcat,wild,illness_04,harm
"After weeks of untreated illness, the marmot had become dangerously thin.",0,marmot,wild,illness_04,harm
"After weeks of untreated illness, the mink had become dangerously thin.",0,mink,wild,illness_04,harm
"After weeks of untreated illness, the mole had become dangerously thin.",0,mole,wild,illness_04,harm
"After weeks of untreated illness, the vole had become dangerously thin.",0,vole,wild,illness_04,harm
"After weeks of untreated illness, the shrew had become dangerously thin.",0,shrew,wild,illness_04,harm
"After weeks of untreated illness, the porcupine had become dangerously thin.",0,porcupine,wild,illness_04,harm
"After weeks of untreated illness, the skunk had become dangerously thin.",0,skunk,wild,illness_04,harm
"After weeks of untreated illness, the chipmunk had become dangerously thin.",0,chipmunk,wild,illness_04,harm
"After weeks of untreated illness, the beaver had become dangerously thin.",0,beaver,wild,illness_04,harm
"After weeks of untreated illness, the bison had become dangerously thin.",0,bison,wild,illness_04,harm
"After weeks of untreated illness, the antelope had become dangerously thin.",0,antelope,wild,illness_04,harm
"After weeks of untreated illness, the dingo had become dangerously thin.",0,dingo,wild,illness_04,harm
"After weeks of untreated illness, the cougar had become dangerously thin.",0,cougar,wild,illness_04,harm
"After weeks of untreated illness, the wolverine had become dangerously thin.",0,wolverine,wild,illness_04,harm
"After weeks of untreated illness, the muskrat had become dangerously thin.",0,muskrat,wild,illness_04,harm
"After weeks of untreated illness, the lemming had become dangerously thin.",0,lemming,wild,illness_04,harm
"After weeks of untreated illness, the fawn had become dangerously thin.",0,fawn,wild,illness_04,harm
A painful swelling left the man unable to move without flinching.,1,man,human,illness_05,harm
A painful swelling left the woman unable to move without flinching.,1,woman,human,illness_05,harm
A painful swelling left the child unable to move without flinching.,1,child,human,illness_05,harm
A painful swelling left the boy unable to move without flinching.,1,boy,human,illness_05,harm
A painful swelling left the girl unable to move without flinching.,1,girl,human,illness_05,harm
A painful swelling left the farmer unable to move without flinching.,1,farmer,human,illness_05,harm
A painful swelling left the nurse unable to move without flinching.,1,nurse,human,illness_05,harm
A painful swelling left the teacher unable to move without flinching.,1,teacher,human,illness_05,harm
A painful swelling left the doctor unable to move without flinching.,1,doctor,human,illness_05,harm
A painful swelling left the student unable to move without flinching.,1,student,human,illness_05,harm
A painful swelling left the soldier unable to move without flinching.,1,soldier,human,illness_05,harm
A painful swelling left the hiker unable to move without flinching.,1,hiker,human,illness_05,harm
A painful swelling left the shepherd unable to move without flinching.,1,shepherd,human,illness_05,harm
A painful swelling left the villager unable to move without flinching.,1,villager,human,illness_05,harm
A painful swelling left the fisherman unable to move without flinching.,1,fisherman,human,illness_05,harm
A painful swelling left the carpenter unable to move without flinching.,1,carpenter,human,illness_05,harm
A painful swelling left the toddler unable to move without flinching.,1,toddler,human,illness_05,harm
A painful swelling left the grandmother unable to move without flinching.,1,grandmother,human,illness_05,harm
A painful swelling left the grandfather unable to move without flinching.,1,grandfather,human,illness_05,harm
A painful swelling left the worker unable to move without flinching.,1,worker,human,illness_05,harm
A painful swelling left the baker unable to move without flinching.,1,baker,human,illness_05,harm
A painful swelling left the tailor unable to move without flinching.,1,tailor,human,illness_05,harm
A painful swelling left the plumber unable to move without flinching.,1,plumber,human,illness_05,harm
A painful swelling left the sailor unable to move without flinching.,1,sailor,human,illness_05,harm
A painful swelling left the painter unable to move without flinching.,1,painter,human,illness_05,harm
A painful swelling left the banker unable to move without flinching.,1,banker,human,illness_05,harm
A painful swelling left the lawyer unable to move without flinching.,1,lawyer,human,illness_05,harm
A painful swelling left the priest unable to move without flinching.,1,priest,human,illness_05,harm
A painful swelling left the mayor unable to move without flinching.,1,mayor,human,illness_05,harm
A painful swelling left the clerk unable to move without flinching.,1,clerk,human,illness_05,harm
A painful swelling left the chef unable to move without flinching.,1,chef,human,illness_05,harm
A painful swelling left the pilot unable to move without flinching.,1,pilot,human,illness_05,harm
A painful swelling left the miner unable to move without flinching.,1,miner,human,illness_05,harm
A painful swelling left the mason unable to move without flinching.,1,mason,human,illness_05,harm
A painful swelling left the traveler unable to move without flinching.,1,traveler,human,illness_05,harm
A painful swelling left the stranger unable to move without flinching.,1,stranger,human,illness_05,harm
A painful swelling left the infant unable to move without flinching.,1,infant,human,illness_05,harm
A painful swelling left the widow unable to move without flinching.,1,widow,human,illness_05,harm
A painful swelling left the uncle unable to move without flinching.,1,uncle,human,illness_05,harm
A painful swelling left the aunt unable to move without flinching.,1,aunt,human,illness_05,harm
A painful swelling left the rat unable to move without flinching.,0,rat,wild,illness_05,harm
A painful swelling left the boar unable to move without flinching.,0,boar,wild,illness_05,harm
A painful swelling left the buffalo unable to move without flinching.,0,buffalo,wild,illness_05,harm
A painful swelling left the fox unable to move without flinching.,0,fox,wild,illness_05,harm
A painful swelling left the deer unable to move without flinching.,0,deer,wild,illness_05,harm
A painful swelling left the badger unable to move without flinching.,0,badger,wild,illness_05,harm
A painful swelling left the otter unable to move without flinching.,0,otter,wild,illness_05,harm
A painful swelling left the hare unable to move without flinching.,0,hare,wild,illness_05,harm
A painful swelling left the raccoon unable to move without flinching.,0,raccoon,wild,illness_05,harm
A painful swelling left the squirrel unable to move without flinching.,0,squirrel,wild,illness_05,harm
A painful swelling left the weasel unable to move without flinching.,0,weasel,wild,illness_05,harm
A painful swelling left the coyote unable to move without flinching.,0,coyote,wild,illness_05,harm
A painful swelling left the moose unable to move without flinching.,0,moose,wild,illness_05,harm
A painful swelling left the elk unable to move without flinching.,0,elk,wild,illness_05,harm
A painful swelling left the wolf unable to move without flinching.,0,wolf,wild,illness_05,harm
A painful swelling left the hedgehog unable to move without flinching.,0,hedgehog,wild,illness_05,harm
A painful swelling left the possum unable to move without flinching.,0,possum,wild,illness_05,harm
A painful swelling left the jackal unable to move without flinching.,0,jackal,wild,illness_05,harm
A painful swelling left the stoat unable to move without flinching.,0,stoat,wild,illness_05,harm
A painful swelling left the marten unable to move without flinching.,0,marten,wild,illness_05,harm
A painful swelling left the bear unable to move without flinching.,0,bear,wild,illness_05,harm
A painful swelling left the lynx unable to move without flinching.,0,lynx,wild,illness_05,harm
A painful swelling left the bobcat unable to move without flinching.,0,bobcat,wild,illness_05,harm
A painful swelling left the marmot unable to move without flinching.,0,marmot,wild,illness_05,harm
A painful swelling left the mink unable to move without flinching.,0,mink,wild,illness_05,harm
A painful swelling left the mole unable to move without flinching.,0,mole,wild,illness_05,harm
A painful swelling left the vole unable to move without flinching.,0,vole,wild,illness_05,harm
A painful swelling left the shrew unable to move without flinching.,0,shrew,wild,illness_05,harm
A painful swelling left the porcupine unable to move without flinching.,0,porcupine,wild,illness_05,harm
A painful swelling left the skunk unable to move without flinching.,0,skunk,wild,illness_05,harm
A painful swelling left the chipmunk unable to move without flinching.,0,chipmunk,wild,illness_05,harm
A painful swelling left the beaver unable to move without flinching.,0,beaver,wild,illness_05,harm
A painful swelling left the bison unable to move without flinching.,0,bison,wild,illness_05,harm
A painful swelling left the antelope unable to move without flinching.,0,antelope,wild,illness_05,harm
A painful swelling left the dingo unable to move without flinching.,0,dingo,wild,illness_05,harm
A painful swelling left the cougar unable to move without flinching.,0,cougar,wild,illness_05,harm
A painful swelling left the wolverine unable to move without flinching.,0,wolverine,wild,illness_05,harm
A painful swelling left the muskrat unable to move without flinching.,0,muskrat,wild,illness_05,harm
A painful swelling left the lemming unable to move without flinching.,0,lemming,wild,illness_05,harm
A painful swelling left the fawn unable to move without flinching.,0,fawn,wild,illness_05,harm
The disease left the man weakened and struggling to breathe through the night.,1,man,human,illness_06,harm
The disease left the woman weakened and struggling to breathe through the night.,1,woman,human,illness_06,harm
The disease left the child weakened and struggling to breathe through the night.,1,child,human,illness_06,harm
The disease left the boy weakened and struggling to breathe through the night.,1,boy,human,illness_06,harm
The disease left the girl weakened and struggling to breathe through the night.,1,girl,human,illness_06,harm
The disease left the farmer weakened and struggling to breathe through the night.,1,farmer,human,illness_06,harm
The disease left the nurse weakened and struggling to breathe through the night.,1,nurse,human,illness_06,harm
The disease left the teacher weakened and struggling to breathe through the night.,1,teacher,human,illness_06,harm
The disease left the doctor weakened and struggling to breathe through the night.,1,doctor,human,illness_06,harm
The disease left the student weakened and struggling to breathe through the night.,1,student,human,illness_06,harm
The disease left the soldier weakened and struggling to breathe through the night.,1,soldier,human,illness_06,harm
The disease left the hiker weakened and struggling to breathe through the night.,1,hiker,human,illness_06,harm
The disease left the shepherd weakened and struggling to breathe through the night.,1,shepherd,human,illness_06,harm
The disease left the villager weakened and struggling to breathe through the night.,1,villager,human,illness_06,harm
The disease left the fisherman weakened and struggling to breathe through the night.,1,fisherman,human,illness_06,harm
The disease left the carpenter weakened and struggling to breathe through the night.,1,carpenter,human,illness_06,harm
The disease left the toddler weakened and struggling to breathe through the night.,1,toddler,human,illness_06,harm
The disease left the grandmother weakened and struggling to breathe through the night.,1,grandmother,human,illness_06,harm
The disease left the grandfather weakened and struggling to breathe through the night.,1,grandfather,human,illness_06,harm
The disease left the worker weakened and struggling to breathe through the night.,1,worker,human,illness_06,harm
The disease left the baker weakened and struggling to breathe through the night.,1,baker,human,illness_06,harm
The disease left the tailor weakened and struggling to breathe through the night.,1,tailor,human,illness_06,harm
The disease left the plumber weakened and struggling to breathe through the night.,1,plumber,human,illness_06,harm
The disease left the sailor weakened and struggling to breathe through the night.,1,sailor,human,illness_06,harm
The disease left the painter weakened and struggling to breathe through the night.,1,painter,human,illness_06,harm
The disease left the banker weakened and struggling to breathe through the night.,1,banker,human,illness_06,harm
The disease left the lawyer weakened and struggling to breathe through the night.,1,lawyer,human,illness_06,harm
The disease left the priest weakened and struggling to breathe through the night.,1,priest,human,illness_06,harm
The disease left the mayor weakened and struggling to breathe through the night.,1,mayor,human,illness_06,harm
The disease left the clerk weakened and struggling to breathe through the night.,1,clerk,human,illness_06,harm
The disease left the chef weakened and struggling to breathe through the night.,1,chef,human,illness_06,harm
The disease left the pilot weakened and struggling to breathe through the night.,1,pilot,human,illness_06,harm
The disease left the miner weakened and struggling to breathe through the night.,1,miner,human,illness_06,harm
The disease left the mason weakened and struggling to breathe through the night.,1,mason,human,illness_06,harm
The disease left the traveler weakened and struggling to breathe through the night.,1,traveler,human,illness_06,harm
The disease left the stranger weakened and struggling to breathe through the night.,1,stranger,human,illness_06,harm
The disease left the infant weakened and struggling to breathe through the night.,1,infant,human,illness_06,harm
The disease left the widow weakened and struggling to breathe through the night.,1,widow,human,illness_06,harm
The disease left the uncle weakened and struggling to breathe through the night.,1,uncle,human,illness_06,harm
The disease left the aunt weakened and struggling to breathe through the night.,1,aunt,human,illness_06,harm
The disease left the rat weakened and struggling to breathe through the night.,0,rat,wild,illness_06,harm
The disease left the boar weakened and struggling to breathe through the night.,0,boar,wild,illness_06,harm
The disease left the buffalo weakened and struggling to breathe through the night.,0,buffalo,wild,illness_06,harm
The disease left the fox weakened and struggling to breathe through the night.,0,fox,wild,illness_06,harm
The disease left the deer weakened and struggling to breathe through the night.,0,deer,wild,illness_06,harm
The disease left the badger weakened and struggling to breathe through the night.,0,badger,wild,illness_06,harm
The disease left the otter weakened and struggling to breathe through the night.,0,otter,wild,illness_06,harm
The disease left the hare weakened and struggling to breathe through the night.,0,hare,wild,illness_06,harm
The disease left the raccoon weakened and struggling to breathe through the night.,0,raccoon,wild,illness_06,harm
The disease left the squirrel weakened and struggling to breathe through the night.,0,squirrel,wild,illness_06,harm
The disease left the weasel weakened and struggling to breathe through the night.,0,weasel,wild,illness_06,harm
The disease left the coyote weakened and struggling to breathe through the night.,0,coyote,wild,illness_06,harm
The disease left the moose weakened and struggling to breathe through the night.,0,moose,wild,illness_06,harm
The disease left the elk weakened and struggling to breathe through the night.,0,elk,wild,illness_06,harm
The disease left the wolf weakened and struggling to breathe through the night.,0,wolf,wild,illness_06,harm
The disease left the hedgehog weakened and struggling to breathe through the night.,0,hedgehog,wild,illness_06,harm
The disease left the possum weakened and struggling to breathe through the night.,0,possum,wild,illness_06,harm
The disease left the jackal weakened and struggling to breathe through the night.,0,jackal,wild,illness_06,harm
The disease left the stoat weakened and struggling to breathe through the night.,0,stoat,wild,illness_06,harm
The disease left the marten weakened and struggling to breathe through the night.,0,marten,wild,illness_06,harm
The disease left the bear weakened and struggling to breathe through the night.,0,bear,wild,illness_06,harm
The disease left the lynx weakened and struggling to breathe through the night.,0,lynx,wild,illness_06,harm
The disease left the bobcat weakened and struggling to breathe through the night.,0,bobcat,wild,illness_06,harm
The disease left the marmot weakened and struggling to breathe through the night.,0,marmot,wild,illness_06,harm
The disease left the mink weakened and struggling to breathe through the night.,0,mink,wild,illness_06,harm
The disease left the mole weakened and struggling to breathe through the night.,0,mole,wild,illness_06,harm
The disease left the vole weakened and struggling to breathe through the night.,0,vole,wild,illness_06,harm
The disease left the shrew weakened and struggling to breathe through the night.,0,shrew,wild,illness_06,harm
The disease left the porcupine weakened and struggling to breathe through the night.,0,porcupine,wild,illness_06,harm
The disease left the skunk weakened and struggling to breathe through the night.,0,skunk,wild,illness_06,harm
The disease left the chipmunk weakened and struggling to breathe through the night.,0,chipmunk,wild,illness_06,harm
The disease left the beaver weakened and struggling to breathe through the night.,0,beaver,wild,illness_06,harm
The disease left the bison weakened and struggling to breathe through the night.,0,bison,wild,illness_06,harm
The disease left the antelope weakened and struggling to breathe through the night.,0,antelope,wild,illness_06,harm
The disease left the dingo weakened and struggling to breathe through the night.,0,dingo,wild,illness_06,harm
The disease left the cougar weakened and struggling to breathe through the night.,0,cougar,wild,illness_06,harm
The disease left the wolverine weakened and struggling to breathe through the night.,0,wolverine,wild,illness_06,harm
The disease left the muskrat weakened and struggling to breathe through the night.,0,muskrat,wild,illness_06,harm
The disease left the lemming weakened and struggling to breathe through the night.,0,lemming,wild,illness_06,harm
The disease left the fawn weakened and struggling to breathe through the night.,0,fawn,wild,illness_06,harm
"When the family moved away, the man was left behind with no food or water.",1,man,human,abandon_01,harm
"When the family moved away, the woman was left behind with no food or water.",1,woman,human,abandon_01,harm
"When the family moved away, the child was left behind with no food or water.",1,child,human,abandon_01,harm
"When the family moved away, the boy was left behind with no food or water.",1,boy,human,abandon_01,harm
"When the family moved away, the girl was left behind with no food or water.",1,girl,human,abandon_01,harm
"When the family moved away, the farmer was left behind with no food or water.",1,farmer,human,abandon_01,harm
"When the family moved away, the nurse was left behind with no food or water.",1,nurse,human,abandon_01,harm
"When the family moved away, the teacher was left behind with no food or water.",1,teacher,human,abandon_01,harm
"When the family moved away, the doctor was left behind with no food or water.",1,doctor,human,abandon_01,harm
"When the family moved away, the student was left behind with no food or water.",1,student,human,abandon_01,harm
"When the family moved away, the soldier was left behind with no food or water.",1,soldier,human,abandon_01,harm
"When the family moved away, the hiker was left behind with no food or water.",1,hiker,human,abandon_01,harm
"When the family moved away, the shepherd was left behind with no food or water.",1,shepherd,human,abandon_01,harm
"When the family moved away, the villager was left behind with no food or water.",1,villager,human,abandon_01,harm
"When the family moved away, the fisherman was left behind with no food or water.",1,fisherman,human,abandon_01,harm
"When the family moved away, the carpenter was left behind with no food or water.",1,carpenter,human,abandon_01,harm
"When the family moved away, the toddler was left behind with no food or water.",1,toddler,human,abandon_01,harm
"When the family moved away, the grandmother was left behind with no food or water.",1,grandmother,human,abandon_01,harm
"When the family moved away, the grandfather was left behind with no food or water.",1,grandfather,human,abandon_01,harm
"When the family moved away, the worker was left behind with no food or water.",1,worker,human,abandon_01,harm
"When the family moved away, the baker was left behind with no food or water.",1,baker,human,abandon_01,harm
"When the family moved away, the tailor was left behind with no food or water.",1,tailor,human,abandon_01,harm
"When the family moved away, the plumber was left behind with no food or water.",1,plumber,human,abandon_01,harm
"When the family moved away, the sailor was left behind with no food or water.",1,sailor,human,abandon_01,harm
"When the family moved away, the painter was left behind with no food or water.",1,painter,human,abandon_01,harm
"When the family moved away, the banker was left behind with no food or water.",1,banker,human,abandon_01,harm
"When the family moved away, the lawyer was left behind with no food or water.",1,lawyer,human,abandon_01,harm
"When the family moved away, the priest was left behind with no food or water.",1,priest,human,abandon_01,harm
"When the family moved away, the mayor was left behind with no food or water.",1,mayor,human,abandon_01,harm
"When the family moved away, the clerk was left behind with no food or water.",1,clerk,human,abandon_01,harm
"When the family moved away, the chef was left behind with no food or water.",1,chef,human,abandon_01,harm
"When the family moved away, the pilot was left behind with no food or water.",1,pilot,human,abandon_01,harm
"When the family moved away, the miner was left behind with no food or water.",1,miner,human,abandon_01,harm
"When the family moved away, the mason was left behind with no food or water.",1,mason,human,abandon_01,harm
"When the family moved away, the traveler was left behind with no food or water.",1,traveler,human,abandon_01,harm
"When the family moved away, the stranger was left behind with no food or water.",1,stranger,human,abandon_01,harm
"When the family moved away, the infant was left behind with no food or water.",1,infant,human,abandon_01,harm
"When the family moved away, the widow was left behind with no food or water.",1,widow,human,abandon_01,harm
"When the family moved away, the uncle was left behind with no food or water.",1,uncle,human,abandon_01,harm
"When the family moved away, the aunt was left behind with no food or water.",1,aunt,human,abandon_01,harm
"When the family moved away, the rat was left behind with no food or water.",0,rat,wild,abandon_01,harm
"When the family moved away, the boar was left behind with no food or water.",0,boar,wild,abandon_01,harm
"When the family moved away, the buffalo was left behind with no food or water.",0,buffalo,wild,abandon_01,harm
"When the family moved away, the fox was left behind with no food or water.",0,fox,wild,abandon_01,harm
"When the family moved away, the deer was left behind with no food or water.",0,deer,wild,abandon_01,harm
"When the family moved away, the badger was left behind with no food or water.",0,badger,wild,abandon_01,harm
"When the family moved away, the otter was left behind with no food or water.",0,otter,wild,abandon_01,harm
"When the family moved away, the hare was left behind with no food or water.",0,hare,wild,abandon_01,harm
"When the family moved away, the raccoon was left behind with no food or water.",0,raccoon,wild,abandon_01,harm
"When the family moved away, the squirrel was left behind with no food or water.",0,squirrel,wild,abandon_01,harm
"When the family moved away, the weasel was left behind with no food or water.",0,weasel,wild,abandon_01,harm
"When the family moved away, the coyote was left behind with no food or water.",0,coyote,wild,abandon_01,harm
"When the family moved away, the moose was left behind with no food or water.",0,moose,wild,abandon_01,harm
"When the family moved away, the elk was left behind with no food or water.",0,elk,wild,abandon_01,harm
"When the family moved away, the wolf was left behind with no food or water.",0,wolf,wild,abandon_01,harm
"When the family moved away, the hedgehog was left behind with no food or water.",0,hedgehog,wild,abandon_01,harm
"When the family moved away, the possum was left behind with no food or water.",0,possum,wild,abandon_01,harm
"When the family moved away, the jackal was left behind with no food or water.",0,jackal,wild,abandon_01,harm
"When the family moved away, the stoat was left behind with no food or water.",0,stoat,wild,abandon_01,harm
"When the family moved away, the marten was left behind with no food or water.",0,marten,wild,abandon_01,harm
"When the family moved away, the bear was left behind with no food or water.",0,bear,wild,abandon_01,harm
"When the family moved away, the lynx was left behind with no food or water.",0,lynx,wild,abandon_01,harm
"When the family moved away, the bobcat was left behind with no food or water.",0,bobcat,wild,abandon_01,harm
"When the family moved away, the marmot was left behind with no food or water.",0,marmot,wild,abandon_01,harm
"When the family moved away, the mink was left behind with no food or water.",0,mink,wild,abandon_01,harm
"When the family moved away, the mole was left behind with no food or water.",0,mole,wild,abandon_01,harm
"When the family moved away, the vole was left behind with no food or water.",0,vole,wild,abandon_01,harm
"When the family moved away, the shrew was left behind with no food or water.",0,shrew,wild,abandon_01,harm
"When the family moved away, the porcupine was left behind with no food or water.",0,porcupine,wild,abandon_01,harm
"When the family moved away, the skunk was left behind with no food or water.",0,skunk,wild,abandon_01,harm
"When the family moved away, the chipmunk was left behind with no food or water.",0,chipmunk,wild,abandon_01,harm
"When the family moved away, the beaver was left behind with no food or water.",0,beaver,wild,abandon_01,harm
"When the family moved away, the bison was left behind with no food or water.",0,bison,wild,abandon_01,harm
"When the family moved away, the antelope was left behind with no food or water.",0,antelope,wild,abandon_01,harm
"When the family moved away, the dingo was left behind with no food or water.",0,dingo,wild,abandon_01,harm
"When the family moved away, the cougar was left behind with no food or water.",0,cougar,wild,abandon_01,harm
"When the family moved away, the wolverine was left behind with no food or water.",0,wolverine,wild,abandon_01,harm
"When the family moved away, the muskrat was left behind with no food or water.",0,muskrat,wild,abandon_01,harm
"When the family moved away, the lemming was left behind with no food or water.",0,lemming,wild,abandon_01,harm
"When the family moved away, the fawn was left behind with no food or water.",0,fawn,wild,abandon_01,harm
"For weeks, the man was left in the empty lot, abandoned and hungry.",1,man,human,abandon_02,harm
"For weeks, the woman was left in the empty lot, abandoned and hungry.",1,woman,human,abandon_02,harm
"For weeks, the child was left in the empty lot, abandoned and hungry.",1,child,human,abandon_02,harm
"For weeks, the boy was left in the empty lot, abandoned and hungry.",1,boy,human,abandon_02,harm
"For weeks, the girl was left in the empty lot, abandoned and hungry.",1,girl,human,abandon_02,harm
"For weeks, the farmer was left in the empty lot, abandoned and hungry.",1,farmer,human,abandon_02,harm
"For weeks, the nurse was left in the empty lot, abandoned and hungry.",1,nurse,human,abandon_02,harm
"For weeks, the teacher was left in the empty lot, abandoned and hungry.",1,teacher,human,abandon_02,harm
"For weeks, the doctor was left in the empty lot, abandoned and hungry.",1,doctor,human,abandon_02,harm
"For weeks, the student was left in the empty lot, abandoned and hungry.",1,student,human,abandon_02,harm
"For weeks, the soldier was left in the empty lot, abandoned and hungry.",1,soldier,human,abandon_02,harm
"For weeks, the hiker was left in the empty lot, abandoned and hungry.",1,hiker,human,abandon_02,harm
"For weeks, the shepherd was left in the empty lot, abandoned and hungry.",1,shepherd,human,abandon_02,harm
"For weeks, the villager was left in the empty lot, abandoned and hungry.",1,villager,human,abandon_02,harm
"For weeks, the fisherman was left in the empty lot, abandoned and hungry.",1,fisherman,human,abandon_02,harm
"For weeks, the carpenter was left in the empty lot, abandoned and hungry.",1,carpenter,human,abandon_02,harm
"For weeks, the toddler was left in the empty lot, abandoned and hungry.",1,toddler,human,abandon_02,harm
"For weeks, the grandmother was left in the empty lot, abandoned and hungry.",1,grandmother,human,abandon_02,harm
"For weeks, the grandfather was left in the empty lot, abandoned and hungry.",1,grandfather,human,abandon_02,harm
"For weeks, the worker was left in the empty lot, abandoned and hungry.",1,worker,human,abandon_02,harm
"For weeks, the baker was left in the empty lot, abandoned and hungry.",1,baker,human,abandon_02,harm
"For weeks, the tailor was left in the empty lot, abandoned and hungry.",1,tailor,human,abandon_02,harm
"For weeks, the plumber was left in the empty lot, abandoned and hungry.",1,plumber,human,abandon_02,harm
"For weeks, the sailor was left in the empty lot, abandoned and hungry.",1,sailor,human,abandon_02,harm
"For weeks, the painter was left in the empty lot, abandoned and hungry.",1,painter,human,abandon_02,harm
"For weeks, the banker was left in the empty lot, abandoned and hungry.",1,banker,human,abandon_02,harm
"For weeks, the lawyer was left in the empty lot, abandoned and hungry.",1,lawyer,human,abandon_02,harm
"For weeks, the priest was left in the empty lot, abandoned and hungry.",1,priest,human,abandon_02,harm
"For weeks, the mayor was left in the empty lot, abandoned and hungry.",1,mayor,human,abandon_02,harm
"For weeks, the clerk was left in the empty lot, abandoned and hungry.",1,clerk,human,abandon_02,harm
"For weeks, the chef was left in the empty lot, abandoned and hungry.",1,chef,human,abandon_02,harm
"For weeks, the pilot was left in the empty lot, abandoned and hungry.",1,pilot,human,abandon_02,harm
"For weeks, the miner was left in the empty lot, abandoned and hungry.",1,miner,human,abandon_02,harm
"For weeks, the mason was left in the empty lot, abandoned and hungry.",1,mason,human,abandon_02,harm
"For weeks, the traveler was left in the empty lot, abandoned and hungry.",1,traveler,human,abandon_02,harm
"For weeks, the stranger was left in the empty lot, abandoned and hungry.",1,stranger,human,abandon_02,harm
"For weeks, the infant was left in the empty lot, abandoned and hungry.",1,infant,human,abandon_02,harm
"For weeks, the widow was left in the empty lot, abandoned and hungry.",1,widow,human,abandon_02,harm
"For weeks, the uncle was left in the empty lot, abandoned and hungry.",1,uncle,human,abandon_02,harm
"For weeks, the aunt was left in the empty lot, abandoned and hungry.",1,aunt,human,abandon_02,harm
"For weeks, the rat was left in the empty lot, abandoned and hungry.",0,rat,wild,abandon_02,harm
"For weeks, the boar was left in the empty lot, abandoned and hungry.",0,boar,wild,abandon_02,harm
"For weeks, the buffalo was left in the empty lot, abandoned and hungry.",0,buffalo,wild,abandon_02,harm
"For weeks, the fox was left in the empty lot, abandoned and hungry.",0,fox,wild,abandon_02,harm
"For weeks, the deer was left in the empty lot, abandoned and hungry.",0,deer,wild,abandon_02,harm
"For weeks, the badger was left in the empty lot, abandoned and hungry.",0,badger,wild,abandon_02,harm
"For weeks, the otter was left in the empty lot, abandoned and hungry.",0,otter,wild,abandon_02,harm
"For weeks, the hare was left in the empty lot, abandoned and hungry.",0,hare,wild,abandon_02,harm
"For weeks, the raccoon was left in the empty lot, abandoned and hungry.",0,raccoon,wild,abandon_02,harm
"For weeks, the squirrel was left in the empty lot, abandoned and hungry.",0,squirrel,wild,abandon_02,harm
"For weeks, the weasel was left in the empty lot, abandoned and hungry.",0,weasel,wild,abandon_02,harm
"For weeks, the coyote was left in the empty lot, abandoned and hungry.",0,coyote,wild,abandon_02,harm
"For weeks, the moose was left in the empty lot, abandoned and hungry.",0,moose,wild,abandon_02,harm
"For weeks, the elk was left in the empty lot, abandoned and hungry.",0,elk,wild,abandon_02,harm
"For weeks, the wolf was left in the empty lot, abandoned and hungry.",0,wolf,wild,abandon_02,harm
"For weeks, the hedgehog was left in the empty lot, abandoned and hungry.",0,hedgehog,wild,abandon_02,harm
"For weeks, the possum was left in the empty lot, abandoned and hungry.",0,possum,wild,abandon_02,harm
"For weeks, the jackal was left in the empty lot, abandoned and hungry.",0,jackal,wild,abandon_02,harm
"For weeks, the stoat was left in the empty lot, abandoned and hungry.",0,stoat,wild,abandon_02,harm
"For weeks, the marten was left in the empty lot, abandoned and hungry.",0,marten,wild,abandon_02,harm
"For weeks, the bear was left in the empty lot, abandoned and hungry.",0,bear,wild,abandon_02,harm
"For weeks, the lynx was left in the empty lot, abandoned and hungry.",0,lynx,wild,abandon_02,harm
"For weeks, the bobcat was left in the empty lot, abandoned and hungry.",0,bobcat,wild,abandon_02,harm
"For weeks, the marmot was left in the empty lot, abandoned and hungry.",0,marmot,wild,abandon_02,harm
"For weeks, the mink was left in the empty lot, abandoned and hungry.",0,mink,wild,abandon_02,harm
"For weeks, the mole was left in the empty lot, abandoned and hungry.",0,mole,wild,abandon_02,harm
"For weeks, the vole was left in the empty lot, abandoned and hungry.",0,vole,wild,abandon_02,harm
"For weeks, the shrew was left in the empty lot, abandoned and hungry.",0,shrew,wild,abandon_02,harm
"For weeks, the porcupine was left in the empty lot, abandoned and hungry.",0,porcupine,wild,abandon_02,harm
"For weeks, the skunk was left in the empty lot, abandoned and hungry.",0,skunk,wild,abandon_02,harm
"For weeks, the chipmunk was left in the empty lot, abandoned and hungry.",0,chipmunk,wild,abandon_02,harm
"For weeks, the beaver was left in the empty lot, abandoned and hungry.",0,beaver,wild,abandon_02,harm
"For weeks, the bison was left in the empty lot, abandoned and hungry.",0,bison,wild,abandon_02,harm
"For weeks, the antelope was left in the empty lot, abandoned and hungry.",0,antelope,wild,abandon_02,harm
"For weeks, the dingo was left in the empty lot, abandoned and hungry.",0,dingo,wild,abandon_02,harm
"For weeks, the cougar was left in the empty lot, abandoned and hungry.",0,cougar,wild,abandon_02,harm
"For weeks, the wolverine was left in the empty lot, abandoned and hungry.",0,wolverine,wild,abandon_02,harm
"For weeks, the muskrat was left in the empty lot, abandoned and hungry.",0,muskrat,wild,abandon_02,harm
"For weeks, the lemming was left in the empty lot, abandoned and hungry.",0,lemming,wild,abandon_02,harm
"For weeks, the fawn was left in the empty lot, abandoned and hungry.",0,fawn,wild,abandon_02,harm
"Left behind after the evacuation, the man waited alone on the deserted property.",1,man,human,abandon_03,harm
"Left behind after the evacuation, the woman waited alone on the deserted property.",1,woman,human,abandon_03,harm
"Left behind after the evacuation, the child waited alone on the deserted property.",1,child,human,abandon_03,harm
"Left behind after the evacuation, the boy waited alone on the deserted property.",1,boy,human,abandon_03,harm
"Left behind after the evacuation, the girl waited alone on the deserted property.",1,girl,human,abandon_03,harm
"Left behind after the evacuation, the farmer waited alone on the deserted property.",1,farmer,human,abandon_03,harm
"Left behind after the evacuation, the nurse waited alone on the deserted property.",1,nurse,human,abandon_03,harm
"Left behind after the evacuation, the teacher waited alone on the deserted property.",1,teacher,human,abandon_03,harm
"Left behind after the evacuation, the doctor waited alone on the deserted property.",1,doctor,human,abandon_03,harm
"Left behind after the evacuation, the student waited alone on the deserted property.",1,student,human,abandon_03,harm
"Left behind after the evacuation, the soldier waited alone on the deserted property.",1,soldier,human,abandon_03,harm
"Left behind after the evacuation, the hiker waited alone on the deserted property.",1,hiker,human,abandon_03,harm
"Left behind after the evacuation, the shepherd waited alone on the deserted property.",1,shepherd,human,abandon_03,harm
"Left behind after the evacuation, the villager waited alone on the deserted property.",1,villager,human,abandon_03,harm
"Left behind after the evacuation, the fisherman waited alone on the deserted property.",1,fisherman,human,abandon_03,harm
"Left behind after the evacuation, the carpenter waited alone on the deserted property.",1,carpenter,human,abandon_03,harm
"Left behind after the evacuation, the toddler waited alone on the deserted property.",1,toddler,human,abandon_03,harm
"Left behind after the evacuation, the grandmother waited alone on the deserted property.",1,grandmother,human,abandon_03,harm
"Left behind after the evacuation, the grandfather waited alone on the deserted property.",1,grandfather,human,abandon_03,harm
"Left behind after the evacuation, the worker waited alone on the deserted property.",1,worker,human,abandon_03,harm
"Left behind after the evacuation, the baker waited alone on the deserted property.",1,baker,human,abandon_03,harm
"Left behind after the evacuation, the tailor waited alone on the deserted property.",1,tailor,human,abandon_03,harm
"Left behind after the evacuation, the plumber waited alone on the deserted property.",1,plumber,human,abandon_03,harm
"Left behind after the evacuation, the sailor waited alone on the deserted property.",1,sailor,human,abandon_03,harm
"Left behind after the evacuation, the painter waited alone on the deserted property.",1,painter,human,abandon_03,harm
"Left behind after the evacuation, the banker waited alone on the deserted property.",1,banker,human,abandon_03,harm
"Left behind after the evacuation, the lawyer waited alone on the deserted property.",1,lawyer,human,abandon_03,harm
"Left behind after the evacuation, the priest waited alone on the deserted property.",1,priest,human,abandon_03,harm
"Left behind after the evacuation, the mayor waited alone on the deserted property.",1,mayor,human,abandon_03,harm
"Left behind after the evacuation, the clerk waited alone on the deserted property.",1,clerk,human,abandon_03,harm
"Left behind after the evacuation, the chef waited alone on the deserted property.",1,chef,human,abandon_03,harm
"Left behind after the evacuation, the pilot waited alone on the deserted property.",1,pilot,human,abandon_03,harm
"Left behind after the evacuation, the miner waited alone on the deserted property.",1,miner,human,abandon_03,harm
"Left behind after the evacuation, the mason waited alone on the deserted property.",1,mason,human,abandon_03,harm
"Left behind after the evacuation, the traveler waited alone on the deserted property.",1,traveler,human,abandon_03,harm
"Left behind after the evacuation, the stranger waited alone on the deserted property.",1,stranger,human,abandon_03,harm
"Left behind after the evacuation, the infant waited alone on the deserted property.",1,infant,human,abandon_03,harm
"Left behind after the evacuation, the widow waited alone on the deserted property.",1,widow,human,abandon_03,harm
"Left behind after the evacuation, the uncle waited alone on the deserted property.",1,uncle,human,abandon_03,harm
"Left behind after the evacuation, the aunt waited alone on the deserted property.",1,aunt,human,abandon_03,harm
"Left behind after the evacuation, the rat waited alone on the deserted property.",0,rat,wild,abandon_03,harm
"Left behind after the evacuation, the boar waited alone on the deserted property.",0,boar,wild,abandon_03,harm
"Left behind after the evacuation, the buffalo waited alone on the deserted property.",0,buffalo,wild,abandon_03,harm
"Left behind after the evacuation, the fox waited alone on the deserted property.",0,fox,wild,abandon_03,harm
"Left behind after the evacuation, the deer waited alone on the deserted property.",0,deer,wild,abandon_03,harm
"Left behind after the evacuation, the badger waited alone on the deserted property.",0,badger,wild,abandon_03,harm
"Left behind after the evacuation, the otter waited alone on the deserted property.",0,otter,wild,abandon_03,harm
"Left behind after the evacuation, the hare waited alone on the deserted property.",0,hare,wild,abandon_03,harm
"Left behind after the evacuation, the raccoon waited alone on the deserted property.",0,raccoon,wild,abandon_03,harm
"Left behind after the evacuation, the squirrel waited alone on the deserted property.",0,squirrel,wild,abandon_03,harm
"Left behind after the evacuation, the weasel waited alone on the deserted property.",0,weasel,wild,abandon_03,harm
"Left behind after the evacuation, the coyote waited alone on the deserted property.",0,coyote,wild,abandon_03,harm
"Left behind after the evacuation, the moose waited alone on the deserted property.",0,moose,wild,abandon_03,harm
"Left behind after the evacuation, the elk waited alone on the deserted property.",0,elk,wild,abandon_03,harm
"Left behind after the evacuation, the wolf waited alone on the deserted property.",0,wolf,wild,abandon_03,harm
"Left behind after the evacuation, the hedgehog waited alone on the deserted property.",0,hedgehog,wild,abandon_03,harm
"Left behind after the evacuation, the possum waited alone on the deserted property.",0,possum,wild,abandon_03,harm
"Left behind after the evacuation, the jackal waited alone on the deserted property.",0,jackal,wild,abandon_03,harm
"Left behind after the evacuation, the stoat waited alone on the deserted property.",0,stoat,wild,abandon_03,harm
"Left behind after the evacuation, the marten waited alone on the deserted property.",0,marten,wild,abandon_03,harm
"Left behind after the evacuation, the bear waited alone on the deserted property.",0,bear,wild,abandon_03,harm
"Left behind after the evacuation, the lynx waited alone on the deserted property.",0,lynx,wild,abandon_03,harm
"Left behind after the evacuation, the bobcat waited alone on the deserted property.",0,bobcat,wild,abandon_03,harm
"Left behind after the evacuation, the marmot waited alone on the deserted property.",0,marmot,wild,abandon_03,harm
"Left behind after the evacuation, the mink waited alone on the deserted property.",0,mink,wild,abandon_03,harm
"Left behind after the evacuation, the mole waited alone on the deserted property.",0,mole,wild,abandon_03,harm
"Left behind after the evacuation, the vole waited alone on the deserted property.",0,vole,wild,abandon_03,harm
"Left behind after the evacuation, the shrew waited alone on the deserted property.",0,shrew,wild,abandon_03,harm
"Left behind after the evacuation, the porcupine waited alone on the deserted property.",0,porcupine,wild,abandon_03,harm
"Left behind after the evacuation, the skunk waited alone on the deserted property.",0,skunk,wild,abandon_03,harm
"Left behind after the evacuation, the chipmunk waited alone on the deserted property.",0,chipmunk,wild,abandon_03,harm
"Left behind after the evacuation, the beaver waited alone on the deserted property.",0,beaver,wild,abandon_03,harm
"Left behind after the evacuation, the bison waited alone on the deserted property.",0,bison,wild,abandon_03,harm
"Left behind after the evacuation, the antelope waited alone on the deserted property.",0,antelope,wild,abandon_03,harm
"Left behind after the evacuation, the dingo waited alone on the deserted property.",0,dingo,wild,abandon_03,harm
"Left behind after the evacuation, the cougar waited alone on the deserted property.",0,cougar,wild,abandon_03,harm
"Left behind after the evacuation, the wolverine waited alone on the deserted property.",0,wolverine,wild,abandon_03,harm
"Left behind after the evacuation, the muskrat waited alone on the deserted property.",0,muskrat,wild,abandon_03,harm
"Left behind after the evacuation, the lemming waited alone on the deserted property.",0,lemming,wild,abandon_03,harm
"Left behind after the evacuation, the fawn waited alone on the deserted property.",0,fawn,wild,abandon_03,harm
No one ever came back for the man after the storm passed.,1,man,human,abandon_04,harm
No one ever came back for the woman after the storm passed.,1,woman,human,abandon_04,harm
No one ever came back for the child after the storm passed.,1,child,human,abandon_04,harm
No one ever came back for the boy after the storm passed.,1,boy,human,abandon_04,harm
No one ever came back for the girl after the storm passed.,1,girl,human,abandon_04,harm
No one ever came back for the farmer after the storm passed.,1,farmer,human,abandon_04,harm
No one ever came back for the nurse after the storm passed.,1,nurse,human,abandon_04,harm
No one ever came back for the teacher after the storm passed.,1,teacher,human,abandon_04,harm
No one ever came back for the doctor after the storm passed.,1,doctor,human,abandon_04,harm
No one ever came back for the student after the storm passed.,1,student,human,abandon_04,harm
No one ever came back for the soldier after the storm passed.,1,soldier,human,abandon_04,harm
No one ever came back for the hiker after the storm passed.,1,hiker,human,abandon_04,harm
No one ever came back for the shepherd after the storm passed.,1,shepherd,human,abandon_04,harm
No one ever came back for the villager after the storm passed.,1,villager,human,abandon_04,harm
No one ever came back for the fisherman after the storm passed.,1,fisherman,human,abandon_04,harm
No one ever came back for the carpenter after the storm passed.,1,carpenter,human,abandon_04,harm
No one ever came back for the toddler after the storm passed.,1,toddler,human,abandon_04,harm
No one ever came back for the grandmother after the storm passed.,1,grandmother,human,abandon_04,harm
No one ever came back for the grandfather after the storm passed.,1,grandfather,human,abandon_04,harm
No one ever came back for the worker after the storm passed.,1,worker,human,abandon_04,harm
No one ever came back for the baker after the storm passed.,1,baker,human,abandon_04,harm
No one ever came back for the tailor after the storm passed.,1,tailor,human,abandon_04,harm
No one ever came back for the plumber after the storm passed.,1,plumber,human,abandon_04,harm
No one ever came back for the sailor after the storm passed.,1,sailor,human,abandon_04,harm
No one ever came back for the painter after the storm passed.,1,painter,human,abandon_04,harm
No one ever came back for the banker after the storm passed.,1,banker,human,abandon_04,harm
No one ever came back for the lawyer after the storm passed.,1,lawyer,human,abandon_04,harm
No one ever came back for the priest after the storm passed.,1,priest,human,abandon_04,harm
No one ever came back for the mayor after the storm passed.,1,mayor,human,abandon_04,harm
No one ever came back for the clerk after the storm passed.,1,clerk,human,abandon_04,harm
No one ever came back for the chef after the storm passed.,1,chef,human,abandon_04,harm
No one ever came back for the pilot after the storm passed.,1,pilot,human,abandon_04,harm
No one ever came back for the miner after the storm passed.,1,miner,human,abandon_04,harm
No one ever came back for the mason after the storm passed.,1,mason,human,abandon_04,harm
No one ever came back for the traveler after the storm passed.,1,traveler,human,abandon_04,harm
No one ever came back for the stranger after the storm passed.,1,stranger,human,abandon_04,harm
No one ever came back for the infant after the storm passed.,1,infant,human,abandon_04,harm
No one ever came back for the widow after the storm passed.,1,widow,human,abandon_04,harm
No one ever came back for the uncle after the storm passed.,1,uncle,human,abandon_04,harm
No one ever came back for the aunt after the storm passed.,1,aunt,human,abandon_04,harm
No one ever came back for the rat after the storm passed.,0,rat,wild,abandon_04,harm
No one ever came back for the boar after the storm passed.,0,boar,wild,abandon_04,harm
No one ever came back for the buffalo after the storm passed.,0,buffalo,wild,abandon_04,harm
No one ever came back for the fox after the storm passed.,0,fox,wild,abandon_04,harm
No one ever came back for the deer after the storm passed.,0,deer,wild,abandon_04,harm
No one ever came back for the badger after the storm passed.,0,badger,wild,abandon_04,harm
No one ever came back for the otter after the storm passed.,0,otter,wild,abandon_04,harm
No one ever came back for the hare after the storm passed.,0,hare,wild,abandon_04,harm
No one ever came back for the raccoon after the storm passed.,0,raccoon,wild,abandon_04,harm
No one ever came back for the squirrel after the storm passed.,0,squirrel,wild,abandon_04,harm
No one ever came back for the weasel after the storm passed.,0,weasel,wild,abandon_04,harm
No one ever came back for the coyote after the storm passed.,0,coyote,wild,abandon_04,harm
No one ever came back for the moose after the storm passed.,0,moose,wild,abandon_04,harm
No one ever came back for the elk after the storm passed.,0,elk,wild,abandon_04,harm
No one ever came back for the wolf after the storm passed.,0,wolf,wild,abandon_04,harm
No one ever came back for the hedgehog after the storm passed.,0,hedgehog,wild,abandon_04,harm
No one ever came back for the possum after the storm passed.,0,possum,wild,abandon_04,harm
No one ever came back for the jackal after the storm passed.,0,jackal,wild,abandon_04,harm
No one ever came back for the stoat after the storm passed.,0,stoat,wild,abandon_04,harm
No one ever came back for the marten after the storm passed.,0,marten,wild,abandon_04,harm
No one ever came back for the bear after the storm passed.,0,bear,wild,abandon_04,harm
No one ever came back for the lynx after the storm passed.,0,lynx,wild,abandon_04,harm
No one ever came back for the bobcat after the storm passed.,0,bobcat,wild,abandon_04,harm
No one ever came back for the marmot after the storm passed.,0,marmot,wild,abandon_04,harm
No one ever came back for the mink after the storm passed.,0,mink,wild,abandon_04,harm
No one ever came back for the mole after the storm passed.,0,mole,wild,abandon_04,harm
No one ever came back for the vole after the storm passed.,0,vole,wild,abandon_04,harm
No one ever came back for the shrew after the storm passed.,0,shrew,wild,abandon_04,harm
No one ever came back for the porcupine after the storm passed.,0,porcupine,wild,abandon_04,harm
No one ever came back for the skunk after the storm passed.,0,skunk,wild,abandon_04,harm
No one ever came back for the chipmunk after the storm passed.,0,chipmunk,wild,abandon_04,harm
No one ever came back for the beaver after the storm passed.,0,beaver,wild,abandon_04,harm
No one ever came back for the bison after the storm passed.,0,bison,wild,abandon_04,harm
No one ever came back for the antelope after the storm passed.,0,antelope,wild,abandon_04,harm
No one ever came back for the dingo after the storm passed.,0,dingo,wild,abandon_04,harm
No one ever came back for the cougar after the storm passed.,0,cougar,wild,abandon_04,harm
No one ever came back for the wolverine after the storm passed.,0,wolverine,wild,abandon_04,harm
No one ever came back for the muskrat after the storm passed.,0,muskrat,wild,abandon_04,harm
No one ever came back for the lemming after the storm passed.,0,lemming,wild,abandon_04,harm
No one ever came back for the fawn after the storm passed.,0,fawn,wild,abandon_04,harm
"Abandoned at the edge of town, the man searched for anything to eat.",1,man,human,abandon_05,harm
"Abandoned at the edge of town, the woman searched for anything to eat.",1,woman,human,abandon_05,harm
"Abandoned at the edge of town, the child searched for anything to eat.",1,child,human,abandon_05,harm
"Abandoned at the edge of town, the boy searched for anything to eat.",1,boy,human,abandon_05,harm
"Abandoned at the edge of town, the girl searched for anything to eat.",1,girl,human,abandon_05,harm
"Abandoned at the edge of town, the farmer searched for anything to eat.",1,farmer,human,abandon_05,harm
"Abandoned at the edge of town, the nurse searched for anything to eat.",1,nurse,human,abandon_05,harm
"Abandoned at the edge of town, the teacher searched for anything to eat.",1,teacher,human,abandon_05,harm
"Abandoned at the edge of town, the doctor searched for anything to eat.",1,doctor,human,abandon_05,harm
"Abandoned at the edge of town, the student searched for anything to eat.",1,student,human,abandon_05,harm
"Abandoned at the edge of town, the soldier searched for anything to eat.",1,soldier,human,abandon_05,harm
"Abandoned at the edge of town, the hiker searched for anything to eat.",1,hiker,human,abandon_05,harm
"Abandoned at the edge of town, the shepherd searched for anything to eat.",1,shepherd,human,abandon_05,harm
"Abandoned at the edge of town, the villager searched for anything to eat.",1,villager,human,abandon_05,harm
"Abandoned at the edge of town, the fisherman searched for anything to eat.",1,fisherman,human,abandon_05,harm
"Abandoned at the edge of town, the carpenter searched for anything to eat.",1,carpenter,human,abandon_05,harm
"Abandoned at the edge of town, the toddler searched for anything to eat.",1,toddler,human,abandon_05,harm
"Abandoned at the edge of town, the grandmother searched for anything to eat.",1,grandmother,human,abandon_05,harm
"Abandoned at the edge of town, the grandfather searched for anything to eat.",1,grandfather,human,abandon_05,harm
"Abandoned at the edge of town, the worker searched for anything to eat.",1,worker,human,abandon_05,harm
"Abandoned at the edge of town, the baker searched for anything to eat.",1,baker,human,abandon_05,harm
"Abandoned at the edge of town, the tailor searched for anything to eat.",1,tailor,human,abandon_05,harm
"Abandoned at the edge of town, the plumber searched for anything to eat.",1,plumber,human,abandon_05,harm
"Abandoned at the edge of town, the sailor searched for anything to eat.",1,sailor,human,abandon_05,harm
"Abandoned at the edge of town, the painter searched for anything to eat.",1,painter,human,abandon_05,harm
"Abandoned at the edge of town, the banker searched for anything to eat.",1,banker,human,abandon_05,harm
"Abandoned at the edge of town, the lawyer searched for anything to eat.",1,lawyer,human,abandon_05,harm
"Abandoned at the edge of town, the priest searched for anything to eat.",1,priest,human,abandon_05,harm
"Abandoned at the edge of town, the mayor searched for anything to eat.",1,mayor,human,abandon_05,harm
"Abandoned at the edge of town, the clerk searched for anything to eat.",1,clerk,human,abandon_05,harm
"Abandoned at the edge of town, the chef searched for anything to eat.",1,chef,human,abandon_05,harm
"Abandoned at the edge of town, the pilot searched for anything to eat.",1,pilot,human,abandon_05,harm
"Abandoned at the edge of town, the miner searched for anything to eat.",1,miner,human,abandon_05,harm
"Abandoned at the edge of town, the mason searched for anything to eat.",1,mason,human,abandon_05,harm
"Abandoned at the edge of town, the traveler searched for anything to eat.",1,traveler,human,abandon_05,harm
"Abandoned at the edge of town, the stranger searched for anything to eat.",1,stranger,human,abandon_05,harm
"Abandoned at the edge of town, the infant searched for anything to eat.",1,infant,human,abandon_05,harm
"Abandoned at the edge of town, the widow searched for anything to eat.",1,widow,human,abandon_05,harm
"Abandoned at the edge of town, the uncle searched for anything to eat.",1,uncle,human,abandon_05,harm
"Abandoned at the edge of town, the aunt searched for anything to eat.",1,aunt,human,abandon_05,harm
"Abandoned at the edge of town, the rat searched for anything to eat.",0,rat,wild,abandon_05,harm
"Abandoned at the edge of town, the boar searched for anything to eat.",0,boar,wild,abandon_05,harm
"Abandoned at the edge of town, the buffalo searched for anything to eat.",0,buffalo,wild,abandon_05,harm
"Abandoned at the edge of town, the fox searched for anything to eat.",0,fox,wild,abandon_05,harm
"Abandoned at the edge of town, the deer searched for anything to eat.",0,deer,wild,abandon_05,harm
"Abandoned at the edge of town, the badger searched for anything to eat.",0,badger,wild,abandon_05,harm
"Abandoned at the edge of town, the otter searched for anything to eat.",0,otter,wild,abandon_05,harm
"Abandoned at the edge of town, the hare searched for anything to eat.",0,hare,wild,abandon_05,harm
"Abandoned at the edge of town, the raccoon searched for anything to eat.",0,raccoon,wild,abandon_05,harm
"Abandoned at the edge of town, the squirrel searched for anything to eat.",0,squirrel,wild,abandon_05,harm
"Abandoned at the edge of town, the weasel searched for anything to eat.",0,weasel,wild,abandon_05,harm
"Abandoned at the edge of town, the coyote searched for anything to eat.",0,coyote,wild,abandon_05,harm
"Abandoned at the edge of town, the moose searched for anything to eat.",0,moose,wild,abandon_05,harm
"Abandoned at the edge of town, the elk searched for anything to eat.",0,elk,wild,abandon_05,harm
"Abandoned at the edge of town, the wolf searched for anything to eat.",0,wolf,wild,abandon_05,harm
"Abandoned at the edge of town, the hedgehog searched for anything to eat.",0,hedgehog,wild,abandon_05,harm
"Abandoned at the edge of town, the possum searched for anything to eat.",0,possum,wild,abandon_05,harm
"Abandoned at the edge of town, the jackal searched for anything to eat.",0,jackal,wild,abandon_05,harm
"Abandoned at the edge of town, the stoat searched for anything to eat.",0,stoat,wild,abandon_05,harm
"Abandoned at the edge of town, the marten searched for anything to eat.",0,marten,wild,abandon_05,harm
"Abandoned at the edge of town, the bear searched for anything to eat.",0,bear,wild,abandon_05,harm
"Abandoned at the edge of town, the lynx searched for anything to eat.",0,lynx,wild,abandon_05,harm
"Abandoned at the edge of town, the bobcat searched for anything to eat.",0,bobcat,wild,abandon_05,harm
"Abandoned at the edge of town, the marmot searched for anything to eat.",0,marmot,wild,abandon_05,harm
"Abandoned at the edge of town, the mink searched for anything to eat.",0,mink,wild,abandon_05,harm
"Abandoned at the edge of town, the mole searched for anything to eat.",0,mole,wild,abandon_05,harm
"Abandoned at the edge of town, the vole searched for anything to eat.",0,vole,wild,abandon_05,harm
"Abandoned at the edge of town, the shrew searched for anything to eat.",0,shrew,wild,abandon_05,harm
"Abandoned at the edge of town, the porcupine searched for anything to eat.",0,porcupine,wild,abandon_05,harm
"Abandoned at the edge of town, the skunk searched for anything to eat.",0,skunk,wild,abandon_05,harm
"Abandoned at the edge of town, the chipmunk searched for anything to eat.",0,chipmunk,wild,abandon_05,harm
"Abandoned at the edge of town, the beaver searched for anything to eat.",0,beaver,wild,abandon_05,harm
"Abandoned at the edge of town, the bison searched for anything to eat.",0,bison,wild,abandon_05,harm
"Abandoned at the edge of town, the antelope searched for anything to eat.",0,antelope,wild,abandon_05,harm
"Abandoned at the edge of town, the dingo searched for anything to eat.",0,dingo,wild,abandon_05,harm
"Abandoned at the edge of town, the cougar searched for anything to eat.",0,cougar,wild,abandon_05,harm
"Abandoned at the edge of town, the wolverine searched for anything to eat.",0,wolverine,wild,abandon_05,harm
"Abandoned at the edge of town, the muskrat searched for anything to eat.",0,muskrat,wild,abandon_05,harm
"Abandoned at the edge of town, the lemming searched for anything to eat.",0,lemming,wild,abandon_05,harm
"Abandoned at the edge of town, the fawn searched for anything to eat.",0,fawn,wild,abandon_05,harm
"After the farm was sold, the man was left to survive alone in the empty field.",1,man,human,abandon_06,harm
"After the farm was sold, the woman was left to survive alone in the empty field.",1,woman,human,abandon_06,harm
"After the farm was sold, the child was left to survive alone in the empty field.",1,child,human,abandon_06,harm
"After the farm was sold, the boy was left to survive alone in the empty field.",1,boy,human,abandon_06,harm
"After the farm was sold, the girl was left to survive alone in the empty field.",1,girl,human,abandon_06,harm
"After the farm was sold, the farmer was left to survive alone in the empty field.",1,farmer,human,abandon_06,harm
"After the farm was sold, the nurse was left to survive alone in the empty field.",1,nurse,human,abandon_06,harm
"After the farm was sold, the teacher was left to survive alone in the empty field.",1,teacher,human,abandon_06,harm
"After the farm was sold, the doctor was left to survive alone in the empty field.",1,doctor,human,abandon_06,harm
"After the farm was sold, the student was left to survive alone in the empty field.",1,student,human,abandon_06,harm
"After the farm was sold, the soldier was left to survive alone in the empty field.",1,soldier,human,abandon_06,harm
"After the farm was sold, the hiker was left to survive alone in the empty field.",1,hiker,human,abandon_06,harm
"After the farm was sold, the shepherd was left to survive alone in the empty field.",1,shepherd,human,abandon_06,harm
"After the farm was sold, the villager was left to survive alone in the empty field.",1,villager,human,abandon_06,harm
"After the farm was sold, the fisherman was left to survive alone in the empty field.",1,fisherman,human,abandon_06,harm
"After the farm was sold, the carpenter was left to survive alone in the empty field.",1,carpenter,human,abandon_06,harm
"After the farm was sold, the toddler was left to survive alone in the empty field.",1,toddler,human,abandon_06,harm
"After the farm was sold, the grandmother was left to survive alone in the empty field.",1,grandmother,human,abandon_06,harm
"After the farm was sold, the grandfather was left to survive alone in the empty field.",1,grandfather,human,abandon_06,harm
"After the farm was sold, the worker was left to survive alone in the empty field.",1,worker,human,abandon_06,harm
"After the farm was sold, the baker was left to survive alone in the empty field.",1,baker,human,abandon_06,harm
"After the farm was sold, the tailor was left to survive alone in the empty field.",1,tailor,human,abandon_06,harm
"After the farm was sold, the plumber was left to survive alone in the empty field.",1,plumber,human,abandon_06,harm
"After the farm was sold, the sailor was left to survive alone in the empty field.",1,sailor,human,abandon_06,harm
"After the farm was sold, the painter was left to survive alone in the empty field.",1,painter,human,abandon_06,harm
"After the farm was sold, the banker was left to survive alone in the empty field.",1,banker,human,abandon_06,harm
"After the farm was sold, the lawyer was left to survive alone in the empty field.",1,lawyer,human,abandon_06,harm
"After the farm was sold, the priest was left to survive alone in the empty field.",1,priest,human,abandon_06,harm
"After the farm was sold, the mayor was left to survive alone in the empty field.",1,mayor,human,abandon_06,harm
"After the farm was sold, the clerk was left to survive alone in the empty field.",1,clerk,human,abandon_06,harm
"After the farm was sold, the chef was left to survive alone in the empty field.",1,chef,human,abandon_06,harm
"After the farm was sold, the pilot was left to survive alone in the empty field.",1,pilot,human,abandon_06,harm
"After the farm was sold, the miner was left to survive alone in the empty field.",1,miner,human,abandon_06,harm
"After the farm was sold, the mason was left to survive alone in the empty field.",1,mason,human,abandon_06,harm
"After the farm was sold, the traveler was left to survive alone in the empty field.",1,traveler,human,abandon_06,harm
"After the farm was sold, the stranger was left to survive alone in the empty field.",1,stranger,human,abandon_06,harm
"After the farm was sold, the infant was left to survive alone in the empty field.",1,infant,human,abandon_06,harm
"After the farm was sold, the widow was left to survive alone in the empty field.",1,widow,human,abandon_06,harm
"After the farm was sold, the uncle was left to survive alone in the empty field.",1,uncle,human,abandon_06,harm
"After the farm was sold, the aunt was left to survive alone in the empty field.",1,aunt,human,abandon_06,harm
"After the farm was sold, the rat was left to survive alone in the empty field.",0,rat,wild,abandon_06,harm
"After the farm was sold, the boar was left to survive alone in the empty field.",0,boar,wild,abandon_06,harm
"After the farm was sold, the buffalo was left to survive alone in the empty field.",0,buffalo,wild,abandon_06,harm
"After the farm was sold, the fox was left to survive alone in the empty field.",0,fox,wild,abandon_06,harm
"After the farm was sold, the deer was left to survive alone in the empty field.",0,deer,wild,abandon_06,harm
"After the farm was sold, the badger was left to survive alone in the empty field.",0,badger,wild,abandon_06,harm
"After the farm was sold, the otter was left to survive alone in the empty field.",0,otter,wild,abandon_06,harm
"After the farm was sold, the hare was left to survive alone in the empty field.",0,hare,wild,abandon_06,harm
"After the farm was sold, the raccoon was left to survive alone in the empty field.",0,raccoon,wild,abandon_06,harm
"After the farm was sold, the squirrel was left to survive alone in the empty field.",0,squirrel,wild,abandon_06,harm
"After the farm was sold, the weasel was left to survive alone in the empty field.",0,weasel,wild,abandon_06,harm
"After the farm was sold, the coyote was left to survive alone in the empty field.",0,coyote,wild,abandon_06,harm
"After the farm was sold, the moose was left to survive alone in the empty field.",0,moose,wild,abandon_06,harm
"After the farm was sold, the elk was left to survive alone in the empty field.",0,elk,wild,abandon_06,harm
"After the farm was sold, the wolf was left to survive alone in the empty field.",0,wolf,wild,abandon_06,harm
"After the farm was sold, the hedgehog was left to survive alone in the empty field.",0,hedgehog,wild,abandon_06,harm
"After the farm was sold, the possum was left to survive alone in the empty field.",0,possum,wild,abandon_06,harm
"After the farm was sold, the jackal was left to survive alone in the empty field.",0,jackal,wild,abandon_06,harm
"After the farm was sold, the stoat was left to survive alone in the empty field.",0,stoat,wild,abandon_06,harm
"After the farm was sold, the marten was left to survive alone in the empty field.",0,marten,wild,abandon_06,harm
"After the farm was sold, the bear was left to survive alone in the empty field.",0,bear,wild,abandon_06,harm
"After the farm was sold, the lynx was left to survive alone in the empty field.",0,lynx,wild,abandon_06,harm
"After the farm was sold, the bobcat was left to survive alone in the empty field.",0,bobcat,wild,abandon_06,harm
"After the farm was sold, the marmot was left to survive alone in the empty field.",0,marmot,wild,abandon_06,harm
"After the farm was sold, the mink was left to survive alone in the empty field.",0,mink,wild,abandon_06,harm
"After the farm was sold, the mole was left to survive alone in the empty field.",0,mole,wild,abandon_06,harm
"After the farm was sold, the vole was left to survive alone in the empty field.",0,vole,wild,abandon_06,harm
"After the farm was sold, the shrew was left to survive alone in the empty field.",0,shrew,wild,abandon_06,harm
"After the farm was sold, the porcupine was left to survive alone in the empty field.",0,porcupine,wild,abandon_06,harm
"After the farm was sold, the skunk was left to survive alone in the empty field.",0,skunk,wild,abandon_06,harm
"After the farm was sold, the chipmunk was left to survive alone in the empty field.",0,chipmunk,wild,abandon_06,harm
"After the farm was sold, the beaver was left to survive alone in the empty field.",0,beaver,wild,abandon_06,harm
"After the farm was sold, the bison was left to survive alone in the empty field.",0,bison,wild,abandon_06,harm
"After the farm was sold, the antelope was left to survive alone in the empty field.",0,antelope,wild,abandon_06,harm
"After the farm was sold, the dingo was left to survive alone in the empty field.",0,dingo,wild,abandon_06,harm
"After the farm was sold, the cougar was left to survive alone in the empty field.",0,cougar,wild,abandon_06,harm
"After the farm was sold, the wolverine was left to survive alone in the empty field.",0,wolverine,wild,abandon_06,harm
"After the farm was sold, the muskrat was left to survive alone in the empty field.",0,muskrat,wild,abandon_06,harm
"After the farm was sold, the lemming was left to survive alone in the empty field.",0,lemming,wild,abandon_06,harm
"After the farm was sold, the fawn was left to survive alone in the empty field.",0,fawn,wild,abandon_06,harm
"For two days, the man was stuck at the bottom of the dry well.",1,man,human,trap_01,harm
"For two days, the woman was stuck at the bottom of the dry well.",1,woman,human,trap_01,harm
"For two days, the child was stuck at the bottom of the dry well.",1,child,human,trap_01,harm
"For two days, the boy was stuck at the bottom of the dry well.",1,boy,human,trap_01,harm
"For two days, the girl was stuck at the bottom of the dry well.",1,girl,human,trap_01,harm
"For two days, the farmer was stuck at the bottom of the dry well.",1,farmer,human,trap_01,harm
"For two days, the nurse was stuck at the bottom of the dry well.",1,nurse,human,trap_01,harm
"For two days, the teacher was stuck at the bottom of the dry well.",1,teacher,human,trap_01,harm
"For two days, the doctor was stuck at the bottom of the dry well.",1,doctor,human,trap_01,harm
"For two days, the student was stuck at the bottom of the dry well.",1,student,human,trap_01,harm
"For two days, the soldier was stuck at the bottom of the dry well.",1,soldier,human,trap_01,harm
"For two days, the hiker was stuck at the bottom of the dry well.",1,hiker,human,trap_01,harm
"For two days, the shepherd was stuck at the bottom of the dry well.",1,shepherd,human,trap_01,harm
"For two days, the villager was stuck at the bottom of the dry well.",1,villager,human,trap_01,harm
"For two days, the fisherman was stuck at the bottom of the dry well.",1,fisherman,human,trap_01,harm
"For two days, the carpenter was stuck at the bottom of the dry well.",1,carpenter,human,trap_01,harm
"For two days, the toddler was stuck at the bottom of the dry well.",1,toddler,human,trap_01,harm
"For two days, the grandmother was stuck at the bottom of the dry well.",1,grandmother,human,trap_01,harm
"For two days, the grandfather was stuck at the bottom of the dry well.",1,grandfather,human,trap_01,harm
"For two days, the worker was stuck at the bottom of the dry well.",1,worker,human,trap_01,harm
"For two days, the baker was stuck at the bottom of the dry well.",1,baker,human,trap_01,harm
"For two days, the tailor was stuck at the bottom of the dry well.",1,tailor,human,trap_01,harm
"For two days, the plumber was stuck at the bottom of the dry well.",1,plumber,human,trap_01,harm
"For two days, the sailor was stuck at the bottom of the dry well.",1,sailor,human,trap_01,harm
"For two days, the painter was stuck at the bottom of the dry well.",1,painter,human,trap_01,harm
"For two days, the banker was stuck at the bottom of the dry well.",1,banker,human,trap_01,harm
"For two days, the lawyer was stuck at the bottom of the dry well.",1,lawyer,human,trap_01,harm
"For two days, the priest was stuck at the bottom of the dry well.",1,priest,human,trap_01,harm
"For two days, the mayor was stuck at the bottom of the dry well.",1,mayor,human,trap_01,harm
"For two days, the clerk was stuck at the bottom of the dry well.",1,clerk,human,trap_01,harm
"For two days, the chef was stuck at the bottom of the dry well.",1,chef,human,trap_01,harm
"For two days, the pilot was stuck at the bottom of the dry well.",1,pilot,human,trap_01,harm
"For two days, the miner was stuck at the bottom of the dry well.",1,miner,human,trap_01,harm
"For two days, the mason was stuck at the bottom of the dry well.",1,mason,human,trap_01,harm
"For two days, the traveler was stuck at the bottom of the dry well.",1,traveler,human,trap_01,harm
"For two days, the stranger was stuck at the bottom of the dry well.",1,stranger,human,trap_01,harm
"For two days, the infant was stuck at the bottom of the dry well.",1,infant,human,trap_01,harm
"For two days, the widow was stuck at the bottom of the dry well.",1,widow,human,trap_01,harm
"For two days, the uncle was stuck at the bottom of the dry well.",1,uncle,human,trap_01,harm
"For two days, the aunt was stuck at the bottom of the dry well.",1,aunt,human,trap_01,harm
"For two days, the rat was stuck at the bottom of the dry well.",0,rat,wild,trap_01,harm
"For two days, the boar was stuck at the bottom of the dry well.",0,boar,wild,trap_01,harm
"For two days, the buffalo was stuck at the bottom of the dry well.",0,buffalo,wild,trap_01,harm
"For two days, the fox was stuck at the bottom of the dry well.",0,fox,wild,trap_01,harm
"For two days, the deer was stuck at the bottom of the dry well.",0,deer,wild,trap_01,harm
"For two days, the badger was stuck at the bottom of the dry well.",0,badger,wild,trap_01,harm
"For two days, the otter was stuck at the bottom of the dry well.",0,otter,wild,trap_01,harm
"For two days, the hare was stuck at the bottom of the dry well.",0,hare,wild,trap_01,harm
"For two days, the raccoon was stuck at the bottom of the dry well.",0,raccoon,wild,trap_01,harm
"For two days, the squirrel was stuck at the bottom of the dry well.",0,squirrel,wild,trap_01,harm
"For two days, the weasel was stuck at the bottom of the dry well.",0,weasel,wild,trap_01,harm
"For two days, the coyote was stuck at the bottom of the dry well.",0,coyote,wild,trap_01,harm
"For two days, the moose was stuck at the bottom of the dry well.",0,moose,wild,trap_01,harm
"For two days, the elk was stuck at the bottom of the dry well.",0,elk,wild,trap_01,harm
"For two days, the wolf was stuck at the bottom of the dry well.",0,wolf,wild,trap_01,harm
"For two days, the hedgehog was stuck at the bottom of the dry well.",0,hedgehog,wild,trap_01,harm
"For two days, the possum was stuck at the bottom of the dry well.",0,possum,wild,trap_01,harm
"For two days, the jackal was stuck at the bottom of the dry well.",0,jackal,wild,trap_01,harm
"For two days, the stoat was stuck at the bottom of the dry well.",0,stoat,wild,trap_01,harm
"For two days, the marten was stuck at the bottom of the dry well.",0,marten,wild,trap_01,harm
"For two days, the bear was stuck at the bottom of the dry well.",0,bear,wild,trap_01,harm
"For two days, the lynx was stuck at the bottom of the dry well.",0,lynx,wild,trap_01,harm
"For two days, the bobcat was stuck at the bottom of the dry well.",0,bobcat,wild,trap_01,harm
"For two days, the marmot was stuck at the bottom of the dry well.",0,marmot,wild,trap_01,harm
"For two days, the mink was stuck at the bottom of the dry well.",0,mink,wild,trap_01,harm
"For two days, the mole was stuck at the bottom of the dry well.",0,mole,wild,trap_01,harm
"For two days, the vole was stuck at the bottom of the dry well.",0,vole,wild,trap_01,harm
"For two days, the shrew was stuck at the bottom of the dry well.",0,shrew,wild,trap_01,harm
"For two days, the porcupine was stuck at the bottom of the dry well.",0,porcupine,wild,trap_01,harm
"For two days, the skunk was stuck at the bottom of the dry well.",0,skunk,wild,trap_01,harm
"For two days, the chipmunk was stuck at the bottom of the dry well.",0,chipmunk,wild,trap_01,harm
"For two days, the beaver was stuck at the bottom of the dry well.",0,beaver,wild,trap_01,harm
"For two days, the bison was stuck at the bottom of the dry well.",0,bison,wild,trap_01,harm
"For two days, the antelope was stuck at the bottom of the dry well.",0,antelope,wild,trap_01,harm
"For two days, the dingo was stuck at the bottom of the dry well.",0,dingo,wild,trap_01,harm
"For two days, the cougar was stuck at the bottom of the dry well.",0,cougar,wild,trap_01,harm
"For two days, the wolverine was stuck at the bottom of the dry well.",0,wolverine,wild,trap_01,harm
"For two days, the muskrat was stuck at the bottom of the dry well.",0,muskrat,wild,trap_01,harm
"For two days, the lemming was stuck at the bottom of the dry well.",0,lemming,wild,trap_01,harm
"For two days, the fawn was stuck at the bottom of the dry well.",0,fawn,wild,trap_01,harm
"The heavy gate swung shut, trapping the man inside the narrow enclosure.",1,man,human,trap_02,harm
"The heavy gate swung shut, trapping the woman inside the narrow enclosure.",1,woman,human,trap_02,harm
"The heavy gate swung shut, trapping the child inside the narrow enclosure.",1,child,human,trap_02,harm
"The heavy gate swung shut, trapping the boy inside the narrow enclosure.",1,boy,human,trap_02,harm
"The heavy gate swung shut, trapping the girl inside the narrow enclosure.",1,girl,human,trap_02,harm
"The heavy gate swung shut, trapping the farmer inside the narrow enclosure.",1,farmer,human,trap_02,harm
"The heavy gate swung shut, trapping the nurse inside the narrow enclosure.",1,nurse,human,trap_02,harm
"The heavy gate swung shut, trapping the teacher inside the narrow enclosure.",1,teacher,human,trap_02,harm
"The heavy gate swung shut, trapping the doctor inside the narrow enclosure.",1,doctor,human,trap_02,harm
"The heavy gate swung shut, trapping the student inside the narrow enclosure.",1,student,human,trap_02,harm
"The heavy gate swung shut, trapping the soldier inside the narrow enclosure.",1,soldier,human,trap_02,harm
"The heavy gate swung shut, trapping the hiker inside the narrow enclosure.",1,hiker,human,trap_02,harm
"The heavy gate swung shut, trapping the shepherd inside the narrow enclosure.",1,shepherd,human,trap_02,harm
"The heavy gate swung shut, trapping the villager inside the narrow enclosure.",1,villager,human,trap_02,harm
"The heavy gate swung shut, trapping the fisherman inside the narrow enclosure.",1,fisherman,human,trap_02,harm
"The heavy gate swung shut, trapping the carpenter inside the narrow enclosure.",1,carpenter,human,trap_02,harm
"The heavy gate swung shut, trapping the toddler inside the narrow enclosure.",1,toddler,human,trap_02,harm
"The heavy gate swung shut, trapping the grandmother inside the narrow enclosure.",1,grandmother,human,trap_02,harm
"The heavy gate swung shut, trapping the grandfather inside the narrow enclosure.",1,grandfather,human,trap_02,harm
"The heavy gate swung shut, trapping the worker inside the narrow enclosure.",1,worker,human,trap_02,harm
"The heavy gate swung shut, trapping the baker inside the narrow enclosure.",1,baker,human,trap_02,harm
"The heavy gate swung shut, trapping the tailor inside the narrow enclosure.",1,tailor,human,trap_02,harm
"The heavy gate swung shut, trapping the plumber inside the narrow enclosure.",1,plumber,human,trap_02,harm
"The heavy gate swung shut, trapping the sailor inside the narrow enclosure.",1,sailor,human,trap_02,harm
"The heavy gate swung shut, trapping the painter inside the narrow enclosure.",1,painter,human,trap_02,harm
"The heavy gate swung shut, trapping the banker inside the narrow enclosure.",1,banker,human,trap_02,harm
"The heavy gate swung shut, trapping the lawyer inside the narrow enclosure.",1,lawyer,human,trap_02,harm
"The heavy gate swung shut, trapping the priest inside the narrow enclosure.",1,priest,human,trap_02,harm
"The heavy gate swung shut, trapping the mayor inside the narrow enclosure.",1,mayor,human,trap_02,harm
"The heavy gate swung shut, trapping the clerk inside the narrow enclosure.",1,clerk,human,trap_02,harm
"The heavy gate swung shut, trapping the chef inside the narrow enclosure.",1,chef,human,trap_02,harm
"The heavy gate swung shut, trapping the pilot inside the narrow enclosure.",1,pilot,human,trap_02,harm
"The heavy gate swung shut, trapping the miner inside the narrow enclosure.",1,miner,human,trap_02,harm
"The heavy gate swung shut, trapping the mason inside the narrow enclosure.",1,mason,human,trap_02,harm
"The heavy gate swung shut, trapping the traveler inside the narrow enclosure.",1,traveler,human,trap_02,harm
"The heavy gate swung shut, trapping the stranger inside the narrow enclosure.",1,stranger,human,trap_02,harm
"The heavy gate swung shut, trapping the infant inside the narrow enclosure.",1,infant,human,trap_02,harm
"The heavy gate swung shut, trapping the widow inside the narrow enclosure.",1,widow,human,trap_02,harm
"The heavy gate swung shut, trapping the uncle inside the narrow enclosure.",1,uncle,human,trap_02,harm
"The heavy gate swung shut, trapping the aunt inside the narrow enclosure.",1,aunt,human,trap_02,harm
"The heavy gate swung shut, trapping the rat inside the narrow enclosure.",0,rat,wild,trap_02,harm
"The heavy gate swung shut, trapping the boar inside the narrow enclosure.",0,boar,wild,trap_02,harm
"The heavy gate swung shut, trapping the buffalo inside the narrow enclosure.",0,buffalo,wild,trap_02,harm
"The heavy gate swung shut, trapping the fox inside the narrow enclosure.",0,fox,wild,trap_02,harm
"The heavy gate swung shut, trapping the deer inside the narrow enclosure.",0,deer,wild,trap_02,harm
"The heavy gate swung shut, trapping the badger inside the narrow enclosure.",0,badger,wild,trap_02,harm
"The heavy gate swung shut, trapping the otter inside the narrow enclosure.",0,otter,wild,trap_02,harm
"The heavy gate swung shut, trapping the hare inside the narrow enclosure.",0,hare,wild,trap_02,harm
"The heavy gate swung shut, trapping the raccoon inside the narrow enclosure.",0,raccoon,wild,trap_02,harm
"The heavy gate swung shut, trapping the squirrel inside the narrow enclosure.",0,squirrel,wild,trap_02,harm
"The heavy gate swung shut, trapping the weasel inside the narrow enclosure.",0,weasel,wild,trap_02,harm
"The heavy gate swung shut, trapping the coyote inside the narrow enclosure.",0,coyote,wild,trap_02,harm
"The heavy gate swung shut, trapping the moose inside the narrow enclosure.",0,moose,wild,trap_02,harm
"The heavy gate swung shut, trapping the elk inside the narrow enclosure.",0,elk,wild,trap_02,harm
"The heavy gate swung shut, trapping the wolf inside the narrow enclosure.",0,wolf,wild,trap_02,harm
"The heavy gate swung shut, trapping the hedgehog inside the narrow enclosure.",0,hedgehog,wild,trap_02,harm
"The heavy gate swung shut, trapping the possum inside the narrow enclosure.",0,possum,wild,trap_02,harm
"The heavy gate swung shut, trapping the jackal inside the narrow enclosure.",0,jackal,wild,trap_02,harm
"The heavy gate swung shut, trapping the stoat inside the narrow enclosure.",0,stoat,wild,trap_02,harm
"The heavy gate swung shut, trapping the marten inside the narrow enclosure.",0,marten,wild,trap_02,harm
"The heavy gate swung shut, trapping the bear inside the narrow enclosure.",0,bear,wild,trap_02,harm
"The heavy gate swung shut, trapping the lynx inside the narrow enclosure.",0,lynx,wild,trap_02,harm
"The heavy gate swung shut, trapping the bobcat inside the narrow enclosure.",0,bobcat,wild,trap_02,harm
"The heavy gate swung shut, trapping the marmot inside the narrow enclosure.",0,marmot,wild,trap_02,harm
"The heavy gate swung shut, trapping the mink inside the narrow enclosure.",0,mink,wild,trap_02,harm
"The heavy gate swung shut, trapping the mole inside the narrow enclosure.",0,mole,wild,trap_02,harm
"The heavy gate swung shut, trapping the vole inside the narrow enclosure.",0,vole,wild,trap_02,harm
"The heavy gate swung shut, trapping the shrew inside the narrow enclosure.",0,shrew,wild,trap_02,harm
"The heavy gate swung shut, trapping the porcupine inside the narrow enclosure.",0,porcupine,wild,trap_02,harm
"The heavy gate swung shut, trapping the skunk inside the narrow enclosure.",0,skunk,wild,trap_02,harm
"The heavy gate swung shut, trapping the chipmunk inside the narrow enclosure.",0,chipmunk,wild,trap_02,harm
"The heavy gate swung shut, trapping the beaver inside the narrow enclosure.",0,beaver,wild,trap_02,harm
"The heavy gate swung shut, trapping the bison inside the narrow enclosure.",0,bison,wild,trap_02,harm
"The heavy gate swung shut, trapping the antelope inside the narrow enclosure.",0,antelope,wild,trap_02,harm
"The heavy gate swung shut, trapping the dingo inside the narrow enclosure.",0,dingo,wild,trap_02,harm
"The heavy gate swung shut, trapping the cougar inside the narrow enclosure.",0,cougar,wild,trap_02,harm
"The heavy gate swung shut, trapping the wolverine inside the narrow enclosure.",0,wolverine,wild,trap_02,harm
"The heavy gate swung shut, trapping the muskrat inside the narrow enclosure.",0,muskrat,wild,trap_02,harm
"The heavy gate swung shut, trapping the lemming inside the narrow enclosure.",0,lemming,wild,trap_02,harm
"The heavy gate swung shut, trapping the fawn inside the narrow enclosure.",0,fawn,wild,trap_02,harm
Rescue crews spent hours trying to free the man from the collapsed trench.,1,man,human,trap_03,harm
Rescue crews spent hours trying to free the woman from the collapsed trench.,1,woman,human,trap_03,harm
Rescue crews spent hours trying to free the child from the collapsed trench.,1,child,human,trap_03,harm
Rescue crews spent hours trying to free the boy from the collapsed trench.,1,boy,human,trap_03,harm
Rescue crews spent hours trying to free the girl from the collapsed trench.,1,girl,human,trap_03,harm
Rescue crews spent hours trying to free the farmer from the collapsed trench.,1,farmer,human,trap_03,harm
Rescue crews spent hours trying to free the nurse from the collapsed trench.,1,nurse,human,trap_03,harm
Rescue crews spent hours trying to free the teacher from the collapsed trench.,1,teacher,human,trap_03,harm
Rescue crews spent hours trying to free the doctor from the collapsed trench.,1,doctor,human,trap_03,harm
Rescue crews spent hours trying to free the student from the collapsed trench.,1,student,human,trap_03,harm
Rescue crews spent hours trying to free the soldier from the collapsed trench.,1,soldier,human,trap_03,harm
Rescue crews spent hours trying to free the hiker from the collapsed trench.,1,hiker,human,trap_03,harm
Rescue crews spent hours trying to free the shepherd from the collapsed trench.,1,shepherd,human,trap_03,harm
Rescue crews spent hours trying to free the villager from the collapsed trench.,1,villager,human,trap_03,harm
Rescue crews spent hours trying to free the fisherman from the collapsed trench.,1,fisherman,human,trap_03,harm
Rescue crews spent hours trying to free the carpenter from the collapsed trench.,1,carpenter,human,trap_03,harm
Rescue crews spent hours trying to free the toddler from the collapsed trench.,1,toddler,human,trap_03,harm
Rescue crews spent hours trying to free the grandmother from the collapsed trench.,1,grandmother,human,trap_03,harm
Rescue crews spent hours trying to free the grandfather from the collapsed trench.,1,grandfather,human,trap_03,harm
Rescue crews spent hours trying to free the worker from the collapsed trench.,1,worker,human,trap_03,harm
Rescue crews spent hours trying to free the baker from the collapsed trench.,1,baker,human,trap_03,harm
Rescue crews spent hours trying to free the tailor from the collapsed trench.,1,tailor,human,trap_03,harm
Rescue crews spent hours trying to free the plumber from the collapsed trench.,1,plumber,human,trap_03,harm
Rescue crews spent hours trying to free the sailor from the collapsed trench.,1,sailor,human,trap_03,harm
Rescue crews spent hours trying to free the painter from the collapsed trench.,1,painter,human,trap_03,harm
Rescue crews spent hours trying to free the banker from the collapsed trench.,1,banker,human,trap_03,harm
Rescue crews spent hours trying to free the lawyer from the collapsed trench.,1,lawyer,human,trap_03,harm
Rescue crews spent hours trying to free the priest from the collapsed trench.,1,priest,human,trap_03,harm
Rescue crews spent hours trying to free the mayor from the collapsed trench.,1,mayor,human,trap_03,harm
Rescue crews spent hours trying to free the clerk from the collapsed trench.,1,clerk,human,trap_03,harm
Rescue crews spent hours trying to free the chef from the collapsed trench.,1,chef,human,trap_03,harm
Rescue crews spent hours trying to free the pilot from the collapsed trench.,1,pilot,human,trap_03,harm
Rescue crews spent hours trying to free the miner from the collapsed trench.,1,miner,human,trap_03,harm
Rescue crews spent hours trying to free the mason from the collapsed trench.,1,mason,human,trap_03,harm
Rescue crews spent hours trying to free the traveler from the collapsed trench.,1,traveler,human,trap_03,harm
Rescue crews spent hours trying to free the stranger from the collapsed trench.,1,stranger,human,trap_03,harm
Rescue crews spent hours trying to free the infant from the collapsed trench.,1,infant,human,trap_03,harm
Rescue crews spent hours trying to free the widow from the collapsed trench.,1,widow,human,trap_03,harm
Rescue crews spent hours trying to free the uncle from the collapsed trench.,1,uncle,human,trap_03,harm
Rescue crews spent hours trying to free the aunt from the collapsed trench.,1,aunt,human,trap_03,harm
Rescue crews spent hours trying to free the rat from the collapsed trench.,0,rat,wild,trap_03,harm
Rescue crews spent hours trying to free the boar from the collapsed trench.,0,boar,wild,trap_03,harm
Rescue crews spent hours trying to free the buffalo from the collapsed trench.,0,buffalo,wild,trap_03,harm
Rescue crews spent hours trying to free the fox from the collapsed trench.,0,fox,wild,trap_03,harm
Rescue crews spent hours trying to free the deer from the collapsed trench.,0,deer,wild,trap_03,harm
Rescue crews spent hours trying to free the badger from the collapsed trench.,0,badger,wild,trap_03,harm
Rescue crews spent hours trying to free the otter from the collapsed trench.,0,otter,wild,trap_03,harm
Rescue crews spent hours trying to free the hare from the collapsed trench.,0,hare,wild,trap_03,harm
Rescue crews spent hours trying to free the raccoon from the collapsed trench.,0,raccoon,wild,trap_03,harm
Rescue crews spent hours trying to free the squirrel from the collapsed trench.,0,squirrel,wild,trap_03,harm
Rescue crews spent hours trying to free the weasel from the collapsed trench.,0,weasel,wild,trap_03,harm
Rescue crews spent hours trying to free the coyote from the collapsed trench.,0,coyote,wild,trap_03,harm
Rescue crews spent hours trying to free the moose from the collapsed trench.,0,moose,wild,trap_03,harm
Rescue crews spent hours trying to free the elk from the collapsed trench.,0,elk,wild,trap_03,harm
Rescue crews spent hours trying to free the wolf from the collapsed trench.,0,wolf,wild,trap_03,harm
Rescue crews spent hours trying to free the hedgehog from the collapsed trench.,0,hedgehog,wild,trap_03,harm
Rescue crews spent hours trying to free the possum from the collapsed trench.,0,possum,wild,trap_03,harm
Rescue crews spent hours trying to free the jackal from the collapsed trench.,0,jackal,wild,trap_03,harm
Rescue crews spent hours trying to free the stoat from the collapsed trench.,0,stoat,wild,trap_03,harm
Rescue crews spent hours trying to free the marten from the collapsed trench.,0,marten,wild,trap_03,harm
Rescue crews spent hours trying to free the bear from the collapsed trench.,0,bear,wild,trap_03,harm
Rescue crews spent hours trying to free the lynx from the collapsed trench.,0,lynx,wild,trap_03,harm
Rescue crews spent hours trying to free the bobcat from the collapsed trench.,0,bobcat,wild,trap_03,harm
Rescue crews spent hours trying to free the marmot from the collapsed trench.,0,marmot,wild,trap_03,harm
Rescue crews spent hours trying to free the mink from the collapsed trench.,0,mink,wild,trap_03,harm
Rescue crews spent hours trying to free the mole from the collapsed trench.,0,mole,wild,trap_03,harm
Rescue crews spent hours trying to free the vole from the collapsed trench.,0,vole,wild,trap_03,harm
Rescue crews spent hours trying to free the shrew from the collapsed trench.,0,shrew,wild,trap_03,harm
Rescue crews spent hours trying to free the porcupine from the collapsed trench.,0,porcupine,wild,trap_03,harm
Rescue crews spent hours trying to free the skunk from the collapsed trench.,0,skunk,wild,trap_03,harm
Rescue crews spent hours trying to free the chipmunk from the collapsed trench.,0,chipmunk,wild,trap_03,harm
Rescue crews spent hours trying to free the beaver from the collapsed trench.,0,beaver,wild,trap_03,harm
Rescue crews spent hours trying to free the bison from the collapsed trench.,0,bison,wild,trap_03,harm
Rescue crews spent hours trying to free the antelope from the collapsed trench.,0,antelope,wild,trap_03,harm
Rescue crews spent hours trying to free the dingo from the collapsed trench.,0,dingo,wild,trap_03,harm
Rescue crews spent hours trying to free the cougar from the collapsed trench.,0,cougar,wild,trap_03,harm
Rescue crews spent hours trying to free the wolverine from the collapsed trench.,0,wolverine,wild,trap_03,harm
Rescue crews spent hours trying to free the muskrat from the collapsed trench.,0,muskrat,wild,trap_03,harm
Rescue crews spent hours trying to free the lemming from the collapsed trench.,0,lemming,wild,trap_03,harm
Rescue crews spent hours trying to free the fawn from the collapsed trench.,0,fawn,wild,trap_03,harm
"Caught in the wire fence, the man struggled for hours to get free.",1,man,human,trap_04,harm
"Caught in the wire fence, the woman struggled for hours to get free.",1,woman,human,trap_04,harm
"Caught in the wire fence, the child struggled for hours to get free.",1,child,human,trap_04,harm
"Caught in the wire fence, the boy struggled for hours to get free.",1,boy,human,trap_04,harm
"Caught in the wire fence, the girl struggled for hours to get free.",1,girl,human,trap_04,harm
"Caught in the wire fence, the farmer struggled for hours to get free.",1,farmer,human,trap_04,harm
"Caught in the wire fence, the nurse struggled for hours to get free.",1,nurse,human,trap_04,harm
"Caught in the wire fence, the teacher struggled for hours to get free.",1,teacher,human,trap_04,harm
"Caught in the wire fence, the doctor struggled for hours to get free.",1,doctor,human,trap_04,harm
"Caught in the wire fence, the student struggled for hours to get free.",1,student,human,trap_04,harm
"Caught in the wire fence, the soldier struggled for hours to get free.",1,soldier,human,trap_04,harm
"Caught in the wire fence, the hiker struggled for hours to get free.",1,hiker,human,trap_04,harm
"Caught in the wire fence, the shepherd struggled for hours to get free.",1,shepherd,human,trap_04,harm
"Caught in the wire fence, the villager struggled for hours to get free.",1,villager,human,trap_04,harm
"Caught in the wire fence, the fisherman struggled for hours to get free.",1,fisherman,human,trap_04,harm
"Caught in the wire fence, the carpenter struggled for hours to get free.",1,carpenter,human,trap_04,harm
"Caught in the wire fence, the toddler struggled for hours to get free.",1,toddler,human,trap_04,harm
"Caught in the wire fence, the grandmother struggled for hours to get free.",1,grandmother,human,trap_04,harm
"Caught in the wire fence, the grandfather struggled for hours to get free.",1,grandfather,human,trap_04,harm
"Caught in the wire fence, the worker struggled for hours to get free.",1,worker,human,trap_04,harm
"Caught in the wire fence, the baker struggled for hours to get free.",1,baker,human,trap_04,harm
"Caught in the wire fence, the tailor struggled for hours to get free.",1,tailor,human,trap_04,harm
"Caught in the wire fence, the plumber struggled for hours to get free.",1,plumber,human,trap_04,harm
"Caught in the wire fence, the sailor struggled for hours to get free.",1,sailor,human,trap_04,harm
"Caught in the wire fence, the painter struggled for hours to get free.",1,painter,human,trap_04,harm
"Caught in the wire fence, the banker struggled for hours to get free.",1,banker,human,trap_04,harm
"Caught in the wire fence, the lawyer struggled for hours to get free.",1,lawyer,human,trap_04,harm
"Caught in the wire fence, the priest struggled for hours to get free.",1,priest,human,trap_04,harm
"Caught in the wire fence, the mayor struggled for hours to get free.",1,mayor,human,trap_04,harm
"Caught in the wire fence, the clerk struggled for hours to get free.",1,clerk,human,trap_04,harm
"Caught in the wire fence, the chef struggled for hours to get free.",1,chef,human,trap_04,harm
"Caught in the wire fence, the pilot struggled for hours to get free.",1,pilot,human,trap_04,harm
"Caught in the wire fence, the miner struggled for hours to get free.",1,miner,human,trap_04,harm
"Caught in the wire fence, the mason struggled for hours to get free.",1,mason,human,trap_04,harm
"Caught in the wire fence, the traveler struggled for hours to get free.",1,traveler,human,trap_04,harm
"Caught in the wire fence, the stranger struggled for hours to get free.",1,stranger,human,trap_04,harm
"Caught in the wire fence, the infant struggled for hours to get free.",1,infant,human,trap_04,harm
"Caught in the wire fence, the widow struggled for hours to get free.",1,widow,human,trap_04,harm
"Caught in the wire fence, the uncle struggled for hours to get free.",1,uncle,human,trap_04,harm
"Caught in the wire fence, the aunt struggled for hours to get free.",1,aunt,human,trap_04,harm
"Caught in the wire fence, the rat struggled for hours to get free.",0,rat,wild,trap_04,harm
"Caught in the wire fence, the boar struggled for hours to get free.",0,boar,wild,trap_04,harm
"Caught in the wire fence, the buffalo struggled for hours to get free.",0,buffalo,wild,trap_04,harm
"Caught in the wire fence, the fox struggled for hours to get free.",0,fox,wild,trap_04,harm
"Caught in the wire fence, the deer struggled for hours to get free.",0,deer,wild,trap_04,harm
"Caught in the wire fence, the badger struggled for hours to get free.",0,badger,wild,trap_04,harm
"Caught in the wire fence, the otter struggled for hours to get free.",0,otter,wild,trap_04,harm
"Caught in the wire fence, the hare struggled for hours to get free.",0,hare,wild,trap_04,harm
"Caught in the wire fence, the raccoon struggled for hours to get free.",0,raccoon,wild,trap_04,harm
"Caught in the wire fence, the squirrel struggled for hours to get free.",0,squirrel,wild,trap_04,harm
"Caught in the wire fence, the weasel struggled for hours to get free.",0,weasel,wild,trap_04,harm
"Caught in the wire fence, the coyote struggled for hours to get free.",0,coyote,wild,trap_04,harm
"Caught in the wire fence, the moose struggled for hours to get free.",0,moose,wild,trap_04,harm
"Caught in the wire fence, the elk struggled for hours to get free.",0,elk,wild,trap_04,harm
"Caught in the wire fence, the wolf struggled for hours to get free.",0,wolf,wild,trap_04,harm
"Caught in the wire fence, the hedgehog struggled for hours to get free.",0,hedgehog,wild,trap_04,harm
"Caught in the wire fence, the possum struggled for hours to get free.",0,possum,wild,trap_04,harm
"Caught in the wire fence, the jackal struggled for hours to get free.",0,jackal,wild,trap_04,harm
"Caught in the wire fence, the stoat struggled for hours to get free.",0,stoat,wild,trap_04,harm
"Caught in the wire fence, the marten struggled for hours to get free.",0,marten,wild,trap_04,harm
"Caught in the wire fence, the bear struggled for hours to get free.",0,bear,wild,trap_04,harm
"Caught in the wire fence, the lynx struggled for hours to get free.",0,lynx,wild,trap_04,harm
"Caught in the wire fence, the bobcat struggled for hours to get free.",0,bobcat,wild,trap_04,harm
"Caught in the wire fence, the marmot struggled for hours to get free.",0,marmot,wild,trap_04,harm
"Caught in the wire fence, the mink struggled for hours to get free.",0,mink,wild,trap_04,harm
"Caught in the wire fence, the mole struggled for hours to get free.",0,mole,wild,trap_04,harm
"Caught in the wire fence, the vole struggled for hours to get free.",0,vole,wild,trap_04,harm
"Caught in the wire fence, the shrew struggled for hours to get free.",0,shrew,wild,trap_04,harm
"Caught in the wire fence, the porcupine struggled for hours to get free.",0,porcupine,wild,trap_04,harm
"Caught in the wire fence, the skunk struggled for hours to get free.",0,skunk,wild,trap_04,harm
"Caught in the wire fence, the chipmunk struggled for hours to get free.",0,chipmunk,wild,trap_04,harm
"Caught in the wire fence, the beaver struggled for hours to get free.",0,beaver,wild,trap_04,harm
"Caught in the wire fence, the bison struggled for hours to get free.",0,bison,wild,trap_04,harm
"Caught in the wire fence, the antelope struggled for hours to get free.",0,antelope,wild,trap_04,harm
"Caught in the wire fence, the dingo struggled for hours to get free.",0,dingo,wild,trap_04,harm
"Caught in the wire fence, the cougar struggled for hours to get free.",0,cougar,wild,trap_04,harm
"Caught in the wire fence, the wolverine struggled for hours to get free.",0,wolverine,wild,trap_04,harm
"Caught in the wire fence, the muskrat struggled for hours to get free.",0,muskrat,wild,trap_04,harm
"Caught in the wire fence, the lemming struggled for hours to get free.",0,lemming,wild,trap_04,harm
"Caught in the wire fence, the fawn struggled for hours to get free.",0,fawn,wild,trap_04,harm
The mudslide left the man trapped beneath the heavy debris.,1,man,human,trap_05,harm
The mudslide left the woman trapped beneath the heavy debris.,1,woman,human,trap_05,harm
The mudslide left the child trapped beneath the heavy debris.,1,child,human,trap_05,harm
The mudslide left the boy trapped beneath the heavy debris.,1,boy,human,trap_05,harm
The mudslide left the girl trapped beneath the heavy debris.,1,girl,human,trap_05,harm
The mudslide left the farmer trapped beneath the heavy debris.,1,farmer,human,trap_05,harm
The mudslide left the nurse trapped beneath the heavy debris.,1,nurse,human,trap_05,harm
The mudslide left the teacher trapped beneath the heavy debris.,1,teacher,human,trap_05,harm
The mudslide left the doctor trapped beneath the heavy debris.,1,doctor,human,trap_05,harm
The mudslide left the student trapped beneath the heavy debris.,1,student,human,trap_05,harm
The mudslide left the soldier trapped beneath the heavy debris.,1,soldier,human,trap_05,harm
The mudslide left the hiker trapped beneath the heavy debris.,1,hiker,human,trap_05,harm
The mudslide left the shepherd trapped beneath the heavy debris.,1,shepherd,human,trap_05,harm
The mudslide left the villager trapped beneath the heavy debris.,1,villager,human,trap_05,harm
The mudslide left the fisherman trapped beneath the heavy debris.,1,fisherman,human,trap_05,harm
The mudslide left the carpenter trapped beneath the heavy debris.,1,carpenter,human,trap_05,harm
The mudslide left the toddler trapped beneath the heavy debris.,1,toddler,human,trap_05,harm
The mudslide left the grandmother trapped beneath the heavy debris.,1,grandmother,human,trap_05,harm
The mudslide left the grandfather trapped beneath the heavy debris.,1,grandfather,human,trap_05,harm
The mudslide left the worker trapped beneath the heavy debris.,1,worker,human,trap_05,harm
The mudslide left the baker trapped beneath the heavy debris.,1,baker,human,trap_05,harm
The mudslide left the tailor trapped beneath the heavy debris.,1,tailor,human,trap_05,harm
The mudslide left the plumber trapped beneath the heavy debris.,1,plumber,human,trap_05,harm
The mudslide left the sailor trapped beneath the heavy debris.,1,sailor,human,trap_05,harm
The mudslide left the painter trapped beneath the heavy debris.,1,painter,human,trap_05,harm
The mudslide left the banker trapped beneath the heavy debris.,1,banker,human,trap_05,harm
The mudslide left the lawyer trapped beneath the heavy debris.,1,lawyer,human,trap_05,harm
The mudslide left the priest trapped beneath the heavy debris.,1,priest,human,trap_05,harm
The mudslide left the mayor trapped beneath the heavy debris.,1,mayor,human,trap_05,harm
The mudslide left the clerk trapped beneath the heavy debris.,1,clerk,human,trap_05,harm
The mudslide left the chef trapped beneath the heavy debris.,1,chef,human,trap_05,harm
The mudslide left the pilot trapped beneath the heavy debris.,1,pilot,human,trap_05,harm
The mudslide left the miner trapped beneath the heavy debris.,1,miner,human,trap_05,harm
The mudslide left the mason trapped beneath the heavy debris.,1,mason,human,trap_05,harm
The mudslide left the traveler trapped beneath the heavy debris.,1,traveler,human,trap_05,harm
The mudslide left the stranger trapped beneath the heavy debris.,1,stranger,human,trap_05,harm
The mudslide left the infant trapped beneath the heavy debris.,1,infant,human,trap_05,harm
The mudslide left the widow trapped beneath the heavy debris.,1,widow,human,trap_05,harm
The mudslide left the uncle trapped beneath the heavy debris.,1,uncle,human,trap_05,harm
The mudslide left the aunt trapped beneath the heavy debris.,1,aunt,human,trap_05,harm
The mudslide left the rat trapped beneath the heavy debris.,0,rat,wild,trap_05,harm
The mudslide left the boar trapped beneath the heavy debris.,0,boar,wild,trap_05,harm
The mudslide left the buffalo trapped beneath the heavy debris.,0,buffalo,wild,trap_05,harm
The mudslide left the fox trapped beneath the heavy debris.,0,fox,wild,trap_05,harm
The mudslide left the deer trapped beneath the heavy debris.,0,deer,wild,trap_05,harm
The mudslide left the badger trapped beneath the heavy debris.,0,badger,wild,trap_05,harm
The mudslide left the otter trapped beneath the heavy debris.,0,otter,wild,trap_05,harm
The mudslide left the hare trapped beneath the heavy debris.,0,hare,wild,trap_05,harm
The mudslide left the raccoon trapped beneath the heavy debris.,0,raccoon,wild,trap_05,harm
The mudslide left the squirrel trapped beneath the heavy debris.,0,squirrel,wild,trap_05,harm
The mudslide left the weasel trapped beneath the heavy debris.,0,weasel,wild,trap_05,harm
The mudslide left the coyote trapped beneath the heavy debris.,0,coyote,wild,trap_05,harm
The mudslide left the moose trapped beneath the heavy debris.,0,moose,wild,trap_05,harm
The mudslide left the elk trapped beneath the heavy debris.,0,elk,wild,trap_05,harm
The mudslide left the wolf trapped beneath the heavy debris.,0,wolf,wild,trap_05,harm
The mudslide left the hedgehog trapped beneath the heavy debris.,0,hedgehog,wild,trap_05,harm
The mudslide left the possum trapped beneath the heavy debris.,0,possum,wild,trap_05,harm
The mudslide left the jackal trapped beneath the heavy debris.,0,jackal,wild,trap_05,harm
The mudslide left the stoat trapped beneath the heavy debris.,0,stoat,wild,trap_05,harm
The mudslide left the marten trapped beneath the heavy debris.,0,marten,wild,trap_05,harm
The mudslide left the bear trapped beneath the heavy debris.,0,bear,wild,trap_05,harm
The mudslide left the lynx trapped beneath the heavy debris.,0,lynx,wild,trap_05,harm
The mudslide left the bobcat trapped beneath the heavy debris.,0,bobcat,wild,trap_05,harm
The mudslide left the marmot trapped beneath the heavy debris.,0,marmot,wild,trap_05,harm
The mudslide left the mink trapped beneath the heavy debris.,0,mink,wild,trap_05,harm
The mudslide left the mole trapped beneath the heavy debris.,0,mole,wild,trap_05,harm
The mudslide left the vole trapped beneath the heavy debris.,0,vole,wild,trap_05,harm
The mudslide left the shrew trapped beneath the heavy debris.,0,shrew,wild,trap_05,harm
The mudslide left the porcupine trapped beneath the heavy debris.,0,porcupine,wild,trap_05,harm
The mudslide left the skunk trapped beneath the heavy debris.,0,skunk,wild,trap_05,harm
The mudslide left the chipmunk trapped beneath the heavy debris.,0,chipmunk,wild,trap_05,harm
The mudslide left the beaver trapped beneath the heavy debris.,0,beaver,wild,trap_05,harm
The mudslide left the bison trapped beneath the heavy debris.,0,bison,wild,trap_05,harm
The mudslide left the antelope trapped beneath the heavy debris.,0,antelope,wild,trap_05,harm
The mudslide left the dingo trapped beneath the heavy debris.,0,dingo,wild,trap_05,harm
The mudslide left the cougar trapped beneath the heavy debris.,0,cougar,wild,trap_05,harm
The mudslide left the wolverine trapped beneath the heavy debris.,0,wolverine,wild,trap_05,harm
The mudslide left the muskrat trapped beneath the heavy debris.,0,muskrat,wild,trap_05,harm
The mudslide left the lemming trapped beneath the heavy debris.,0,lemming,wild,trap_05,harm
The mudslide left the fawn trapped beneath the heavy debris.,0,fawn,wild,trap_05,harm
"Deep in the ravine, the man was wedged between the rocks, unable to move.",1,man,human,trap_06,harm
"Deep in the ravine, the woman was wedged between the rocks, unable to move.",1,woman,human,trap_06,harm
"Deep in the ravine, the child was wedged between the rocks, unable to move.",1,child,human,trap_06,harm
"Deep in the ravine, the boy was wedged between the rocks, unable to move.",1,boy,human,trap_06,harm
"Deep in the ravine, the girl was wedged between the rocks, unable to move.",1,girl,human,trap_06,harm
"Deep in the ravine, the farmer was wedged between the rocks, unable to move.",1,farmer,human,trap_06,harm
"Deep in the ravine, the nurse was wedged between the rocks, unable to move.",1,nurse,human,trap_06,harm
"Deep in the ravine, the teacher was wedged between the rocks, unable to move.",1,teacher,human,trap_06,harm
"Deep in the ravine, the doctor was wedged between the rocks, unable to move.",1,doctor,human,trap_06,harm
"Deep in the ravine, the student was wedged between the rocks, unable to move.",1,student,human,trap_06,harm
"Deep in the ravine, the soldier was wedged between the rocks, unable to move.",1,soldier,human,trap_06,harm
"Deep in the ravine, the hiker was wedged between the rocks, unable to move.",1,hiker,human,trap_06,harm
"Deep in the ravine, the shepherd was wedged between the rocks, unable to move.",1,shepherd,human,trap_06,harm
"Deep in the ravine, the villager was wedged between the rocks, unable to move.",1,villager,human,trap_06,harm
"Deep in the ravine, the fisherman was wedged between the rocks, unable to move.",1,fisherman,human,trap_06,harm
"Deep in the ravine, the carpenter was wedged between the rocks, unable to move.",1,carpenter,human,trap_06,harm
"Deep in the ravine, the toddler was wedged between the rocks, unable to move.",1,toddler,human,trap_06,harm
"Deep in the ravine, the grandmother was wedged between the rocks, unable to move.",1,grandmother,human,trap_06,harm
"Deep in the ravine, the grandfather was wedged between the rocks, unable to move.",1,grandfather,human,trap_06,harm
"Deep in the ravine, the worker was wedged between the rocks, unable to move.",1,worker,human,trap_06,harm
"Deep in the ravine, the baker was wedged between the rocks, unable to move.",1,baker,human,trap_06,harm
"Deep in the ravine, the tailor was wedged between the rocks, unable to move.",1,tailor,human,trap_06,harm
"Deep in the ravine, the plumber was wedged between the rocks, unable to move.",1,plumber,human,trap_06,harm
"Deep in the ravine, the sailor was wedged between the rocks, unable to move.",1,sailor,human,trap_06,harm
"Deep in the ravine, the painter was wedged between the rocks, unable to move.",1,painter,human,trap_06,harm
"Deep in the ravine, the banker was wedged between the rocks, unable to move.",1,banker,human,trap_06,harm
"Deep in the ravine, the lawyer was wedged between the rocks, unable to move.",1,lawyer,human,trap_06,harm
"Deep in the ravine, the priest was wedged between the rocks, unable to move.",1,priest,human,trap_06,harm
"Deep in the ravine, the mayor was wedged between the rocks, unable to move.",1,mayor,human,trap_06,harm
"Deep in the ravine, the clerk was wedged between the rocks, unable to move.",1,clerk,human,trap_06,harm
"Deep in the ravine, the chef was wedged between the rocks, unable to move.",1,chef,human,trap_06,harm
"Deep in the ravine, the pilot was wedged between the rocks, unable to move.",1,pilot,human,trap_06,harm
"Deep in the ravine, the miner was wedged between the rocks, unable to move.",1,miner,human,trap_06,harm
"Deep in the ravine, the mason was wedged between the rocks, unable to move.",1,mason,human,trap_06,harm
"Deep in the ravine, the traveler was wedged between the rocks, unable to move.",1,traveler,human,trap_06,harm
"Deep in the ravine, the stranger was wedged between the rocks, unable to move.",1,stranger,human,trap_06,harm
"Deep in the ravine, the infant was wedged between the rocks, unable to move.",1,infant,human,trap_06,harm
"Deep in the ravine, the widow was wedged between the rocks, unable to move.",1,widow,human,trap_06,harm
"Deep in the ravine, the uncle was wedged between the rocks, unable to move.",1,uncle,human,trap_06,harm
"Deep in the ravine, the aunt was wedged between the rocks, unable to move.",1,aunt,human,trap_06,harm
"Deep in the ravine, the rat was wedged between the rocks, unable to move.",0,rat,wild,trap_06,harm
"Deep in the ravine, the boar was wedged between the rocks, unable to move.",0,boar,wild,trap_06,harm
"Deep in the ravine, the buffalo was wedged between the rocks, unable to move.",0,buffalo,wild,trap_06,harm
"Deep in the ravine, the fox was wedged between the rocks, unable to move.",0,fox,wild,trap_06,harm
"Deep in the ravine, the deer was wedged between the rocks, unable to move.",0,deer,wild,trap_06,harm
"Deep in the ravine, the badger was wedged between the rocks, unable to move.",0,badger,wild,trap_06,harm
"Deep in the ravine, the otter was wedged between the rocks, unable to move.",0,otter,wild,trap_06,harm
"Deep in the ravine, the hare was wedged between the rocks, unable to move.",0,hare,wild,trap_06,harm
"Deep in the ravine, the raccoon was wedged between the rocks, unable to move.",0,raccoon,wild,trap_06,harm
"Deep in the ravine, the squirrel was wedged between the rocks, unable to move.",0,squirrel,wild,trap_06,harm
"Deep in the ravine, the weasel was wedged between the rocks, unable to move.",0,weasel,wild,trap_06,harm
"Deep in the ravine, the coyote was wedged between the rocks, unable to move.",0,coyote,wild,trap_06,harm
"Deep in the ravine, the moose was wedged between the rocks, unable to move.",0,moose,wild,trap_06,harm
"Deep in the ravine, the elk was wedged between the rocks, unable to move.",0,elk,wild,trap_06,harm
"Deep in the ravine, the wolf was wedged between the rocks, unable to move.",0,wolf,wild,trap_06,harm
"Deep in the ravine, the hedgehog was wedged between the rocks, unable to move.",0,hedgehog,wild,trap_06,harm
"Deep in the ravine, the possum was wedged between the rocks, unable to move.",0,possum,wild,trap_06,harm
"Deep in the ravine, the jackal was wedged between the rocks, unable to move.",0,jackal,wild,trap_06,harm
"Deep in the ravine, the stoat was wedged between the rocks, unable to move.",0,stoat,wild,trap_06,harm
"Deep in the ravine, the marten was wedged between the rocks, unable to move.",0,marten,wild,trap_06,harm
"Deep in the ravine, the bear was wedged between the rocks, unable to move.",0,bear,wild,trap_06,harm
"Deep in the ravine, the lynx was wedged between the rocks, unable to move.",0,lynx,wild,trap_06,harm
"Deep in the ravine, the bobcat was wedged between the rocks, unable to move.",0,bobcat,wild,trap_06,harm
"Deep in the ravine, the marmot was wedged between the rocks, unable to move.",0,marmot,wild,trap_06,harm
"Deep in the ravine, the mink was wedged between the rocks, unable to move.",0,mink,wild,trap_06,harm
"Deep in the ravine, the mole was wedged between the rocks, unable to move.",0,mole,wild,trap_06,harm
"Deep in the ravine, the vole was wedged between the rocks, unable to move.",0,vole,wild,trap_06,harm
"Deep in the ravine, the shrew was wedged between the rocks, unable to move.",0,shrew,wild,trap_06,harm
"Deep in the ravine, the porcupine was wedged between the rocks, unable to move.",0,porcupine,wild,trap_06,harm
"Deep in the ravine, the skunk was wedged between the rocks, unable to move.",0,skunk,wild,trap_06,harm
"Deep in the ravine, the chipmunk was wedged between the rocks, unable to move.",0,chipmunk,wild,trap_06,harm
"Deep in the ravine, the beaver was wedged between the rocks, unable to move.",0,beaver,wild,trap_06,harm
"Deep in the ravine, the bison was wedged between the rocks, unable to move.",0,bison,wild,trap_06,harm
"Deep in the ravine, the antelope was wedged between the rocks, unable to move.",0,antelope,wild,trap_06,harm
"Deep in the ravine, the dingo was wedged between the rocks, unable to move.",0,dingo,wild,trap_06,harm
"Deep in the ravine, the cougar was wedged between the rocks, unable to move.",0,cougar,wild,trap_06,harm
"Deep in the ravine, the wolverine was wedged between the rocks, unable to move.",0,wolverine,wild,trap_06,harm
"Deep in the ravine, the muskrat was wedged between the rocks, unable to move.",0,muskrat,wild,trap_06,harm
"Deep in the ravine, the lemming was wedged between the rocks, unable to move.",0,lemming,wild,trap_06,harm
"Deep in the ravine, the fawn was wedged between the rocks, unable to move.",0,fawn,wild,trap_06,harm
The fall from the ledge left the man badly hurt.,1,man,human,injury_01,harm
The fall from the ledge left the woman badly hurt.,1,woman,human,injury_01,harm
The fall from the ledge left the child badly hurt.,1,child,human,injury_01,harm
The fall from the ledge left the boy badly hurt.,1,boy,human,injury_01,harm
The fall from the ledge left the girl badly hurt.,1,girl,human,injury_01,harm
The fall from the ledge left the farmer badly hurt.,1,farmer,human,injury_01,harm
The fall from the ledge left the nurse badly hurt.,1,nurse,human,injury_01,harm
The fall from the ledge left the teacher badly hurt.,1,teacher,human,injury_01,harm
The fall from the ledge left the doctor badly hurt.,1,doctor,human,injury_01,harm
The fall from the ledge left the student badly hurt.,1,student,human,injury_01,harm
The fall from the ledge left the soldier badly hurt.,1,soldier,human,injury_01,harm
The fall from the ledge left the hiker badly hurt.,1,hiker,human,injury_01,harm
The fall from the ledge left the shepherd badly hurt.,1,shepherd,human,injury_01,harm
The fall from the ledge left the villager badly hurt.,1,villager,human,injury_01,harm
The fall from the ledge left the fisherman badly hurt.,1,fisherman,human,injury_01,harm
The fall from the ledge left the carpenter badly hurt.,1,carpenter,human,injury_01,harm
The fall from the ledge left the toddler badly hurt.,1,toddler,human,injury_01,harm
The fall from the ledge left the grandmother badly hurt.,1,grandmother,human,injury_01,harm
The fall from the ledge left the grandfather badly hurt.,1,grandfather,human,injury_01,harm
The fall from the ledge left the worker badly hurt.,1,worker,human,injury_01,harm
The fall from the ledge left the baker badly hurt.,1,baker,human,injury_01,harm
The fall from the ledge left the tailor badly hurt.,1,tailor,human,injury_01,harm
The fall from the ledge left the plumber badly hurt.,1,plumber,human,injury_01,harm
The fall from the ledge left the sailor badly hurt.,1,sailor,human,injury_01,harm
The fall from the ledge left the painter badly hurt.,1,painter,human,injury_01,harm
The fall from the ledge left the banker badly hurt.,1,banker,human,injury_01,harm
The fall from the ledge left the lawyer badly hurt.,1,lawyer,human,injury_01,harm
The fall from the ledge left the priest badly hurt.,1,priest,human,injury_01,harm
The fall from the ledge left the mayor badly hurt.,1,mayor,human,injury_01,harm
The fall from the ledge left the clerk badly hurt.,1,clerk,human,injury_01,harm
The fall from the ledge left the chef badly hurt.,1,chef,human,injury_01,harm
The fall from the ledge left the pilot badly hurt.,1,pilot,human,injury_01,harm
The fall from the ledge left the miner badly hurt.,1,miner,human,injury_01,harm
The fall from the ledge left the mason badly hurt.,1,mason,human,injury_01,harm
The fall from the ledge left the traveler badly hurt.,1,traveler,human,injury_01,harm
The fall from the ledge left the stranger badly hurt.,1,stranger,human,injury_01,harm
The fall from the ledge left the infant badly hurt.,1,infant,human,injury_01,harm
The fall from the ledge left the widow badly hurt.,1,widow,human,injury_01,harm
The fall from the ledge left the uncle badly hurt.,1,uncle,human,injury_01,harm
The fall from the ledge left the aunt badly hurt.,1,aunt,human,injury_01,harm
The fall from the ledge left the rat badly hurt.,0,rat,wild,injury_01,harm
The fall from the ledge left the boar badly hurt.,0,boar,wild,injury_01,harm
The fall from the ledge left the buffalo badly hurt.,0,buffalo,wild,injury_01,harm
The fall from the ledge left the fox badly hurt.,0,fox,wild,injury_01,harm
The fall from the ledge left the deer badly hurt.,0,deer,wild,injury_01,harm
The fall from the ledge left the badger badly hurt.,0,badger,wild,injury_01,harm
The fall from the ledge left the otter badly hurt.,0,otter,wild,injury_01,harm
The fall from the ledge left the hare badly hurt.,0,hare,wild,injury_01,harm
The fall from the ledge left the raccoon badly hurt.,0,raccoon,wild,injury_01,harm
The fall from the ledge left the squirrel badly hurt.,0,squirrel,wild,injury_01,harm
The fall from the ledge left the weasel badly hurt.,0,weasel,wild,injury_01,harm
The fall from the ledge left the coyote badly hurt.,0,coyote,wild,injury_01,harm
The fall from the ledge left the moose badly hurt.,0,moose,wild,injury_01,harm
The fall from the ledge left the elk badly hurt.,0,elk,wild,injury_01,harm
The fall from the ledge left the wolf badly hurt.,0,wolf,wild,injury_01,harm
The fall from the ledge left the hedgehog badly hurt.,0,hedgehog,wild,injury_01,harm
The fall from the ledge left the possum badly hurt.,0,possum,wild,injury_01,harm
The fall from the ledge left the jackal badly hurt.,0,jackal,wild,injury_01,harm
The fall from the ledge left the stoat badly hurt.,0,stoat,wild,injury_01,harm
The fall from the ledge left the marten badly hurt.,0,marten,wild,injury_01,harm
The fall from the ledge left the bear badly hurt.,0,bear,wild,injury_01,harm
The fall from the ledge left the lynx badly hurt.,0,lynx,wild,injury_01,harm
The fall from the ledge left the bobcat badly hurt.,0,bobcat,wild,injury_01,harm
The fall from the ledge left the marmot badly hurt.,0,marmot,wild,injury_01,harm
The fall from the ledge left the mink badly hurt.,0,mink,wild,injury_01,harm
The fall from the ledge left the mole badly hurt.,0,mole,wild,injury_01,harm
The fall from the ledge left the vole badly hurt.,0,vole,wild,injury_01,harm
The fall from the ledge left the shrew badly hurt.,0,shrew,wild,injury_01,harm
The fall from the ledge left the porcupine badly hurt.,0,porcupine,wild,injury_01,harm
The fall from the ledge left the skunk badly hurt.,0,skunk,wild,injury_01,harm
The fall from the ledge left the chipmunk badly hurt.,0,chipmunk,wild,injury_01,harm
The fall from the ledge left the beaver badly hurt.,0,beaver,wild,injury_01,harm
The fall from the ledge left the bison badly hurt.,0,bison,wild,injury_01,harm
The fall from the ledge left the antelope badly hurt.,0,antelope,wild,injury_01,harm
The fall from the ledge left the dingo badly hurt.,0,dingo,wild,injury_01,harm
The fall from the ledge left the cougar badly hurt.,0,cougar,wild,injury_01,harm
The fall from the ledge left the wolverine badly hurt.,0,wolverine,wild,injury_01,harm
The fall from the ledge left the muskrat badly hurt.,0,muskrat,wild,injury_01,harm
The fall from the ledge left the lemming badly hurt.,0,lemming,wild,injury_01,harm
The fall from the ledge left the fawn badly hurt.,0,fawn,wild,injury_01,harm
A deep gash left the man bleeding and unable to move.,1,man,human,injury_02,harm
A deep gash left the woman bleeding and unable to move.,1,woman,human,injury_02,harm
A deep gash left the child bleeding and unable to move.,1,child,human,injury_02,harm
A deep gash left the boy bleeding and unable to move.,1,boy,human,injury_02,harm
A deep gash left the girl bleeding and unable to move.,1,girl,human,injury_02,harm
A deep gash left the farmer bleeding and unable to move.,1,farmer,human,injury_02,harm
A deep gash left the nurse bleeding and unable to move.,1,nurse,human,injury_02,harm
A deep gash left the teacher bleeding and unable to move.,1,teacher,human,injury_02,harm
A deep gash left the doctor bleeding and unable to move.,1,doctor,human,injury_02,harm
A deep gash left the student bleeding and unable to move.,1,student,human,injury_02,harm
A deep gash left the soldier bleeding and unable to move.,1,soldier,human,injury_02,harm
A deep gash left the hiker bleeding and unable to move.,1,hiker,human,injury_02,harm
A deep gash left the shepherd bleeding and unable to move.,1,shepherd,human,injury_02,harm
A deep gash left the villager bleeding and unable to move.,1,villager,human,injury_02,harm
A deep gash left the fisherman bleeding and unable to move.,1,fisherman,human,injury_02,harm
A deep gash left the carpenter bleeding and unable to move.,1,carpenter,human,injury_02,harm
A deep gash left the toddler bleeding and unable to move.,1,toddler,human,injury_02,harm
A deep gash left the grandmother bleeding and unable to move.,1,grandmother,human,injury_02,harm
A deep gash left the grandfather bleeding and unable to move.,1,grandfather,human,injury_02,harm
A deep gash left the worker bleeding and unable to move.,1,worker,human,injury_02,harm
A deep gash left the baker bleeding and unable to move.,1,baker,human,injury_02,harm
A deep gash left the tailor bleeding and unable to move.,1,tailor,human,injury_02,harm
A deep gash left the plumber bleeding and unable to move.,1,plumber,human,injury_02,harm
A deep gash left the sailor bleeding and unable to move.,1,sailor,human,injury_02,harm
A deep gash left the painter bleeding and unable to move.,1,painter,human,injury_02,harm
A deep gash left the banker bleeding and unable to move.,1,banker,human,injury_02,harm
A deep gash left the lawyer bleeding and unable to move.,1,lawyer,human,injury_02,harm
A deep gash left the priest bleeding and unable to move.,1,priest,human,injury_02,harm
A deep gash left the mayor bleeding and unable to move.,1,mayor,human,injury_02,harm
A deep gash left the clerk bleeding and unable to move.,1,clerk,human,injury_02,harm
A deep gash left the chef bleeding and unable to move.,1,chef,human,injury_02,harm
A deep gash left the pilot bleeding and unable to move.,1,pilot,human,injury_02,harm
A deep gash left the miner bleeding and unable to move.,1,miner,human,injury_02,harm
A deep gash left the mason bleeding and unable to move.,1,mason,human,injury_02,harm
A deep gash left the traveler bleeding and unable to move.,1,traveler,human,injury_02,harm
A deep gash left the stranger bleeding and unable to move.,1,stranger,human,injury_02,harm
A deep gash left the infant bleeding and unable to move.,1,infant,human,injury_02,harm
A deep gash left the widow bleeding and unable to move.,1,widow,human,injury_02,harm
A deep gash left the uncle bleeding and unable to move.,1,uncle,human,injury_02,harm
A deep gash left the aunt bleeding and unable to move.,1,aunt,human,injury_02,harm
A deep gash left the rat bleeding and unable to move.,0,rat,wild,injury_02,harm
A deep gash left the boar bleeding and unable to move.,0,boar,wild,injury_02,harm
A deep gash left the buffalo bleeding and unable to move.,0,buffalo,wild,injury_02,harm
A deep gash left the fox bleeding and unable to move.,0,fox,wild,injury_02,harm
A deep gash left the deer bleeding and unable to move.,0,deer,wild,injury_02,harm
A deep gash left the badger bleeding and unable to move.,0,badger,wild,injury_02,harm
A deep gash left the otter bleeding and unable to move.,0,otter,wild,injury_02,harm
A deep gash left the hare bleeding and unable to move.,0,hare,wild,injury_02,harm
A deep gash left the raccoon bleeding and unable to move.,0,raccoon,wild,injury_02,harm
A deep gash left the squirrel bleeding and unable to move.,0,squirrel,wild,injury_02,harm
A deep gash left the weasel bleeding and unable to move.,0,weasel,wild,injury_02,harm
A deep gash left the coyote bleeding and unable to move.,0,coyote,wild,injury_02,harm
A deep gash left the moose bleeding and unable to move.,0,moose,wild,injury_02,harm
A deep gash left the elk bleeding and unable to move.,0,elk,wild,injury_02,harm
A deep gash left the wolf bleeding and unable to move.,0,wolf,wild,injury_02,harm
A deep gash left the hedgehog bleeding and unable to move.,0,hedgehog,wild,injury_02,harm
A deep gash left the possum bleeding and unable to move.,0,possum,wild,injury_02,harm
A deep gash left the jackal bleeding and unable to move.,0,jackal,wild,injury_02,harm
A deep gash left the stoat bleeding and unable to move.,0,stoat,wild,injury_02,harm
A deep gash left the marten bleeding and unable to move.,0,marten,wild,injury_02,harm
A deep gash left the bear bleeding and unable to move.,0,bear,wild,injury_02,harm
A deep gash left the lynx bleeding and unable to move.,0,lynx,wild,injury_02,harm
A deep gash left the bobcat bleeding and unable to move.,0,bobcat,wild,injury_02,harm
A deep gash left the marmot bleeding and unable to move.,0,marmot,wild,injury_02,harm
A deep gash left the mink bleeding and unable to move.,0,mink,wild,injury_02,harm
A deep gash left the mole bleeding and unable to move.,0,mole,wild,injury_02,harm
A deep gash left the vole bleeding and unable to move.,0,vole,wild,injury_02,harm
A deep gash left the shrew bleeding and unable to move.,0,shrew,wild,injury_02,harm
A deep gash left the porcupine bleeding and unable to move.,0,porcupine,wild,injury_02,harm
A deep gash left the skunk bleeding and unable to move.,0,skunk,wild,injury_02,harm
A deep gash left the chipmunk bleeding and unable to move.,0,chipmunk,wild,injury_02,harm
A deep gash left the beaver bleeding and unable to move.,0,beaver,wild,injury_02,harm
A deep gash left the bison bleeding and unable to move.,0,bison,wild,injury_02,harm
A deep gash left the antelope bleeding and unable to move.,0,antelope,wild,injury_02,harm
A deep gash left the dingo bleeding and unable to move.,0,dingo,wild,injury_02,harm
A deep gash left the cougar bleeding and unable to move.,0,cougar,wild,injury_02,harm
A deep gash left the wolverine bleeding and unable to move.,0,wolverine,wild,injury_02,harm
A deep gash left the muskrat bleeding and unable to move.,0,muskrat,wild,injury_02,harm
A deep gash left the lemming bleeding and unable to move.,0,lemming,wild,injury_02,harm
A deep gash left the fawn bleeding and unable to move.,0,fawn,wild,injury_02,harm
"After the accident with the broken glass, the man was left with a painful wound.",1,man,human,injury_03,harm
"After the accident with the broken glass, the woman was left with a painful wound.",1,woman,human,injury_03,harm
"After the accident with the broken glass, the child was left with a painful wound.",1,child,human,injury_03,harm
"After the accident with the broken glass, the boy was left with a painful wound.",1,boy,human,injury_03,harm
"After the accident with the broken glass, the girl was left with a painful wound.",1,girl,human,injury_03,harm
"After the accident with the broken glass, the farmer was left with a painful wound.",1,farmer,human,injury_03,harm
"After the accident with the broken glass, the nurse was left with a painful wound.",1,nurse,human,injury_03,harm
"After the accident with the broken glass, the teacher was left with a painful wound.",1,teacher,human,injury_03,harm
"After the accident with the broken glass, the doctor was left with a painful wound.",1,doctor,human,injury_03,harm
"After the accident with the broken glass, the student was left with a painful wound.",1,student,human,injury_03,harm
"After the accident with the broken glass, the soldier was left with a painful wound.",1,soldier,human,injury_03,harm
"After the accident with the broken glass, the hiker was left with a painful wound.",1,hiker,human,injury_03,harm
"After the accident with the broken glass, the shepherd was left with a painful wound.",1,shepherd,human,injury_03,harm
"After the accident with the broken glass, the villager was left with a painful wound.",1,villager,human,injury_03,harm
"After the accident with the broken glass, the fisherman was left with a painful wound.",1,fisherman,human,injury_03,harm
"After the accident with the broken glass, the carpenter was left with a painful wound.",1,carpenter,human,injury_03,harm
"After the accident with the broken glass, the toddler was left with a painful wound.",1,toddler,human,injury_03,harm
"After the accident with the broken glass, the grandmother was left with a painful wound.",1,grandmother,human,injury_03,harm
"After the accident with the broken glass, the grandfather was left with a painful wound.",1,grandfather,human,injury_03,harm
"After the accident with the broken glass, the worker was left with a painful wound.",1,worker,human,injury_03,harm
"After the accident with the broken glass, the baker was left with a painful wound.",1,baker,human,injury_03,harm
"After the accident with the broken glass, the tailor was left with a painful wound.",1,tailor,human,injury_03,harm
"After the accident with the broken glass, the plumber was left with a painful wound.",1,plumber,human,injury_03,harm
"After the accident with the broken glass, the sailor was left with a painful wound.",1,sailor,human,injury_03,harm
"After the accident with the broken glass, the painter was left with a painful wound.",1,painter,human,injury_03,harm
"After the accident with the broken glass, the banker was left with a painful wound.",1,banker,human,injury_03,harm
"After the accident with the broken glass, the lawyer was left with a painful wound.",1,lawyer,human,injury_03,harm
"After the accident with the broken glass, the priest was left with a painful wound.",1,priest,human,injury_03,harm
"After the accident with the broken glass, the mayor was left with a painful wound.",1,mayor,human,injury_03,harm
"After the accident with the broken glass, the clerk was left with a painful wound.",1,clerk,human,injury_03,harm
"After the accident with the broken glass, the chef was left with a painful wound.",1,chef,human,injury_03,harm
"After the accident with the broken glass, the pilot was left with a painful wound.",1,pilot,human,injury_03,harm
"After the accident with the broken glass, the miner was left with a painful wound.",1,miner,human,injury_03,harm
"After the accident with the broken glass, the mason was left with a painful wound.",1,mason,human,injury_03,harm
"After the accident with the broken glass, the traveler was left with a painful wound.",1,traveler,human,injury_03,harm
"After the accident with the broken glass, the stranger was left with a painful wound.",1,stranger,human,injury_03,harm
"After the accident with the broken glass, the infant was left with a painful wound.",1,infant,human,injury_03,harm
"After the accident with the broken glass, the widow was left with a painful wound.",1,widow,human,injury_03,harm
"After the accident with the broken glass, the uncle was left with a painful wound.",1,uncle,human,injury_03,harm
"After the accident with the broken glass, the aunt was left with a painful wound.",1,aunt,human,injury_03,harm
"After the accident with the broken glass, the rat was left with a painful wound.",0,rat,wild,injury_03,harm
"After the accident with the broken glass, the boar was left with a painful wound.",0,boar,wild,injury_03,harm
"After the accident with the broken glass, the buffalo was left with a painful wound.",0,buffalo,wild,injury_03,harm
"After the accident with the broken glass, the fox was left with a painful wound.",0,fox,wild,injury_03,harm
"After the accident with the broken glass, the deer was left with a painful wound.",0,deer,wild,injury_03,harm
"After the accident with the broken glass, the badger was left with a painful wound.",0,badger,wild,injury_03,harm
"After the accident with the broken glass, the otter was left with a painful wound.",0,otter,wild,injury_03,harm
"After the accident with the broken glass, the hare was left with a painful wound.",0,hare,wild,injury_03,harm
"After the accident with the broken glass, the raccoon was left with a painful wound.",0,raccoon,wild,injury_03,harm
"After the accident with the broken glass, the squirrel was left with a painful wound.",0,squirrel,wild,injury_03,harm
"After the accident with the broken glass, the weasel was left with a painful wound.",0,weasel,wild,injury_03,harm
"After the accident with the broken glass, the coyote was left with a painful wound.",0,coyote,wild,injury_03,harm
"After the accident with the broken glass, the moose was left with a painful wound.",0,moose,wild,injury_03,harm
"After the accident with the broken glass, the elk was left with a painful wound.",0,elk,wild,injury_03,harm
"After the accident with the broken glass, the wolf was left with a painful wound.",0,wolf,wild,injury_03,harm
"After the accident with the broken glass, the hedgehog was left with a painful wound.",0,hedgehog,wild,injury_03,harm
"After the accident with the broken glass, the possum was left with a painful wound.",0,possum,wild,injury_03,harm
"After the accident with the broken glass, the jackal was left with a painful wound.",0,jackal,wild,injury_03,harm
"After the accident with the broken glass, the stoat was left with a painful wound.",0,stoat,wild,injury_03,harm
"After the accident with the broken glass, the marten was left with a painful wound.",0,marten,wild,injury_03,harm
"After the accident with the broken glass, the bear was left with a painful wound.",0,bear,wild,injury_03,harm
"After the accident with the broken glass, the lynx was left with a painful wound.",0,lynx,wild,injury_03,harm
"After the accident with the broken glass, the bobcat was left with a painful wound.",0,bobcat,wild,injury_03,harm
"After the accident with the broken glass, the marmot was left with a painful wound.",0,marmot,wild,injury_03,harm
"After the accident with the broken glass, the mink was left with a painful wound.",0,mink,wild,injury_03,harm
"After the accident with the broken glass, the mole was left with a painful wound.",0,mole,wild,injury_03,harm
"After the accident with the broken glass, the vole was left with a painful wound.",0,vole,wild,injury_03,harm
"After the accident with the broken glass, the shrew was left with a painful wound.",0,shrew,wild,injury_03,harm
"After the accident with the broken glass, the porcupine was left with a painful wound.",0,porcupine,wild,injury_03,harm
"After the accident with the broken glass, the skunk was left with a painful wound.",0,skunk,wild,injury_03,harm
"After the accident with the broken glass, the chipmunk was left with a painful wound.",0,chipmunk,wild,injury_03,harm
"After the accident with the broken glass, the beaver was left with a painful wound.",0,beaver,wild,injury_03,harm
"After the accident with the broken glass, the bison was left with a painful wound.",0,bison,wild,injury_03,harm
"After the accident with the broken glass, the antelope was left with a painful wound.",0,antelope,wild,injury_03,harm
"After the accident with the broken glass, the dingo was left with a painful wound.",0,dingo,wild,injury_03,harm
"After the accident with the broken glass, the cougar was left with a painful wound.",0,cougar,wild,injury_03,harm
"After the accident with the broken glass, the wolverine was left with a painful wound.",0,wolverine,wild,injury_03,harm
"After the accident with the broken glass, the muskrat was left with a painful wound.",0,muskrat,wild,injury_03,harm
"After the accident with the broken glass, the lemming was left with a painful wound.",0,lemming,wild,injury_03,harm
"After the accident with the broken glass, the fawn was left with a painful wound.",0,fawn,wild,injury_03,harm
"The snapping trap closed on the man, causing a deep wound.",1,man,human,injury_04,harm
"The snapping trap closed on the woman, causing a deep wound.",1,woman,human,injury_04,harm
"The snapping trap closed on the child, causing a deep wound.",1,child,human,injury_04,harm
"The snapping trap closed on the boy, causing a deep wound.",1,boy,human,injury_04,harm
"The snapping trap closed on the girl, causing a deep wound.",1,girl,human,injury_04,harm
"The snapping trap closed on the farmer, causing a deep wound.",1,farmer,human,injury_04,harm
"The snapping trap closed on the nurse, causing a deep wound.",1,nurse,human,injury_04,harm
"The snapping trap closed on the teacher, causing a deep wound.",1,teacher,human,injury_04,harm
"The snapping trap closed on the doctor, causing a deep wound.",1,doctor,human,injury_04,harm
"The snapping trap closed on the student, causing a deep wound.",1,student,human,injury_04,harm
"The snapping trap closed on the soldier, causing a deep wound.",1,soldier,human,injury_04,harm
"The snapping trap closed on the hiker, causing a deep wound.",1,hiker,human,injury_04,harm
"The snapping trap closed on the shepherd, causing a deep wound.",1,shepherd,human,injury_04,harm
"The snapping trap closed on the villager, causing a deep wound.",1,villager,human,injury_04,harm
"The snapping trap closed on the fisherman, causing a deep wound.",1,fisherman,human,injury_04,harm
"The snapping trap closed on the carpenter, causing a deep wound.",1,carpenter,human,injury_04,harm
"The snapping trap closed on the toddler, causing a deep wound.",1,toddler,human,injury_04,harm
"The snapping trap closed on the grandmother, causing a deep wound.",1,grandmother,human,injury_04,harm
"The snapping trap closed on the grandfather, causing a deep wound.",1,grandfather,human,injury_04,harm
"The snapping trap closed on the worker, causing a deep wound.",1,worker,human,injury_04,harm
"The snapping trap closed on the baker, causing a deep wound.",1,baker,human,injury_04,harm
"The snapping trap closed on the tailor, causing a deep wound.",1,tailor,human,injury_04,harm
"The snapping trap closed on the plumber, causing a deep wound.",1,plumber,human,injury_04,harm
"The snapping trap closed on the sailor, causing a deep wound.",1,sailor,human,injury_04,harm
"The snapping trap closed on the painter, causing a deep wound.",1,painter,human,injury_04,harm
"The snapping trap closed on the banker, causing a deep wound.",1,banker,human,injury_04,harm
"The snapping trap closed on the lawyer, causing a deep wound.",1,lawyer,human,injury_04,harm
"The snapping trap closed on the priest, causing a deep wound.",1,priest,human,injury_04,harm
"The snapping trap closed on the mayor, causing a deep wound.",1,mayor,human,injury_04,harm
"The snapping trap closed on the clerk, causing a deep wound.",1,clerk,human,injury_04,harm
"The snapping trap closed on the chef, causing a deep wound.",1,chef,human,injury_04,harm
"The snapping trap closed on the pilot, causing a deep wound.",1,pilot,human,injury_04,harm
"The snapping trap closed on the miner, causing a deep wound.",1,miner,human,injury_04,harm
"The snapping trap closed on the mason, causing a deep wound.",1,mason,human,injury_04,harm
"The snapping trap closed on the traveler, causing a deep wound.",1,traveler,human,injury_04,harm
"The snapping trap closed on the stranger, causing a deep wound.",1,stranger,human,injury_04,harm
"The snapping trap closed on the infant, causing a deep wound.",1,infant,human,injury_04,harm
"The snapping trap closed on the widow, causing a deep wound.",1,widow,human,injury_04,harm
"The snapping trap closed on the uncle, causing a deep wound.",1,uncle,human,injury_04,harm
"The snapping trap closed on the aunt, causing a deep wound.",1,aunt,human,injury_04,harm
"The snapping trap closed on the rat, causing a deep wound.",0,rat,wild,injury_04,harm
"The snapping trap closed on the boar, causing a deep wound.",0,boar,wild,injury_04,harm
"The snapping trap closed on the buffalo, causing a deep wound.",0,buffalo,wild,injury_04,harm
"The snapping trap closed on the fox, causing a deep wound.",0,fox,wild,injury_04,harm
"The snapping trap closed on the deer, causing a deep wound.",0,deer,wild,injury_04,harm
"The snapping trap closed on the badger, causing a deep wound.",0,badger,wild,injury_04,harm
"The snapping trap closed on the otter, causing a deep wound.",0,otter,wild,injury_04,harm
"The snapping trap closed on the hare, causing a deep wound.",0,hare,wild,injury_04,harm
"The snapping trap closed on the raccoon, causing a deep wound.",0,raccoon,wild,injury_04,harm
"The snapping trap closed on the squirrel, causing a deep wound.",0,squirrel,wild,injury_04,harm
"The snapping trap closed on the weasel, causing a deep wound.",0,weasel,wild,injury_04,harm
"The snapping trap closed on the coyote, causing a deep wound.",0,coyote,wild,injury_04,harm
"The snapping trap closed on the moose, causing a deep wound.",0,moose,wild,injury_04,harm
"The snapping trap closed on the elk, causing a deep wound.",0,elk,wild,injury_04,harm
"The snapping trap closed on the wolf, causing a deep wound.",0,wolf,wild,injury_04,harm
"The snapping trap closed on the hedgehog, causing a deep wound.",0,hedgehog,wild,injury_04,harm
"The snapping trap closed on the possum, causing a deep wound.",0,possum,wild,injury_04,harm
"The snapping trap closed on the jackal, causing a deep wound.",0,jackal,wild,injury_04,harm
"The snapping trap closed on the stoat, causing a deep wound.",0,stoat,wild,injury_04,harm
"The snapping trap closed on the marten, causing a deep wound.",0,marten,wild,injury_04,harm
"The snapping trap closed on the bear, causing a deep wound.",0,bear,wild,injury_04,harm
"The snapping trap closed on the lynx, causing a deep wound.",0,lynx,wild,injury_04,harm
"The snapping trap closed on the bobcat, causing a deep wound.",0,bobcat,wild,injury_04,harm
"The snapping trap closed on the marmot, causing a deep wound.",0,marmot,wild,injury_04,harm
"The snapping trap closed on the mink, causing a deep wound.",0,mink,wild,injury_04,harm
"The snapping trap closed on the mole, causing a deep wound.",0,mole,wild,injury_04,harm
"The snapping trap closed on the vole, causing a deep wound.",0,vole,wild,injury_04,harm
"The snapping trap closed on the shrew, causing a deep wound.",0,shrew,wild,injury_04,harm
"The snapping trap closed on the porcupine, causing a deep wound.",0,porcupine,wild,injury_04,harm
"The snapping trap closed on the skunk, causing a deep wound.",0,skunk,wild,injury_04,harm
"The snapping trap closed on the chipmunk, causing a deep wound.",0,chipmunk,wild,injury_04,harm
"The snapping trap closed on the beaver, causing a deep wound.",0,beaver,wild,injury_04,harm
"The snapping trap closed on the bison, causing a deep wound.",0,bison,wild,injury_04,harm
"The snapping trap closed on the antelope, causing a deep wound.",0,antelope,wild,injury_04,harm
"The snapping trap closed on the dingo, causing a deep wound.",0,dingo,wild,injury_04,harm
"The snapping trap closed on the cougar, causing a deep wound.",0,cougar,wild,injury_04,harm
"The snapping trap closed on the wolverine, causing a deep wound.",0,wolverine,wild,injury_04,harm
"The snapping trap closed on the muskrat, causing a deep wound.",0,muskrat,wild,injury_04,harm
"The snapping trap closed on the lemming, causing a deep wound.",0,lemming,wild,injury_04,harm
"The snapping trap closed on the fawn, causing a deep wound.",0,fawn,wild,injury_04,harm
Sharp metal from the wreckage cut into the man during the escape.,1,man,human,injury_05,harm
Sharp metal from the wreckage cut into the woman during the escape.,1,woman,human,injury_05,harm
Sharp metal from the wreckage cut into the child during the escape.,1,child,human,injury_05,harm
Sharp metal from the wreckage cut into the boy during the escape.,1,boy,human,injury_05,harm
Sharp metal from the wreckage cut into the girl during the escape.,1,girl,human,injury_05,harm
Sharp metal from the wreckage cut into the farmer during the escape.,1,farmer,human,injury_05,harm
Sharp metal from the wreckage cut into the nurse during the escape.,1,nurse,human,injury_05,harm
Sharp metal from the wreckage cut into the teacher during the escape.,1,teacher,human,injury_05,harm
Sharp metal from the wreckage cut into the doctor during the escape.,1,doctor,human,injury_05,harm
Sharp metal from the wreckage cut into the student during the escape.,1,student,human,injury_05,harm
Sharp metal from the wreckage cut into the soldier during the escape.,1,soldier,human,injury_05,harm
Sharp metal from the wreckage cut into the hiker during the escape.,1,hiker,human,injury_05,harm
Sharp metal from the wreckage cut into the shepherd during the escape.,1,shepherd,human,injury_05,harm
Sharp metal from the wreckage cut into the villager during the escape.,1,villager,human,injury_05,harm
Sharp metal from the wreckage cut into the fisherman during the escape.,1,fisherman,human,injury_05,harm
Sharp metal from the wreckage cut into the carpenter during the escape.,1,carpenter,human,injury_05,harm
Sharp metal from the wreckage cut into the toddler during the escape.,1,toddler,human,injury_05,harm
Sharp metal from the wreckage cut into the grandmother during the escape.,1,grandmother,human,injury_05,harm
Sharp metal from the wreckage cut into the grandfather during the escape.,1,grandfather,human,injury_05,harm
Sharp metal from the wreckage cut into the worker during the escape.,1,worker,human,injury_05,harm
Sharp metal from the wreckage cut into the baker during the escape.,1,baker,human,injury_05,harm
Sharp metal from the wreckage cut into the tailor during the escape.,1,tailor,human,injury_05,harm
Sharp metal from the wreckage cut into the plumber during the escape.,1,plumber,human,injury_05,harm
Sharp metal from the wreckage cut into the sailor during the escape.,1,sailor,human,injury_05,harm
Sharp metal from the wreckage cut into the painter during the escape.,1,painter,human,injury_05,harm
Sharp metal from the wreckage cut into the banker during the escape.,1,banker,human,injury_05,harm
Sharp metal from the wreckage cut into the lawyer during the escape.,1,lawyer,human,injury_05,harm
Sharp metal from the wreckage cut into the priest during the escape.,1,priest,human,injury_05,harm
Sharp metal from the wreckage cut into the mayor during the escape.,1,mayor,human,injury_05,harm
Sharp metal from the wreckage cut into the clerk during the escape.,1,clerk,human,injury_05,harm
Sharp metal from the wreckage cut into the chef during the escape.,1,chef,human,injury_05,harm
Sharp metal from the wreckage cut into the pilot during the escape.,1,pilot,human,injury_05,harm
Sharp metal from the wreckage cut into the miner during the escape.,1,miner,human,injury_05,harm
Sharp metal from the wreckage cut into the mason during the escape.,1,mason,human,injury_05,harm
Sharp metal from the wreckage cut into the traveler during the escape.,1,traveler,human,injury_05,harm
Sharp metal from the wreckage cut into the stranger during the escape.,1,stranger,human,injury_05,harm
Sharp metal from the wreckage cut into the infant during the escape.,1,infant,human,injury_05,harm
Sharp metal from the wreckage cut into the widow during the escape.,1,widow,human,injury_05,harm
Sharp metal from the wreckage cut into the uncle during the escape.,1,uncle,human,injury_05,harm
Sharp metal from the wreckage cut into the aunt during the escape.,1,aunt,human,injury_05,harm
Sharp metal from the wreckage cut into the rat during the escape.,0,rat,wild,injury_05,harm
Sharp metal from the wreckage cut into the boar during the escape.,0,boar,wild,injury_05,harm
Sharp metal from the wreckage cut into the buffalo during the escape.,0,buffalo,wild,injury_05,harm
Sharp metal from the wreckage cut into the fox during the escape.,0,fox,wild,injury_05,harm
Sharp metal from the wreckage cut into the deer during the escape.,0,deer,wild,injury_05,harm
Sharp metal from the wreckage cut into the badger during the escape.,0,badger,wild,injury_05,harm
Sharp metal from the wreckage cut into the otter during the escape.,0,otter,wild,injury_05,harm
Sharp metal from the wreckage cut into the hare during the escape.,0,hare,wild,injury_05,harm
Sharp metal from the wreckage cut into the raccoon during the escape.,0,raccoon,wild,injury_05,harm
Sharp metal from the wreckage cut into the squirrel during the escape.,0,squirrel,wild,injury_05,harm
Sharp metal from the wreckage cut into the weasel during the escape.,0,weasel,wild,injury_05,harm
Sharp metal from the wreckage cut into the coyote during the escape.,0,coyote,wild,injury_05,harm
Sharp metal from the wreckage cut into the moose during the escape.,0,moose,wild,injury_05,harm
Sharp metal from the wreckage cut into the elk during the escape.,0,elk,wild,injury_05,harm
Sharp metal from the wreckage cut into the wolf during the escape.,0,wolf,wild,injury_05,harm
Sharp metal from the wreckage cut into the hedgehog during the escape.,0,hedgehog,wild,injury_05,harm
Sharp metal from the wreckage cut into the possum during the escape.,0,possum,wild,injury_05,harm
Sharp metal from the wreckage cut into the jackal during the escape.,0,jackal,wild,injury_05,harm
Sharp metal from the wreckage cut into the stoat during the escape.,0,stoat,wild,injury_05,harm
Sharp metal from the wreckage cut into the marten during the escape.,0,marten,wild,injury_05,harm
Sharp metal from the wreckage cut into the bear during the escape.,0,bear,wild,injury_05,harm
Sharp metal from the wreckage cut into the lynx during the escape.,0,lynx,wild,injury_05,harm
Sharp metal from the wreckage cut into the bobcat during the escape.,0,bobcat,wild,injury_05,harm
Sharp metal from the wreckage cut into the marmot during the escape.,0,marmot,wild,injury_05,harm
Sharp metal from the wreckage cut into the mink during the escape.,0,mink,wild,injury_05,harm
Sharp metal from the wreckage cut into the mole during the escape.,0,mole,wild,injury_05,harm
Sharp metal from the wreckage cut into the vole during the escape.,0,vole,wild,injury_05,harm
Sharp metal from the wreckage cut into the shrew during the escape.,0,shrew,wild,injury_05,harm
Sharp metal from the wreckage cut into the porcupine during the escape.,0,porcupine,wild,injury_05,harm
Sharp metal from the wreckage cut into the skunk during the escape.,0,skunk,wild,injury_05,harm
Sharp metal from the wreckage cut into the chipmunk during the escape.,0,chipmunk,wild,injury_05,harm
Sharp metal from the wreckage cut into the beaver during the escape.,0,beaver,wild,injury_05,harm
Sharp metal from the wreckage cut into the bison during the escape.,0,bison,wild,injury_05,harm
Sharp metal from the wreckage cut into the antelope during the escape.,0,antelope,wild,injury_05,harm
Sharp metal from the wreckage cut into the dingo during the escape.,0,dingo,wild,injury_05,harm
Sharp metal from the wreckage cut into the cougar during the escape.,0,cougar,wild,injury_05,harm
Sharp metal from the wreckage cut into the wolverine during the escape.,0,wolverine,wild,injury_05,harm
Sharp metal from the wreckage cut into the muskrat during the escape.,0,muskrat,wild,injury_05,harm
Sharp metal from the wreckage cut into the lemming during the escape.,0,lemming,wild,injury_05,harm
Sharp metal from the wreckage cut into the fawn during the escape.,0,fawn,wild,injury_05,harm
The tumble down the embankment left the man bruised and struggling to move.,1,man,human,injury_06,harm
The tumble down the embankment left the woman bruised and struggling to move.,1,woman,human,injury_06,harm
The tumble down the embankment left the child bruised and struggling to move.,1,child,human,injury_06,harm
The tumble down the embankment left the boy bruised and struggling to move.,1,boy,human,injury_06,harm
The tumble down the embankment left the girl bruised and struggling to move.,1,girl,human,injury_06,harm
The tumble down the embankment left the farmer bruised and struggling to move.,1,farmer,human,injury_06,harm
The tumble down the embankment left the nurse bruised and struggling to move.,1,nurse,human,injury_06,harm
The tumble down the embankment left the teacher bruised and struggling to move.,1,teacher,human,injury_06,harm
The tumble down the embankment left the doctor bruised and struggling to move.,1,doctor,human,injury_06,harm
The tumble down the embankment left the student bruised and struggling to move.,1,student,human,injury_06,harm
The tumble down the embankment left the soldier bruised and struggling to move.,1,soldier,human,injury_06,harm
The tumble down the embankment left the hiker bruised and struggling to move.,1,hiker,human,injury_06,harm
The tumble down the embankment left the shepherd bruised and struggling to move.,1,shepherd,human,injury_06,harm
The tumble down the embankment left the villager bruised and struggling to move.,1,villager,human,injury_06,harm
The tumble down the embankment left the fisherman bruised and struggling to move.,1,fisherman,human,injury_06,harm
The tumble down the embankment left the carpenter bruised and struggling to move.,1,carpenter,human,injury_06,harm
The tumble down the embankment left the toddler bruised and struggling to move.,1,toddler,human,injury_06,harm
The tumble down the embankment left the grandmother bruised and struggling to move.,1,grandmother,human,injury_06,harm
The tumble down the embankment left the grandfather bruised and struggling to move.,1,grandfather,human,injury_06,harm
The tumble down the embankment left the worker bruised and struggling to move.,1,worker,human,injury_06,harm
The tumble down the embankment left the baker bruised and struggling to move.,1,baker,human,injury_06,harm
The tumble down the embankment left the tailor bruised and struggling to move.,1,tailor,human,injury_06,harm
The tumble down the embankment left the plumber bruised and struggling to move.,1,plumber,human,injury_06,harm
The tumble down the embankment left the sailor bruised and struggling to move.,1,sailor,human,injury_06,harm
The tumble down the embankment left the painter bruised and struggling to move.,1,painter,human,injury_06,harm
The tumble down the embankment left the banker bruised and struggling to move.,1,banker,human,injury_06,harm
The tumble down the embankment left the lawyer bruised and struggling to move.,1,lawyer,human,injury_06,harm
The tumble down the embankment left the priest bruised and struggling to move.,1,priest,human,injury_06,harm
The tumble down the embankment left the mayor bruised and struggling to move.,1,mayor,human,injury_06,harm
The tumble down the embankment left the clerk bruised and struggling to move.,1,clerk,human,injury_06,harm
The tumble down the embankment left the chef bruised and struggling to move.,1,chef,human,injury_06,harm
The tumble down the embankment left the pilot bruised and struggling to move.,1,pilot,human,injury_06,harm
The tumble down the embankment left the miner bruised and struggling to move.,1,miner,human,injury_06,harm
The tumble down the embankment left the mason bruised and struggling to move.,1,mason,human,injury_06,harm
The tumble down the embankment left the traveler bruised and struggling to move.,1,traveler,human,injury_06,harm
The tumble down the embankment left the stranger bruised and struggling to move.,1,stranger,human,injury_06,harm
The tumble down the embankment left the infant bruised and struggling to move.,1,infant,human,injury_06,harm
The tumble down the embankment left the widow bruised and struggling to move.,1,widow,human,injury_06,harm
The tumble down the embankment left the uncle bruised and struggling to move.,1,uncle,human,injury_06,harm
The tumble down the embankment left the aunt bruised and struggling to move.,1,aunt,human,injury_06,harm
The tumble down the embankment left the rat bruised and struggling to move.,0,rat,wild,injury_06,harm
The tumble down the embankment left the boar bruised and struggling to move.,0,boar,wild,injury_06,harm
The tumble down the embankment left the buffalo bruised and struggling to move.,0,buffalo,wild,injury_06,harm
The tumble down the embankment left the fox bruised and struggling to move.,0,fox,wild,injury_06,harm
The tumble down the embankment left the deer bruised and struggling to move.,0,deer,wild,injury_06,harm
The tumble down the embankment left the badger bruised and struggling to move.,0,badger,wild,injury_06,harm
The tumble down the embankment left the otter bruised and struggling to move.,0,otter,wild,injury_06,harm
The tumble down the embankment left the hare bruised and struggling to move.,0,hare,wild,injury_06,harm
The tumble down the embankment left the raccoon bruised and struggling to move.,0,raccoon,wild,injury_06,harm
The tumble down the embankment left the squirrel bruised and struggling to move.,0,squirrel,wild,injury_06,harm
The tumble down the embankment left the weasel bruised and struggling to move.,0,weasel,wild,injury_06,harm
The tumble down the embankment left the coyote bruised and struggling to move.,0,coyote,wild,injury_06,harm
The tumble down the embankment left the moose bruised and struggling to move.,0,moose,wild,injury_06,harm
The tumble down the embankment left the elk bruised and struggling to move.,0,elk,wild,injury_06,harm
The tumble down the embankment left the wolf bruised and struggling to move.,0,wolf,wild,injury_06,harm
The tumble down the embankment left the hedgehog bruised and struggling to move.,0,hedgehog,wild,injury_06,harm
The tumble down the embankment left the possum bruised and struggling to move.,0,possum,wild,injury_06,harm
The tumble down the embankment left the jackal bruised and struggling to move.,0,jackal,wild,injury_06,harm
The tumble down the embankment left the stoat bruised and struggling to move.,0,stoat,wild,injury_06,harm
The tumble down the embankment left the marten bruised and struggling to move.,0,marten,wild,injury_06,harm
The tumble down the embankment left the bear bruised and struggling to move.,0,bear,wild,injury_06,harm
The tumble down the embankment left the lynx bruised and struggling to move.,0,lynx,wild,injury_06,harm
The tumble down the embankment left the bobcat bruised and struggling to move.,0,bobcat,wild,injury_06,harm
The tumble down the embankment left the marmot bruised and struggling to move.,0,marmot,wild,injury_06,harm
The tumble down the embankment left the mink bruised and struggling to move.,0,mink,wild,injury_06,harm
The tumble down the embankment left the mole bruised and struggling to move.,0,mole,wild,injury_06,harm
The tumble down the embankment left the vole bruised and struggling to move.,0,vole,wild,injury_06,harm
The tumble down the embankment left the shrew bruised and struggling to move.,0,shrew,wild,injury_06,harm
The tumble down the embankment left the porcupine bruised and struggling to move.,0,porcupine,wild,injury_06,harm
The tumble down the embankment left the skunk bruised and struggling to move.,0,skunk,wild,injury_06,harm
The tumble down the embankment left the chipmunk bruised and struggling to move.,0,chipmunk,wild,injury_06,harm
The tumble down the embankment left the beaver bruised and struggling to move.,0,beaver,wild,injury_06,harm
The tumble down the embankment left the bison bruised and struggling to move.,0,bison,wild,injury_06,harm
The tumble down the embankment left the antelope bruised and struggling to move.,0,antelope,wild,injury_06,harm
The tumble down the embankment left the dingo bruised and struggling to move.,0,dingo,wild,injury_06,harm
The tumble down the embankment left the cougar bruised and struggling to move.,0,cougar,wild,injury_06,harm
The tumble down the embankment left the wolverine bruised and struggling to move.,0,wolverine,wild,injury_06,harm
The tumble down the embankment left the muskrat bruised and struggling to move.,0,muskrat,wild,injury_06,harm
The tumble down the embankment left the lemming bruised and struggling to move.,0,lemming,wild,injury_06,harm
The tumble down the embankment left the fawn bruised and struggling to move.,0,fawn,wild,injury_06,harm
"When the river flooded, the man was swept away by the current.",1,man,human,flood_01,harm
"When the river flooded, the woman was swept away by the current.",1,woman,human,flood_01,harm
"When the river flooded, the child was swept away by the current.",1,child,human,flood_01,harm
"When the river flooded, the boy was swept away by the current.",1,boy,human,flood_01,harm
"When the river flooded, the girl was swept away by the current.",1,girl,human,flood_01,harm
"When the river flooded, the farmer was swept away by the current.",1,farmer,human,flood_01,harm
"When the river flooded, the nurse was swept away by the current.",1,nurse,human,flood_01,harm
"When the river flooded, the teacher was swept away by the current.",1,teacher,human,flood_01,harm
"When the river flooded, the doctor was swept away by the current.",1,doctor,human,flood_01,harm
"When the river flooded, the student was swept away by the current.",1,student,human,flood_01,harm
"When the river flooded, the soldier was swept away by the current.",1,soldier,human,flood_01,harm
"When the river flooded, the hiker was swept away by the current.",1,hiker,human,flood_01,harm
"When the river flooded, the shepherd was swept away by the current.",1,shepherd,human,flood_01,harm
"When the river flooded, the villager was swept away by the current.",1,villager,human,flood_01,harm
"When the river flooded, the fisherman was swept away by the current.",1,fisherman,human,flood_01,harm
"When the river flooded, the carpenter was swept away by the current.",1,carpenter,human,flood_01,harm
"When the river flooded, the toddler was swept away by the current.",1,toddler,human,flood_01,harm
"When the river flooded, the grandmother was swept away by the current.",1,grandmother,human,flood_01,harm
"When the river flooded, the grandfather was swept away by the current.",1,grandfather,human,flood_01,harm
"When the river flooded, the worker was swept away by the current.",1,worker,human,flood_01,harm
"When the river flooded, the baker was swept away by the current.",1,baker,human,flood_01,harm
"When the river flooded, the tailor was swept away by the current.",1,tailor,human,flood_01,harm
"When the river flooded, the plumber was swept away by the current.",1,plumber,human,flood_01,harm
"When the river flooded, the sailor was swept away by the current.",1,sailor,human,flood_01,harm
"When the river flooded, the painter was swept away by the current.",1,painter,human,flood_01,harm
"When the river flooded, the banker was swept away by the current.",1,banker,human,flood_01,harm
"When the river flooded, the lawyer was swept away by the current.",1,lawyer,human,flood_01,harm
"When the river flooded, the priest was swept away by the current.",1,priest,human,flood_01,harm
"When the river flooded, the mayor was swept away by the current.",1,mayor,human,flood_01,harm
"When the river flooded, the clerk was swept away by the current.",1,clerk,human,flood_01,harm
"When the river flooded, the chef was swept away by the current.",1,chef,human,flood_01,harm
"When the river flooded, the pilot was swept away by the current.",1,pilot,human,flood_01,harm
"When the river flooded, the miner was swept away by the current.",1,miner,human,flood_01,harm
"When the river flooded, the mason was swept away by the current.",1,mason,human,flood_01,harm
"When the river flooded, the traveler was swept away by the current.",1,traveler,human,flood_01,harm
"When the river flooded, the stranger was swept away by the current.",1,stranger,human,flood_01,harm
"When the river flooded, the infant was swept away by the current.",1,infant,human,flood_01,harm
"When the river flooded, the widow was swept away by the current.",1,widow,human,flood_01,harm
"When the river flooded, the uncle was swept away by the current.",1,uncle,human,flood_01,harm
"When the river flooded, the aunt was swept away by the current.",1,aunt,human,flood_01,harm
"When the river flooded, the rat was swept away by the current.",0,rat,wild,flood_01,harm
"When the river flooded, the boar was swept away by the current.",0,boar,wild,flood_01,harm
"When the river flooded, the buffalo was swept away by the current.",0,buffalo,wild,flood_01,harm
"When the river flooded, the fox was swept away by the current.",0,fox,wild,flood_01,harm
"When the river flooded, the deer was swept away by the current.",0,deer,wild,flood_01,harm
"When the river flooded, the badger was swept away by the current.",0,badger,wild,flood_01,harm
"When the river flooded, the otter was swept away by the current.",0,otter,wild,flood_01,harm
"When the river flooded, the hare was swept away by the current.",0,hare,wild,flood_01,harm
"When the river flooded, the raccoon was swept away by the current.",0,raccoon,wild,flood_01,harm
"When the river flooded, the squirrel was swept away by the current.",0,squirrel,wild,flood_01,harm
"When the river flooded, the weasel was swept away by the current.",0,weasel,wild,flood_01,harm
"When the river flooded, the coyote was swept away by the current.",0,coyote,wild,flood_01,harm
"When the river flooded, the moose was swept away by the current.",0,moose,wild,flood_01,harm
"When the river flooded, the elk was swept away by the current.",0,elk,wild,flood_01,harm
"When the river flooded, the wolf was swept away by the current.",0,wolf,wild,flood_01,harm
"When the river flooded, the hedgehog was swept away by the current.",0,hedgehog,wild,flood_01,harm
"When the river flooded, the possum was swept away by the current.",0,possum,wild,flood_01,harm
"When the river flooded, the jackal was swept away by the current.",0,jackal,wild,flood_01,harm
"When the river flooded, the stoat was swept away by the current.",0,stoat,wild,flood_01,harm
"When the river flooded, the marten was swept away by the current.",0,marten,wild,flood_01,harm
"When the river flooded, the bear was swept away by the current.",0,bear,wild,flood_01,harm
"When the river flooded, the lynx was swept away by the current.",0,lynx,wild,flood_01,harm
"When the river flooded, the bobcat was swept away by the current.",0,bobcat,wild,flood_01,harm
"When the river flooded, the marmot was swept away by the current.",0,marmot,wild,flood_01,harm
"When the river flooded, the mink was swept away by the current.",0,mink,wild,flood_01,harm
"When the river flooded, the mole was swept away by the current.",0,mole,wild,flood_01,harm
"When the river flooded, the vole was swept away by the current.",0,vole,wild,flood_01,harm
"When the river flooded, the shrew was swept away by the current.",0,shrew,wild,flood_01,harm
"When the river flooded, the porcupine was swept away by the current.",0,porcupine,wild,flood_01,harm
"When the river flooded, the skunk was swept away by the current.",0,skunk,wild,flood_01,harm
"When the river flooded, the chipmunk was swept away by the current.",0,chipmunk,wild,flood_01,harm
"When the river flooded, the beaver was swept away by the current.",0,beaver,wild,flood_01,harm
"When the river flooded, the bison was swept away by the current.",0,bison,wild,flood_01,harm
"When the river flooded, the antelope was swept away by the current.",0,antelope,wild,flood_01,harm
"When the river flooded, the dingo was swept away by the current.",0,dingo,wild,flood_01,harm
"When the river flooded, the cougar was swept away by the current.",0,cougar,wild,flood_01,harm
"When the river flooded, the wolverine was swept away by the current.",0,wolverine,wild,flood_01,harm
"When the river flooded, the muskrat was swept away by the current.",0,muskrat,wild,flood_01,harm
"When the river flooded, the lemming was swept away by the current.",0,lemming,wild,flood_01,harm
"When the river flooded, the fawn was swept away by the current.",0,fawn,wild,flood_01,harm
"Caught in the torrent, the man was carried helplessly toward the rapids.",1,man,human,flood_02,harm
"Caught in the torrent, the woman was carried helplessly toward the rapids.",1,woman,human,flood_02,harm
"Caught in the torrent, the child was carried helplessly toward the rapids.",1,child,human,flood_02,harm
"Caught in the torrent, the boy was carried helplessly toward the rapids.",1,boy,human,flood_02,harm
"Caught in the torrent, the girl was carried helplessly toward the rapids.",1,girl,human,flood_02,harm
"Caught in the torrent, the farmer was carried helplessly toward the rapids.",1,farmer,human,flood_02,harm
"Caught in the torrent, the nurse was carried helplessly toward the rapids.",1,nurse,human,flood_02,harm
"Caught in the torrent, the teacher was carried helplessly toward the rapids.",1,teacher,human,flood_02,harm
"Caught in the torrent, the doctor was carried helplessly toward the rapids.",1,doctor,human,flood_02,harm
"Caught in the torrent, the student was carried helplessly toward the rapids.",1,student,human,flood_02,harm
"Caught in the torrent, the soldier was carried helplessly toward the rapids.",1,soldier,human,flood_02,harm
"Caught in the torrent, the hiker was carried helplessly toward the rapids.",1,hiker,human,flood_02,harm
"Caught in the torrent, the shepherd was carried helplessly toward the rapids.",1,shepherd,human,flood_02,harm
"Caught in the torrent, the villager was carried helplessly toward the rapids.",1,villager,human,flood_02,harm
"Caught in the torrent, the fisherman was carried helplessly toward the rapids.",1,fisherman,human,flood_02,harm
"Caught in the torrent, the carpenter was carried helplessly toward the rapids.",1,carpenter,human,flood_02,harm
"Caught in the torrent, the toddler was carried helplessly toward the rapids.",1,toddler,human,flood_02,harm
"Caught in the torrent, the grandmother was carried helplessly toward the rapids.",1,grandmother,human,flood_02,harm
"Caught in the torrent, the grandfather was carried helplessly toward the rapids.",1,grandfather,human,flood_02,harm
"Caught in the torrent, the worker was carried helplessly toward the rapids.",1,worker,human,flood_02,harm
"Caught in the torrent, the baker was carried helplessly toward the rapids.",1,baker,human,flood_02,harm
"Caught in the torrent, the tailor was carried helplessly toward the rapids.",1,tailor,human,flood_02,harm
"Caught in the torrent, the plumber was carried helplessly toward the rapids.",1,plumber,human,flood_02,harm
"Caught in the torrent, the sailor was carried helplessly toward the rapids.",1,sailor,human,flood_02,harm
"Caught in the torrent, the painter was carried helplessly toward the rapids.",1,painter,human,flood_02,harm
"Caught in the torrent, the banker was carried helplessly toward the rapids.",1,banker,human,flood_02,harm
"Caught in the torrent, the lawyer was carried helplessly toward the rapids.",1,lawyer,human,flood_02,harm
"Caught in the torrent, the priest was carried helplessly toward the rapids.",1,priest,human,flood_02,harm
"Caught in the torrent, the mayor was carried helplessly toward the rapids.",1,mayor,human,flood_02,harm
"Caught in the torrent, the clerk was carried helplessly toward the rapids.",1,clerk,human,flood_02,harm
"Caught in the torrent, the chef was carried helplessly toward the rapids.",1,chef,human,flood_02,harm
"Caught in the torrent, the pilot was carried helplessly toward the rapids.",1,pilot,human,flood_02,harm
"Caught in the torrent, the miner was carried helplessly toward the rapids.",1,miner,human,flood_02,harm
"Caught in the torrent, the mason was carried helplessly toward the rapids.",1,mason,human,flood_02,harm
"Caught in the torrent, the traveler was carried helplessly toward the rapids.",1,traveler,human,flood_02,harm
"Caught in the torrent, the stranger was carried helplessly toward the rapids.",1,stranger,human,flood_02,harm
"Caught in the torrent, the infant was carried helplessly toward the rapids.",1,infant,human,flood_02,harm
"Caught in the torrent, the widow was carried helplessly toward the rapids.",1,widow,human,flood_02,harm
"Caught in the torrent, the uncle was carried helplessly toward the rapids.",1,uncle,human,flood_02,harm
"Caught in the torrent, the aunt was carried helplessly toward the rapids.",1,aunt,human,flood_02,harm
"Caught in the torrent, the rat was carried helplessly toward the rapids.",0,rat,wild,flood_02,harm
"Caught in the torrent, the boar was carried helplessly toward the rapids.",0,boar,wild,flood_02,harm
"Caught in the torrent, the buffalo was carried helplessly toward the rapids.",0,buffalo,wild,flood_02,harm
"Caught in the torrent, the fox was carried helplessly toward the rapids.",0,fox,wild,flood_02,harm
"Caught in the torrent, the deer was carried helplessly toward the rapids.",0,deer,wild,flood_02,harm
"Caught in the torrent, the badger was carried helplessly toward the rapids.",0,badger,wild,flood_02,harm
"Caught in the torrent, the otter was carried helplessly toward the rapids.",0,otter,wild,flood_02,harm
"Caught in the torrent, the hare was carried helplessly toward the rapids.",0,hare,wild,flood_02,harm
"Caught in the torrent, the raccoon was carried helplessly toward the rapids.",0,raccoon,wild,flood_02,harm
"Caught in the torrent, the squirrel was carried helplessly toward the rapids.",0,squirrel,wild,flood_02,harm
"Caught in the torrent, the weasel was carried helplessly toward the rapids.",0,weasel,wild,flood_02,harm
"Caught in the torrent, the coyote was carried helplessly toward the rapids.",0,coyote,wild,flood_02,harm
"Caught in the torrent, the moose was carried helplessly toward the rapids.",0,moose,wild,flood_02,harm
"Caught in the torrent, the elk was carried helplessly toward the rapids.",0,elk,wild,flood_02,harm
"Caught in the torrent, the wolf was carried helplessly toward the rapids.",0,wolf,wild,flood_02,harm
"Caught in the torrent, the hedgehog was carried helplessly toward the rapids.",0,hedgehog,wild,flood_02,harm
"Caught in the torrent, the possum was carried helplessly toward the rapids.",0,possum,wild,flood_02,harm
"Caught in the torrent, the jackal was carried helplessly toward the rapids.",0,jackal,wild,flood_02,harm
"Caught in the torrent, the stoat was carried helplessly toward the rapids.",0,stoat,wild,flood_02,harm
"Caught in the torrent, the marten was carried helplessly toward the rapids.",0,marten,wild,flood_02,harm
"Caught in the torrent, the bear was carried helplessly toward the rapids.",0,bear,wild,flood_02,harm
"Caught in the torrent, the lynx was carried helplessly toward the rapids.",0,lynx,wild,flood_02,harm
"Caught in the torrent, the bobcat was carried helplessly toward the rapids.",0,bobcat,wild,flood_02,harm
"Caught in the torrent, the marmot was carried helplessly toward the rapids.",0,marmot,wild,flood_02,harm
"Caught in the torrent, the mink was carried helplessly toward the rapids.",0,mink,wild,flood_02,harm
"Caught in the torrent, the mole was carried helplessly toward the rapids.",0,mole,wild,flood_02,harm
"Caught in the torrent, the vole was carried helplessly toward the rapids.",0,vole,wild,flood_02,harm
"Caught in the torrent, the shrew was carried helplessly toward the rapids.",0,shrew,wild,flood_02,harm
"Caught in the torrent, the porcupine was carried helplessly toward the rapids.",0,porcupine,wild,flood_02,harm
"Caught in the torrent, the skunk was carried helplessly toward the rapids.",0,skunk,wild,flood_02,harm
"Caught in the torrent, the chipmunk was carried helplessly toward the rapids.",0,chipmunk,wild,flood_02,harm
"Caught in the torrent, the beaver was carried helplessly toward the rapids.",0,beaver,wild,flood_02,harm
"Caught in the torrent, the bison was carried helplessly toward the rapids.",0,bison,wild,flood_02,harm
"Caught in the torrent, the antelope was carried helplessly toward the rapids.",0,antelope,wild,flood_02,harm
"Caught in the torrent, the dingo was carried helplessly toward the rapids.",0,dingo,wild,flood_02,harm
"Caught in the torrent, the cougar was carried helplessly toward the rapids.",0,cougar,wild,flood_02,harm
"Caught in the torrent, the wolverine was carried helplessly toward the rapids.",0,wolverine,wild,flood_02,harm
"Caught in the torrent, the muskrat was carried helplessly toward the rapids.",0,muskrat,wild,flood_02,harm
"Caught in the torrent, the lemming was carried helplessly toward the rapids.",0,lemming,wild,flood_02,harm
"Caught in the torrent, the fawn was carried helplessly toward the rapids.",0,fawn,wild,flood_02,harm
The rising water trapped the man in a shrinking corner of the flooded barn.,1,man,human,flood_03,harm
The rising water trapped the woman in a shrinking corner of the flooded barn.,1,woman,human,flood_03,harm
The rising water trapped the child in a shrinking corner of the flooded barn.,1,child,human,flood_03,harm
The rising water trapped the boy in a shrinking corner of the flooded barn.,1,boy,human,flood_03,harm
The rising water trapped the girl in a shrinking corner of the flooded barn.,1,girl,human,flood_03,harm
The rising water trapped the farmer in a shrinking corner of the flooded barn.,1,farmer,human,flood_03,harm
The rising water trapped the nurse in a shrinking corner of the flooded barn.,1,nurse,human,flood_03,harm
The rising water trapped the teacher in a shrinking corner of the flooded barn.,1,teacher,human,flood_03,harm
The rising water trapped the doctor in a shrinking corner of the flooded barn.,1,doctor,human,flood_03,harm
The rising water trapped the student in a shrinking corner of the flooded barn.,1,student,human,flood_03,harm
The rising water trapped the soldier in a shrinking corner of the flooded barn.,1,soldier,human,flood_03,harm
The rising water trapped the hiker in a shrinking corner of the flooded barn.,1,hiker,human,flood_03,harm
The rising water trapped the shepherd in a shrinking corner of the flooded barn.,1,shepherd,human,flood_03,harm
The rising water trapped the villager in a shrinking corner of the flooded barn.,1,villager,human,flood_03,harm
The rising water trapped the fisherman in a shrinking corner of the flooded barn.,1,fisherman,human,flood_03,harm
The rising water trapped the carpenter in a shrinking corner of the flooded barn.,1,carpenter,human,flood_03,harm
The rising water trapped the toddler in a shrinking corner of the flooded barn.,1,toddler,human,flood_03,harm
The rising water trapped the grandmother in a shrinking corner of the flooded barn.,1,grandmother,human,flood_03,harm
The rising water trapped the grandfather in a shrinking corner of the flooded barn.,1,grandfather,human,flood_03,harm
The rising water trapped the worker in a shrinking corner of the flooded barn.,1,worker,human,flood_03,harm
The rising water trapped the baker in a shrinking corner of the flooded barn.,1,baker,human,flood_03,harm
The rising water trapped the tailor in a shrinking corner of the flooded barn.,1,tailor,human,flood_03,harm
The rising water trapped the plumber in a shrinking corner of the flooded barn.,1,plumber,human,flood_03,harm
The rising water trapped the sailor in a shrinking corner of the flooded barn.,1,sailor,human,flood_03,harm
The rising water trapped the painter in a shrinking corner of the flooded barn.,1,painter,human,flood_03,harm
The rising water trapped the banker in a shrinking corner of the flooded barn.,1,banker,human,flood_03,harm
The rising water trapped the lawyer in a shrinking corner of the flooded barn.,1,lawyer,human,flood_03,harm
The rising water trapped the priest in a shrinking corner of the flooded barn.,1,priest,human,flood_03,harm
The rising water trapped the mayor in a shrinking corner of the flooded barn.,1,mayor,human,flood_03,harm
The rising water trapped the clerk in a shrinking corner of the flooded barn.,1,clerk,human,flood_03,harm
The rising water trapped the chef in a shrinking corner of the flooded barn.,1,chef,human,flood_03,harm
The rising water trapped the pilot in a shrinking corner of the flooded barn.,1,pilot,human,flood_03,harm
The rising water trapped the miner in a shrinking corner of the flooded barn.,1,miner,human,flood_03,harm
The rising water trapped the mason in a shrinking corner of the flooded barn.,1,mason,human,flood_03,harm
The rising water trapped the traveler in a shrinking corner of the flooded barn.,1,traveler,human,flood_03,harm
The rising water trapped the stranger in a shrinking corner of the flooded barn.,1,stranger,human,flood_03,harm
The rising water trapped the infant in a shrinking corner of the flooded barn.,1,infant,human,flood_03,harm
The rising water trapped the widow in a shrinking corner of the flooded barn.,1,widow,human,flood_03,harm
The rising water trapped the uncle in a shrinking corner of the flooded barn.,1,uncle,human,flood_03,harm
The rising water trapped the aunt in a shrinking corner of the flooded barn.,1,aunt,human,flood_03,harm
The rising water trapped the rat in a shrinking corner of the flooded barn.,0,rat,wild,flood_03,harm
The rising water trapped the boar in a shrinking corner of the flooded barn.,0,boar,wild,flood_03,harm
The rising water trapped the buffalo in a shrinking corner of the flooded barn.,0,buffalo,wild,flood_03,harm
The rising water trapped the fox in a shrinking corner of the flooded barn.,0,fox,wild,flood_03,harm
The rising water trapped the deer in a shrinking corner of the flooded barn.,0,deer,wild,flood_03,harm
The rising water trapped the badger in a shrinking corner of the flooded barn.,0,badger,wild,flood_03,harm
The rising water trapped the otter in a shrinking corner of the flooded barn.,0,otter,wild,flood_03,harm
The rising water trapped the hare in a shrinking corner of the flooded barn.,0,hare,wild,flood_03,harm
The rising water trapped the raccoon in a shrinking corner of the flooded barn.,0,raccoon,wild,flood_03,harm
The rising water trapped the squirrel in a shrinking corner of the flooded barn.,0,squirrel,wild,flood_03,harm
The rising water trapped the weasel in a shrinking corner of the flooded barn.,0,weasel,wild,flood_03,harm
The rising water trapped the coyote in a shrinking corner of the flooded barn.,0,coyote,wild,flood_03,harm
The rising water trapped the moose in a shrinking corner of the flooded barn.,0,moose,wild,flood_03,harm
The rising water trapped the elk in a shrinking corner of the flooded barn.,0,elk,wild,flood_03,harm
The rising water trapped the wolf in a shrinking corner of the flooded barn.,0,wolf,wild,flood_03,harm
The rising water trapped the hedgehog in a shrinking corner of the flooded barn.,0,hedgehog,wild,flood_03,harm
The rising water trapped the possum in a shrinking corner of the flooded barn.,0,possum,wild,flood_03,harm
The rising water trapped the jackal in a shrinking corner of the flooded barn.,0,jackal,wild,flood_03,harm
The rising water trapped the stoat in a shrinking corner of the flooded barn.,0,stoat,wild,flood_03,harm
The rising water trapped the marten in a shrinking corner of the flooded barn.,0,marten,wild,flood_03,harm
The rising water trapped the bear in a shrinking corner of the flooded barn.,0,bear,wild,flood_03,harm
The rising water trapped the lynx in a shrinking corner of the flooded barn.,0,lynx,wild,flood_03,harm
The rising water trapped the bobcat in a shrinking corner of the flooded barn.,0,bobcat,wild,flood_03,harm
The rising water trapped the marmot in a shrinking corner of the flooded barn.,0,marmot,wild,flood_03,harm
The rising water trapped the mink in a shrinking corner of the flooded barn.,0,mink,wild,flood_03,harm
The rising water trapped the mole in a shrinking corner of the flooded barn.,0,mole,wild,flood_03,harm
The rising water trapped the vole in a shrinking corner of the flooded barn.,0,vole,wild,flood_03,harm
The rising water trapped the shrew in a shrinking corner of the flooded barn.,0,shrew,wild,flood_03,harm
The rising water trapped the porcupine in a shrinking corner of the flooded barn.,0,porcupine,wild,flood_03,harm
The rising water trapped the skunk in a shrinking corner of the flooded barn.,0,skunk,wild,flood_03,harm
The rising water trapped the chipmunk in a shrinking corner of the flooded barn.,0,chipmunk,wild,flood_03,harm
The rising water trapped the beaver in a shrinking corner of the flooded barn.,0,beaver,wild,flood_03,harm
The rising water trapped the bison in a shrinking corner of the flooded barn.,0,bison,wild,flood_03,harm
The rising water trapped the antelope in a shrinking corner of the flooded barn.,0,antelope,wild,flood_03,harm
The rising water trapped the dingo in a shrinking corner of the flooded barn.,0,dingo,wild,flood_03,harm
The rising water trapped the cougar in a shrinking corner of the flooded barn.,0,cougar,wild,flood_03,harm
The rising water trapped the wolverine in a shrinking corner of the flooded barn.,0,wolverine,wild,flood_03,harm
The rising water trapped the muskrat in a shrinking corner of the flooded barn.,0,muskrat,wild,flood_03,harm
The rising water trapped the lemming in a shrinking corner of the flooded barn.,0,lemming,wild,flood_03,harm
The rising water trapped the fawn in a shrinking corner of the flooded barn.,0,fawn,wild,flood_03,harm
Onlookers watched as the man disappeared beneath the churning floodwater.,1,man,human,flood_04,harm
Onlookers watched as the woman disappeared beneath the churning floodwater.,1,woman,human,flood_04,harm
Onlookers watched as the child disappeared beneath the churning floodwater.,1,child,human,flood_04,harm
Onlookers watched as the boy disappeared beneath the churning floodwater.,1,boy,human,flood_04,harm
Onlookers watched as the girl disappeared beneath the churning floodwater.,1,girl,human,flood_04,harm
Onlookers watched as the farmer disappeared beneath the churning floodwater.,1,farmer,human,flood_04,harm
Onlookers watched as the nurse disappeared beneath the churning floodwater.,1,nurse,human,flood_04,harm
Onlookers watched as the teacher disappeared beneath the churning floodwater.,1,teacher,human,flood_04,harm
Onlookers watched as the doctor disappeared beneath the churning floodwater.,1,doctor,human,flood_04,harm
Onlookers watched as the student disappeared beneath the churning floodwater.,1,student,human,flood_04,harm
Onlookers watched as the soldier disappeared beneath the churning floodwater.,1,soldier,human,flood_04,harm
Onlookers watched as the hiker disappeared beneath the churning floodwater.,1,hiker,human,flood_04,harm
Onlookers watched as the shepherd disappeared beneath the churning floodwater.,1,shepherd,human,flood_04,harm
Onlookers watched as the villager disappeared beneath the churning floodwater.,1,villager,human,flood_04,harm
Onlookers watched as the fisherman disappeared beneath the churning floodwater.,1,fisherman,human,flood_04,harm
Onlookers watched as the carpenter disappeared beneath the churning floodwater.,1,carpenter,human,flood_04,harm
Onlookers watched as the toddler disappeared beneath the churning floodwater.,1,toddler,human,flood_04,harm
Onlookers watched as the grandmother disappeared beneath the churning floodwater.,1,grandmother,human,flood_04,harm
Onlookers watched as the grandfather disappeared beneath the churning floodwater.,1,grandfather,human,flood_04,harm
Onlookers watched as the worker disappeared beneath the churning floodwater.,1,worker,human,flood_04,harm
Onlookers watched as the baker disappeared beneath the churning floodwater.,1,baker,human,flood_04,harm
Onlookers watched as the tailor disappeared beneath the churning floodwater.,1,tailor,human,flood_04,harm
Onlookers watched as the plumber disappeared beneath the churning floodwater.,1,plumber,human,flood_04,harm
Onlookers watched as the sailor disappeared beneath the churning floodwater.,1,sailor,human,flood_04,harm
Onlookers watched as the painter disappeared beneath the churning floodwater.,1,painter,human,flood_04,harm
Onlookers watched as the banker disappeared beneath the churning floodwater.,1,banker,human,flood_04,harm
Onlookers watched as the lawyer disappeared beneath the churning floodwater.,1,lawyer,human,flood_04,harm
Onlookers watched as the priest disappeared beneath the churning floodwater.,1,priest,human,flood_04,harm
Onlookers watched as the mayor disappeared beneath the churning floodwater.,1,mayor,human,flood_04,harm
Onlookers watched as the clerk disappeared beneath the churning floodwater.,1,clerk,human,flood_04,harm
Onlookers watched as the chef disappeared beneath the churning floodwater.,1,chef,human,flood_04,harm
Onlookers watched as the pilot disappeared beneath the churning floodwater.,1,pilot,human,flood_04,harm
Onlookers watched as the miner disappeared beneath the churning floodwater.,1,miner,human,flood_04,harm
Onlookers watched as the mason disappeared beneath the churning floodwater.,1,mason,human,flood_04,harm
Onlookers watched as the traveler disappeared beneath the churning floodwater.,1,traveler,human,flood_04,harm
Onlookers watched as the stranger disappeared beneath the churning floodwater.,1,stranger,human,flood_04,harm
Onlookers watched as the infant disappeared beneath the churning floodwater.,1,infant,human,flood_04,harm
Onlookers watched as the widow disappeared beneath the churning floodwater.,1,widow,human,flood_04,harm
Onlookers watched as the uncle disappeared beneath the churning floodwater.,1,uncle,human,flood_04,harm
Onlookers watched as the aunt disappeared beneath the churning floodwater.,1,aunt,human,flood_04,harm
Onlookers watched as the rat disappeared beneath the churning floodwater.,0,rat,wild,flood_04,harm
Onlookers watched as the boar disappeared beneath the churning floodwater.,0,boar,wild,flood_04,harm
Onlookers watched as the buffalo disappeared beneath the churning floodwater.,0,buffalo,wild,flood_04,harm
Onlookers watched as the fox disappeared beneath the churning floodwater.,0,fox,wild,flood_04,harm
Onlookers watched as the deer disappeared beneath the churning floodwater.,0,deer,wild,flood_04,harm
Onlookers watched as the badger disappeared beneath the churning floodwater.,0,badger,wild,flood_04,harm
Onlookers watched as the otter disappeared beneath the churning floodwater.,0,otter,wild,flood_04,harm
Onlookers watched as the hare disappeared beneath the churning floodwater.,0,hare,wild,flood_04,harm
Onlookers watched as the raccoon disappeared beneath the churning floodwater.,0,raccoon,wild,flood_04,harm
Onlookers watched as the squirrel disappeared beneath the churning floodwater.,0,squirrel,wild,flood_04,harm
Onlookers watched as the weasel disappeared beneath the churning floodwater.,0,weasel,wild,flood_04,harm
Onlookers watched as the coyote disappeared beneath the churning floodwater.,0,coyote,wild,flood_04,harm
Onlookers watched as the moose disappeared beneath the churning floodwater.,0,moose,wild,flood_04,harm
Onlookers watched as the elk disappeared beneath the churning floodwater.,0,elk,wild,flood_04,harm
Onlookers watched as the wolf disappeared beneath the churning floodwater.,0,wolf,wild,flood_04,harm
Onlookers watched as the hedgehog disappeared beneath the churning floodwater.,0,hedgehog,wild,flood_04,harm
Onlookers watched as the possum disappeared beneath the churning floodwater.,0,possum,wild,flood_04,harm
Onlookers watched as the jackal disappeared beneath the churning floodwater.,0,jackal,wild,flood_04,harm
Onlookers watched as the stoat disappeared beneath the churning floodwater.,0,stoat,wild,flood_04,harm
Onlookers watched as the marten disappeared beneath the churning floodwater.,0,marten,wild,flood_04,harm
Onlookers watched as the bear disappeared beneath the churning floodwater.,0,bear,wild,flood_04,harm
Onlookers watched as the lynx disappeared beneath the churning floodwater.,0,lynx,wild,flood_04,harm
Onlookers watched as the bobcat disappeared beneath the churning floodwater.,0,bobcat,wild,flood_04,harm
Onlookers watched as the marmot disappeared beneath the churning floodwater.,0,marmot,wild,flood_04,harm
Onlookers watched as the mink disappeared beneath the churning floodwater.,0,mink,wild,flood_04,harm
Onlookers watched as the mole disappeared beneath the churning floodwater.,0,mole,wild,flood_04,harm
Onlookers watched as the vole disappeared beneath the churning floodwater.,0,vole,wild,flood_04,harm
Onlookers watched as the shrew disappeared beneath the churning floodwater.,0,shrew,wild,flood_04,harm
Onlookers watched as the porcupine disappeared beneath the churning floodwater.,0,porcupine,wild,flood_04,harm
Onlookers watched as the skunk disappeared beneath the churning floodwater.,0,skunk,wild,flood_04,harm
Onlookers watched as the chipmunk disappeared beneath the churning floodwater.,0,chipmunk,wild,flood_04,harm
Onlookers watched as the beaver disappeared beneath the churning floodwater.,0,beaver,wild,flood_04,harm
Onlookers watched as the bison disappeared beneath the churning floodwater.,0,bison,wild,flood_04,harm
Onlookers watched as the antelope disappeared beneath the churning floodwater.,0,antelope,wild,flood_04,harm
Onlookers watched as the dingo disappeared beneath the churning floodwater.,0,dingo,wild,flood_04,harm
Onlookers watched as the cougar disappeared beneath the churning floodwater.,0,cougar,wild,flood_04,harm
Onlookers watched as the wolverine disappeared beneath the churning floodwater.,0,wolverine,wild,flood_04,harm
Onlookers watched as the muskrat disappeared beneath the churning floodwater.,0,muskrat,wild,flood_04,harm
Onlookers watched as the lemming disappeared beneath the churning floodwater.,0,lemming,wild,flood_04,harm
Onlookers watched as the fawn disappeared beneath the churning floodwater.,0,fawn,wild,flood_04,harm
The flash flood left the man stranded and exhausted in the debris.,1,man,human,flood_05,harm
The flash flood left the woman stranded and exhausted in the debris.,1,woman,human,flood_05,harm
The flash flood left the child stranded and exhausted in the debris.,1,child,human,flood_05,harm
The flash flood left the boy stranded and exhausted in the debris.,1,boy,human,flood_05,harm
The flash flood left the girl stranded and exhausted in the debris.,1,girl,human,flood_05,harm
The flash flood left the farmer stranded and exhausted in the debris.,1,farmer,human,flood_05,harm
The flash flood left the nurse stranded and exhausted in the debris.,1,nurse,human,flood_05,harm
The flash flood left the teacher stranded and exhausted in the debris.,1,teacher,human,flood_05,harm
The flash flood left the doctor stranded and exhausted in the debris.,1,doctor,human,flood_05,harm
The flash flood left the student stranded and exhausted in the debris.,1,student,human,flood_05,harm
The flash flood left the soldier stranded and exhausted in the debris.,1,soldier,human,flood_05,harm
The flash flood left the hiker stranded and exhausted in the debris.,1,hiker,human,flood_05,harm
The flash flood left the shepherd stranded and exhausted in the debris.,1,shepherd,human,flood_05,harm
The flash flood left the villager stranded and exhausted in the debris.,1,villager,human,flood_05,harm
The flash flood left the fisherman stranded and exhausted in the debris.,1,fisherman,human,flood_05,harm
The flash flood left the carpenter stranded and exhausted in the debris.,1,carpenter,human,flood_05,harm
The flash flood left the toddler stranded and exhausted in the debris.,1,toddler,human,flood_05,harm
The flash flood left the grandmother stranded and exhausted in the debris.,1,grandmother,human,flood_05,harm
The flash flood left the grandfather stranded and exhausted in the debris.,1,grandfather,human,flood_05,harm
The flash flood left the worker stranded and exhausted in the debris.,1,worker,human,flood_05,harm
The flash flood left the baker stranded and exhausted in the debris.,1,baker,human,flood_05,harm
The flash flood left the tailor stranded and exhausted in the debris.,1,tailor,human,flood_05,harm
The flash flood left the plumber stranded and exhausted in the debris.,1,plumber,human,flood_05,harm
The flash flood left the sailor stranded and exhausted in the debris.,1,sailor,human,flood_05,harm
The flash flood left the painter stranded and exhausted in the debris.,1,painter,human,flood_05,harm
The flash flood left the banker stranded and exhausted in the debris.,1,banker,human,flood_05,harm
The flash flood left the lawyer stranded and exhausted in the debris.,1,lawyer,human,flood_05,harm
The flash flood left the priest stranded and exhausted in the debris.,1,priest,human,flood_05,harm
The flash flood left the mayor stranded and exhausted in the debris.,1,mayor,human,flood_05,harm
The flash flood left the clerk stranded and exhausted in the debris.,1,clerk,human,flood_05,harm
The flash flood left the chef stranded and exhausted in the debris.,1,chef,human,flood_05,harm
The flash flood left the pilot stranded and exhausted in the debris.,1,pilot,human,flood_05,harm
The flash flood left the miner stranded and exhausted in the debris.,1,miner,human,flood_05,harm
The flash flood left the mason stranded and exhausted in the debris.,1,mason,human,flood_05,harm
The flash flood left the traveler stranded and exhausted in the debris.,1,traveler,human,flood_05,harm
The flash flood left the stranger stranded and exhausted in the debris.,1,stranger,human,flood_05,harm
The flash flood left the infant stranded and exhausted in the debris.,1,infant,human,flood_05,harm
The flash flood left the widow stranded and exhausted in the debris.,1,widow,human,flood_05,harm
The flash flood left the uncle stranded and exhausted in the debris.,1,uncle,human,flood_05,harm
The flash flood left the aunt stranded and exhausted in the debris.,1,aunt,human,flood_05,harm
The flash flood left the rat stranded and exhausted in the debris.,0,rat,wild,flood_05,harm
The flash flood left the boar stranded and exhausted in the debris.,0,boar,wild,flood_05,harm
The flash flood left the buffalo stranded and exhausted in the debris.,0,buffalo,wild,flood_05,harm
The flash flood left the fox stranded and exhausted in the debris.,0,fox,wild,flood_05,harm
The flash flood left the deer stranded and exhausted in the debris.,0,deer,wild,flood_05,harm
The flash flood left the badger stranded and exhausted in the debris.,0,badger,wild,flood_05,harm
The flash flood left the otter stranded and exhausted in the debris.,0,otter,wild,flood_05,harm
The flash flood left the hare stranded and exhausted in the debris.,0,hare,wild,flood_05,harm
The flash flood left the raccoon stranded and exhausted in the debris.,0,raccoon,wild,flood_05,harm
The flash flood left the squirrel stranded and exhausted in the debris.,0,squirrel,wild,flood_05,harm
The flash flood left the weasel stranded and exhausted in the debris.,0,weasel,wild,flood_05,harm
The flash flood left the coyote stranded and exhausted in the debris.,0,coyote,wild,flood_05,harm
The flash flood left the moose stranded and exhausted in the debris.,0,moose,wild,flood_05,harm
The flash flood left the elk stranded and exhausted in the debris.,0,elk,wild,flood_05,harm
The flash flood left the wolf stranded and exhausted in the debris.,0,wolf,wild,flood_05,harm
The flash flood left the hedgehog stranded and exhausted in the debris.,0,hedgehog,wild,flood_05,harm
The flash flood left the possum stranded and exhausted in the debris.,0,possum,wild,flood_05,harm
The flash flood left the jackal stranded and exhausted in the debris.,0,jackal,wild,flood_05,harm
The flash flood left the stoat stranded and exhausted in the debris.,0,stoat,wild,flood_05,harm
The flash flood left the marten stranded and exhausted in the debris.,0,marten,wild,flood_05,harm
The flash flood left the bear stranded and exhausted in the debris.,0,bear,wild,flood_05,harm
The flash flood left the lynx stranded and exhausted in the debris.,0,lynx,wild,flood_05,harm
The flash flood left the bobcat stranded and exhausted in the debris.,0,bobcat,wild,flood_05,harm
The flash flood left the marmot stranded and exhausted in the debris.,0,marmot,wild,flood_05,harm
The flash flood left the mink stranded and exhausted in the debris.,0,mink,wild,flood_05,harm
The flash flood left the mole stranded and exhausted in the debris.,0,mole,wild,flood_05,harm
The flash flood left the vole stranded and exhausted in the debris.,0,vole,wild,flood_05,harm
The flash flood left the shrew stranded and exhausted in the debris.,0,shrew,wild,flood_05,harm
The flash flood left the porcupine stranded and exhausted in the debris.,0,porcupine,wild,flood_05,harm
The flash flood left the skunk stranded and exhausted in the debris.,0,skunk,wild,flood_05,harm
The flash flood left the chipmunk stranded and exhausted in the debris.,0,chipmunk,wild,flood_05,harm
The flash flood left the beaver stranded and exhausted in the debris.,0,beaver,wild,flood_05,harm
The flash flood left the bison stranded and exhausted in the debris.,0,bison,wild,flood_05,harm
The flash flood left the antelope stranded and exhausted in the debris.,0,antelope,wild,flood_05,harm
The flash flood left the dingo stranded and exhausted in the debris.,0,dingo,wild,flood_05,harm
The flash flood left the cougar stranded and exhausted in the debris.,0,cougar,wild,flood_05,harm
The flash flood left the wolverine stranded and exhausted in the debris.,0,wolverine,wild,flood_05,harm
The flash flood left the muskrat stranded and exhausted in the debris.,0,muskrat,wild,flood_05,harm
The flash flood left the lemming stranded and exhausted in the debris.,0,lemming,wild,flood_05,harm
The flash flood left the fawn stranded and exhausted in the debris.,0,fawn,wild,flood_05,harm
"After the dam broke, the man was caught in the violent surge.",1,man,human,flood_06,harm
"After the dam broke, the woman was caught in the violent surge.",1,woman,human,flood_06,harm
"After the dam broke, the child was caught in the violent surge.",1,child,human,flood_06,harm
"After the dam broke, the boy was caught in the violent surge.",1,boy,human,flood_06,harm
"After the dam broke, the girl was caught in the violent surge.",1,girl,human,flood_06,harm
"After the dam broke, the farmer was caught in the violent surge.",1,farmer,human,flood_06,harm
"After the dam broke, the nurse was caught in the violent surge.",1,nurse,human,flood_06,harm
"After the dam broke, the teacher was caught in the violent surge.",1,teacher,human,flood_06,harm
"After the dam broke, the doctor was caught in the violent surge.",1,doctor,human,flood_06,harm
"After the dam broke, the student was caught in the violent surge.",1,student,human,flood_06,harm
"After the dam broke, the soldier was caught in the violent surge.",1,soldier,human,flood_06,harm
"After the dam broke, the hiker was caught in the violent surge.",1,hiker,human,flood_06,harm
"After the dam broke, the shepherd was caught in the violent surge.",1,shepherd,human,flood_06,harm
"After the dam broke, the villager was caught in the violent surge.",1,villager,human,flood_06,harm
"After the dam broke, the fisherman was caught in the violent surge.",1,fisherman,human,flood_06,harm
"After the dam broke, the carpenter was caught in the violent surge.",1,carpenter,human,flood_06,harm
"After the dam broke, the toddler was caught in the violent surge.",1,toddler,human,flood_06,harm
"After the dam broke, the grandmother was caught in the violent surge.",1,grandmother,human,flood_06,harm
"After the dam broke, the grandfather was caught in the violent surge.",1,grandfather,human,flood_06,harm
"After the dam broke, the worker was caught in the violent surge.",1,worker,human,flood_06,harm
"After the dam broke, the baker was caught in the violent surge.",1,baker,human,flood_06,harm
"After the dam broke, the tailor was caught in the violent surge.",1,tailor,human,flood_06,harm
"After the dam broke, the plumber was caught in the violent surge.",1,plumber,human,flood_06,harm
"After the dam broke, the sailor was caught in the violent surge.",1,sailor,human,flood_06,harm
"After the dam broke, the painter was caught in the violent surge.",1,painter,human,flood_06,harm
"After the dam broke, the banker was caught in the violent surge.",1,banker,human,flood_06,harm
"After the dam broke, the lawyer was caught in the violent surge.",1,lawyer,human,flood_06,harm
"After the dam broke, the priest was caught in the violent surge.",1,priest,human,flood_06,harm
"After the dam broke, the mayor was caught in the violent surge.",1,mayor,human,flood_06,harm
"After the dam broke, the clerk was caught in the violent surge.",1,clerk,human,flood_06,harm
"After the dam broke, the chef was caught in the violent surge.",1,chef,human,flood_06,harm
"After the dam broke, the pilot was caught in the violent surge.",1,pilot,human,flood_06,harm
"After the dam broke, the miner was caught in the violent surge.",1,miner,human,flood_06,harm
"After the dam broke, the mason was caught in the violent surge.",1,mason,human,flood_06,harm
"After the dam broke, the traveler was caught in the violent surge.",1,traveler,human,flood_06,harm
"After the dam broke, the stranger was caught in the violent surge.",1,stranger,human,flood_06,harm
"After the dam broke, the infant was caught in the violent surge.",1,infant,human,flood_06,harm
"After the dam broke, the widow was caught in the violent surge.",1,widow,human,flood_06,harm
"After the dam broke, the uncle was caught in the violent surge.",1,uncle,human,flood_06,harm
"After the dam broke, the aunt was caught in the violent surge.",1,aunt,human,flood_06,harm
"After the dam broke, the rat was caught in the violent surge.",0,rat,wild,flood_06,harm
"After the dam broke, the boar was caught in the violent surge.",0,boar,wild,flood_06,harm
"After the dam broke, the buffalo was caught in the violent surge.",0,buffalo,wild,flood_06,harm
"After the dam broke, the fox was caught in the violent surge.",0,fox,wild,flood_06,harm
"After the dam broke, the deer was caught in the violent surge.",0,deer,wild,flood_06,harm
"After the dam broke, the badger was caught in the violent surge.",0,badger,wild,flood_06,harm
"After the dam broke, the otter was caught in the violent surge.",0,otter,wild,flood_06,harm
"After the dam broke, the hare was caught in the violent surge.",0,hare,wild,flood_06,harm
"After the dam broke, the raccoon was caught in the violent surge.",0,raccoon,wild,flood_06,harm
"After the dam broke, the squirrel was caught in the violent surge.",0,squirrel,wild,flood_06,harm
"After the dam broke, the weasel was caught in the violent surge.",0,weasel,wild,flood_06,harm
"After the dam broke, the coyote was caught in the violent surge.",0,coyote,wild,flood_06,harm
"After the dam broke, the moose was caught in the violent surge.",0,moose,wild,flood_06,harm
"After the dam broke, the elk was caught in the violent surge.",0,elk,wild,flood_06,harm
"After the dam broke, the wolf was caught in the violent surge.",0,wolf,wild,flood_06,harm
"After the dam broke, the hedgehog was caught in the violent surge.",0,hedgehog,wild,flood_06,harm
"After the dam broke, the possum was caught in the violent surge.",0,possum,wild,flood_06,harm
"After the dam broke, the jackal was caught in the violent surge.",0,jackal,wild,flood_06,harm
"After the dam broke, the stoat was caught in the violent surge.",0,stoat,wild,flood_06,harm
"After the dam broke, the marten was caught in the violent surge.",0,marten,wild,flood_06,harm
"After the dam broke, the bear was caught in the violent surge.",0,bear,wild,flood_06,harm
"After the dam broke, the lynx was caught in the violent surge.",0,lynx,wild,flood_06,harm
"After the dam broke, the bobcat was caught in the violent surge.",0,bobcat,wild,flood_06,harm
"After the dam broke, the marmot was caught in the violent surge.",0,marmot,wild,flood_06,harm
"After the dam broke, the mink was caught in the violent surge.",0,mink,wild,flood_06,harm
"After the dam broke, the mole was caught in the violent surge.",0,mole,wild,flood_06,harm
"After the dam broke, the vole was caught in the violent surge.",0,vole,wild,flood_06,harm
"After the dam broke, the shrew was caught in the violent surge.",0,shrew,wild,flood_06,harm
"After the dam broke, the porcupine was caught in the violent surge.",0,porcupine,wild,flood_06,harm
"After the dam broke, the skunk was caught in the violent surge.",0,skunk,wild,flood_06,harm
"After the dam broke, the chipmunk was caught in the violent surge.",0,chipmunk,wild,flood_06,harm
"After the dam broke, the beaver was caught in the violent surge.",0,beaver,wild,flood_06,harm
"After the dam broke, the bison was caught in the violent surge.",0,bison,wild,flood_06,harm
"After the dam broke, the antelope was caught in the violent surge.",0,antelope,wild,flood_06,harm
"After the dam broke, the dingo was caught in the violent surge.",0,dingo,wild,flood_06,harm
"After the dam broke, the cougar was caught in the violent surge.",0,cougar,wild,flood_06,harm
"After the dam broke, the wolverine was caught in the violent surge.",0,wolverine,wild,flood_06,harm
"After the dam broke, the muskrat was caught in the violent surge.",0,muskrat,wild,flood_06,harm
"After the dam broke, the lemming was caught in the violent surge.",0,lemming,wild,flood_06,harm
"After the dam broke, the fawn was caught in the violent surge.",0,fawn,wild,flood_06,harm
"During the blizzard, the man was stranded outside without any shelter.",1,man,human,weather_01,harm
"During the blizzard, the woman was stranded outside without any shelter.",1,woman,human,weather_01,harm
"During the blizzard, the child was stranded outside without any shelter.",1,child,human,weather_01,harm
"During the blizzard, the boy was stranded outside without any shelter.",1,boy,human,weather_01,harm
"During the blizzard, the girl was stranded outside without any shelter.",1,girl,human,weather_01,harm
"During the blizzard, the farmer was stranded outside without any shelter.",1,farmer,human,weather_01,harm
"During the blizzard, the nurse was stranded outside without any shelter.",1,nurse,human,weather_01,harm
"During the blizzard, the teacher was stranded outside without any shelter.",1,teacher,human,weather_01,harm
"During the blizzard, the doctor was stranded outside without any shelter.",1,doctor,human,weather_01,harm
"During the blizzard, the student was stranded outside without any shelter.",1,student,human,weather_01,harm
"During the blizzard, the soldier was stranded outside without any shelter.",1,soldier,human,weather_01,harm
"During the blizzard, the hiker was stranded outside without any shelter.",1,hiker,human,weather_01,harm
"During the blizzard, the shepherd was stranded outside without any shelter.",1,shepherd,human,weather_01,harm
"During the blizzard, the villager was stranded outside without any shelter.",1,villager,human,weather_01,harm
"During the blizzard, the fisherman was stranded outside without any shelter.",1,fisherman,human,weather_01,harm
"During the blizzard, the carpenter was stranded outside without any shelter.",1,carpenter,human,weather_01,harm
"During the blizzard, the toddler was stranded outside without any shelter.",1,toddler,human,weather_01,harm
"During the blizzard, the grandmother was stranded outside without any shelter.",1,grandmother,human,weather_01,harm
"During the blizzard, the grandfather was stranded outside without any shelter.",1,grandfather,human,weather_01,harm
"During the blizzard, the worker was stranded outside without any shelter.",1,worker,human,weather_01,harm
"During the blizzard, the baker was stranded outside without any shelter.",1,baker,human,weather_01,harm
"During the blizzard, the tailor was stranded outside without any shelter.",1,tailor,human,weather_01,harm
"During the blizzard, the plumber was stranded outside without any shelter.",1,plumber,human,weather_01,harm
"During the blizzard, the sailor was stranded outside without any shelter.",1,sailor,human,weather_01,harm
"During the blizzard, the painter was stranded outside without any shelter.",1,painter,human,weather_01,harm
"During the blizzard, the banker was stranded outside without any shelter.",1,banker,human,weather_01,harm
"During the blizzard, the lawyer was stranded outside without any shelter.",1,lawyer,human,weather_01,harm
"During the blizzard, the priest was stranded outside without any shelter.",1,priest,human,weather_01,harm
"During the blizzard, the mayor was stranded outside without any shelter.",1,mayor,human,weather_01,harm
"During the blizzard, the clerk was stranded outside without any shelter.",1,clerk,human,weather_01,harm
"During the blizzard, the chef was stranded outside without any shelter.",1,chef,human,weather_01,harm
"During the blizzard, the pilot was stranded outside without any shelter.",1,pilot,human,weather_01,harm
"During the blizzard, the miner was stranded outside without any shelter.",1,miner,human,weather_01,harm
"During the blizzard, the mason was stranded outside without any shelter.",1,mason,human,weather_01,harm
"During the blizzard, the traveler was stranded outside without any shelter.",1,traveler,human,weather_01,harm
"During the blizzard, the stranger was stranded outside without any shelter.",1,stranger,human,weather_01,harm
"During the blizzard, the infant was stranded outside without any shelter.",1,infant,human,weather_01,harm
"During the blizzard, the widow was stranded outside without any shelter.",1,widow,human,weather_01,harm
"During the blizzard, the uncle was stranded outside without any shelter.",1,uncle,human,weather_01,harm
"During the blizzard, the aunt was stranded outside without any shelter.",1,aunt,human,weather_01,harm
"During the blizzard, the rat was stranded outside without any shelter.",0,rat,wild,weather_01,harm
"During the blizzard, the boar was stranded outside without any shelter.",0,boar,wild,weather_01,harm
"During the blizzard, the buffalo was stranded outside without any shelter.",0,buffalo,wild,weather_01,harm
"During the blizzard, the fox was stranded outside without any shelter.",0,fox,wild,weather_01,harm
"During the blizzard, the deer was stranded outside without any shelter.",0,deer,wild,weather_01,harm
"During the blizzard, the badger was stranded outside without any shelter.",0,badger,wild,weather_01,harm
"During the blizzard, the otter was stranded outside without any shelter.",0,otter,wild,weather_01,harm
"During the blizzard, the hare was stranded outside without any shelter.",0,hare,wild,weather_01,harm
"During the blizzard, the raccoon was stranded outside without any shelter.",0,raccoon,wild,weather_01,harm
"During the blizzard, the squirrel was stranded outside without any shelter.",0,squirrel,wild,weather_01,harm
"During the blizzard, the weasel was stranded outside without any shelter.",0,weasel,wild,weather_01,harm
"During the blizzard, the coyote was stranded outside without any shelter.",0,coyote,wild,weather_01,harm
"During the blizzard, the moose was stranded outside without any shelter.",0,moose,wild,weather_01,harm
"During the blizzard, the elk was stranded outside without any shelter.",0,elk,wild,weather_01,harm
"During the blizzard, the wolf was stranded outside without any shelter.",0,wolf,wild,weather_01,harm
"During the blizzard, the hedgehog was stranded outside without any shelter.",0,hedgehog,wild,weather_01,harm
"During the blizzard, the possum was stranded outside without any shelter.",0,possum,wild,weather_01,harm
"During the blizzard, the jackal was stranded outside without any shelter.",0,jackal,wild,weather_01,harm
"During the blizzard, the stoat was stranded outside without any shelter.",0,stoat,wild,weather_01,harm
"During the blizzard, the marten was stranded outside without any shelter.",0,marten,wild,weather_01,harm
"During the blizzard, the bear was stranded outside without any shelter.",0,bear,wild,weather_01,harm
"During the blizzard, the lynx was stranded outside without any shelter.",0,lynx,wild,weather_01,harm
"During the blizzard, the bobcat was stranded outside without any shelter.",0,bobcat,wild,weather_01,harm
"During the blizzard, the marmot was stranded outside without any shelter.",0,marmot,wild,weather_01,harm
"During the blizzard, the mink was stranded outside without any shelter.",0,mink,wild,weather_01,harm
"During the blizzard, the mole was stranded outside without any shelter.",0,mole,wild,weather_01,harm
"During the blizzard, the vole was stranded outside without any shelter.",0,vole,wild,weather_01,harm
"During the blizzard, the shrew was stranded outside without any shelter.",0,shrew,wild,weather_01,harm
"During the blizzard, the porcupine was stranded outside without any shelter.",0,porcupine,wild,weather_01,harm
"During the blizzard, the skunk was stranded outside without any shelter.",0,skunk,wild,weather_01,harm
"During the blizzard, the chipmunk was stranded outside without any shelter.",0,chipmunk,wild,weather_01,harm
"During the blizzard, the beaver was stranded outside without any shelter.",0,beaver,wild,weather_01,harm
"During the blizzard, the bison was stranded outside without any shelter.",0,bison,wild,weather_01,harm
"During the blizzard, the antelope was stranded outside without any shelter.",0,antelope,wild,weather_01,harm
"During the blizzard, the dingo was stranded outside without any shelter.",0,dingo,wild,weather_01,harm
"During the blizzard, the cougar was stranded outside without any shelter.",0,cougar,wild,weather_01,harm
"During the blizzard, the wolverine was stranded outside without any shelter.",0,wolverine,wild,weather_01,harm
"During the blizzard, the muskrat was stranded outside without any shelter.",0,muskrat,wild,weather_01,harm
"During the blizzard, the lemming was stranded outside without any shelter.",0,lemming,wild,weather_01,harm
"During the blizzard, the fawn was stranded outside without any shelter.",0,fawn,wild,weather_01,harm
The heatwave left the man collapsed from dehydration in the dusty field.,1,man,human,weather_02,harm
The heatwave left the woman collapsed from dehydration in the dusty field.,1,woman,human,weather_02,harm
The heatwave left the child collapsed from dehydration in the dusty field.,1,child,human,weather_02,harm
The heatwave left the boy collapsed from dehydration in the dusty field.,1,boy,human,weather_02,harm
The heatwave left the girl collapsed from dehydration in the dusty field.,1,girl,human,weather_02,harm
The heatwave left the farmer collapsed from dehydration in the dusty field.,1,farmer,human,weather_02,harm
The heatwave left the nurse collapsed from dehydration in the dusty field.,1,nurse,human,weather_02,harm
The heatwave left the teacher collapsed from dehydration in the dusty field.,1,teacher,human,weather_02,harm
The heatwave left the doctor collapsed from dehydration in the dusty field.,1,doctor,human,weather_02,harm
The heatwave left the student collapsed from dehydration in the dusty field.,1,student,human,weather_02,harm
The heatwave left the soldier collapsed from dehydration in the dusty field.,1,soldier,human,weather_02,harm
The heatwave left the hiker collapsed from dehydration in the dusty field.,1,hiker,human,weather_02,harm
The heatwave left the shepherd collapsed from dehydration in the dusty field.,1,shepherd,human,weather_02,harm
The heatwave left the villager collapsed from dehydration in the dusty field.,1,villager,human,weather_02,harm
The heatwave left the fisherman collapsed from dehydration in the dusty field.,1,fisherman,human,weather_02,harm
The heatwave left the carpenter collapsed from dehydration in the dusty field.,1,carpenter,human,weather_02,harm
The heatwave left the toddler collapsed from dehydration in the dusty field.,1,toddler,human,weather_02,harm
The heatwave left the grandmother collapsed from dehydration in the dusty field.,1,grandmother,human,weather_02,harm
The heatwave left the grandfather collapsed from dehydration in the dusty field.,1,grandfather,human,weather_02,harm
The heatwave left the worker collapsed from dehydration in the dusty field.,1,worker,human,weather_02,harm
The heatwave left the baker collapsed from dehydration in the dusty field.,1,baker,human,weather_02,harm
The heatwave left the tailor collapsed from dehydration in the dusty field.,1,tailor,human,weather_02,harm
The heatwave left the plumber collapsed from dehydration in the dusty field.,1,plumber,human,weather_02,harm
The heatwave left the sailor collapsed from dehydration in the dusty field.,1,sailor,human,weather_02,harm
The heatwave left the painter collapsed from dehydration in the dusty field.,1,painter,human,weather_02,harm
The heatwave left the banker collapsed from dehydration in the dusty field.,1,banker,human,weather_02,harm
The heatwave left the lawyer collapsed from dehydration in the dusty field.,1,lawyer,human,weather_02,harm
The heatwave left the priest collapsed from dehydration in the dusty field.,1,priest,human,weather_02,harm
The heatwave left the mayor collapsed from dehydration in the dusty field.,1,mayor,human,weather_02,harm
The heatwave left the clerk collapsed from dehydration in the dusty field.,1,clerk,human,weather_02,harm
The heatwave left the chef collapsed from dehydration in the dusty field.,1,chef,human,weather_02,harm
The heatwave left the pilot collapsed from dehydration in the dusty field.,1,pilot,human,weather_02,harm
The heatwave left the miner collapsed from dehydration in the dusty field.,1,miner,human,weather_02,harm
The heatwave left the mason collapsed from dehydration in the dusty field.,1,mason,human,weather_02,harm
The heatwave left the traveler collapsed from dehydration in the dusty field.,1,traveler,human,weather_02,harm
The heatwave left the stranger collapsed from dehydration in the dusty field.,1,stranger,human,weather_02,harm
The heatwave left the infant collapsed from dehydration in the dusty field.,1,infant,human,weather_02,harm
The heatwave left the widow collapsed from dehydration in the dusty field.,1,widow,human,weather_02,harm
The heatwave left the uncle collapsed from dehydration in the dusty field.,1,uncle,human,weather_02,harm
The heatwave left the aunt collapsed from dehydration in the dusty field.,1,aunt,human,weather_02,harm
The heatwave left the rat collapsed from dehydration in the dusty field.,0,rat,wild,weather_02,harm
The heatwave left the boar collapsed from dehydration in the dusty field.,0,boar,wild,weather_02,harm
The heatwave left the buffalo collapsed from dehydration in the dusty field.,0,buffalo,wild,weather_02,harm
The heatwave left the fox collapsed from dehydration in the dusty field.,0,fox,wild,weather_02,harm
The heatwave left the deer collapsed from dehydration in the dusty field.,0,deer,wild,weather_02,harm
The heatwave left the badger collapsed from dehydration in the dusty field.,0,badger,wild,weather_02,harm
The heatwave left the otter collapsed from dehydration in the dusty field.,0,otter,wild,weather_02,harm
The heatwave left the hare collapsed from dehydration in the dusty field.,0,hare,wild,weather_02,harm
The heatwave left the raccoon collapsed from dehydration in the dusty field.,0,raccoon,wild,weather_02,harm
The heatwave left the squirrel collapsed from dehydration in the dusty field.,0,squirrel,wild,weather_02,harm
The heatwave left the weasel collapsed from dehydration in the dusty field.,0,weasel,wild,weather_02,harm
The heatwave left the coyote collapsed from dehydration in the dusty field.,0,coyote,wild,weather_02,harm
The heatwave left the moose collapsed from dehydration in the dusty field.,0,moose,wild,weather_02,harm
The heatwave left the elk collapsed from dehydration in the dusty field.,0,elk,wild,weather_02,harm
The heatwave left the wolf collapsed from dehydration in the dusty field.,0,wolf,wild,weather_02,harm
The heatwave left the hedgehog collapsed from dehydration in the dusty field.,0,hedgehog,wild,weather_02,harm
The heatwave left the possum collapsed from dehydration in the dusty field.,0,possum,wild,weather_02,harm
The heatwave left the jackal collapsed from dehydration in the dusty field.,0,jackal,wild,weather_02,harm
The heatwave left the stoat collapsed from dehydration in the dusty field.,0,stoat,wild,weather_02,harm
The heatwave left the marten collapsed from dehydration in the dusty field.,0,marten,wild,weather_02,harm
The heatwave left the bear collapsed from dehydration in the dusty field.,0,bear,wild,weather_02,harm
The heatwave left the lynx collapsed from dehydration in the dusty field.,0,lynx,wild,weather_02,harm
The heatwave left the bobcat collapsed from dehydration in the dusty field.,0,bobcat,wild,weather_02,harm
The heatwave left the marmot collapsed from dehydration in the dusty field.,0,marmot,wild,weather_02,harm
The heatwave left the mink collapsed from dehydration in the dusty field.,0,mink,wild,weather_02,harm
The heatwave left the mole collapsed from dehydration in the dusty field.,0,mole,wild,weather_02,harm
The heatwave left the vole collapsed from dehydration in the dusty field.,0,vole,wild,weather_02,harm
The heatwave left the shrew collapsed from dehydration in the dusty field.,0,shrew,wild,weather_02,harm
The heatwave left the porcupine collapsed from dehydration in the dusty field.,0,porcupine,wild,weather_02,harm
The heatwave left the skunk collapsed from dehydration in the dusty field.,0,skunk,wild,weather_02,harm
The heatwave left the chipmunk collapsed from dehydration in the dusty field.,0,chipmunk,wild,weather_02,harm
The heatwave left the beaver collapsed from dehydration in the dusty field.,0,beaver,wild,weather_02,harm
The heatwave left the bison collapsed from dehydration in the dusty field.,0,bison,wild,weather_02,harm
The heatwave left the antelope collapsed from dehydration in the dusty field.,0,antelope,wild,weather_02,harm
The heatwave left the dingo collapsed from dehydration in the dusty field.,0,dingo,wild,weather_02,harm
The heatwave left the cougar collapsed from dehydration in the dusty field.,0,cougar,wild,weather_02,harm
The heatwave left the wolverine collapsed from dehydration in the dusty field.,0,wolverine,wild,weather_02,harm
The heatwave left the muskrat collapsed from dehydration in the dusty field.,0,muskrat,wild,weather_02,harm
The heatwave left the lemming collapsed from dehydration in the dusty field.,0,lemming,wild,weather_02,harm
The heatwave left the fawn collapsed from dehydration in the dusty field.,0,fawn,wild,weather_02,harm
Freezing rain soaked the man through the long night outdoors.,1,man,human,weather_03,harm
Freezing rain soaked the woman through the long night outdoors.,1,woman,human,weather_03,harm
Freezing rain soaked the child through the long night outdoors.,1,child,human,weather_03,harm
Freezing rain soaked the boy through the long night outdoors.,1,boy,human,weather_03,harm
Freezing rain soaked the girl through the long night outdoors.,1,girl,human,weather_03,harm
Freezing rain soaked the farmer through the long night outdoors.,1,farmer,human,weather_03,harm
Freezing rain soaked the nurse through the long night outdoors.,1,nurse,human,weather_03,harm
Freezing rain soaked the teacher through the long night outdoors.,1,teacher,human,weather_03,harm
Freezing rain soaked the doctor through the long night outdoors.,1,doctor,human,weather_03,harm
Freezing rain soaked the student through the long night outdoors.,1,student,human,weather_03,harm
Freezing rain soaked the soldier through the long night outdoors.,1,soldier,human,weather_03,harm
Freezing rain soaked the hiker through the long night outdoors.,1,hiker,human,weather_03,harm
Freezing rain soaked the shepherd through the long night outdoors.,1,shepherd,human,weather_03,harm
Freezing rain soaked the villager through the long night outdoors.,1,villager,human,weather_03,harm
Freezing rain soaked the fisherman through the long night outdoors.,1,fisherman,human,weather_03,harm
Freezing rain soaked the carpenter through the long night outdoors.,1,carpenter,human,weather_03,harm
Freezing rain soaked the toddler through the long night outdoors.,1,toddler,human,weather_03,harm
Freezing rain soaked the grandmother through the long night outdoors.,1,grandmother,human,weather_03,harm
Freezing rain soaked the grandfather through the long night outdoors.,1,grandfather,human,weather_03,harm
Freezing rain soaked the worker through the long night outdoors.,1,worker,human,weather_03,harm
Freezing rain soaked the baker through the long night outdoors.,1,baker,human,weather_03,harm
Freezing rain soaked the tailor through the long night outdoors.,1,tailor,human,weather_03,harm
Freezing rain soaked the plumber through the long night outdoors.,1,plumber,human,weather_03,harm
Freezing rain soaked the sailor through the long night outdoors.,1,sailor,human,weather_03,harm
Freezing rain soaked the painter through the long night outdoors.,1,painter,human,weather_03,harm
Freezing rain soaked the banker through the long night outdoors.,1,banker,human,weather_03,harm
Freezing rain soaked the lawyer through the long night outdoors.,1,lawyer,human,weather_03,harm
Freezing rain soaked the priest through the long night outdoors.,1,priest,human,weather_03,harm
Freezing rain soaked the mayor through the long night outdoors.,1,mayor,human,weather_03,harm
Freezing rain soaked the clerk through the long night outdoors.,1,clerk,human,weather_03,harm
Freezing rain soaked the chef through the long night outdoors.,1,chef,human,weather_03,harm
Freezing rain soaked the pilot through the long night outdoors.,1,pilot,human,weather_03,harm
Freezing rain soaked the miner through the long night outdoors.,1,miner,human,weather_03,harm
Freezing rain soaked the mason through the long night outdoors.,1,mason,human,weather_03,harm
Freezing rain soaked the traveler through the long night outdoors.,1,traveler,human,weather_03,harm
Freezing rain soaked the stranger through the long night outdoors.,1,stranger,human,weather_03,harm
Freezing rain soaked the infant through the long night outdoors.,1,infant,human,weather_03,harm
Freezing rain soaked the widow through the long night outdoors.,1,widow,human,weather_03,harm
Freezing rain soaked the uncle through the long night outdoors.,1,uncle,human,weather_03,harm
Freezing rain soaked the aunt through the long night outdoors.,1,aunt,human,weather_03,harm
Freezing rain soaked the rat through the long night outdoors.,0,rat,wild,weather_03,harm
Freezing rain soaked the boar through the long night outdoors.,0,boar,wild,weather_03,harm
Freezing rain soaked the buffalo through the long night outdoors.,0,buffalo,wild,weather_03,harm
Freezing rain soaked the fox through the long night outdoors.,0,fox,wild,weather_03,harm
Freezing rain soaked the deer through the long night outdoors.,0,deer,wild,weather_03,harm
Freezing rain soaked the badger through the long night outdoors.,0,badger,wild,weather_03,harm
Freezing rain soaked the otter through the long night outdoors.,0,otter,wild,weather_03,harm
Freezing rain soaked the hare through the long night outdoors.,0,hare,wild,weather_03,harm
Freezing rain soaked the raccoon through the long night outdoors.,0,raccoon,wild,weather_03,harm
Freezing rain soaked the squirrel through the long night outdoors.,0,squirrel,wild,weather_03,harm
Freezing rain soaked the weasel through the long night outdoors.,0,weasel,wild,weather_03,harm
Freezing rain soaked the coyote through the long night outdoors.,0,coyote,wild,weather_03,harm
Freezing rain soaked the moose through the long night outdoors.,0,moose,wild,weather_03,harm
Freezing rain soaked the elk through the long night outdoors.,0,elk,wild,weather_03,harm
Freezing rain soaked the wolf through the long night outdoors.,0,wolf,wild,weather_03,harm
Freezing rain soaked the hedgehog through the long night outdoors.,0,hedgehog,wild,weather_03,harm
Freezing rain soaked the possum through the long night outdoors.,0,possum,wild,weather_03,harm
Freezing rain soaked the jackal through the long night outdoors.,0,jackal,wild,weather_03,harm
Freezing rain soaked the stoat through the long night outdoors.,0,stoat,wild,weather_03,harm
Freezing rain soaked the marten through the long night outdoors.,0,marten,wild,weather_03,harm
Freezing rain soaked the bear through the long night outdoors.,0,bear,wild,weather_03,harm
Freezing rain soaked the lynx through the long night outdoors.,0,lynx,wild,weather_03,harm
Freezing rain soaked the bobcat through the long night outdoors.,0,bobcat,wild,weather_03,harm
Freezing rain soaked the marmot through the long night outdoors.,0,marmot,wild,weather_03,harm
Freezing rain soaked the mink through the long night outdoors.,0,mink,wild,weather_03,harm
Freezing rain soaked the mole through the long night outdoors.,0,mole,wild,weather_03,harm
Freezing rain soaked the vole through the long night outdoors.,0,vole,wild,weather_03,harm
Freezing rain soaked the shrew through the long night outdoors.,0,shrew,wild,weather_03,harm
Freezing rain soaked the porcupine through the long night outdoors.,0,porcupine,wild,weather_03,harm
Freezing rain soaked the skunk through the long night outdoors.,0,skunk,wild,weather_03,harm
Freezing rain soaked the chipmunk through the long night outdoors.,0,chipmunk,wild,weather_03,harm
Freezing rain soaked the beaver through the long night outdoors.,0,beaver,wild,weather_03,harm
Freezing rain soaked the bison through the long night outdoors.,0,bison,wild,weather_03,harm
Freezing rain soaked the antelope through the long night outdoors.,0,antelope,wild,weather_03,harm
Freezing rain soaked the dingo through the long night outdoors.,0,dingo,wild,weather_03,harm
Freezing rain soaked the cougar through the long night outdoors.,0,cougar,wild,weather_03,harm
Freezing rain soaked the wolverine through the long night outdoors.,0,wolverine,wild,weather_03,harm
Freezing rain soaked the muskrat through the long night outdoors.,0,muskrat,wild,weather_03,harm
Freezing rain soaked the lemming through the long night outdoors.,0,lemming,wild,weather_03,harm
Freezing rain soaked the fawn through the long night outdoors.,0,fawn,wild,weather_03,harm
"In the scorching heat, the man was left without water or shade.",1,man,human,weather_04,harm
"In the scorching heat, the woman was left without water or shade.",1,woman,human,weather_04,harm
"In the scorching heat, the child was left without water or shade.",1,child,human,weather_04,harm
"In the scorching heat, the boy was left without water or shade.",1,boy,human,weather_04,harm
"In the scorching heat, the girl was left without water or shade.",1,girl,human,weather_04,harm
"In the scorching heat, the farmer was left without water or shade.",1,farmer,human,weather_04,harm
"In the scorching heat, the nurse was left without water or shade.",1,nurse,human,weather_04,harm
"In the scorching heat, the teacher was left without water or shade.",1,teacher,human,weather_04,harm
"In the scorching heat, the doctor was left without water or shade.",1,doctor,human,weather_04,harm
"In the scorching heat, the student was left without water or shade.",1,student,human,weather_04,harm
"In the scorching heat, the soldier was left without water or shade.",1,soldier,human,weather_04,harm
"In the scorching heat, the hiker was left without water or shade.",1,hiker,human,weather_04,harm
"In the scorching heat, the shepherd was left without water or shade.",1,shepherd,human,weather_04,harm
"In the scorching heat, the villager was left without water or shade.",1,villager,human,weather_04,harm
"In the scorching heat, the fisherman was left without water or shade.",1,fisherman,human,weather_04,harm
"In the scorching heat, the carpenter was left without water or shade.",1,carpenter,human,weather_04,harm
"In the scorching heat, the toddler was left without water or shade.",1,toddler,human,weather_04,harm
"In the scorching heat, the grandmother was left without water or shade.",1,grandmother,human,weather_04,harm
"In the scorching heat, the grandfather was left without water or shade.",1,grandfather,human,weather_04,harm
"In the scorching heat, the worker was left without water or shade.",1,worker,human,weather_04,harm
"In the scorching heat, the baker was left without water or shade.",1,baker,human,weather_04,harm
"In the scorching heat, the tailor was left without water or shade.",1,tailor,human,weather_04,harm
"In the scorching heat, the plumber was left without water or shade.",1,plumber,human,weather_04,harm
"In the scorching heat, the sailor was left without water or shade.",1,sailor,human,weather_04,harm
"In the scorching heat, the painter was left without water or shade.",1,painter,human,weather_04,harm
"In the scorching heat, the banker was left without water or shade.",1,banker,human,weather_04,harm
"In the scorching heat, the lawyer was left without water or shade.",1,lawyer,human,weather_04,harm
"In the scorching heat, the priest was left without water or shade.",1,priest,human,weather_04,harm
"In the scorching heat, the mayor was left without water or shade.",1,mayor,human,weather_04,harm
"In the scorching heat, the clerk was left without water or shade.",1,clerk,human,weather_04,harm
"In the scorching heat, the chef was left without water or shade.",1,chef,human,weather_04,harm
"In the scorching heat, the pilot was left without water or shade.",1,pilot,human,weather_04,harm
"In the scorching heat, the miner was left without water or shade.",1,miner,human,weather_04,harm
"In the scorching heat, the mason was left without water or shade.",1,mason,human,weather_04,harm
"In the scorching heat, the traveler was left without water or shade.",1,traveler,human,weather_04,harm
"In the scorching heat, the stranger was left without water or shade.",1,stranger,human,weather_04,harm
"In the scorching heat, the infant was left without water or shade.",1,infant,human,weather_04,harm
"In the scorching heat, the widow was left without water or shade.",1,widow,human,weather_04,harm
"In the scorching heat, the uncle was left without water or shade.",1,uncle,human,weather_04,harm
"In the scorching heat, the aunt was left without water or shade.",1,aunt,human,weather_04,harm
"In the scorching heat, the rat was left without water or shade.",0,rat,wild,weather_04,harm
"In the scorching heat, the boar was left without water or shade.",0,boar,wild,weather_04,harm
"In the scorching heat, the buffalo was left without water or shade.",0,buffalo,wild,weather_04,harm
"In the scorching heat, the fox was left without water or shade.",0,fox,wild,weather_04,harm
"In the scorching heat, the deer was left without water or shade.",0,deer,wild,weather_04,harm
"In the scorching heat, the badger was left without water or shade.",0,badger,wild,weather_04,harm
"In the scorching heat, the otter was left without water or shade.",0,otter,wild,weather_04,harm
"In the scorching heat, the hare was left without water or shade.",0,hare,wild,weather_04,harm
"In the scorching heat, the raccoon was left without water or shade.",0,raccoon,wild,weather_04,harm
"In the scorching heat, the squirrel was left without water or shade.",0,squirrel,wild,weather_04,harm
"In the scorching heat, the weasel was left without water or shade.",0,weasel,wild,weather_04,harm
"In the scorching heat, the coyote was left without water or shade.",0,coyote,wild,weather_04,harm
"In the scorching heat, the moose was left without water or shade.",0,moose,wild,weather_04,harm
"In the scorching heat, the elk was left without water or shade.",0,elk,wild,weather_04,harm
"In the scorching heat, the wolf was left without water or shade.",0,wolf,wild,weather_04,harm
"In the scorching heat, the hedgehog was left without water or shade.",0,hedgehog,wild,weather_04,harm
"In the scorching heat, the possum was left without water or shade.",0,possum,wild,weather_04,harm
"In the scorching heat, the jackal was left without water or shade.",0,jackal,wild,weather_04,harm
"In the scorching heat, the stoat was left without water or shade.",0,stoat,wild,weather_04,harm
"In the scorching heat, the marten was left without water or shade.",0,marten,wild,weather_04,harm
"In the scorching heat, the bear was left without water or shade.",0,bear,wild,weather_04,harm
"In the scorching heat, the lynx was left without water or shade.",0,lynx,wild,weather_04,harm
"In the scorching heat, the bobcat was left without water or shade.",0,bobcat,wild,weather_04,harm
"In the scorching heat, the marmot was left without water or shade.",0,marmot,wild,weather_04,harm
"In the scorching heat, the mink was left without water or shade.",0,mink,wild,weather_04,harm
"In the scorching heat, the mole was left without water or shade.",0,mole,wild,weather_04,harm
"In the scorching heat, the vole was left without water or shade.",0,vole,wild,weather_04,harm
"In the scorching heat, the shrew was left without water or shade.",0,shrew,wild,weather_04,harm
"In the scorching heat, the porcupine was left without water or shade.",0,porcupine,wild,weather_04,harm
"In the scorching heat, the skunk was left without water or shade.",0,skunk,wild,weather_04,harm
"In the scorching heat, the chipmunk was left without water or shade.",0,chipmunk,wild,weather_04,harm
"In the scorching heat, the beaver was left without water or shade.",0,beaver,wild,weather_04,harm
"In the scorching heat, the bison was left without water or shade.",0,bison,wild,weather_04,harm
"In the scorching heat, the antelope was left without water or shade.",0,antelope,wild,weather_04,harm
"In the scorching heat, the dingo was left without water or shade.",0,dingo,wild,weather_04,harm
"In the scorching heat, the cougar was left without water or shade.",0,cougar,wild,weather_04,harm
"In the scorching heat, the wolverine was left without water or shade.",0,wolverine,wild,weather_04,harm
"In the scorching heat, the muskrat was left without water or shade.",0,muskrat,wild,weather_04,harm
"In the scorching heat, the lemming was left without water or shade.",0,lemming,wild,weather_04,harm
"In the scorching heat, the fawn was left without water or shade.",0,fawn,wild,weather_04,harm
The sudden hailstorm caught the man in the open pasture.,1,man,human,weather_05,harm
The sudden hailstorm caught the woman in the open pasture.,1,woman,human,weather_05,harm
The sudden hailstorm caught the child in the open pasture.,1,child,human,weather_05,harm
The sudden hailstorm caught the boy in the open pasture.,1,boy,human,weather_05,harm
The sudden hailstorm caught the girl in the open pasture.,1,girl,human,weather_05,harm
The sudden hailstorm caught the farmer in the open pasture.,1,farmer,human,weather_05,harm
The sudden hailstorm caught the nurse in the open pasture.,1,nurse,human,weather_05,harm
The sudden hailstorm caught the teacher in the open pasture.,1,teacher,human,weather_05,harm
The sudden hailstorm caught the doctor in the open pasture.,1,doctor,human,weather_05,harm
The sudden hailstorm caught the student in the open pasture.,1,student,human,weather_05,harm
The sudden hailstorm caught the soldier in the open pasture.,1,soldier,human,weather_05,harm
The sudden hailstorm caught the hiker in the open pasture.,1,hiker,human,weather_05,harm
The sudden hailstorm caught the shepherd in the open pasture.,1,shepherd,human,weather_05,harm
The sudden hailstorm caught the villager in the open pasture.,1,villager,human,weather_05,harm
The sudden hailstorm caught the fisherman in the open pasture.,1,fisherman,human,weather_05,harm
The sudden hailstorm caught the carpenter in the open pasture.,1,carpenter,human,weather_05,harm
The sudden hailstorm caught the toddler in the open pasture.,1,toddler,human,weather_05,harm
The sudden hailstorm caught the grandmother in the open pasture.,1,grandmother,human,weather_05,harm
The sudden hailstorm caught the grandfather in the open pasture.,1,grandfather,human,weather_05,harm
The sudden hailstorm caught the worker in the open pasture.,1,worker,human,weather_05,harm
The sudden hailstorm caught the baker in the open pasture.,1,baker,human,weather_05,harm
The sudden hailstorm caught the tailor in the open pasture.,1,tailor,human,weather_05,harm
The sudden hailstorm caught the plumber in the open pasture.,1,plumber,human,weather_05,harm
The sudden hailstorm caught the sailor in the open pasture.,1,sailor,human,weather_05,harm
The sudden hailstorm caught the painter in the open pasture.,1,painter,human,weather_05,harm
The sudden hailstorm caught the banker in the open pasture.,1,banker,human,weather_05,harm
The sudden hailstorm caught the lawyer in the open pasture.,1,lawyer,human,weather_05,harm
The sudden hailstorm caught the priest in the open pasture.,1,priest,human,weather_05,harm
The sudden hailstorm caught the mayor in the open pasture.,1,mayor,human,weather_05,harm
The sudden hailstorm caught the clerk in the open pasture.,1,clerk,human,weather_05,harm
The sudden hailstorm caught the chef in the open pasture.,1,chef,human,weather_05,harm
The sudden hailstorm caught the pilot in the open pasture.,1,pilot,human,weather_05,harm
The sudden hailstorm caught the miner in the open pasture.,1,miner,human,weather_05,harm
The sudden hailstorm caught the mason in the open pasture.,1,mason,human,weather_05,harm
The sudden hailstorm caught the traveler in the open pasture.,1,traveler,human,weather_05,harm
The sudden hailstorm caught the stranger in the open pasture.,1,stranger,human,weather_05,harm
The sudden hailstorm caught the infant in the open pasture.,1,infant,human,weather_05,harm
The sudden hailstorm caught the widow in the open pasture.,1,widow,human,weather_05,harm
The sudden hailstorm caught the uncle in the open pasture.,1,uncle,human,weather_05,harm
The sudden hailstorm caught the aunt in the open pasture.,1,aunt,human,weather_05,harm
The sudden hailstorm caught the rat in the open pasture.,0,rat,wild,weather_05,harm
The sudden hailstorm caught the boar in the open pasture.,0,boar,wild,weather_05,harm
The sudden hailstorm caught the buffalo in the open pasture.,0,buffalo,wild,weather_05,harm
The sudden hailstorm caught the fox in the open pasture.,0,fox,wild,weather_05,harm
The sudden hailstorm caught the deer in the open pasture.,0,deer,wild,weather_05,harm
The sudden hailstorm caught the badger in the open pasture.,0,badger,wild,weather_05,harm
The sudden hailstorm caught the otter in the open pasture.,0,otter,wild,weather_05,harm
The sudden hailstorm caught the hare in the open pasture.,0,hare,wild,weather_05,harm
The sudden hailstorm caught the raccoon in the open pasture.,0,raccoon,wild,weather_05,harm
The sudden hailstorm caught the squirrel in the open pasture.,0,squirrel,wild,weather_05,harm
The sudden hailstorm caught the weasel in the open pasture.,0,weasel,wild,weather_05,harm
The sudden hailstorm caught the coyote in the open pasture.,0,coyote,wild,weather_05,harm
The sudden hailstorm caught the moose in the open pasture.,0,moose,wild,weather_05,harm
The sudden hailstorm caught the elk in the open pasture.,0,elk,wild,weather_05,harm
The sudden hailstorm caught the wolf in the open pasture.,0,wolf,wild,weather_05,harm
The sudden hailstorm caught the hedgehog in the open pasture.,0,hedgehog,wild,weather_05,harm
The sudden hailstorm caught the possum in the open pasture.,0,possum,wild,weather_05,harm
The sudden hailstorm caught the jackal in the open pasture.,0,jackal,wild,weather_05,harm
The sudden hailstorm caught the stoat in the open pasture.,0,stoat,wild,weather_05,harm
The sudden hailstorm caught the marten in the open pasture.,0,marten,wild,weather_05,harm
The sudden hailstorm caught the bear in the open pasture.,0,bear,wild,weather_05,harm
The sudden hailstorm caught the lynx in the open pasture.,0,lynx,wild,weather_05,harm
The sudden hailstorm caught the bobcat in the open pasture.,0,bobcat,wild,weather_05,harm
The sudden hailstorm caught the marmot in the open pasture.,0,marmot,wild,weather_05,harm
The sudden hailstorm caught the mink in the open pasture.,0,mink,wild,weather_05,harm
The sudden hailstorm caught the mole in the open pasture.,0,mole,wild,weather_05,harm
The sudden hailstorm caught the vole in the open pasture.,0,vole,wild,weather_05,harm
The sudden hailstorm caught the shrew in the open pasture.,0,shrew,wild,weather_05,harm
The sudden hailstorm caught the porcupine in the open pasture.,0,porcupine,wild,weather_05,harm
The sudden hailstorm caught the skunk in the open pasture.,0,skunk,wild,weather_05,harm
The sudden hailstorm caught the chipmunk in the open pasture.,0,chipmunk,wild,weather_05,harm
The sudden hailstorm caught the beaver in the open pasture.,0,beaver,wild,weather_05,harm
The sudden hailstorm caught the bison in the open pasture.,0,bison,wild,weather_05,harm
The sudden hailstorm caught the antelope in the open pasture.,0,antelope,wild,weather_05,harm
The sudden hailstorm caught the dingo in the open pasture.,0,dingo,wild,weather_05,harm
The sudden hailstorm caught the cougar in the open pasture.,0,cougar,wild,weather_05,harm
The sudden hailstorm caught the wolverine in the open pasture.,0,wolverine,wild,weather_05,harm
The sudden hailstorm caught the muskrat in the open pasture.,0,muskrat,wild,weather_05,harm
The sudden hailstorm caught the lemming in the open pasture.,0,lemming,wild,weather_05,harm
The sudden hailstorm caught the fawn in the open pasture.,0,fawn,wild,weather_05,harm
"By the third day of the cold snap, the man was too weak to seek shelter.",1,man,human,weather_06,harm
"By the third day of the cold snap, the woman was too weak to seek shelter.",1,woman,human,weather_06,harm
"By the third day of the cold snap, the child was too weak to seek shelter.",1,child,human,weather_06,harm
"By the third day of the cold snap, the boy was too weak to seek shelter.",1,boy,human,weather_06,harm
"By the third day of the cold snap, the girl was too weak to seek shelter.",1,girl,human,weather_06,harm
"By the third day of the cold snap, the farmer was too weak to seek shelter.",1,farmer,human,weather_06,harm
"By the third day of the cold snap, the nurse was too weak to seek shelter.",1,nurse,human,weather_06,harm
"By the third day of the cold snap, the teacher was too weak to seek shelter.",1,teacher,human,weather_06,harm
"By the third day of the cold snap, the doctor was too weak to seek shelter.",1,doctor,human,weather_06,harm
"By the third day of the cold snap, the student was too weak to seek shelter.",1,student,human,weather_06,harm
"By the third day of the cold snap, the soldier was too weak to seek shelter.",1,soldier,human,weather_06,harm
"By the third day of the cold snap, the hiker was too weak to seek shelter.",1,hiker,human,weather_06,harm
"By the third day of the cold snap, the shepherd was too weak to seek shelter.",1,shepherd,human,weather_06,harm
"By the third day of the cold snap, the villager was too weak to seek shelter.",1,villager,human,weather_06,harm
"By the third day of the cold snap, the fisherman was too weak to seek shelter.",1,fisherman,human,weather_06,harm
"By the third day of the cold snap, the carpenter was too weak to seek shelter.",1,carpenter,human,weather_06,harm
"By the third day of the cold snap, the toddler was too weak to seek shelter.",1,toddler,human,weather_06,harm
"By the third day of the cold snap, the grandmother was too weak to seek shelter.",1,grandmother,human,weather_06,harm
"By the third day of the cold snap, the grandfather was too weak to seek shelter.",1,grandfather,human,weather_06,harm
"By the third day of the cold snap, the worker was too weak to seek shelter.",1,worker,human,weather_06,harm
"By the third day of the cold snap, the baker was too weak to seek shelter.",1,baker,human,weather_06,harm
"By the third day of the cold snap, the tailor was too weak to seek shelter.",1,tailor,human,weather_06,harm
"By the third day of the cold snap, the plumber was too weak to seek shelter.",1,plumber,human,weather_06,harm
"By the third day of the cold snap, the sailor was too weak to seek shelter.",1,sailor,human,weather_06,harm
"By the third day of the cold snap, the painter was too weak to seek shelter.",1,painter,human,weather_06,harm
"By the third day of the cold snap, the banker was too weak to seek shelter.",1,banker,human,weather_06,harm
"By the third day of the cold snap, the lawyer was too weak to seek shelter.",1,lawyer,human,weather_06,harm
"By the third day of the cold snap, the priest was too weak to seek shelter.",1,priest,human,weather_06,harm
"By the third day of the cold snap, the mayor was too weak to seek shelter.",1,mayor,human,weather_06,harm
"By the third day of the cold snap, the clerk was too weak to seek shelter.",1,clerk,human,weather_06,harm
"By the third day of the cold snap, the chef was too weak to seek shelter.",1,chef,human,weather_06,harm
"By the third day of the cold snap, the pilot was too weak to seek shelter.",1,pilot,human,weather_06,harm
"By the third day of the cold snap, the miner was too weak to seek shelter.",1,miner,human,weather_06,harm
"By the third day of the cold snap, the mason was too weak to seek shelter.",1,mason,human,weather_06,harm
"By the third day of the cold snap, the traveler was too weak to seek shelter.",1,traveler,human,weather_06,harm
"By the third day of the cold snap, the stranger was too weak to seek shelter.",1,stranger,human,weather_06,harm
"By the third day of the cold snap, the infant was too weak to seek shelter.",1,infant,human,weather_06,harm
"By the third day of the cold snap, the widow was too weak to seek shelter.",1,widow,human,weather_06,harm
"By the third day of the cold snap, the uncle was too weak to seek shelter.",1,uncle,human,weather_06,harm
"By the third day of the cold snap, the aunt was too weak to seek shelter.",1,aunt,human,weather_06,harm
"By the third day of the cold snap, the rat was too weak to seek shelter.",0,rat,wild,weather_06,harm
"By the third day of the cold snap, the boar was too weak to seek shelter.",0,boar,wild,weather_06,harm
"By the third day of the cold snap, the buffalo was too weak to seek shelter.",0,buffalo,wild,weather_06,harm
"By the third day of the cold snap, the fox was too weak to seek shelter.",0,fox,wild,weather_06,harm
"By the third day of the cold snap, the deer was too weak to seek shelter.",0,deer,wild,weather_06,harm
"By the third day of the cold snap, the badger was too weak to seek shelter.",0,badger,wild,weather_06,harm
"By the third day of the cold snap, the otter was too weak to seek shelter.",0,otter,wild,weather_06,harm
"By the third day of the cold snap, the hare was too weak to seek shelter.",0,hare,wild,weather_06,harm
"By the third day of the cold snap, the raccoon was too weak to seek shelter.",0,raccoon,wild,weather_06,harm
"By the third day of the cold snap, the squirrel was too weak to seek shelter.",0,squirrel,wild,weather_06,harm
"By the third day of the cold snap, the weasel was too weak to seek shelter.",0,weasel,wild,weather_06,harm
"By the third day of the cold snap, the coyote was too weak to seek shelter.",0,coyote,wild,weather_06,harm
"By the third day of the cold snap, the moose was too weak to seek shelter.",0,moose,wild,weather_06,harm
"By the third day of the cold snap, the elk was too weak to seek shelter.",0,elk,wild,weather_06,harm
"By the third day of the cold snap, the wolf was too weak to seek shelter.",0,wolf,wild,weather_06,harm
"By the third day of the cold snap, the hedgehog was too weak to seek shelter.",0,hedgehog,wild,weather_06,harm
"By the third day of the cold snap, the possum was too weak to seek shelter.",0,possum,wild,weather_06,harm
"By the third day of the cold snap, the jackal was too weak to seek shelter.",0,jackal,wild,weather_06,harm
"By the third day of the cold snap, the stoat was too weak to seek shelter.",0,stoat,wild,weather_06,harm
"By the third day of the cold snap, the marten was too weak to seek shelter.",0,marten,wild,weather_06,harm
"By the third day of the cold snap, the bear was too weak to seek shelter.",0,bear,wild,weather_06,harm
"By the third day of the cold snap, the lynx was too weak to seek shelter.",0,lynx,wild,weather_06,harm
"By the third day of the cold snap, the bobcat was too weak to seek shelter.",0,bobcat,wild,weather_06,harm
"By the third day of the cold snap, the marmot was too weak to seek shelter.",0,marmot,wild,weather_06,harm
"By the third day of the cold snap, the mink was too weak to seek shelter.",0,mink,wild,weather_06,harm
"By the third day of the cold snap, the mole was too weak to seek shelter.",0,mole,wild,weather_06,harm
"By the third day of the cold snap, the vole was too weak to seek shelter.",0,vole,wild,weather_06,harm
"By the third day of the cold snap, the shrew was too weak to seek shelter.",0,shrew,wild,weather_06,harm
"By the third day of the cold snap, the porcupine was too weak to seek shelter.",0,porcupine,wild,weather_06,harm
"By the third day of the cold snap, the skunk was too weak to seek shelter.",0,skunk,wild,weather_06,harm
"By the third day of the cold snap, the chipmunk was too weak to seek shelter.",0,chipmunk,wild,weather_06,harm
"By the third day of the cold snap, the beaver was too weak to seek shelter.",0,beaver,wild,weather_06,harm
"By the third day of the cold snap, the bison was too weak to seek shelter.",0,bison,wild,weather_06,harm
"By the third day of the cold snap, the antelope was too weak to seek shelter.",0,antelope,wild,weather_06,harm
"By the third day of the cold snap, the dingo was too weak to seek shelter.",0,dingo,wild,weather_06,harm
"By the third day of the cold snap, the cougar was too weak to seek shelter.",0,cougar,wild,weather_06,harm
"By the third day of the cold snap, the wolverine was too weak to seek shelter.",0,wolverine,wild,weather_06,harm
"By the third day of the cold snap, the muskrat was too weak to seek shelter.",0,muskrat,wild,weather_06,harm
"By the third day of the cold snap, the lemming was too weak to seek shelter.",0,lemming,wild,weather_06,harm
"By the third day of the cold snap, the fawn was too weak to seek shelter.",0,fawn,wild,weather_06,harm
"After weeks without proper food, the man had grown weak and thin.",1,man,human,neglect_01,harm
"After weeks without proper food, the woman had grown weak and thin.",1,woman,human,neglect_01,harm
"After weeks without proper food, the child had grown weak and thin.",1,child,human,neglect_01,harm
"After weeks without proper food, the boy had grown weak and thin.",1,boy,human,neglect_01,harm
"After weeks without proper food, the girl had grown weak and thin.",1,girl,human,neglect_01,harm
"After weeks without proper food, the farmer had grown weak and thin.",1,farmer,human,neglect_01,harm
"After weeks without proper food, the nurse had grown weak and thin.",1,nurse,human,neglect_01,harm
"After weeks without proper food, the teacher had grown weak and thin.",1,teacher,human,neglect_01,harm
"After weeks without proper food, the doctor had grown weak and thin.",1,doctor,human,neglect_01,harm
"After weeks without proper food, the student had grown weak and thin.",1,student,human,neglect_01,harm
"After weeks without proper food, the soldier had grown weak and thin.",1,soldier,human,neglect_01,harm
"After weeks without proper food, the hiker had grown weak and thin.",1,hiker,human,neglect_01,harm
"After weeks without proper food, the shepherd had grown weak and thin.",1,shepherd,human,neglect_01,harm
"After weeks without proper food, the villager had grown weak and thin.",1,villager,human,neglect_01,harm
"After weeks without proper food, the fisherman had grown weak and thin.",1,fisherman,human,neglect_01,harm
"After weeks without proper food, the carpenter had grown weak and thin.",1,carpenter,human,neglect_01,harm
"After weeks without proper food, the toddler had grown weak and thin.",1,toddler,human,neglect_01,harm
"After weeks without proper food, the grandmother had grown weak and thin.",1,grandmother,human,neglect_01,harm
"After weeks without proper food, the grandfather had grown weak and thin.",1,grandfather,human,neglect_01,harm
"After weeks without proper food, the worker had grown weak and thin.",1,worker,human,neglect_01,harm
"After weeks without proper food, the baker had grown weak and thin.",1,baker,human,neglect_01,harm
"After weeks without proper food, the tailor had grown weak and thin.",1,tailor,human,neglect_01,harm
"After weeks without proper food, the plumber had grown weak and thin.",1,plumber,human,neglect_01,harm
"After weeks without proper food, the sailor had grown weak and thin.",1,sailor,human,neglect_01,harm
"After weeks without proper food, the painter had grown weak and thin.",1,painter,human,neglect_01,harm
"After weeks without proper food, the banker had grown weak and thin.",1,banker,human,neglect_01,harm
"After weeks without proper food, the lawyer had grown weak and thin.",1,lawyer,human,neglect_01,harm
"After weeks without proper food, the priest had grown weak and thin.",1,priest,human,neglect_01,harm
"After weeks without proper food, the mayor had grown weak and thin.",1,mayor,human,neglect_01,harm
"After weeks without proper food, the clerk had grown weak and thin.",1,clerk,human,neglect_01,harm
"After weeks without proper food, the chef had grown weak and thin.",1,chef,human,neglect_01,harm
"After weeks without proper food, the pilot had grown weak and thin.",1,pilot,human,neglect_01,harm
"After weeks without proper food, the miner had grown weak and thin.",1,miner,human,neglect_01,harm
"After weeks without proper food, the mason had grown weak and thin.",1,mason,human,neglect_01,harm
"After weeks without proper food, the traveler had grown weak and thin.",1,traveler,human,neglect_01,harm
"After weeks without proper food, the stranger had grown weak and thin.",1,stranger,human,neglect_01,harm
"After weeks without proper food, the infant had grown weak and thin.",1,infant,human,neglect_01,harm
"After weeks without proper food, the widow had grown weak and thin.",1,widow,human,neglect_01,harm
"After weeks without proper food, the uncle had grown weak and thin.",1,uncle,human,neglect_01,harm
"After weeks without proper food, the aunt had grown weak and thin.",1,aunt,human,neglect_01,harm
"After weeks without proper food, the rat had grown weak and thin.",0,rat,wild,neglect_01,harm
"After weeks without proper food, the boar had grown weak and thin.",0,boar,wild,neglect_01,harm
"After weeks without proper food, the buffalo had grown weak and thin.",0,buffalo,wild,neglect_01,harm
"After weeks without proper food, the fox had grown weak and thin.",0,fox,wild,neglect_01,harm
"After weeks without proper food, the deer had grown weak and thin.",0,deer,wild,neglect_01,harm
"After weeks without proper food, the badger had grown weak and thin.",0,badger,wild,neglect_01,harm
"After weeks without proper food, the otter had grown weak and thin.",0,otter,wild,neglect_01,harm
"After weeks without proper food, the hare had grown weak and thin.",0,hare,wild,neglect_01,harm
"After weeks without proper food, the raccoon had grown weak and thin.",0,raccoon,wild,neglect_01,harm
"After weeks without proper food, the squirrel had grown weak and thin.",0,squirrel,wild,neglect_01,harm
"After weeks without proper food, the weasel had grown weak and thin.",0,weasel,wild,neglect_01,harm
"After weeks without proper food, the coyote had grown weak and thin.",0,coyote,wild,neglect_01,harm
"After weeks without proper food, the moose had grown weak and thin.",0,moose,wild,neglect_01,harm
"After weeks without proper food, the elk had grown weak and thin.",0,elk,wild,neglect_01,harm
"After weeks without proper food, the wolf had grown weak and thin.",0,wolf,wild,neglect_01,harm
"After weeks without proper food, the hedgehog had grown weak and thin.",0,hedgehog,wild,neglect_01,harm
"After weeks without proper food, the possum had grown weak and thin.",0,possum,wild,neglect_01,harm
"After weeks without proper food, the jackal had grown weak and thin.",0,jackal,wild,neglect_01,harm
"After weeks without proper food, the stoat had grown weak and thin.",0,stoat,wild,neglect_01,harm
"After weeks without proper food, the marten had grown weak and thin.",0,marten,wild,neglect_01,harm
"After weeks without proper food, the bear had grown weak and thin.",0,bear,wild,neglect_01,harm
"After weeks without proper food, the lynx had grown weak and thin.",0,lynx,wild,neglect_01,harm
"After weeks without proper food, the bobcat had grown weak and thin.",0,bobcat,wild,neglect_01,harm
"After weeks without proper food, the marmot had grown weak and thin.",0,marmot,wild,neglect_01,harm
"After weeks without proper food, the mink had grown weak and thin.",0,mink,wild,neglect_01,harm
"After weeks without proper food, the mole had grown weak and thin.",0,mole,wild,neglect_01,harm
"After weeks without proper food, the vole had grown weak and thin.",0,vole,wild,neglect_01,harm
"After weeks without proper food, the shrew had grown weak and thin.",0,shrew,wild,neglect_01,harm
"After weeks without proper food, the porcupine had grown weak and thin.",0,porcupine,wild,neglect_01,harm
"After weeks without proper food, the skunk had grown weak and thin.",0,skunk,wild,neglect_01,harm
"After weeks without proper food, the chipmunk had grown weak and thin.",0,chipmunk,wild,neglect_01,harm
"After weeks without proper food, the beaver had grown weak and thin.",0,beaver,wild,neglect_01,harm
"After weeks without proper food, the bison had grown weak and thin.",0,bison,wild,neglect_01,harm
"After weeks without proper food, the antelope had grown weak and thin.",0,antelope,wild,neglect_01,harm
"After weeks without proper food, the dingo had grown weak and thin.",0,dingo,wild,neglect_01,harm
"After weeks without proper food, the cougar had grown weak and thin.",0,cougar,wild,neglect_01,harm
"After weeks without proper food, the wolverine had grown weak and thin.",0,wolverine,wild,neglect_01,harm
"After weeks without proper food, the muskrat had grown weak and thin.",0,muskrat,wild,neglect_01,harm
"After weeks without proper food, the lemming had grown weak and thin.",0,lemming,wild,neglect_01,harm
"After weeks without proper food, the fawn had grown weak and thin.",0,fawn,wild,neglect_01,harm
"The caretaker forgot about the man, leaving no food or clean water for days.",1,man,human,neglect_02,harm
"The caretaker forgot about the woman, leaving no food or clean water for days.",1,woman,human,neglect_02,harm
"The caretaker forgot about the child, leaving no food or clean water for days.",1,child,human,neglect_02,harm
"The caretaker forgot about the boy, leaving no food or clean water for days.",1,boy,human,neglect_02,harm
"The caretaker forgot about the girl, leaving no food or clean water for days.",1,girl,human,neglect_02,harm
"The caretaker forgot about the farmer, leaving no food or clean water for days.",1,farmer,human,neglect_02,harm
"The caretaker forgot about the nurse, leaving no food or clean water for days.",1,nurse,human,neglect_02,harm
"The caretaker forgot about the teacher, leaving no food or clean water for days.",1,teacher,human,neglect_02,harm
"The caretaker forgot about the doctor, leaving no food or clean water for days.",1,doctor,human,neglect_02,harm
"The caretaker forgot about the student, leaving no food or clean water for days.",1,student,human,neglect_02,harm
"The caretaker forgot about the soldier, leaving no food or clean water for days.",1,soldier,human,neglect_02,harm
"The caretaker forgot about the hiker, leaving no food or clean water for days.",1,hiker,human,neglect_02,harm
"The caretaker forgot about the shepherd, leaving no food or clean water for days.",1,shepherd,human,neglect_02,harm
"The caretaker forgot about the villager, leaving no food or clean water for days.",1,villager,human,neglect_02,harm
"The caretaker forgot about the fisherman, leaving no food or clean water for days.",1,fisherman,human,neglect_02,harm
"The caretaker forgot about the carpenter, leaving no food or clean water for days.",1,carpenter,human,neglect_02,harm
"The caretaker forgot about the toddler, leaving no food or clean water for days.",1,toddler,human,neglect_02,harm
"The caretaker forgot about the grandmother, leaving no food or clean water for days.",1,grandmother,human,neglect_02,harm
"The caretaker forgot about the grandfather, leaving no food or clean water for days.",1,grandfather,human,neglect_02,harm
"The caretaker forgot about the worker, leaving no food or clean water for days.",1,worker,human,neglect_02,harm
"The caretaker forgot about the baker, leaving no food or clean water for days.",1,baker,human,neglect_02,harm
"The caretaker forgot about the tailor, leaving no food or clean water for days.",1,tailor,human,neglect_02,harm
"The caretaker forgot about the plumber, leaving no food or clean water for days.",1,plumber,human,neglect_02,harm
"The caretaker forgot about the sailor, leaving no food or clean water for days.",1,sailor,human,neglect_02,harm
"The caretaker forgot about the painter, leaving no food or clean water for days.",1,painter,human,neglect_02,harm
"The caretaker forgot about the banker, leaving no food or clean water for days.",1,banker,human,neglect_02,harm
"The caretaker forgot about the lawyer, leaving no food or clean water for days.",1,lawyer,human,neglect_02,harm
"The caretaker forgot about the priest, leaving no food or clean water for days.",1,priest,human,neglect_02,harm
"The caretaker forgot about the mayor, leaving no food or clean water for days.",1,mayor,human,neglect_02,harm
"The caretaker forgot about the clerk, leaving no food or clean water for days.",1,clerk,human,neglect_02,harm
"The caretaker forgot about the chef, leaving no food or clean water for days.",1,chef,human,neglect_02,harm
"The caretaker forgot about the pilot, leaving no food or clean water for days.",1,pilot,human,neglect_02,harm
"The caretaker forgot about the miner, leaving no food or clean water for days.",1,miner,human,neglect_02,harm
"The caretaker forgot about the mason, leaving no food or clean water for days.",1,mason,human,neglect_02,harm
"The caretaker forgot about the traveler, leaving no food or clean water for days.",1,traveler,human,neglect_02,harm
"The caretaker forgot about the stranger, leaving no food or clean water for days.",1,stranger,human,neglect_02,harm
"The caretaker forgot about the infant, leaving no food or clean water for days.",1,infant,human,neglect_02,harm
"The caretaker forgot about the widow, leaving no food or clean water for days.",1,widow,human,neglect_02,harm
"The caretaker forgot about the uncle, leaving no food or clean water for days.",1,uncle,human,neglect_02,harm
"The caretaker forgot about the aunt, leaving no food or clean water for days.",1,aunt,human,neglect_02,harm
"The caretaker forgot about the rat, leaving no food or clean water for days.",0,rat,wild,neglect_02,harm
"The caretaker forgot about the boar, leaving no food or clean water for days.",0,boar,wild,neglect_02,harm
"The caretaker forgot about the buffalo, leaving no food or clean water for days.",0,buffalo,wild,neglect_02,harm
"The caretaker forgot about the fox, leaving no food or clean water for days.",0,fox,wild,neglect_02,harm
"The caretaker forgot about the deer, leaving no food or clean water for days.",0,deer,wild,neglect_02,harm
"The caretaker forgot about the badger, leaving no food or clean water for days.",0,badger,wild,neglect_02,harm
"The caretaker forgot about the otter, leaving no food or clean water for days.",0,otter,wild,neglect_02,harm
"The caretaker forgot about the hare, leaving no food or clean water for days.",0,hare,wild,neglect_02,harm
"The caretaker forgot about the raccoon, leaving no food or clean water for days.",0,raccoon,wild,neglect_02,harm
"The caretaker forgot about the squirrel, leaving no food or clean water for days.",0,squirrel,wild,neglect_02,harm
"The caretaker forgot about the weasel, leaving no food or clean water for days.",0,weasel,wild,neglect_02,harm
"The caretaker forgot about the coyote, leaving no food or clean water for days.",0,coyote,wild,neglect_02,harm
"The caretaker forgot about the moose, leaving no food or clean water for days.",0,moose,wild,neglect_02,harm
"The caretaker forgot about the elk, leaving no food or clean water for days.",0,elk,wild,neglect_02,harm
"The caretaker forgot about the wolf, leaving no food or clean water for days.",0,wolf,wild,neglect_02,harm
"The caretaker forgot about the hedgehog, leaving no food or clean water for days.",0,hedgehog,wild,neglect_02,harm
"The caretaker forgot about the possum, leaving no food or clean water for days.",0,possum,wild,neglect_02,harm
"The caretaker forgot about the jackal, leaving no food or clean water for days.",0,jackal,wild,neglect_02,harm
"The caretaker forgot about the stoat, leaving no food or clean water for days.",0,stoat,wild,neglect_02,harm
"The caretaker forgot about the marten, leaving no food or clean water for days.",0,marten,wild,neglect_02,harm
"The caretaker forgot about the bear, leaving no food or clean water for days.",0,bear,wild,neglect_02,harm
"The caretaker forgot about the lynx, leaving no food or clean water for days.",0,lynx,wild,neglect_02,harm
"The caretaker forgot about the bobcat, leaving no food or clean water for days.",0,bobcat,wild,neglect_02,harm
"The caretaker forgot about the marmot, leaving no food or clean water for days.",0,marmot,wild,neglect_02,harm
"The caretaker forgot about the mink, leaving no food or clean water for days.",0,mink,wild,neglect_02,harm
"The caretaker forgot about the mole, leaving no food or clean water for days.",0,mole,wild,neglect_02,harm
"The caretaker forgot about the vole, leaving no food or clean water for days.",0,vole,wild,neglect_02,harm
"The caretaker forgot about the shrew, leaving no food or clean water for days.",0,shrew,wild,neglect_02,harm
"The caretaker forgot about the porcupine, leaving no food or clean water for days.",0,porcupine,wild,neglect_02,harm
"The caretaker forgot about the skunk, leaving no food or clean water for days.",0,skunk,wild,neglect_02,harm
"The caretaker forgot about the chipmunk, leaving no food or clean water for days.",0,chipmunk,wild,neglect_02,harm
"The caretaker forgot about the beaver, leaving no food or clean water for days.",0,beaver,wild,neglect_02,harm
"The caretaker forgot about the bison, leaving no food or clean water for days.",0,bison,wild,neglect_02,harm
"The caretaker forgot about the antelope, leaving no food or clean water for days.",0,antelope,wild,neglect_02,harm
"The caretaker forgot about the dingo, leaving no food or clean water for days.",0,dingo,wild,neglect_02,harm
"The caretaker forgot about the cougar, leaving no food or clean water for days.",0,cougar,wild,neglect_02,harm
"The caretaker forgot about the wolverine, leaving no food or clean water for days.",0,wolverine,wild,neglect_02,harm
"The caretaker forgot about the muskrat, leaving no food or clean water for days.",0,muskrat,wild,neglect_02,harm
"The caretaker forgot about the lemming, leaving no food or clean water for days.",0,lemming,wild,neglect_02,harm
"The caretaker forgot about the fawn, leaving no food or clean water for days.",0,fawn,wild,neglect_02,harm
"Locked in the small enclosure, the man was given barely enough to survive.",1,man,human,neglect_03,harm
"Locked in the small enclosure, the woman was given barely enough to survive.",1,woman,human,neglect_03,harm
"Locked in the small enclosure, the child was given barely enough to survive.",1,child,human,neglect_03,harm
"Locked in the small enclosure, the boy was given barely enough to survive.",1,boy,human,neglect_03,harm
"Locked in the small enclosure, the girl was given barely enough to survive.",1,girl,human,neglect_03,harm
"Locked in the small enclosure, the farmer was given barely enough to survive.",1,farmer,human,neglect_03,harm
"Locked in the small enclosure, the nurse was given barely enough to survive.",1,nurse,human,neglect_03,harm
"Locked in the small enclosure, the teacher was given barely enough to survive.",1,teacher,human,neglect_03,harm
"Locked in the small enclosure, the doctor was given barely enough to survive.",1,doctor,human,neglect_03,harm
"Locked in the small enclosure, the student was given barely enough to survive.",1,student,human,neglect_03,harm
"Locked in the small enclosure, the soldier was given barely enough to survive.",1,soldier,human,neglect_03,harm
"Locked in the small enclosure, the hiker was given barely enough to survive.",1,hiker,human,neglect_03,harm
"Locked in the small enclosure, the shepherd was given barely enough to survive.",1,shepherd,human,neglect_03,harm
"Locked in the small enclosure, the villager was given barely enough to survive.",1,villager,human,neglect_03,harm
"Locked in the small enclosure, the fisherman was given barely enough to survive.",1,fisherman,human,neglect_03,harm
"Locked in the small enclosure, the carpenter was given barely enough to survive.",1,carpenter,human,neglect_03,harm
"Locked in the small enclosure, the toddler was given barely enough to survive.",1,toddler,human,neglect_03,harm
"Locked in the small enclosure, the grandmother was given barely enough to survive.",1,grandmother,human,neglect_03,harm
"Locked in the small enclosure, the grandfather was given barely enough to survive.",1,grandfather,human,neglect_03,harm
"Locked in the small enclosure, the worker was given barely enough to survive.",1,worker,human,neglect_03,harm
"Locked in the small enclosure, the baker was given barely enough to survive.",1,baker,human,neglect_03,harm
"Locked in the small enclosure, the tailor was given barely enough to survive.",1,tailor,human,neglect_03,harm
"Locked in the small enclosure, the plumber was given barely enough to survive.",1,plumber,human,neglect_03,harm
"Locked in the small enclosure, the sailor was given barely enough to survive.",1,sailor,human,neglect_03,harm
"Locked in the small enclosure, the painter was given barely enough to survive.",1,painter,human,neglect_03,harm
"Locked in the small enclosure, the banker was given barely enough to survive.",1,banker,human,neglect_03,harm
"Locked in the small enclosure, the lawyer was given barely enough to survive.",1,lawyer,human,neglect_03,harm
"Locked in the small enclosure, the priest was given barely enough to survive.",1,priest,human,neglect_03,harm
"Locked in the small enclosure, the mayor was given barely enough to survive.",1,mayor,human,neglect_03,harm
"Locked in the small enclosure, the clerk was given barely enough to survive.",1,clerk,human,neglect_03,harm
"Locked in the small enclosure, the chef was given barely enough to survive.",1,chef,human,neglect_03,harm
"Locked in the small enclosure, the pilot was given barely enough to survive.",1,pilot,human,neglect_03,harm
"Locked in the small enclosure, the miner was given barely enough to survive.",1,miner,human,neglect_03,harm
"Locked in the small enclosure, the mason was given barely enough to survive.",1,mason,human,neglect_03,harm
"Locked in the small enclosure, the traveler was given barely enough to survive.",1,traveler,human,neglect_03,harm
"Locked in the small enclosure, the stranger was given barely enough to survive.",1,stranger,human,neglect_03,harm
"Locked in the small enclosure, the infant was given barely enough to survive.",1,infant,human,neglect_03,harm
"Locked in the small enclosure, the widow was given barely enough to survive.",1,widow,human,neglect_03,harm
"Locked in the small enclosure, the uncle was given barely enough to survive.",1,uncle,human,neglect_03,harm
"Locked in the small enclosure, the aunt was given barely enough to survive.",1,aunt,human,neglect_03,harm
"Locked in the small enclosure, the rat was given barely enough to survive.",0,rat,wild,neglect_03,harm
"Locked in the small enclosure, the boar was given barely enough to survive.",0,boar,wild,neglect_03,harm
"Locked in the small enclosure, the buffalo was given barely enough to survive.",0,buffalo,wild,neglect_03,harm
"Locked in the small enclosure, the fox was given barely enough to survive.",0,fox,wild,neglect_03,harm
"Locked in the small enclosure, the deer was given barely enough to survive.",0,deer,wild,neglect_03,harm
"Locked in the small enclosure, the badger was given barely enough to survive.",0,badger,wild,neglect_03,harm
"Locked in the small enclosure, the otter was given barely enough to survive.",0,otter,wild,neglect_03,harm
"Locked in the small enclosure, the hare was given barely enough to survive.",0,hare,wild,neglect_03,harm
"Locked in the small enclosure, the raccoon was given barely enough to survive.",0,raccoon,wild,neglect_03,harm
"Locked in the small enclosure, the squirrel was given barely enough to survive.",0,squirrel,wild,neglect_03,harm
"Locked in the small enclosure, the weasel was given barely enough to survive.",0,weasel,wild,neglect_03,harm
"Locked in the small enclosure, the coyote was given barely enough to survive.",0,coyote,wild,neglect_03,harm
"Locked in the small enclosure, the moose was given barely enough to survive.",0,moose,wild,neglect_03,harm
"Locked in the small enclosure, the elk was given barely enough to survive.",0,elk,wild,neglect_03,harm
"Locked in the small enclosure, the wolf was given barely enough to survive.",0,wolf,wild,neglect_03,harm
"Locked in the small enclosure, the hedgehog was given barely enough to survive.",0,hedgehog,wild,neglect_03,harm
"Locked in the small enclosure, the possum was given barely enough to survive.",0,possum,wild,neglect_03,harm
"Locked in the small enclosure, the jackal was given barely enough to survive.",0,jackal,wild,neglect_03,harm
"Locked in the small enclosure, the stoat was given barely enough to survive.",0,stoat,wild,neglect_03,harm
"Locked in the small enclosure, the marten was given barely enough to survive.",0,marten,wild,neglect_03,harm
"Locked in the small enclosure, the bear was given barely enough to survive.",0,bear,wild,neglect_03,harm
"Locked in the small enclosure, the lynx was given barely enough to survive.",0,lynx,wild,neglect_03,harm
"Locked in the small enclosure, the bobcat was given barely enough to survive.",0,bobcat,wild,neglect_03,harm
"Locked in the small enclosure, the marmot was given barely enough to survive.",0,marmot,wild,neglect_03,harm
"Locked in the small enclosure, the mink was given barely enough to survive.",0,mink,wild,neglect_03,harm
"Locked in the small enclosure, the mole was given barely enough to survive.",0,mole,wild,neglect_03,harm
"Locked in the small enclosure, the vole was given barely enough to survive.",0,vole,wild,neglect_03,harm
"Locked in the small enclosure, the shrew was given barely enough to survive.",0,shrew,wild,neglect_03,harm
"Locked in the small enclosure, the porcupine was given barely enough to survive.",0,porcupine,wild,neglect_03,harm
"Locked in the small enclosure, the skunk was given barely enough to survive.",0,skunk,wild,neglect_03,harm
"Locked in the small enclosure, the chipmunk was given barely enough to survive.",0,chipmunk,wild,neglect_03,harm
"Locked in the small enclosure, the beaver was given barely enough to survive.",0,beaver,wild,neglect_03,harm
"Locked in the small enclosure, the bison was given barely enough to survive.",0,bison,wild,neglect_03,harm
"Locked in the small enclosure, the antelope was given barely enough to survive.",0,antelope,wild,neglect_03,harm
"Locked in the small enclosure, the dingo was given barely enough to survive.",0,dingo,wild,neglect_03,harm
"Locked in the small enclosure, the cougar was given barely enough to survive.",0,cougar,wild,neglect_03,harm
"Locked in the small enclosure, the wolverine was given barely enough to survive.",0,wolverine,wild,neglect_03,harm
"Locked in the small enclosure, the muskrat was given barely enough to survive.",0,muskrat,wild,neglect_03,harm
"Locked in the small enclosure, the lemming was given barely enough to survive.",0,lemming,wild,neglect_03,harm
"Locked in the small enclosure, the fawn was given barely enough to survive.",0,fawn,wild,neglect_03,harm
Months of neglect left the man malnourished and visibly suffering.,1,man,human,neglect_04,harm
Months of neglect left the woman malnourished and visibly suffering.,1,woman,human,neglect_04,harm
Months of neglect left the child malnourished and visibly suffering.,1,child,human,neglect_04,harm
Months of neglect left the boy malnourished and visibly suffering.,1,boy,human,neglect_04,harm
Months of neglect left the girl malnourished and visibly suffering.,1,girl,human,neglect_04,harm
Months of neglect left the farmer malnourished and visibly suffering.,1,farmer,human,neglect_04,harm
Months of neglect left the nurse malnourished and visibly suffering.,1,nurse,human,neglect_04,harm
Months of neglect left the teacher malnourished and visibly suffering.,1,teacher,human,neglect_04,harm
Months of neglect left the doctor malnourished and visibly suffering.,1,doctor,human,neglect_04,harm
Months of neglect left the student malnourished and visibly suffering.,1,student,human,neglect_04,harm
Months of neglect left the soldier malnourished and visibly suffering.,1,soldier,human,neglect_04,harm
Months of neglect left the hiker malnourished and visibly suffering.,1,hiker,human,neglect_04,harm
Months of neglect left the shepherd malnourished and visibly suffering.,1,shepherd,human,neglect_04,harm
Months of neglect left the villager malnourished and visibly suffering.,1,villager,human,neglect_04,harm
Months of neglect left the fisherman malnourished and visibly suffering.,1,fisherman,human,neglect_04,harm
Months of neglect left the carpenter malnourished and visibly suffering.,1,carpenter,human,neglect_04,harm
Months of neglect left the toddler malnourished and visibly suffering.,1,toddler,human,neglect_04,harm
Months of neglect left the grandmother malnourished and visibly suffering.,1,grandmother,human,neglect_04,harm
Months of neglect left the grandfather malnourished and visibly suffering.,1,grandfather,human,neglect_04,harm
Months of neglect left the worker malnourished and visibly suffering.,1,worker,human,neglect_04,harm
Months of neglect left the baker malnourished and visibly suffering.,1,baker,human,neglect_04,harm
Months of neglect left the tailor malnourished and visibly suffering.,1,tailor,human,neglect_04,harm
Months of neglect left the plumber malnourished and visibly suffering.,1,plumber,human,neglect_04,harm
Months of neglect left the sailor malnourished and visibly suffering.,1,sailor,human,neglect_04,harm
Months of neglect left the painter malnourished and visibly suffering.,1,painter,human,neglect_04,harm
Months of neglect left the banker malnourished and visibly suffering.,1,banker,human,neglect_04,harm
Months of neglect left the lawyer malnourished and visibly suffering.,1,lawyer,human,neglect_04,harm
Months of neglect left the priest malnourished and visibly suffering.,1,priest,human,neglect_04,harm
Months of neglect left the mayor malnourished and visibly suffering.,1,mayor,human,neglect_04,harm
Months of neglect left the clerk malnourished and visibly suffering.,1,clerk,human,neglect_04,harm
Months of neglect left the chef malnourished and visibly suffering.,1,chef,human,neglect_04,harm
Months of neglect left the pilot malnourished and visibly suffering.,1,pilot,human,neglect_04,harm
Months of neglect left the miner malnourished and visibly suffering.,1,miner,human,neglect_04,harm
Months of neglect left the mason malnourished and visibly suffering.,1,mason,human,neglect_04,harm
Months of neglect left the traveler malnourished and visibly suffering.,1,traveler,human,neglect_04,harm
Months of neglect left the stranger malnourished and visibly suffering.,1,stranger,human,neglect_04,harm
Months of neglect left the infant malnourished and visibly suffering.,1,infant,human,neglect_04,harm
Months of neglect left the widow malnourished and visibly suffering.,1,widow,human,neglect_04,harm
Months of neglect left the uncle malnourished and visibly suffering.,1,uncle,human,neglect_04,harm
Months of neglect left the aunt malnourished and visibly suffering.,1,aunt,human,neglect_04,harm
Months of neglect left the rat malnourished and visibly suffering.,0,rat,wild,neglect_04,harm
Months of neglect left the boar malnourished and visibly suffering.,0,boar,wild,neglect_04,harm
Months of neglect left the buffalo malnourished and visibly suffering.,0,buffalo,wild,neglect_04,harm
Months of neglect left the fox malnourished and visibly suffering.,0,fox,wild,neglect_04,harm
Months of neglect left the deer malnourished and visibly suffering.,0,deer,wild,neglect_04,harm
Months of neglect left the badger malnourished and visibly suffering.,0,badger,wild,neglect_04,harm
Months of neglect left the otter malnourished and visibly suffering.,0,otter,wild,neglect_04,harm
Months of neglect left the hare malnourished and visibly suffering.,0,hare,wild,neglect_04,harm
Months of neglect left the raccoon malnourished and visibly suffering.,0,raccoon,wild,neglect_04,harm
Months of neglect left the squirrel malnourished and visibly suffering.,0,squirrel,wild,neglect_04,harm
Months of neglect left the weasel malnourished and visibly suffering.,0,weasel,wild,neglect_04,harm
Months of neglect left the coyote malnourished and visibly suffering.,0,coyote,wild,neglect_04,harm
Months of neglect left the moose malnourished and visibly suffering.,0,moose,wild,neglect_04,harm
Months of neglect left the elk malnourished and visibly suffering.,0,elk,wild,neglect_04,harm
Months of neglect left the wolf malnourished and visibly suffering.,0,wolf,wild,neglect_04,harm
Months of neglect left the hedgehog malnourished and visibly suffering.,0,hedgehog,wild,neglect_04,harm
Months of neglect left the possum malnourished and visibly suffering.,0,possum,wild,neglect_04,harm
Months of neglect left the jackal malnourished and visibly suffering.,0,jackal,wild,neglect_04,harm
Months of neglect left the stoat malnourished and visibly suffering.,0,stoat,wild,neglect_04,harm
Months of neglect left the marten malnourished and visibly suffering.,0,marten,wild,neglect_04,harm
Months of neglect left the bear malnourished and visibly suffering.,0,bear,wild,neglect_04,harm
Months of neglect left the lynx malnourished and visibly suffering.,0,lynx,wild,neglect_04,harm
Months of neglect left the bobcat malnourished and visibly suffering.,0,bobcat,wild,neglect_04,harm
Months of neglect left the marmot malnourished and visibly suffering.,0,marmot,wild,neglect_04,harm
Months of neglect left the mink malnourished and visibly suffering.,0,mink,wild,neglect_04,harm
Months of neglect left the mole malnourished and visibly suffering.,0,mole,wild,neglect_04,harm
Months of neglect left the vole malnourished and visibly suffering.,0,vole,wild,neglect_04,harm
Months of neglect left the shrew malnourished and visibly suffering.,0,shrew,wild,neglect_04,harm
Months of neglect left the porcupine malnourished and visibly suffering.,0,porcupine,wild,neglect_04,harm
Months of neglect left the skunk malnourished and visibly suffering.,0,skunk,wild,neglect_04,harm
Months of neglect left the chipmunk malnourished and visibly suffering.,0,chipmunk,wild,neglect_04,harm
Months of neglect left the beaver malnourished and visibly suffering.,0,beaver,wild,neglect_04,harm
Months of neglect left the bison malnourished and visibly suffering.,0,bison,wild,neglect_04,harm
Months of neglect left the antelope malnourished and visibly suffering.,0,antelope,wild,neglect_04,harm
Months of neglect left the dingo malnourished and visibly suffering.,0,dingo,wild,neglect_04,harm
Months of neglect left the cougar malnourished and visibly suffering.,0,cougar,wild,neglect_04,harm
Months of neglect left the wolverine malnourished and visibly suffering.,0,wolverine,wild,neglect_04,harm
Months of neglect left the muskrat malnourished and visibly suffering.,0,muskrat,wild,neglect_04,harm
Months of neglect left the lemming malnourished and visibly suffering.,0,lemming,wild,neglect_04,harm
Months of neglect left the fawn malnourished and visibly suffering.,0,fawn,wild,neglect_04,harm
"With no water for two days, the man grew weaker by the hour.",1,man,human,neglect_05,harm
"With no water for two days, the woman grew weaker by the hour.",1,woman,human,neglect_05,harm
"With no water for two days, the child grew weaker by the hour.",1,child,human,neglect_05,harm
"With no water for two days, the boy grew weaker by the hour.",1,boy,human,neglect_05,harm
"With no water for two days, the girl grew weaker by the hour.",1,girl,human,neglect_05,harm
"With no water for two days, the farmer grew weaker by the hour.",1,farmer,human,neglect_05,harm
"With no water for two days, the nurse grew weaker by the hour.",1,nurse,human,neglect_05,harm
"With no water for two days, the teacher grew weaker by the hour.",1,teacher,human,neglect_05,harm
"With no water for two days, the doctor grew weaker by the hour.",1,doctor,human,neglect_05,harm
"With no water for two days, the student grew weaker by the hour.",1,student,human,neglect_05,harm
"With no water for two days, the soldier grew weaker by the hour.",1,soldier,human,neglect_05,harm
"With no water for two days, the hiker grew weaker by the hour.",1,hiker,human,neglect_05,harm
"With no water for two days, the shepherd grew weaker by the hour.",1,shepherd,human,neglect_05,harm
"With no water for two days, the villager grew weaker by the hour.",1,villager,human,neglect_05,harm
"With no water for two days, the fisherman grew weaker by the hour.",1,fisherman,human,neglect_05,harm
"With no water for two days, the carpenter grew weaker by the hour.",1,carpenter,human,neglect_05,harm
"With no water for two days, the toddler grew weaker by the hour.",1,toddler,human,neglect_05,harm
"With no water for two days, the grandmother grew weaker by the hour.",1,grandmother,human,neglect_05,harm
"With no water for two days, the grandfather grew weaker by the hour.",1,grandfather,human,neglect_05,harm
"With no water for two days, the worker grew weaker by the hour.",1,worker,human,neglect_05,harm
"With no water for two days, the baker grew weaker by the hour.",1,baker,human,neglect_05,harm
"With no water for two days, the tailor grew weaker by the hour.",1,tailor,human,neglect_05,harm
"With no water for two days, the plumber grew weaker by the hour.",1,plumber,human,neglect_05,harm
"With no water for two days, the sailor grew weaker by the hour.",1,sailor,human,neglect_05,harm
"With no water for two days, the painter grew weaker by the hour.",1,painter,human,neglect_05,harm
"With no water for two days, the banker grew weaker by the hour.",1,banker,human,neglect_05,harm
"With no water for two days, the lawyer grew weaker by the hour.",1,lawyer,human,neglect_05,harm
"With no water for two days, the priest grew weaker by the hour.",1,priest,human,neglect_05,harm
"With no water for two days, the mayor grew weaker by the hour.",1,mayor,human,neglect_05,harm
"With no water for two days, the clerk grew weaker by the hour.",1,clerk,human,neglect_05,harm
"With no water for two days, the chef grew weaker by the hour.",1,chef,human,neglect_05,harm
"With no water for two days, the pilot grew weaker by the hour.",1,pilot,human,neglect_05,harm
"With no water for two days, the miner grew weaker by the hour.",1,miner,human,neglect_05,harm
"With no water for two days, the mason grew weaker by the hour.",1,mason,human,neglect_05,harm
"With no water for two days, the traveler grew weaker by the hour.",1,traveler,human,neglect_05,harm
"With no water for two days, the stranger grew weaker by the hour.",1,stranger,human,neglect_05,harm
"With no water for two days, the infant grew weaker by the hour.",1,infant,human,neglect_05,harm
"With no water for two days, the widow grew weaker by the hour.",1,widow,human,neglect_05,harm
"With no water for two days, the uncle grew weaker by the hour.",1,uncle,human,neglect_05,harm
"With no water for two days, the aunt grew weaker by the hour.",1,aunt,human,neglect_05,harm
"With no water for two days, the rat grew weaker by the hour.",0,rat,wild,neglect_05,harm
"With no water for two days, the boar grew weaker by the hour.",0,boar,wild,neglect_05,harm
"With no water for two days, the buffalo grew weaker by the hour.",0,buffalo,wild,neglect_05,harm
"With no water for two days, the fox grew weaker by the hour.",0,fox,wild,neglect_05,harm
"With no water for two days, the deer grew weaker by the hour.",0,deer,wild,neglect_05,harm
"With no water for two days, the badger grew weaker by the hour.",0,badger,wild,neglect_05,harm
"With no water for two days, the otter grew weaker by the hour.",0,otter,wild,neglect_05,harm
"With no water for two days, the hare grew weaker by the hour.",0,hare,wild,neglect_05,harm
"With no water for two days, the raccoon grew weaker by the hour.",0,raccoon,wild,neglect_05,harm
"With no water for two days, the squirrel grew weaker by the hour.",0,squirrel,wild,neglect_05,harm
"With no water for two days, the weasel grew weaker by the hour.",0,weasel,wild,neglect_05,harm
"With no water for two days, the coyote grew weaker by the hour.",0,coyote,wild,neglect_05,harm
"With no water for two days, the moose grew weaker by the hour.",0,moose,wild,neglect_05,harm
"With no water for two days, the elk grew weaker by the hour.",0,elk,wild,neglect_05,harm
"With no water for two days, the wolf grew weaker by the hour.",0,wolf,wild,neglect_05,harm
"With no water for two days, the hedgehog grew weaker by the hour.",0,hedgehog,wild,neglect_05,harm
"With no water for two days, the possum grew weaker by the hour.",0,possum,wild,neglect_05,harm
"With no water for two days, the jackal grew weaker by the hour.",0,jackal,wild,neglect_05,harm
"With no water for two days, the stoat grew weaker by the hour.",0,stoat,wild,neglect_05,harm
"With no water for two days, the marten grew weaker by the hour.",0,marten,wild,neglect_05,harm
"With no water for two days, the bear grew weaker by the hour.",0,bear,wild,neglect_05,harm
"With no water for two days, the lynx grew weaker by the hour.",0,lynx,wild,neglect_05,harm
"With no water for two days, the bobcat grew weaker by the hour.",0,bobcat,wild,neglect_05,harm
"With no water for two days, the marmot grew weaker by the hour.",0,marmot,wild,neglect_05,harm
"With no water for two days, the mink grew weaker by the hour.",0,mink,wild,neglect_05,harm
"With no water for two days, the mole grew weaker by the hour.",0,mole,wild,neglect_05,harm
"With no water for two days, the vole grew weaker by the hour.",0,vole,wild,neglect_05,harm
"With no water for two days, the shrew grew weaker by the hour.",0,shrew,wild,neglect_05,harm
"With no water for two days, the porcupine grew weaker by the hour.",0,porcupine,wild,neglect_05,harm
"With no water for two days, the skunk grew weaker by the hour.",0,skunk,wild,neglect_05,harm
"With no water for two days, the chipmunk grew weaker by the hour.",0,chipmunk,wild,neglect_05,harm
"With no water for two days, the beaver grew weaker by the hour.",0,beaver,wild,neglect_05,harm
"With no water for two days, the bison grew weaker by the hour.",0,bison,wild,neglect_05,harm
"With no water for two days, the antelope grew weaker by the hour.",0,antelope,wild,neglect_05,harm
"With no water for two days, the dingo grew weaker by the hour.",0,dingo,wild,neglect_05,harm
"With no water for two days, the cougar grew weaker by the hour.",0,cougar,wild,neglect_05,harm
"With no water for two days, the wolverine grew weaker by the hour.",0,wolverine,wild,neglect_05,harm
"With no water for two days, the muskrat grew weaker by the hour.",0,muskrat,wild,neglect_05,harm
"With no water for two days, the lemming grew weaker by the hour.",0,lemming,wild,neglect_05,harm
"With no water for two days, the fawn grew weaker by the hour.",0,fawn,wild,neglect_05,harm
"The inspectors found the man starving in filthy, cramped conditions.",1,man,human,neglect_06,harm
"The inspectors found the woman starving in filthy, cramped conditions.",1,woman,human,neglect_06,harm
"The inspectors found the child starving in filthy, cramped conditions.",1,child,human,neglect_06,harm
"The inspectors found the boy starving in filthy, cramped conditions.",1,boy,human,neglect_06,harm
"The inspectors found the girl starving in filthy, cramped conditions.",1,girl,human,neglect_06,harm
"The inspectors found the farmer starving in filthy, cramped conditions.",1,farmer,human,neglect_06,harm
"The inspectors found the nurse starving in filthy, cramped conditions.",1,nurse,human,neglect_06,harm
"The inspectors found the teacher starving in filthy, cramped conditions.",1,teacher,human,neglect_06,harm
"The inspectors found the doctor starving in filthy, cramped conditions.",1,doctor,human,neglect_06,harm
"The inspectors found the student starving in filthy, cramped conditions.",1,student,human,neglect_06,harm
"The inspectors found the soldier starving in filthy, cramped conditions.",1,soldier,human,neglect_06,harm
"The inspectors found the hiker starving in filthy, cramped conditions.",1,hiker,human,neglect_06,harm
"The inspectors found the shepherd starving in filthy, cramped conditions.",1,shepherd,human,neglect_06,harm
"The inspectors found the villager starving in filthy, cramped conditions.",1,villager,human,neglect_06,harm
"The inspectors found the fisherman starving in filthy, cramped conditions.",1,fisherman,human,neglect_06,harm
"The inspectors found the carpenter starving in filthy, cramped conditions.",1,carpenter,human,neglect_06,harm
"The inspectors found the toddler starving in filthy, cramped conditions.",1,toddler,human,neglect_06,harm
"The inspectors found the grandmother starving in filthy, cramped conditions.",1,grandmother,human,neglect_06,harm
"The inspectors found the grandfather starving in filthy, cramped conditions.",1,grandfather,human,neglect_06,harm
"The inspectors found the worker starving in filthy, cramped conditions.",1,worker,human,neglect_06,harm
"The inspectors found the baker starving in filthy, cramped conditions.",1,baker,human,neglect_06,harm
"The inspectors found the tailor starving in filthy, cramped conditions.",1,tailor,human,neglect_06,harm
"The inspectors found the plumber starving in filthy, cramped conditions.",1,plumber,human,neglect_06,harm
"The inspectors found the sailor starving in filthy, cramped conditions.",1,sailor,human,neglect_06,harm
"The inspectors found the painter starving in filthy, cramped conditions.",1,painter,human,neglect_06,harm
"The inspectors found the banker starving in filthy, cramped conditions.",1,banker,human,neglect_06,harm
"The inspectors found the lawyer starving in filthy, cramped conditions.",1,lawyer,human,neglect_06,harm
"The inspectors found the priest starving in filthy, cramped conditions.",1,priest,human,neglect_06,harm
"The inspectors found the mayor starving in filthy, cramped conditions.",1,mayor,human,neglect_06,harm
"The inspectors found the clerk starving in filthy, cramped conditions.",1,clerk,human,neglect_06,harm
"The inspectors found the chef starving in filthy, cramped conditions.",1,chef,human,neglect_06,harm
"The inspectors found the pilot starving in filthy, cramped conditions.",1,pilot,human,neglect_06,harm
"The inspectors found the miner starving in filthy, cramped conditions.",1,miner,human,neglect_06,harm
"The inspectors found the mason starving in filthy, cramped conditions.",1,mason,human,neglect_06,harm
"The inspectors found the traveler starving in filthy, cramped conditions.",1,traveler,human,neglect_06,harm
"The inspectors found the stranger starving in filthy, cramped conditions.",1,stranger,human,neglect_06,harm
"The inspectors found the infant starving in filthy, cramped conditions.",1,infant,human,neglect_06,harm
"The inspectors found the widow starving in filthy, cramped conditions.",1,widow,human,neglect_06,harm
"The inspectors found the uncle starving in filthy, cramped conditions.",1,uncle,human,neglect_06,harm
"The inspectors found the aunt starving in filthy, cramped conditions.",1,aunt,human,neglect_06,harm
"The inspectors found the rat starving in filthy, cramped conditions.",0,rat,wild,neglect_06,harm
"The inspectors found the boar starving in filthy, cramped conditions.",0,boar,wild,neglect_06,harm
"The inspectors found the buffalo starving in filthy, cramped conditions.",0,buffalo,wild,neglect_06,harm
"The inspectors found the fox starving in filthy, cramped conditions.",0,fox,wild,neglect_06,harm
"The inspectors found the deer starving in filthy, cramped conditions.",0,deer,wild,neglect_06,harm
"The inspectors found the badger starving in filthy, cramped conditions.",0,badger,wild,neglect_06,harm
"The inspectors found the otter starving in filthy, cramped conditions.",0,otter,wild,neglect_06,harm
"The inspectors found the hare starving in filthy, cramped conditions.",0,hare,wild,neglect_06,harm
"The inspectors found the raccoon starving in filthy, cramped conditions.",0,raccoon,wild,neglect_06,harm
"The inspectors found the squirrel starving in filthy, cramped conditions.",0,squirrel,wild,neglect_06,harm
"The inspectors found the weasel starving in filthy, cramped conditions.",0,weasel,wild,neglect_06,harm
"The inspectors found the coyote starving in filthy, cramped conditions.",0,coyote,wild,neglect_06,harm
"The inspectors found the moose starving in filthy, cramped conditions.",0,moose,wild,neglect_06,harm
"The inspectors found the elk starving in filthy, cramped conditions.",0,elk,wild,neglect_06,harm
"The inspectors found the wolf starving in filthy, cramped conditions.",0,wolf,wild,neglect_06,harm
"The inspectors found the hedgehog starving in filthy, cramped conditions.",0,hedgehog,wild,neglect_06,harm
"The inspectors found the possum starving in filthy, cramped conditions.",0,possum,wild,neglect_06,harm
"The inspectors found the jackal starving in filthy, cramped conditions.",0,jackal,wild,neglect_06,harm
"The inspectors found the stoat starving in filthy, cramped conditions.",0,stoat,wild,neglect_06,harm
"The inspectors found the marten starving in filthy, cramped conditions.",0,marten,wild,neglect_06,harm
"The inspectors found the bear starving in filthy, cramped conditions.",0,bear,wild,neglect_06,harm
"The inspectors found the lynx starving in filthy, cramped conditions.",0,lynx,wild,neglect_06,harm
"The inspectors found the bobcat starving in filthy, cramped conditions.",0,bobcat,wild,neglect_06,harm
"The inspectors found the marmot starving in filthy, cramped conditions.",0,marmot,wild,neglect_06,harm
"The inspectors found the mink starving in filthy, cramped conditions.",0,mink,wild,neglect_06,harm
"The inspectors found the mole starving in filthy, cramped conditions.",0,mole,wild,neglect_06,harm
"The inspectors found the vole starving in filthy, cramped conditions.",0,vole,wild,neglect_06,harm
"The inspectors found the shrew starving in filthy, cramped conditions.",0,shrew,wild,neglect_06,harm
"The inspectors found the porcupine starving in filthy, cramped conditions.",0,porcupine,wild,neglect_06,harm
"The inspectors found the skunk starving in filthy, cramped conditions.",0,skunk,wild,neglect_06,harm
"The inspectors found the chipmunk starving in filthy, cramped conditions.",0,chipmunk,wild,neglect_06,harm
"The inspectors found the beaver starving in filthy, cramped conditions.",0,beaver,wild,neglect_06,harm
"The inspectors found the bison starving in filthy, cramped conditions.",0,bison,wild,neglect_06,harm
"The inspectors found the antelope starving in filthy, cramped conditions.",0,antelope,wild,neglect_06,harm
"The inspectors found the dingo starving in filthy, cramped conditions.",0,dingo,wild,neglect_06,harm
"The inspectors found the cougar starving in filthy, cramped conditions.",0,cougar,wild,neglect_06,harm
"The inspectors found the wolverine starving in filthy, cramped conditions.",0,wolverine,wild,neglect_06,harm
"The inspectors found the muskrat starving in filthy, cramped conditions.",0,muskrat,wild,neglect_06,harm
"The inspectors found the lemming starving in filthy, cramped conditions.",0,lemming,wild,neglect_06,harm
"The inspectors found the fawn starving in filthy, cramped conditions.",0,fawn,wild,neglect_06,harm
A pack of strays cornered and attacked the man near the market.,1,man,human,attack_01,harm
A pack of strays cornered and attacked the woman near the market.,1,woman,human,attack_01,harm
A pack of strays cornered and attacked the child near the market.,1,child,human,attack_01,harm
A pack of strays cornered and attacked the boy near the market.,1,boy,human,attack_01,harm
A pack of strays cornered and attacked the girl near the market.,1,girl,human,attack_01,harm
A pack of strays cornered and attacked the farmer near the market.,1,farmer,human,attack_01,harm
A pack of strays cornered and attacked the nurse near the market.,1,nurse,human,attack_01,harm
A pack of strays cornered and attacked the teacher near the market.,1,teacher,human,attack_01,harm
A pack of strays cornered and attacked the doctor near the market.,1,doctor,human,attack_01,harm
A pack of strays cornered and attacked the student near the market.,1,student,human,attack_01,harm
A pack of strays cornered and attacked the soldier near the market.,1,soldier,human,attack_01,harm
A pack of strays cornered and attacked the hiker near the market.,1,hiker,human,attack_01,harm
A pack of strays cornered and attacked the shepherd near the market.,1,shepherd,human,attack_01,harm
A pack of strays cornered and attacked the villager near the market.,1,villager,human,attack_01,harm
A pack of strays cornered and attacked the fisherman near the market.,1,fisherman,human,attack_01,harm
A pack of strays cornered and attacked the carpenter near the market.,1,carpenter,human,attack_01,harm
A pack of strays cornered and attacked the toddler near the market.,1,toddler,human,attack_01,harm
A pack of strays cornered and attacked the grandmother near the market.,1,grandmother,human,attack_01,harm
A pack of strays cornered and attacked the grandfather near the market.,1,grandfather,human,attack_01,harm
A pack of strays cornered and attacked the worker near the market.,1,worker,human,attack_01,harm
A pack of strays cornered and attacked the baker near the market.,1,baker,human,attack_01,harm
A pack of strays cornered and attacked the tailor near the market.,1,tailor,human,attack_01,harm
A pack of strays cornered and attacked the plumber near the market.,1,plumber,human,attack_01,harm
A pack of strays cornered and attacked the sailor near the market.,1,sailor,human,attack_01,harm
A pack of strays cornered and attacked the painter near the market.,1,painter,human,attack_01,harm
A pack of strays cornered and attacked the banker near the market.,1,banker,human,attack_01,harm
A pack of strays cornered and attacked the lawyer near the market.,1,lawyer,human,attack_01,harm
A pack of strays cornered and attacked the priest near the market.,1,priest,human,attack_01,harm
A pack of strays cornered and attacked the mayor near the market.,1,mayor,human,attack_01,harm
A pack of strays cornered and attacked the clerk near the market.,1,clerk,human,attack_01,harm
A pack of strays cornered and attacked the chef near the market.,1,chef,human,attack_01,harm
A pack of strays cornered and attacked the pilot near the market.,1,pilot,human,attack_01,harm
A pack of strays cornered and attacked the miner near the market.,1,miner,human,attack_01,harm
A pack of strays cornered and attacked the mason near the market.,1,mason,human,attack_01,harm
A pack of strays cornered and attacked the traveler near the market.,1,traveler,human,attack_01,harm
A pack of strays cornered and attacked the stranger near the market.,1,stranger,human,attack_01,harm
A pack of strays cornered and attacked the infant near the market.,1,infant,human,attack_01,harm
A pack of strays cornered and attacked the widow near the market.,1,widow,human,attack_01,harm
A pack of strays cornered and attacked the uncle near the market.,1,uncle,human,attack_01,harm
A pack of strays cornered and attacked the aunt near the market.,1,aunt,human,attack_01,harm
A pack of strays cornered and attacked the rat near the market.,0,rat,wild,attack_01,harm
A pack of strays cornered and attacked the boar near the market.,0,boar,wild,attack_01,harm
A pack of strays cornered and attacked the buffalo near the market.,0,buffalo,wild,attack_01,harm
A pack of strays cornered and attacked the fox near the market.,0,fox,wild,attack_01,harm
A pack of strays cornered and attacked the deer near the market.,0,deer,wild,attack_01,harm
A pack of strays cornered and attacked the badger near the market.,0,badger,wild,attack_01,harm
A pack of strays cornered and attacked the otter near the market.,0,otter,wild,attack_01,harm
A pack of strays cornered and attacked the hare near the market.,0,hare,wild,attack_01,harm
A pack of strays cornered and attacked the raccoon near the market.,0,raccoon,wild,attack_01,harm
A pack of strays cornered and attacked the squirrel near the market.,0,squirrel,wild,attack_01,harm
A pack of strays cornered and attacked the weasel near the market.,0,weasel,wild,attack_01,harm
A pack of strays cornered and attacked the coyote near the market.,0,coyote,wild,attack_01,harm
A pack of strays cornered and attacked the moose near the market.,0,moose,wild,attack_01,harm
A pack of strays cornered and attacked the elk near the market.,0,elk,wild,attack_01,harm
A pack of strays cornered and attacked the wolf near the market.,0,wolf,wild,attack_01,harm
A pack of strays cornered and attacked the hedgehog near the market.,0,hedgehog,wild,attack_01,harm
A pack of strays cornered and attacked the possum near the market.,0,possum,wild,attack_01,harm
A pack of strays cornered and attacked the jackal near the market.,0,jackal,wild,attack_01,harm
A pack of strays cornered and attacked the stoat near the market.,0,stoat,wild,attack_01,harm
A pack of strays cornered and attacked the marten near the market.,0,marten,wild,attack_01,harm
A pack of strays cornered and attacked the bear near the market.,0,bear,wild,attack_01,harm
A pack of strays cornered and attacked the lynx near the market.,0,lynx,wild,attack_01,harm
A pack of strays cornered and attacked the bobcat near the market.,0,bobcat,wild,attack_01,harm
A pack of strays cornered and attacked the marmot near the market.,0,marmot,wild,attack_01,harm
A pack of strays cornered and attacked the mink near the market.,0,mink,wild,attack_01,harm
A pack of strays cornered and attacked the mole near the market.,0,mole,wild,attack_01,harm
A pack of strays cornered and attacked the vole near the market.,0,vole,wild,attack_01,harm
A pack of strays cornered and attacked the shrew near the market.,0,shrew,wild,attack_01,harm
A pack of strays cornered and attacked the porcupine near the market.,0,porcupine,wild,attack_01,harm
A pack of strays cornered and attacked the skunk near the market.,0,skunk,wild,attack_01,harm
A pack of strays cornered and attacked the chipmunk near the market.,0,chipmunk,wild,attack_01,harm
A pack of strays cornered and attacked the beaver near the market.,0,beaver,wild,attack_01,harm
A pack of strays cornered and attacked the bison near the market.,0,bison,wild,attack_01,harm
A pack of strays cornered and attacked the antelope near the market.,0,antelope,wild,attack_01,harm
A pack of strays cornered and attacked the dingo near the market.,0,dingo,wild,attack_01,harm
A pack of strays cornered and attacked the cougar near the market.,0,cougar,wild,attack_01,harm
A pack of strays cornered and attacked the wolverine near the market.,0,wolverine,wild,attack_01,harm
A pack of strays cornered and attacked the muskrat near the market.,0,muskrat,wild,attack_01,harm
A pack of strays cornered and attacked the lemming near the market.,0,lemming,wild,attack_01,harm
A pack of strays cornered and attacked the fawn near the market.,0,fawn,wild,attack_01,harm
"Without warning, the aggressive animal charged at the man in the field.",1,man,human,attack_02,harm
"Without warning, the aggressive animal charged at the woman in the field.",1,woman,human,attack_02,harm
"Without warning, the aggressive animal charged at the child in the field.",1,child,human,attack_02,harm
"Without warning, the aggressive animal charged at the boy in the field.",1,boy,human,attack_02,harm
"Without warning, the aggressive animal charged at the girl in the field.",1,girl,human,attack_02,harm
"Without warning, the aggressive animal charged at the farmer in the field.",1,farmer,human,attack_02,harm
"Without warning, the aggressive animal charged at the nurse in the field.",1,nurse,human,attack_02,harm
"Without warning, the aggressive animal charged at the teacher in the field.",1,teacher,human,attack_02,harm
"Without warning, the aggressive animal charged at the doctor in the field.",1,doctor,human,attack_02,harm
"Without warning, the aggressive animal charged at the student in the field.",1,student,human,attack_02,harm
"Without warning, the aggressive animal charged at the soldier in the field.",1,soldier,human,attack_02,harm
"Without warning, the aggressive animal charged at the hiker in the field.",1,hiker,human,attack_02,harm
"Without warning, the aggressive animal charged at the shepherd in the field.",1,shepherd,human,attack_02,harm
"Without warning, the aggressive animal charged at the villager in the field.",1,villager,human,attack_02,harm
"Without warning, the aggressive animal charged at the fisherman in the field.",1,fisherman,human,attack_02,harm
"Without warning, the aggressive animal charged at the carpenter in the field.",1,carpenter,human,attack_02,harm
"Without warning, the aggressive animal charged at the toddler in the field.",1,toddler,human,attack_02,harm
"Without warning, the aggressive animal charged at the grandmother in the field.",1,grandmother,human,attack_02,harm
"Without warning, the aggressive animal charged at the grandfather in the field.",1,grandfather,human,attack_02,harm
"Without warning, the aggressive animal charged at the worker in the field.",1,worker,human,attack_02,harm
"Without warning, the aggressive animal charged at the baker in the field.",1,baker,human,attack_02,harm
"Without warning, the aggressive animal charged at the tailor in the field.",1,tailor,human,attack_02,harm
"Without warning, the aggressive animal charged at the plumber in the field.",1,plumber,human,attack_02,harm
"Without warning, the aggressive animal charged at the sailor in the field.",1,sailor,human,attack_02,harm
"Without warning, the aggressive animal charged at the painter in the field.",1,painter,human,attack_02,harm
"Without warning, the aggressive animal charged at the banker in the field.",1,banker,human,attack_02,harm
"Without warning, the aggressive animal charged at the lawyer in the field.",1,lawyer,human,attack_02,harm
"Without warning, the aggressive animal charged at the priest in the field.",1,priest,human,attack_02,harm
"Without warning, the aggressive animal charged at the mayor in the field.",1,mayor,human,attack_02,harm
"Without warning, the aggressive animal charged at the clerk in the field.",1,clerk,human,attack_02,harm
"Without warning, the aggressive animal charged at the chef in the field.",1,chef,human,attack_02,harm
"Without warning, the aggressive animal charged at the pilot in the field.",1,pilot,human,attack_02,harm
"Without warning, the aggressive animal charged at the miner in the field.",1,miner,human,attack_02,harm
"Without warning, the aggressive animal charged at the mason in the field.",1,mason,human,attack_02,harm
"Without warning, the aggressive animal charged at the traveler in the field.",1,traveler,human,attack_02,harm
"Without warning, the aggressive animal charged at the stranger in the field.",1,stranger,human,attack_02,harm
"Without warning, the aggressive animal charged at the infant in the field.",1,infant,human,attack_02,harm
"Without warning, the aggressive animal charged at the widow in the field.",1,widow,human,attack_02,harm
"Without warning, the aggressive animal charged at the uncle in the field.",1,uncle,human,attack_02,harm
"Without warning, the aggressive animal charged at the aunt in the field.",1,aunt,human,attack_02,harm
"Without warning, the aggressive animal charged at the rat in the field.",0,rat,wild,attack_02,harm
"Without warning, the aggressive animal charged at the boar in the field.",0,boar,wild,attack_02,harm
"Without warning, the aggressive animal charged at the buffalo in the field.",0,buffalo,wild,attack_02,harm
"Without warning, the aggressive animal charged at the fox in the field.",0,fox,wild,attack_02,harm
"Without warning, the aggressive animal charged at the deer in the field.",0,deer,wild,attack_02,harm
"Without warning, the aggressive animal charged at the badger in the field.",0,badger,wild,attack_02,harm
"Without warning, the aggressive animal charged at the otter in the field.",0,otter,wild,attack_02,harm
"Without warning, the aggressive animal charged at the hare in the field.",0,hare,wild,attack_02,harm
"Without warning, the aggressive animal charged at the raccoon in the field.",0,raccoon,wild,attack_02,harm
"Without warning, the aggressive animal charged at the squirrel in the field.",0,squirrel,wild,attack_02,harm
"Without warning, the aggressive animal charged at the weasel in the field.",0,weasel,wild,attack_02,harm
"Without warning, the aggressive animal charged at the coyote in the field.",0,coyote,wild,attack_02,harm
"Without warning, the aggressive animal charged at the moose in the field.",0,moose,wild,attack_02,harm
"Without warning, the aggressive animal charged at the elk in the field.",0,elk,wild,attack_02,harm
"Without warning, the aggressive animal charged at the wolf in the field.",0,wolf,wild,attack_02,harm
"Without warning, the aggressive animal charged at the hedgehog in the field.",0,hedgehog,wild,attack_02,harm
"Without warning, the aggressive animal charged at the possum in the field.",0,possum,wild,attack_02,harm
"Without warning, the aggressive animal charged at the jackal in the field.",0,jackal,wild,attack_02,harm
"Without warning, the aggressive animal charged at the stoat in the field.",0,stoat,wild,attack_02,harm
"Without warning, the aggressive animal charged at the marten in the field.",0,marten,wild,attack_02,harm
"Without warning, the aggressive animal charged at the bear in the field.",0,bear,wild,attack_02,harm
"Without warning, the aggressive animal charged at the lynx in the field.",0,lynx,wild,attack_02,harm
"Without warning, the aggressive animal charged at the bobcat in the field.",0,bobcat,wild,attack_02,harm
"Without warning, the aggressive animal charged at the marmot in the field.",0,marmot,wild,attack_02,harm
"Without warning, the aggressive animal charged at the mink in the field.",0,mink,wild,attack_02,harm
"Without warning, the aggressive animal charged at the mole in the field.",0,mole,wild,attack_02,harm
"Without warning, the aggressive animal charged at the vole in the field.",0,vole,wild,attack_02,harm
"Without warning, the aggressive animal charged at the shrew in the field.",0,shrew,wild,attack_02,harm
"Without warning, the aggressive animal charged at the porcupine in the field.",0,porcupine,wild,attack_02,harm
"Without warning, the aggressive animal charged at the skunk in the field.",0,skunk,wild,attack_02,harm
"Without warning, the aggressive animal charged at the chipmunk in the field.",0,chipmunk,wild,attack_02,harm
"Without warning, the aggressive animal charged at the beaver in the field.",0,beaver,wild,attack_02,harm
"Without warning, the aggressive animal charged at the bison in the field.",0,bison,wild,attack_02,harm
"Without warning, the aggressive animal charged at the antelope in the field.",0,antelope,wild,attack_02,harm
"Without warning, the aggressive animal charged at the dingo in the field.",0,dingo,wild,attack_02,harm
"Without warning, the aggressive animal charged at the cougar in the field.",0,cougar,wild,attack_02,harm
"Without warning, the aggressive animal charged at the wolverine in the field.",0,wolverine,wild,attack_02,harm
"Without warning, the aggressive animal charged at the muskrat in the field.",0,muskrat,wild,attack_02,harm
"Without warning, the aggressive animal charged at the lemming in the field.",0,lemming,wild,attack_02,harm
"Without warning, the aggressive animal charged at the fawn in the field.",0,fawn,wild,attack_02,harm
The intruder struck the man repeatedly before fleeing into the night.,1,man,human,attack_03,harm
The intruder struck the woman repeatedly before fleeing into the night.,1,woman,human,attack_03,harm
The intruder struck the child repeatedly before fleeing into the night.,1,child,human,attack_03,harm
The intruder struck the boy repeatedly before fleeing into the night.,1,boy,human,attack_03,harm
The intruder struck the girl repeatedly before fleeing into the night.,1,girl,human,attack_03,harm
The intruder struck the farmer repeatedly before fleeing into the night.,1,farmer,human,attack_03,harm
The intruder struck the nurse repeatedly before fleeing into the night.,1,nurse,human,attack_03,harm
The intruder struck the teacher repeatedly before fleeing into the night.,1,teacher,human,attack_03,harm
The intruder struck the doctor repeatedly before fleeing into the night.,1,doctor,human,attack_03,harm
The intruder struck the student repeatedly before fleeing into the night.,1,student,human,attack_03,harm
The intruder struck the soldier repeatedly before fleeing into the night.,1,soldier,human,attack_03,harm
The intruder struck the hiker repeatedly before fleeing into the night.,1,hiker,human,attack_03,harm
The intruder struck the shepherd repeatedly before fleeing into the night.,1,shepherd,human,attack_03,harm
The intruder struck the villager repeatedly before fleeing into the night.,1,villager,human,attack_03,harm
The intruder struck the fisherman repeatedly before fleeing into the night.,1,fisherman,human,attack_03,harm
The intruder struck the carpenter repeatedly before fleeing into the night.,1,carpenter,human,attack_03,harm
The intruder struck the toddler repeatedly before fleeing into the night.,1,toddler,human,attack_03,harm
The intruder struck the grandmother repeatedly before fleeing into the night.,1,grandmother,human,attack_03,harm
The intruder struck the grandfather repeatedly before fleeing into the night.,1,grandfather,human,attack_03,harm
The intruder struck the worker repeatedly before fleeing into the night.,1,worker,human,attack_03,harm
The intruder struck the baker repeatedly before fleeing into the night.,1,baker,human,attack_03,harm
The intruder struck the tailor repeatedly before fleeing into the night.,1,tailor,human,attack_03,harm
The intruder struck the plumber repeatedly before fleeing into the night.,1,plumber,human,attack_03,harm
The intruder struck the sailor repeatedly before fleeing into the night.,1,sailor,human,attack_03,harm
The intruder struck the painter repeatedly before fleeing into the night.,1,painter,human,attack_03,harm
The intruder struck the banker repeatedly before fleeing into the night.,1,banker,human,attack_03,harm
The intruder struck the lawyer repeatedly before fleeing into the night.,1,lawyer,human,attack_03,harm
The intruder struck the priest repeatedly before fleeing into the night.,1,priest,human,attack_03,harm
The intruder struck the mayor repeatedly before fleeing into the night.,1,mayor,human,attack_03,harm
The intruder struck the clerk repeatedly before fleeing into the night.,1,clerk,human,attack_03,harm
The intruder struck the chef repeatedly before fleeing into the night.,1,chef,human,attack_03,harm
The intruder struck the pilot repeatedly before fleeing into the night.,1,pilot,human,attack_03,harm
The intruder struck the miner repeatedly before fleeing into the night.,1,miner,human,attack_03,harm
The intruder struck the mason repeatedly before fleeing into the night.,1,mason,human,attack_03,harm
The intruder struck the traveler repeatedly before fleeing into the night.,1,traveler,human,attack_03,harm
The intruder struck the stranger repeatedly before fleeing into the night.,1,stranger,human,attack_03,harm
The intruder struck the infant repeatedly before fleeing into the night.,1,infant,human,attack_03,harm
The intruder struck the widow repeatedly before fleeing into the night.,1,widow,human,attack_03,harm
The intruder struck the uncle repeatedly before fleeing into the night.,1,uncle,human,attack_03,harm
The intruder struck the aunt repeatedly before fleeing into the night.,1,aunt,human,attack_03,harm
The intruder struck the rat repeatedly before fleeing into the night.,0,rat,wild,attack_03,harm
The intruder struck the boar repeatedly before fleeing into the night.,0,boar,wild,attack_03,harm
The intruder struck the buffalo repeatedly before fleeing into the night.,0,buffalo,wild,attack_03,harm
The intruder struck the fox repeatedly before fleeing into the night.,0,fox,wild,attack_03,harm
The intruder struck the deer repeatedly before fleeing into the night.,0,deer,wild,attack_03,harm
The intruder struck the badger repeatedly before fleeing into the night.,0,badger,wild,attack_03,harm
The intruder struck the otter repeatedly before fleeing into the night.,0,otter,wild,attack_03,harm
The intruder struck the hare repeatedly before fleeing into the night.,0,hare,wild,attack_03,harm
The intruder struck the raccoon repeatedly before fleeing into the night.,0,raccoon,wild,attack_03,harm
The intruder struck the squirrel repeatedly before fleeing into the night.,0,squirrel,wild,attack_03,harm
The intruder struck the weasel repeatedly before fleeing into the night.,0,weasel,wild,attack_03,harm
The intruder struck the coyote repeatedly before fleeing into the night.,0,coyote,wild,attack_03,harm
The intruder struck the moose repeatedly before fleeing into the night.,0,moose,wild,attack_03,harm
The intruder struck the elk repeatedly before fleeing into the night.,0,elk,wild,attack_03,harm
The intruder struck the wolf repeatedly before fleeing into the night.,0,wolf,wild,attack_03,harm
The intruder struck the hedgehog repeatedly before fleeing into the night.,0,hedgehog,wild,attack_03,harm
The intruder struck the possum repeatedly before fleeing into the night.,0,possum,wild,attack_03,harm
The intruder struck the jackal repeatedly before fleeing into the night.,0,jackal,wild,attack_03,harm
The intruder struck the stoat repeatedly before fleeing into the night.,0,stoat,wild,attack_03,harm
The intruder struck the marten repeatedly before fleeing into the night.,0,marten,wild,attack_03,harm
The intruder struck the bear repeatedly before fleeing into the night.,0,bear,wild,attack_03,harm
The intruder struck the lynx repeatedly before fleeing into the night.,0,lynx,wild,attack_03,harm
The intruder struck the bobcat repeatedly before fleeing into the night.,0,bobcat,wild,attack_03,harm
The intruder struck the marmot repeatedly before fleeing into the night.,0,marmot,wild,attack_03,harm
The intruder struck the mink repeatedly before fleeing into the night.,0,mink,wild,attack_03,harm
The intruder struck the mole repeatedly before fleeing into the night.,0,mole,wild,attack_03,harm
The intruder struck the vole repeatedly before fleeing into the night.,0,vole,wild,attack_03,harm
The intruder struck the shrew repeatedly before fleeing into the night.,0,shrew,wild,attack_03,harm
The intruder struck the porcupine repeatedly before fleeing into the night.,0,porcupine,wild,attack_03,harm
The intruder struck the skunk repeatedly before fleeing into the night.,0,skunk,wild,attack_03,harm
The intruder struck the chipmunk repeatedly before fleeing into the night.,0,chipmunk,wild,attack_03,harm
The intruder struck the beaver repeatedly before fleeing into the night.,0,beaver,wild,attack_03,harm
The intruder struck the bison repeatedly before fleeing into the night.,0,bison,wild,attack_03,harm
The intruder struck the antelope repeatedly before fleeing into the night.,0,antelope,wild,attack_03,harm
The intruder struck the dingo repeatedly before fleeing into the night.,0,dingo,wild,attack_03,harm
The intruder struck the cougar repeatedly before fleeing into the night.,0,cougar,wild,attack_03,harm
The intruder struck the wolverine repeatedly before fleeing into the night.,0,wolverine,wild,attack_03,harm
The intruder struck the muskrat repeatedly before fleeing into the night.,0,muskrat,wild,attack_03,harm
The intruder struck the lemming repeatedly before fleeing into the night.,0,lemming,wild,attack_03,harm
The intruder struck the fawn repeatedly before fleeing into the night.,0,fawn,wild,attack_03,harm
"Wounded in the attack, the man retreated toward the shelter of the hedge.",1,man,human,attack_04,harm
"Wounded in the attack, the woman retreated toward the shelter of the hedge.",1,woman,human,attack_04,harm
"Wounded in the attack, the child retreated toward the shelter of the hedge.",1,child,human,attack_04,harm
"Wounded in the attack, the boy retreated toward the shelter of the hedge.",1,boy,human,attack_04,harm
"Wounded in the attack, the girl retreated toward the shelter of the hedge.",1,girl,human,attack_04,harm
"Wounded in the attack, the farmer retreated toward the shelter of the hedge.",1,farmer,human,attack_04,harm
"Wounded in the attack, the nurse retreated toward the shelter of the hedge.",1,nurse,human,attack_04,harm
"Wounded in the attack, the teacher retreated toward the shelter of the hedge.",1,teacher,human,attack_04,harm
"Wounded in the attack, the doctor retreated toward the shelter of the hedge.",1,doctor,human,attack_04,harm
"Wounded in the attack, the student retreated toward the shelter of the hedge.",1,student,human,attack_04,harm
"Wounded in the attack, the soldier retreated toward the shelter of the hedge.",1,soldier,human,attack_04,harm
"Wounded in the attack, the hiker retreated toward the shelter of the hedge.",1,hiker,human,attack_04,harm
"Wounded in the attack, the shepherd retreated toward the shelter of the hedge.",1,shepherd,human,attack_04,harm
"Wounded in the attack, the villager retreated toward the shelter of the hedge.",1,villager,human,attack_04,harm
"Wounded in the attack, the fisherman retreated toward the shelter of the hedge.",1,fisherman,human,attack_04,harm
"Wounded in the attack, the carpenter retreated toward the shelter of the hedge.",1,carpenter,human,attack_04,harm
"Wounded in the attack, the toddler retreated toward the shelter of the hedge.",1,toddler,human,attack_04,harm
"Wounded in the attack, the grandmother retreated toward the shelter of the hedge.",1,grandmother,human,attack_04,harm
"Wounded in the attack, the grandfather retreated toward the shelter of the hedge.",1,grandfather,human,attack_04,harm
"Wounded in the attack, the worker retreated toward the shelter of the hedge.",1,worker,human,attack_04,harm
"Wounded in the attack, the baker retreated toward the shelter of the hedge.",1,baker,human,attack_04,harm
"Wounded in the attack, the tailor retreated toward the shelter of the hedge.",1,tailor,human,attack_04,harm
"Wounded in the attack, the plumber retreated toward the shelter of the hedge.",1,plumber,human,attack_04,harm
"Wounded in the attack, the sailor retreated toward the shelter of the hedge.",1,sailor,human,attack_04,harm
"Wounded in the attack, the painter retreated toward the shelter of the hedge.",1,painter,human,attack_04,harm
"Wounded in the attack, the banker retreated toward the shelter of the hedge.",1,banker,human,attack_04,harm
"Wounded in the attack, the lawyer retreated toward the shelter of the hedge.",1,lawyer,human,attack_04,harm
"Wounded in the attack, the priest retreated toward the shelter of the hedge.",1,priest,human,attack_04,harm
"Wounded in the attack, the mayor retreated toward the shelter of the hedge.",1,mayor,human,attack_04,harm
"Wounded in the attack, the clerk retreated toward the shelter of the hedge.",1,clerk,human,attack_04,harm
"Wounded in the attack, the chef retreated toward the shelter of the hedge.",1,chef,human,attack_04,harm
"Wounded in the attack, the pilot retreated toward the shelter of the hedge.",1,pilot,human,attack_04,harm
"Wounded in the attack, the miner retreated toward the shelter of the hedge.",1,miner,human,attack_04,harm
"Wounded in the attack, the mason retreated toward the shelter of the hedge.",1,mason,human,attack_04,harm
"Wounded in the attack, the traveler retreated toward the shelter of the hedge.",1,traveler,human,attack_04,harm
"Wounded in the attack, the stranger retreated toward the shelter of the hedge.",1,stranger,human,attack_04,harm
"Wounded in the attack, the infant retreated toward the shelter of the hedge.",1,infant,human,attack_04,harm
"Wounded in the attack, the widow retreated toward the shelter of the hedge.",1,widow,human,attack_04,harm
"Wounded in the attack, the uncle retreated toward the shelter of the hedge.",1,uncle,human,attack_04,harm
"Wounded in the attack, the aunt retreated toward the shelter of the hedge.",1,aunt,human,attack_04,harm
"Wounded in the attack, the rat retreated toward the shelter of the hedge.",0,rat,wild,attack_04,harm
"Wounded in the attack, the boar retreated toward the shelter of the hedge.",0,boar,wild,attack_04,harm
"Wounded in the attack, the buffalo retreated toward the shelter of the hedge.",0,buffalo,wild,attack_04,harm
"Wounded in the attack, the fox retreated toward the shelter of the hedge.",0,fox,wild,attack_04,harm
"Wounded in the attack, the deer retreated toward the shelter of the hedge.",0,deer,wild,attack_04,harm
"Wounded in the attack, the badger retreated toward the shelter of the hedge.",0,badger,wild,attack_04,harm
"Wounded in the attack, the otter retreated toward the shelter of the hedge.",0,otter,wild,attack_04,harm
"Wounded in the attack, the hare retreated toward the shelter of the hedge.",0,hare,wild,attack_04,harm
"Wounded in the attack, the raccoon retreated toward the shelter of the hedge.",0,raccoon,wild,attack_04,harm
"Wounded in the attack, the squirrel retreated toward the shelter of the hedge.",0,squirrel,wild,attack_04,harm
"Wounded in the attack, the weasel retreated toward the shelter of the hedge.",0,weasel,wild,attack_04,harm
"Wounded in the attack, the coyote retreated toward the shelter of the hedge.",0,coyote,wild,attack_04,harm
"Wounded in the attack, the moose retreated toward the shelter of the hedge.",0,moose,wild,attack_04,harm
"Wounded in the attack, the elk retreated toward the shelter of the hedge.",0,elk,wild,attack_04,harm
"Wounded in the attack, the wolf retreated toward the shelter of the hedge.",0,wolf,wild,attack_04,harm
"Wounded in the attack, the hedgehog retreated toward the shelter of the hedge.",0,hedgehog,wild,attack_04,harm
"Wounded in the attack, the possum retreated toward the shelter of the hedge.",0,possum,wild,attack_04,harm
"Wounded in the attack, the jackal retreated toward the shelter of the hedge.",0,jackal,wild,attack_04,harm
"Wounded in the attack, the stoat retreated toward the shelter of the hedge.",0,stoat,wild,attack_04,harm
"Wounded in the attack, the marten retreated toward the shelter of the hedge.",0,marten,wild,attack_04,harm
"Wounded in the attack, the bear retreated toward the shelter of the hedge.",0,bear,wild,attack_04,harm
"Wounded in the attack, the lynx retreated toward the shelter of the hedge.",0,lynx,wild,attack_04,harm
"Wounded in the attack, the bobcat retreated toward the shelter of the hedge.",0,bobcat,wild,attack_04,harm
"Wounded in the attack, the marmot retreated toward the shelter of the hedge.",0,marmot,wild,attack_04,harm
"Wounded in the attack, the mink retreated toward the shelter of the hedge.",0,mink,wild,attack_04,harm
"Wounded in the attack, the mole retreated toward the shelter of the hedge.",0,mole,wild,attack_04,harm
"Wounded in the attack, the vole retreated toward the shelter of the hedge.",0,vole,wild,attack_04,harm
"Wounded in the attack, the shrew retreated toward the shelter of the hedge.",0,shrew,wild,attack_04,harm
"Wounded in the attack, the porcupine retreated toward the shelter of the hedge.",0,porcupine,wild,attack_04,harm
"Wounded in the attack, the skunk retreated toward the shelter of the hedge.",0,skunk,wild,attack_04,harm
"Wounded in the attack, the chipmunk retreated toward the shelter of the hedge.",0,chipmunk,wild,attack_04,harm
"Wounded in the attack, the beaver retreated toward the shelter of the hedge.",0,beaver,wild,attack_04,harm
"Wounded in the attack, the bison retreated toward the shelter of the hedge.",0,bison,wild,attack_04,harm
"Wounded in the attack, the antelope retreated toward the shelter of the hedge.",0,antelope,wild,attack_04,harm
"Wounded in the attack, the dingo retreated toward the shelter of the hedge.",0,dingo,wild,attack_04,harm
"Wounded in the attack, the cougar retreated toward the shelter of the hedge.",0,cougar,wild,attack_04,harm
"Wounded in the attack, the wolverine retreated toward the shelter of the hedge.",0,wolverine,wild,attack_04,harm
"Wounded in the attack, the muskrat retreated toward the shelter of the hedge.",0,muskrat,wild,attack_04,harm
"Wounded in the attack, the lemming retreated toward the shelter of the hedge.",0,lemming,wild,attack_04,harm
"Wounded in the attack, the fawn retreated toward the shelter of the hedge.",0,fawn,wild,attack_04,harm
The predator wounded the man during the encounter at the edge of the woods.,1,man,human,attack_05,harm
The predator wounded the woman during the encounter at the edge of the woods.,1,woman,human,attack_05,harm
The predator wounded the child during the encounter at the edge of the woods.,1,child,human,attack_05,harm
The predator wounded the boy during the encounter at the edge of the woods.,1,boy,human,attack_05,harm
The predator wounded the girl during the encounter at the edge of the woods.,1,girl,human,attack_05,harm
The predator wounded the farmer during the encounter at the edge of the woods.,1,farmer,human,attack_05,harm
The predator wounded the nurse during the encounter at the edge of the woods.,1,nurse,human,attack_05,harm
The predator wounded the teacher during the encounter at the edge of the woods.,1,teacher,human,attack_05,harm
The predator wounded the doctor during the encounter at the edge of the woods.,1,doctor,human,attack_05,harm
The predator wounded the student during the encounter at the edge of the woods.,1,student,human,attack_05,harm
The predator wounded the soldier during the encounter at the edge of the woods.,1,soldier,human,attack_05,harm
The predator wounded the hiker during the encounter at the edge of the woods.,1,hiker,human,attack_05,harm
The predator wounded the shepherd during the encounter at the edge of the woods.,1,shepherd,human,attack_05,harm
The predator wounded the villager during the encounter at the edge of the woods.,1,villager,human,attack_05,harm
The predator wounded the fisherman during the encounter at the edge of the woods.,1,fisherman,human,attack_05,harm
The predator wounded the carpenter during the encounter at the edge of the woods.,1,carpenter,human,attack_05,harm
The predator wounded the toddler during the encounter at the edge of the woods.,1,toddler,human,attack_05,harm
The predator wounded the grandmother during the encounter at the edge of the woods.,1,grandmother,human,attack_05,harm
The predator wounded the grandfather during the encounter at the edge of the woods.,1,grandfather,human,attack_05,harm
The predator wounded the worker during the encounter at the edge of the woods.,1,worker,human,attack_05,harm
The predator wounded the baker during the encounter at the edge of the woods.,1,baker,human,attack_05,harm
The predator wounded the tailor during the encounter at the edge of the woods.,1,tailor,human,attack_05,harm
The predator wounded the plumber during the encounter at the edge of the woods.,1,plumber,human,attack_05,harm
The predator wounded the sailor during the encounter at the edge of the woods.,1,sailor,human,attack_05,harm
The predator wounded the painter during the encounter at the edge of the woods.,1,painter,human,attack_05,harm
The predator wounded the banker during the encounter at the edge of the woods.,1,banker,human,attack_05,harm
The predator wounded the lawyer during the encounter at the edge of the woods.,1,lawyer,human,attack_05,harm
The predator wounded the priest during the encounter at the edge of the woods.,1,priest,human,attack_05,harm
The predator wounded the mayor during the encounter at the edge of the woods.,1,mayor,human,attack_05,harm
The predator wounded the clerk during the encounter at the edge of the woods.,1,clerk,human,attack_05,harm
The predator wounded the chef during the encounter at the edge of the woods.,1,chef,human,attack_05,harm
The predator wounded the pilot during the encounter at the edge of the woods.,1,pilot,human,attack_05,harm
The predator wounded the miner during the encounter at the edge of the woods.,1,miner,human,attack_05,harm
The predator wounded the mason during the encounter at the edge of the woods.,1,mason,human,attack_05,harm
The predator wounded the traveler during the encounter at the edge of the woods.,1,traveler,human,attack_05,harm
The predator wounded the stranger during the encounter at the edge of the woods.,1,stranger,human,attack_05,harm
The predator wounded the infant during the encounter at the edge of the woods.,1,infant,human,attack_05,harm
The predator wounded the widow during the encounter at the edge of the woods.,1,widow,human,attack_05,harm
The predator wounded the uncle during the encounter at the edge of the woods.,1,uncle,human,attack_05,harm
The predator wounded the aunt during the encounter at the edge of the woods.,1,aunt,human,attack_05,harm
The predator wounded the rat during the encounter at the edge of the woods.,0,rat,wild,attack_05,harm
The predator wounded the boar during the encounter at the edge of the woods.,0,boar,wild,attack_05,harm
The predator wounded the buffalo during the encounter at the edge of the woods.,0,buffalo,wild,attack_05,harm
The predator wounded the fox during the encounter at the edge of the woods.,0,fox,wild,attack_05,harm
The predator wounded the deer during the encounter at the edge of the woods.,0,deer,wild,attack_05,harm
The predator wounded the badger during the encounter at the edge of the woods.,0,badger,wild,attack_05,harm
The predator wounded the otter during the encounter at the edge of the woods.,0,otter,wild,attack_05,harm
The predator wounded the hare during the encounter at the edge of the woods.,0,hare,wild,attack_05,harm
The predator wounded the raccoon during the encounter at the edge of the woods.,0,raccoon,wild,attack_05,harm
The predator wounded the squirrel during the encounter at the edge of the woods.,0,squirrel,wild,attack_05,harm
The predator wounded the weasel during the encounter at the edge of the woods.,0,weasel,wild,attack_05,harm
The predator wounded the coyote during the encounter at the edge of the woods.,0,coyote,wild,attack_05,harm
The predator wounded the moose during the encounter at the edge of the woods.,0,moose,wild,attack_05,harm
The predator wounded the elk during the encounter at the edge of the woods.,0,elk,wild,attack_05,harm
The predator wounded the wolf during the encounter at the edge of the woods.,0,wolf,wild,attack_05,harm
The predator wounded the hedgehog during the encounter at the edge of the woods.,0,hedgehog,wild,attack_05,harm
The predator wounded the possum during the encounter at the edge of the woods.,0,possum,wild,attack_05,harm
The predator wounded the jackal during the encounter at the edge of the woods.,0,jackal,wild,attack_05,harm
The predator wounded the stoat during the encounter at the edge of the woods.,0,stoat,wild,attack_05,harm
The predator wounded the marten during the encounter at the edge of the woods.,0,marten,wild,attack_05,harm
The predator wounded the bear during the encounter at the edge of the woods.,0,bear,wild,attack_05,harm
The predator wounded the lynx during the encounter at the edge of the woods.,0,lynx,wild,attack_05,harm
The predator wounded the bobcat during the encounter at the edge of the woods.,0,bobcat,wild,attack_05,harm
The predator wounded the marmot during the encounter at the edge of the woods.,0,marmot,wild,attack_05,harm
The predator wounded the mink during the encounter at the edge of the woods.,0,mink,wild,attack_05,harm
The predator wounded the mole during the encounter at the edge of the woods.,0,mole,wild,attack_05,harm
The predator wounded the vole during the encounter at the edge of the woods.,0,vole,wild,attack_05,harm
The predator wounded the shrew during the encounter at the edge of the woods.,0,shrew,wild,attack_05,harm
The predator wounded the porcupine during the encounter at the edge of the woods.,0,porcupine,wild,attack_05,harm
The predator wounded the skunk during the encounter at the edge of the woods.,0,skunk,wild,attack_05,harm
The predator wounded the chipmunk during the encounter at the edge of the woods.,0,chipmunk,wild,attack_05,harm
The predator wounded the beaver during the encounter at the edge of the woods.,0,beaver,wild,attack_05,harm
The predator wounded the bison during the encounter at the edge of the woods.,0,bison,wild,attack_05,harm
The predator wounded the antelope during the encounter at the edge of the woods.,0,antelope,wild,attack_05,harm
The predator wounded the dingo during the encounter at the edge of the woods.,0,dingo,wild,attack_05,harm
The predator wounded the cougar during the encounter at the edge of the woods.,0,cougar,wild,attack_05,harm
The predator wounded the wolverine during the encounter at the edge of the woods.,0,wolverine,wild,attack_05,harm
The predator wounded the muskrat during the encounter at the edge of the woods.,0,muskrat,wild,attack_05,harm
The predator wounded the lemming during the encounter at the edge of the woods.,0,lemming,wild,attack_05,harm
The predator wounded the fawn during the encounter at the edge of the woods.,0,fawn,wild,attack_05,harm
"Bitten several times, the man was left bleeding near the fence.",1,man,human,attack_06,harm
"Bitten several times, the woman was left bleeding near the fence.",1,woman,human,attack_06,harm
"Bitten several times, the child was left bleeding near the fence.",1,child,human,attack_06,harm
"Bitten several times, the boy was left bleeding near the fence.",1,boy,human,attack_06,harm
"Bitten several times, the girl was left bleeding near the fence.",1,girl,human,attack_06,harm
"Bitten several times, the farmer was left bleeding near the fence.",1,farmer,human,attack_06,harm
"Bitten several times, the nurse was left bleeding near the fence.",1,nurse,human,attack_06,harm
"Bitten several times, the teacher was left bleeding near the fence.",1,teacher,human,attack_06,harm
"Bitten several times, the doctor was left bleeding near the fence.",1,doctor,human,attack_06,harm
"Bitten several times, the student was left bleeding near the fence.",1,student,human,attack_06,harm
"Bitten several times, the soldier was left bleeding near the fence.",1,soldier,human,attack_06,harm
"Bitten several times, the hiker was left bleeding near the fence.",1,hiker,human,attack_06,harm
"Bitten several times, the shepherd was left bleeding near the fence.",1,shepherd,human,attack_06,harm
"Bitten several times, the villager was left bleeding near the fence.",1,villager,human,attack_06,harm
"Bitten several times, the fisherman was left bleeding near the fence.",1,fisherman,human,attack_06,harm
"Bitten several times, the carpenter was left bleeding near the fence.",1,carpenter,human,attack_06,harm
"Bitten several times, the toddler was left bleeding near the fence.",1,toddler,human,attack_06,harm
"Bitten several times, the grandmother was left bleeding near the fence.",1,grandmother,human,attack_06,harm
"Bitten several times, the grandfather was left bleeding near the fence.",1,grandfather,human,attack_06,harm
"Bitten several times, the worker was left bleeding near the fence.",1,worker,human,attack_06,harm
"Bitten several times, the baker was left bleeding near the fence.",1,baker,human,attack_06,harm
"Bitten several times, the tailor was left bleeding near the fence.",1,tailor,human,attack_06,harm
"Bitten several times, the plumber was left bleeding near the fence.",1,plumber,human,attack_06,harm
"Bitten several times, the sailor was left bleeding near the fence.",1,sailor,human,attack_06,harm
"Bitten several times, the painter was left bleeding near the fence.",1,painter,human,attack_06,harm
"Bitten several times, the banker was left bleeding near the fence.",1,banker,human,attack_06,harm
"Bitten several times, the lawyer was left bleeding near the fence.",1,lawyer,human,attack_06,harm
"Bitten several times, the priest was left bleeding near the fence.",1,priest,human,attack_06,harm
"Bitten several times, the mayor was left bleeding near the fence.",1,mayor,human,attack_06,harm
"Bitten several times, the clerk was left bleeding near the fence.",1,clerk,human,attack_06,harm
"Bitten several times, the chef was left bleeding near the fence.",1,chef,human,attack_06,harm
"Bitten several times, the pilot was left bleeding near the fence.",1,pilot,human,attack_06,harm
"Bitten several times, the miner was left bleeding near the fence.",1,miner,human,attack_06,harm
"Bitten several times, the mason was left bleeding near the fence.",1,mason,human,attack_06,harm
"Bitten several times, the traveler was left bleeding near the fence.",1,traveler,human,attack_06,harm
"Bitten several times, the stranger was left bleeding near the fence.",1,stranger,human,attack_06,harm
"Bitten several times, the infant was left bleeding near the fence.",1,infant,human,attack_06,harm
"Bitten several times, the widow was left bleeding near the fence.",1,widow,human,attack_06,harm
"Bitten several times, the uncle was left bleeding near the fence.",1,uncle,human,attack_06,harm
"Bitten several times, the aunt was left bleeding near the fence.",1,aunt,human,attack_06,harm
"Bitten several times, the rat was left bleeding near the fence.",0,rat,wild,attack_06,harm
"Bitten several times, the boar was left bleeding near the fence.",0,boar,wild,attack_06,harm
"Bitten several times, the buffalo was left bleeding near the fence.",0,buffalo,wild,attack_06,harm
"Bitten several times, the fox was left bleeding near the fence.",0,fox,wild,attack_06,harm
"Bitten several times, the deer was left bleeding near the fence.",0,deer,wild,attack_06,harm
"Bitten several times, the badger was left bleeding near the fence.",0,badger,wild,attack_06,harm
"Bitten several times, the otter was left bleeding near the fence.",0,otter,wild,attack_06,harm
"Bitten several times, the hare was left bleeding near the fence.",0,hare,wild,attack_06,harm
"Bitten several times, the raccoon was left bleeding near the fence.",0,raccoon,wild,attack_06,harm
"Bitten several times, the squirrel was left bleeding near the fence.",0,squirrel,wild,attack_06,harm
"Bitten several times, the weasel was left bleeding near the fence.",0,weasel,wild,attack_06,harm
"Bitten several times, the coyote was left bleeding near the fence.",0,coyote,wild,attack_06,harm
"Bitten several times, the moose was left bleeding near the fence.",0,moose,wild,attack_06,harm
"Bitten several times, the elk was left bleeding near the fence.",0,elk,wild,attack_06,harm
"Bitten several times, the wolf was left bleeding near the fence.",0,wolf,wild,attack_06,harm
"Bitten several times, the hedgehog was left bleeding near the fence.",0,hedgehog,wild,attack_06,harm
"Bitten several times, the possum was left bleeding near the fence.",0,possum,wild,attack_06,harm
"Bitten several times, the jackal was left bleeding near the fence.",0,jackal,wild,attack_06,harm
"Bitten several times, the stoat was left bleeding near the fence.",0,stoat,wild,attack_06,harm
"Bitten several times, the marten was left bleeding near the fence.",0,marten,wild,attack_06,harm
"Bitten several times, the bear was left bleeding near the fence.",0,bear,wild,attack_06,harm
"Bitten several times, the lynx was left bleeding near the fence.",0,lynx,wild,attack_06,harm
"Bitten several times, the bobcat was left bleeding near the fence.",0,bobcat,wild,attack_06,harm
"Bitten several times, the marmot was left bleeding near the fence.",0,marmot,wild,attack_06,harm
"Bitten several times, the mink was left bleeding near the fence.",0,mink,wild,attack_06,harm
"Bitten several times, the mole was left bleeding near the fence.",0,mole,wild,attack_06,harm
"Bitten several times, the vole was left bleeding near the fence.",0,vole,wild,attack_06,harm
"Bitten several times, the shrew was left bleeding near the fence.",0,shrew,wild,attack_06,harm
"Bitten several times, the porcupine was left bleeding near the fence.",0,porcupine,wild,attack_06,harm
"Bitten several times, the skunk was left bleeding near the fence.",0,skunk,wild,attack_06,harm
"Bitten several times, the chipmunk was left bleeding near the fence.",0,chipmunk,wild,attack_06,harm
"Bitten several times, the beaver was left bleeding near the fence.",0,beaver,wild,attack_06,harm
"Bitten several times, the bison was left bleeding near the fence.",0,bison,wild,attack_06,harm
"Bitten several times, the antelope was left bleeding near the fence.",0,antelope,wild,attack_06,harm
"Bitten several times, the dingo was left bleeding near the fence.",0,dingo,wild,attack_06,harm
"Bitten several times, the cougar was left bleeding near the fence.",0,cougar,wild,attack_06,harm
"Bitten several times, the wolverine was left bleeding near the fence.",0,wolverine,wild,attack_06,harm
"Bitten several times, the muskrat was left bleeding near the fence.",0,muskrat,wild,attack_06,harm
"Bitten several times, the lemming was left bleeding near the fence.",0,lemming,wild,attack_06,harm
"Bitten several times, the fawn was left bleeding near the fence.",0,fawn,wild,attack_06,harm
