statement,label,subject,subject_category,template_id,axis
"When the barn caught fire, the man was trapped inside and crying out.",1,man,human,fire_01,harm
"When the barn caught fire, the woman was trapped inside and crying out.",1,woman,human,fire_01,harm
"When the barn caught fire, the child was trapped inside and crying out.",1,child,human,fire_01,harm
"When the barn caught fire, the boy was trapped inside and crying out.",1,boy,human,fire_01,harm
"When the barn caught fire, the girl was trapped inside and crying out.",1,girl,human,fire_01,harm
"When the barn caught fire, the farmer was trapped inside and crying out.",1,farmer,human,fire_01,harm
"When the barn caught fire, the nurse was trapped inside and crying out.",1,nurse,human,fire_01,harm
"When the barn caught fire, the teacher was trapped inside and crying out.",1,teacher,human,fire_01,harm
"When the barn caught fire, the doctor was trapped inside and crying out.",1,doctor,human,fire_01,harm
"When the barn caught fire, the student was trapped inside and crying out.",1,student,human,fire_01,harm
"When the barn caught fire, the soldier was trapped inside and crying out.",1,soldier,human,fire_01,harm
"When the barn caught fire, the hiker was trapped inside and crying out.",1,hiker,human,fire_01,harm
"When the barn caught fire, the shepherd was trapped inside and crying out.",1,shepherd,human,fire_01,harm
"When the barn caught fire, the villager was trapped inside and crying out.",1,villager,human,fire_01,harm
"When the barn caught fire, the fisherman was trapped inside and crying out.",1,fisherman,human,fire_01,harm
"When the barn caught fire, the carpenter was trapped inside and crying out.",1,carpenter,human,fire_01,harm
"When the barn caught fire, the toddler was trapped inside and crying out.",1,toddler,human,fire_01,harm
"When the barn caught fire, the grandmother was trapped inside and crying out.",1,grandmother,human,fire_01,harm
"When the barn caught fire, the grandfather was trapped inside and crying out.",1,grandfather,human,fire_01,harm
"When the barn caught fire, the worker was trapped inside and crying out.",1,worker,human,fire_01,harm
"When the barn caught fire, the baker was trapped inside and crying out.",1,baker,human,fire_01,harm
"When the barn caught fire, the tailor was trapped inside and crying out.",1,tailor,human,fire_01,harm
"When the barn caught fire, the plumber was trapped inside and crying out.",1,plumber,human,fire_01,harm
"When the barn caught fire, the sailor was trapped inside and crying out.",1,sailor,human,fire_01,harm
"When the barn caught fire, the painter was trapped inside and crying out.",1,painter,human,fire_01,harm
"When the barn caught fire, the banker was trapped inside and crying out.",1,banker,human,fire_01,harm
"When the barn caught fire, the lawyer was trapped inside and crying out.",1,lawyer,human,fire_01,harm
"When the barn caught fire, the priest was trapped inside and crying out.",1,priest,human,fire_01,harm
"When the barn caught fire, the mayor was trapped inside and crying out.",1,mayor,human,fire_01,harm
"When the barn caught fire, the clerk was trapped inside and crying out.",1,clerk,human,fire_01,harm
"When the barn caught fire, the chef was trapped inside and crying out.",1,chef,human,fire_01,harm
"When the barn caught fire, the pilot was trapped inside and crying out.",1,pilot,human,fire_01,harm
"When the barn caught fire, the miner was trapped inside and crying out.",1,miner,human,fire_01,harm
"When the barn caught fire, the mason was trapped inside and crying out.",1,mason,human,fire_01,harm
"When the barn caught fire, the traveler was trapped inside and crying out.",1,traveler,human,fire_01,harm
"When the barn caught fire, the stranger was trapped inside and crying out.",1,stranger,human,fire_01,harm
"When the barn caught fire, the infant was trapped inside and crying out.",1,infant,human,fire_01,harm
"When the barn caught fire, the widow was trapped inside and crying out.",1,widow,human,fire_01,harm
"When the barn caught fire, the uncle was trapped inside and crying out.",1,uncle,human,fire_01,harm
"When the barn caught fire, the aunt was trapped inside and crying out.",1,aunt,human,fire_01,harm
"When the barn caught fire, the pig was trapped inside and crying out.",0,pig,farmed,fire_01,harm
"When the barn caught fire, the cow was trapped inside and crying out.",0,cow,farmed,fire_01,harm
"When the barn caught fire, the chicken was trapped inside and crying out.",0,chicken,farmed,fire_01,harm
"When the barn caught fire, the goat was trapped inside and crying out.",0,goat,farmed,fire_01,harm
"When the barn caught fire, the sheep was trapped inside and crying out.",0,sheep,farmed,fire_01,harm
"When the barn caught fire, the duck was trapped inside and crying out.",0,duck,farmed,fire_01,harm
"When the barn caught fire, the turkey was trapped inside and crying out.",0,turkey,farmed,fire_01,harm
"When the barn caught fire, the hen was trapped inside and crying out.",0,hen,farmed,fire_01,harm
"When the barn caught fire, the rooster was trapped inside and crying out.",0,rooster,farmed,fire_01,harm
"When the barn caught fire, the calf was trapped inside and crying out.",0,calf,farmed,fire_01,harm
"When the barn caught fire, the lamb was trapped inside and crying out.",0,lamb,farmed,fire_01,harm
"When the barn caught fire, the piglet was trapped inside and crying out.",0,piglet,farmed,fire_01,harm
"When the barn caught fire, the ox was trapped inside and crying out.",0,ox,farmed,fire_01,harm
"When the barn caught fire, the donkey was trapped inside and crying out.",0,donkey,farmed,fire_01,harm
"When the barn caught fire, the mule was trapped inside and crying out.",0,mule,farmed,fire_01,harm
"When the barn caught fire, the goose was trapped inside and crying out.",0,goose,farmed,fire_01,harm
"When the barn caught fire, the sow was trapped inside and crying out.",0,sow,farmed,fire_01,harm
"When the barn caught fire, the heifer was trapped inside and crying out.",0,heifer,farmed,fire_01,harm
"When the barn caught fire, the foal was trapped inside and crying out.",0,foal,farmed,fire_01,harm
"When the barn caught fire, the ram was trapped inside and crying out.",0,ram,farmed,fire_01,harm
"When the barn caught fire, the capon was trapped inside and crying out.",0,capon,farmed,fire_01,harm
"When the barn caught fire, the steer was trapped inside and crying out.",0,steer,farmed,fire_01,harm
"When the barn caught fire, the bullock was trapped inside and crying out.",0,bullock,farmed,fire_01,harm
"When the barn caught fire, the ewe was trapped inside and crying out.",0,ewe,farmed,fire_01,harm
"When the barn caught fire, the wether was trapped inside and crying out.",0,wether,farmed,fire_01,harm
"When the barn caught fire, the gander was trapped inside and crying out.",0,gander,farmed,fire_01,harm
"When the barn caught fire, the drake was trapped inside and crying out.",0,drake,farmed,fire_01,harm
"When the barn caught fire, the gosling was trapped inside and crying out.",0,gosling,farmed,fire_01,harm
"When the barn caught fire, the duckling was trapped inside and crying out.",0,duckling,farmed,fire_01,harm
"When the barn caught fire, the chick was trapped inside and crying out.",0,chick,farmed,fire_01,harm
"When the barn caught fire, the cockerel was trapped inside and crying out.",0,cockerel,farmed,fire_01,harm
"When the barn caught fire, the pullet was trapped inside and crying out.",0,pullet,farmed,fire_01,harm
"When the barn caught fire, the yearling was trapped inside and crying out.",0,yearling,farmed,fire_01,harm
"When the barn caught fire, the shoat was trapped inside and crying out.",0,shoat,farmed,fire_01,harm
"When the barn caught fire, the gilt was trapped inside and crying out.",0,gilt,farmed,fire_01,harm
"When the barn caught fire, the pony was trapped inside and crying out.",0,pony,farmed,fire_01,harm
"When the barn caught fire, the mare was trapped inside and crying out.",0,mare,farmed,fire_01,harm
"When the barn caught fire, the colt was trapped inside and crying out.",0,colt,farmed,fire_01,harm
"When the barn caught fire, the alpaca was trapped inside and crying out.",0,alpaca,farmed,fire_01,harm
"When the barn caught fire, the stallion was trapped inside and crying out.",0,stallion,farmed,fire_01,harm
Smoke filled the shed while the man remained stuck behind the jammed door.,1,man,human,fire_02,harm
Smoke filled the shed while the woman remained stuck behind the jammed door.,1,woman,human,fire_02,harm
Smoke filled the shed while the child remained stuck behind the jammed door.,1,child,human,fire_02,harm
Smoke filled the shed while the boy remained stuck behind the jammed door.,1,boy,human,fire_02,harm
Smoke filled the shed while the girl remained stuck behind the jammed door.,1,girl,human,fire_02,harm
Smoke filled the shed while the farmer remained stuck behind the jammed door.,1,farmer,human,fire_02,harm
Smoke filled the shed while the nurse remained stuck behind the jammed door.,1,nurse,human,fire_02,harm
Smoke filled the shed while the teacher remained stuck behind the jammed door.,1,teacher,human,fire_02,harm
Smoke filled the shed while the doctor remained stuck behind the jammed door.,1,doctor,human,fire_02,harm
Smoke filled the shed while the student remained stuck behind the jammed door.,1,student,human,fire_02,harm
Smoke filled the shed while the soldier remained stuck behind the jammed door.,1,soldier,human,fire_02,harm
Smoke filled the shed while the hiker remained stuck behind the jammed door.,1,hiker,human,fire_02,harm
Smoke filled the shed while the shepherd remained stuck behind the jammed door.,1,shepherd,human,fire_02,harm
Smoke filled the shed while the villager remained stuck behind the jammed door.,1,villager,human,fire_02,harm
Smoke filled the shed while the fisherman remained stuck behind the jammed door.,1,fisherman,human,fire_02,harm
Smoke filled the shed while the carpenter remained stuck behind the jammed door.,1,carpenter,human,fire_02,harm
Smoke filled the shed while the toddler remained stuck behind the jammed door.,1,toddler,human,fire_02,harm
Smoke filled the shed while the grandmother remained stuck behind the jammed door.,1,grandmother,human,fire_02,harm
Smoke filled the shed while the grandfather remained stuck behind the jammed door.,1,grandfather,human,fire_02,harm
Smoke filled the shed while the worker remained stuck behind the jammed door.,1,worker,human,fire_02,harm
Smoke filled the shed while the baker remained stuck behind the jammed door.,1,baker,human,fire_02,harm
Smoke filled the shed while the tailor remained stuck behind the jammed door.,1,tailor,human,fire_02,harm
Smoke filled the shed while the plumber remained stuck behind the jammed door.,1,plumber,human,fire_02,harm
Smoke filled the shed while the sailor remained stuck behind the jammed door.,1,sailor,human,fire_02,harm
Smoke filled the shed while the painter remained stuck behind the jammed door.,1,painter,human,fire_02,harm
Smoke filled the shed while the banker remained stuck behind the jammed door.,1,banker,human,fire_02,harm
Smoke filled the shed while the lawyer remained stuck behind the jammed door.,1,lawyer,human,fire_02,harm
Smoke filled the shed while the priest remained stuck behind the jammed door.,1,priest,human,fire_02,harm
Smoke filled the shed while the mayor remained stuck behind the jammed door.,1,mayor,human,fire_02,harm
Smoke filled the shed while the clerk remained stuck behind the jammed door.,1,clerk,human,fire_02,harm
Smoke filled the shed while the chef remained stuck behind the jammed door.,1,chef,human,fire_02,harm
Smoke filled the shed while the pilot remained stuck behind the jammed door.,1,pilot,human,fire_02,harm
Smoke filled the shed while the miner remained stuck behind the jammed door.,1,miner,human,fire_02,harm
Smoke filled the shed while the mason remained stuck behind the jammed door.,1,mason,human,fire_02,harm
Smoke filled the shed while the traveler remained stuck behind the jammed door.,1,traveler,human,fire_02,harm
Smoke filled the shed while the stranger remained stuck behind the jammed door.,1,stranger,human,fire_02,harm
Smoke filled the shed while the infant remained stuck behind the jammed door.,1,infant,human,fire_02,harm
Smoke filled the shed while the widow remained stuck behind the jammed door.,1,widow,human,fire_02,harm
Smoke filled the shed while the uncle remained stuck behind the jammed door.,1,uncle,human,fire_02,harm
Smoke filled the shed while the aunt remained stuck behind the jammed door.,1,aunt,human,fire_02,harm
Smoke filled the shed while the pig remained stuck behind the jammed door.,0,pig,farmed,fire_02,harm
Smoke filled the shed while the cow remained stuck behind the jammed door.,0,cow,farmed,fire_02,harm
Smoke filled the shed while the chicken remained stuck behind the jammed door.,0,chicken,farmed,fire_02,harm
Smoke filled the shed while the goat remained stuck behind the jammed door.,0,goat,farmed,fire_02,harm
Smoke filled the shed while the sheep remained stuck behind the jammed door.,0,sheep,farmed,fire_02,harm
Smoke filled the shed while the duck remained stuck behind the jammed door.,0,duck,farmed,fire_02,harm
Smoke filled the shed while the turkey remained stuck behind the jammed door.,0,turkey,farmed,fire_02,harm
Smoke filled the shed while the hen remained stuck behind the jammed door.,0,hen,farmed,fire_02,harm
Smoke filled the shed while the rooster remained stuck behind the jammed door.,0,rooster,farmed,fire_02,harm
Smoke filled the shed while the calf remained stuck behind the jammed door.,0,calf,farmed,fire_02,harm
Smoke filled the shed while the lamb remained stuck behind the jammed door.,0,lamb,farmed,fire_02,harm
Smoke filled the shed while the piglet remained stuck behind the jammed door.,0,piglet,farmed,fire_02,harm
Smoke filled the shed while the ox remained stuck behind the jammed door.,0,ox,farmed,fire_02,harm
Smoke filled the shed while the donkey remained stuck behind the jammed door.,0,donkey,farmed,fire_02,harm
Smoke filled the shed while the mule remained stuck behind the jammed door.,0,mule,farmed,fire_02,harm
Smoke filled the shed while the goose remained stuck behind the jammed door.,0,goose,farmed,fire_02,harm
Smoke filled the shed while the sow remained stuck behind the jammed door.,0,sow,farmed,fire_02,harm
Smoke filled the shed while the heifer remained stuck behind the jammed door.,0,heifer,farmed,fire_02,harm
Smoke filled the shed while the foal remained stuck behind the jammed door.,0,foal,farmed,fire_02,harm
Smoke filled the shed while the ram remained stuck behind the jammed door.,0,ram,farmed,fire_02,harm
Smoke filled the shed while the capon remained stuck behind the jammed door.,0,capon,farmed,fire_02,harm
Smoke filled the shed while the steer remained stuck behind the jammed door.,0,steer,farmed,fire_02,harm
Smoke filled the shed while the bullock remained stuck behind the jammed door.,0,bullock,farmed,fire_02,harm
Smoke filled the shed while the ewe remained stuck behind the jammed door.,0,ewe,farmed,fire_02,harm
Smoke filled the shed while the wether remained stuck behind the jammed door.,0,wether,farmed,fire_02,harm
Smoke filled the shed while the gander remained stuck behind the jammed door.,0,gander,farmed,fire_02,harm
Smoke filled the shed while the drake remained stuck behind the jammed door.,0,drake,farmed,fire_02,harm
Smoke filled the shed while the gosling remained stuck behind the jammed door.,0,gosling,farmed,fire_02,harm
Smoke filled the shed while the duckling remained stuck behind the jammed door.,0,duckling,farmed,fire_02,harm
Smoke filled the shed while the chick remained stuck behind the jammed door.,0,chick,farmed,fire_02,harm
Smoke filled the shed while the cockerel remained stuck behind the jammed door.,0,cockerel,farmed,fire_02,harm
Smoke filled the shed while the pullet remained stuck behind the jammed door.,0,pullet,farmed,fire_02,harm
Smoke filled the shed while the yearling remained stuck behind the jammed door.,0,yearling,farmed,fire_02,harm
Smoke filled the shed while the shoat remained stuck behind the jammed door.,0,shoat,farmed,fire_02,harm
Smoke filled the shed while the gilt remained stuck behind the jammed door.,0,gilt,farmed,fire_02,harm
Smoke filled the shed while the pony remained stuck behind the jammed door.,0,pony,farmed,fire_02,harm
Smoke filled the shed while the mare remained stuck behind the jammed door.,0,mare,farmed,fire_02,harm
Smoke filled the shed while the colt remained stuck behind the jammed door.,0,colt,farmed,fire_02,harm
Smoke filled the shed while the alpaca remained stuck behind the jammed door.,0,alpaca,farmed,fire_02,harm
Smoke filled the shed while the stallion remained stuck behind the jammed door.,0,stallion,farmed,fire_02,harm
"After the wildfire swept through the valley, the man was found badly burned.",1,man,human,fire_03,harm
"After the wildfire swept through the valley, the woman was found badly burned.",1,woman,human,fire_03,harm
"After the wildfire swept through the valley, the child was found badly burned.",1,child,human,fire_03,harm
"After the wildfire swept through the valley, the boy was found badly burned.",1,boy,human,fire_03,harm
"After the wildfire swept through the valley, the girl was found badly burned.",1,girl,human,fire_03,harm
"After the wildfire swept through the valley, the farmer was found badly burned.",1,farmer,human,fire_03,harm
"After the wildfire swept through the valley, the nurse was found badly burned.",1,nurse,human,fire_03,harm
"After the wildfire swept through the valley, the teacher was found badly burned.",1,teacher,human,fire_03,harm
"After the wildfire swept through the valley, the doctor was found badly burned.",1,doctor,human,fire_03,harm
"After the wildfire swept through the valley, the student was found badly burned.",1,student,human,fire_03,harm
"After the wildfire swept through the valley, the soldier was found badly burned.",1,soldier,human,fire_03,harm
"After the wildfire swept through the valley, the hiker was found badly burned.",1,hiker,human,fire_03,harm
"After the wildfire swept through the valley, the shepherd was found badly burned.",1,shepherd,human,fire_03,harm
"After the wildfire swept through the valley, the villager was found badly burned.",1,villager,human,fire_03,harm
"After the wildfire swept through the valley, the fisherman was found badly burned.",1,fisherman,human,fire_03,harm
"After the wildfire swept through the valley, the carpenter was found badly burned.",1,carpenter,human,fire_03,harm
"After the wildfire swept through the valley, the toddler was found badly burned.",1,toddler,human,fire_03,harm
"After the wildfire swept through the valley, the grandmother was found badly burned.",1,grandmother,human,fire_03,harm
"After the wildfire swept through the valley, the grandfather was found badly burned.",1,grandfather,human,fire_03,harm
"After the wildfire swept through the valley, the worker was found badly burned.",1,worker,human,fire_03,harm
"After the wildfire swept through the valley, the baker was found badly burned.",1,baker,human,fire_03,harm
"After the wildfire swept through the valley, the tailor was found badly burned.",1,tailor,human,fire_03,harm
"After the wildfire swept through the valley, the plumber was found badly burned.",1,plumber,human,fire_03,harm
"After the wildfire swept through the valley, the sailor was found badly burned.",1,sailor,human,fire_03,harm
"After the wildfire swept through the valley, the painter was found badly burned.",1,painter,human,fire_03,harm
"After the wildfire swept through the valley, the banker was found badly burned.",1,banker,human,fire_03,harm
"After the wildfire swept through the valley, the lawyer was found badly burned.",1,lawyer,human,fire_03,harm
"After the wildfire swept through the valley, the priest was found badly burned.",1,priest,human,fire_03,harm
"After the wildfire swept through the valley, the mayor was found badly burned.",1,mayor,human,fire_03,harm
"After the wildfire swept through the valley, the clerk was found badly burned.",1,clerk,human,fire_03,harm
"After the wildfire swept through the valley, the chef was found badly burned.",1,chef,human,fire_03,harm
"After the wildfire swept through the valley, the pilot was found badly burned.",1,pilot,human,fire_03,harm
"After the wildfire swept through the valley, the miner was found badly burned.",1,miner,human,fire_03,harm
"After the wildfire swept through the valley, the mason was found badly burned.",1,mason,human,fire_03,harm
"After the wildfire swept through the valley, the traveler was found badly burned.",1,traveler,human,fire_03,harm
"After the wildfire swept through the valley, the stranger was found badly burned.",1,stranger,human,fire_03,harm
"After the wildfire swept through the valley, the infant was found badly burned.",1,infant,human,fire_03,harm
"After the wildfire swept through the valley, the widow was found badly burned.",1,widow,human,fire_03,harm
"After the wildfire swept through the valley, the uncle was found badly burned.",1,uncle,human,fire_03,harm
"After the wildfire swept through the valley, the aunt was found badly burned.",1,aunt,human,fire_03,harm
"After the wildfire swept through the valley, the pig was found badly burned.",0,pig,farmed,fire_03,harm
"After the wildfire swept through the valley, the cow was found badly burned.",0,cow,farmed,fire_03,harm
"After the wildfire swept through the valley, the chicken was found badly burned.",0,chicken,farmed,fire_03,harm
"After the wildfire swept through the valley, the goat was found badly burned.",0,goat,farmed,fire_03,harm
"After the wildfire swept through the valley, the sheep was found badly burned.",0,sheep,farmed,fire_03,harm
"After the wildfire swept through the valley, the duck was found badly burned.",0,duck,farmed,fire_03,harm
"After the wildfire swept through the valley, the turkey was found badly burned.",0,turkey,farmed,fire_03,harm
"After the wildfire swept through the valley, the hen was found badly burned.",0,hen,farmed,fire_03,harm
"After the wildfire swept through the valley, the rooster was found badly burned.",0,rooster,farmed,fire_03,harm
"After the wildfire swept through the valley, the calf was found badly burned.",0,calf,farmed,fire_03,harm
"After the wildfire swept through the valley, the lamb was found badly burned.",0,lamb,farmed,fire_03,harm
"After the wildfire swept through the valley, the piglet was found badly burned.",0,piglet,farmed,fire_03,harm
"After the wildfire swept through the valley, the ox was found badly burned.",0,ox,farmed,fire_03,harm
"After the wildfire swept through the valley, the donkey was found badly burned.",0,donkey,farmed,fire_03,harm
"After the wildfire swept through the valley, the mule was found badly burned.",0,mule,farmed,fire_03,harm
"After the wildfire swept through the valley, the goose was found badly burned.",0,goose,farmed,fire_03,harm
"After the wildfire swept through the valley, the sow was found badly burned.",0,sow,farmed,fire_03,harm
"After the wildfire swept through the valley, the heifer was found badly burned.",0,heifer,farmed,fire_03,harm
"After the wildfire swept through the valley, the foal was found badly burned.",0,foal,farmed,fire_03,harm
"After the wildfire swept through the valley, the ram was found badly burned.",0,ram,farmed,fire_03,harm
"After the wildfire swept through the valley, the capon was found badly burned.",0,capon,farmed,fire_03,harm
"After the wildfire swept through the valley, the steer was found badly burned.",0,steer,farmed,fire_03,harm
"After the wildfire swept through the valley, the bullock was found badly burned.",0,bullock,farmed,fire_03,harm
"After the wildfire swept through the valley, the ewe was found badly burned.",0,ewe,farmed,fire_03,harm
"After the wildfire swept through the valley, the wether was found badly burned.",0,wether,farmed,fire_03,harm
"After the wildfire swept through the valley, the gander was found badly burned.",0,gander,farmed,fire_03,harm
"After the wildfire swept through the valley, the drake was found badly burned.",0,drake,farmed,fire_03,harm
"After the wildfire swept through the valley, the gosling was found badly burned.",0,gosling,farmed,fire_03,harm
"After the wildfire swept through the valley, the duckling was found badly burned.",0,duckling,farmed,fire_03,harm
"After the wildfire swept through the valley, the chick was found badly burned.",0,chick,farmed,fire_03,harm
"After the wildfire swept through the valley, the cockerel was found badly burned.",0,cockerel,farmed,fire_03,harm
"After the wildfire swept through the valley, the pullet was found badly burned.",0,pullet,farmed,fire_03,harm
"After the wildfire swept through the valley, the yearling was found badly burned.",0,yearling,farmed,fire_03,harm
"After the wildfire swept through the valley, the shoat was found badly burned.",0,shoat,farmed,fire_03,harm
"After the wildfire swept through the valley, the gilt was found badly burned.",0,gilt,farmed,fire_03,harm
"After the wildfire swept through the valley, the pony was found badly burned.",0,pony,farmed,fire_03,harm
"After the wildfire swept through the valley, the mare was found badly burned.",0,mare,farmed,fire_03,harm
"After the wildfire swept through the valley, the colt was found badly burned.",0,colt,farmed,fire_03,harm
"After the wildfire swept through the valley, the alpaca was found badly burned.",0,alpaca,farmed,fire_03,harm
"After the wildfire swept through the valley, the stallion was found badly burned.",0,stallion,farmed,fire_03,harm
Rescuers pulled the man from the burning building just before the roof collapsed.,1,man,human,fire_04,harm
Rescuers pulled the woman from the burning building just before the roof collapsed.,1,woman,human,fire_04,harm
Rescuers pulled the child from the burning building just before the roof collapsed.,1,child,human,fire_04,harm
Rescuers pulled the boy from the burning building just before the roof collapsed.,1,boy,human,fire_04,harm
Rescuers pulled the girl from the burning building just before the roof collapsed.,1,girl,human,fire_04,harm
Rescuers pulled the farmer from the burning building just before the roof collapsed.,1,farmer,human,fire_04,harm
Rescuers pulled the nurse from the burning building just before the roof collapsed.,1,nurse,human,fire_04,harm
Rescuers pulled the teacher from the burning building just before the roof collapsed.,1,teacher,human,fire_04,harm
Rescuers pulled the doctor from the burning building just before the roof collapsed.,1,doctor,human,fire_04,harm
Rescuers pulled the student from the burning building just before the roof collapsed.,1,student,human,fire_04,harm
Rescuers pulled the soldier from the burning building just before the roof collapsed.,1,soldier,human,fire_04,harm
Rescuers pulled the hiker from the burning building just before the roof collapsed.,1,hiker,human,fire_04,harm
Rescuers pulled the shepherd from the burning building just before the roof collapsed.,1,shepherd,human,fire_04,harm
Rescuers pulled the villager from the burning building just before the roof collapsed.,1,villager,human,fire_04,harm
Rescuers pulled the fisherman from the burning building just before the roof collapsed.,1,fisherman,human,fire_04,harm
Rescuers pulled the carpenter from the burning building just before the roof collapsed.,1,carpenter,human,fire_04,harm
Rescuers pulled the toddler from the burning building just before the roof collapsed.,1,toddler,human,fire_04,harm
Rescuers pulled the grandmother from the burning building just before the roof collapsed.,1,grandmother,human,fire_04,harm
Rescuers pulled the grandfather from the burning building just before the roof collapsed.,1,grandfather,human,fire_04,harm
Rescuers pulled the worker from the burning building just before the roof collapsed.,1,worker,human,fire_04,harm
Rescuers pulled the baker from the burning building just before the roof collapsed.,1,baker,human,fire_04,harm
Rescuers pulled the tailor from the burning building just before the roof collapsed.,1,tailor,human,fire_04,harm
Rescuers pulled the plumber from the burning building just before the roof collapsed.,1,plumber,human,fire_04,harm
Rescuers pulled the sailor from the burning building just before the roof collapsed.,1,sailor,human,fire_04,harm
Rescuers pulled the painter from the burning building just before the roof collapsed.,1,painter,human,fire_04,harm
Rescuers pulled the banker from the burning building just before the roof collapsed.,1,banker,human,fire_04,harm
Rescuers pulled the lawyer from the burning building just before the roof collapsed.,1,lawyer,human,fire_04,harm
Rescuers pulled the priest from the burning building just before the roof collapsed.,1,priest,human,fire_04,harm
Rescuers pulled the mayor from the burning building just before the roof collapsed.,1,mayor,human,fire_04,harm
Rescuers pulled the clerk from the burning building just before the roof collapsed.,1,clerk,human,fire_04,harm
Rescuers pulled the chef from the burning building just before the roof collapsed.,1,chef,human,fire_04,harm
Rescuers pulled the pilot from the burning building just before the roof collapsed.,1,pilot,human,fire_04,harm
Rescuers pulled the miner from the burning building just before the roof collapsed.,1,miner,human,fire_04,harm
Rescuers pulled the mason from the burning building just before the roof collapsed.,1,mason,human,fire_04,harm
Rescuers pulled the traveler from the burning building just before the roof collapsed.,1,traveler,human,fire_04,harm
Rescuers pulled the stranger from the burning building just before the roof collapsed.,1,stranger,human,fire_04,harm
Rescuers pulled the infant from the burning building just before the roof collapsed.,1,infant,human,fire_04,harm
Rescuers pulled the widow from the burning building just before the roof collapsed.,1,widow,human,fire_04,harm
Rescuers pulled the uncle from the burning building just before the roof collapsed.,1,uncle,human,fire_04,harm
Rescuers pulled the aunt from the burning building just before the roof collapsed.,1,aunt,human,fire_04,harm
Rescuers pulled the pig from the burning building just before the roof collapsed.,0,pig,farmed,fire_04,harm
Rescuers pulled the cow from the burning building just before the roof collapsed.,0,cow,farmed,fire_04,harm
Rescuers pulled the chicken from the burning building just before the roof collapsed.,0,chicken,farmed,fire_04,harm
Rescuers pulled the goat from the burning building just before the roof collapsed.,0,goat,farmed,fire_04,harm
Rescuers pulled the sheep from the burning building just before the roof collapsed.,0,sheep,farmed,fire_04,harm
Rescuers pulled the duck from the burning building just before the roof collapsed.,0,duck,farmed,fire_04,harm
Rescuers pulled the turkey from the burning building just before the roof collapsed.,0,turkey,farmed,fire_04,harm
Rescuers pulled the hen from the burning building just before the roof collapsed.,0,hen,farmed,fire_04,harm
Rescuers pulled the rooster from the burning building just before the roof collapsed.,0,rooster,farmed,fire_04,harm
Rescuers pulled the calf from the burning building just before the roof collapsed.,0,calf,farmed,fire_04,harm
Rescuers pulled the lamb from the burning building just before the roof collapsed.,0,lamb,farmed,fire_04,harm
Rescuers pulled the piglet from the burning building just before the roof collapsed.,0,piglet,farmed,fire_04,harm
Rescuers pulled the ox from the burning building just before the roof collapsed.,0,ox,farmed,fire_04,harm
Rescuers pulled the donkey from the burning building just before the roof collapsed.,0,donkey,farmed,fire_04,harm
Rescuers pulled the mule from the burning building just before the roof collapsed.,0,mule,farmed,fire_04,harm
Rescuers pulled the goose from the burning building just before the roof collapsed.,0,goose,farmed,fire_04,harm
Rescuers pulled the sow from the burning building just before the roof collapsed.,0,sow,farmed,fire_04,harm
Rescuers pulled the heifer from the burning building just before the roof collapsed.,0,heifer,farmed,fire_04,harm
Rescuers pulled the foal from the burning building just before the roof collapsed.,0,foal,farmed,fire_04,harm
Rescuers pulled the ram from the burning building just before the roof collapsed.,0,ram,farmed,fire_04,harm
Rescuers pulled the capon from the burning building just before the roof collapsed.,0,capon,farmed,fire_04,harm
Rescuers pulled the steer from the burning building just before the roof collapsed.,0,steer,farmed,fire_04,harm
Rescuers pulled the bullock from the burning building just before the roof collapsed.,0,bullock,farmed,fire_04,harm
Rescuers pulled the ewe from the burning building just before the roof collapsed.,0,ewe,farmed,fire_04,harm
Rescuers pulled the wether from the burning building just before the roof collapsed.,0,wether,farmed,fire_04,harm
Rescuers pulled the gander from the burning building just before the roof collapsed.,0,gander,farmed,fire_04,harm
Rescuers pulled the drake from the burning building just before the roof collapsed.,0,drake,farmed,fire_04,harm
Rescuers pulled the gosling from the burning building just before the roof collapsed.,0,gosling,farmed,fire_04,harm
Rescuers pulled the duckling from the burning building just before the roof collapsed.,0,duckling,farmed,fire_04,harm
Rescuers pulled the chick from the burning building just before the roof collapsed.,0,chick,farmed,fire_04,harm
Rescuers pulled the cockerel from the burning building just before the roof collapsed.,0,cockerel,farmed,fire_04,harm
Rescuers pulled the pullet from the burning building just before the roof collapsed.,0,pullet,farmed,fire_04,harm
Rescuers pulled the yearling from the burning building just before the roof collapsed.,0,yearling,farmed,fire_04,harm
Rescuers pulled the shoat from the burning building just before the roof collapsed.,0,shoat,farmed,fire_04,harm
Rescuers pulled the gilt from the burning building just before the roof collapsed.,0,gilt,farmed,fire_04,harm
Rescuers pulled the pony from the burning building just before the roof collapsed.,0,pony,farmed,fire_04,harm
Rescuers pulled the mare from the burning building just before the roof collapsed.,0,mare,farmed,fire_04,harm
Rescuers pulled the colt from the burning building just before the roof collapsed.,0,colt,farmed,fire_04,harm
Rescuers pulled the alpaca from the burning building just before the roof collapsed.,0,alpaca,farmed,fire_04,harm
Rescuers pulled the stallion from the burning building just before the roof collapsed.,0,stallion,farmed,fire_04,harm
The flames spread so quickly that the man suffered severe burns before escaping.,1,man,human,fire_05,harm
The flames spread so quickly that the woman suffered severe burns before escaping.,1,woman,human,fire_05,harm
The flames spread so quickly that the child suffered severe burns before escaping.,1,child,human,fire_05,harm
The flames spread so quickly that the boy suffered severe burns before escaping.,1,boy,human,fire_05,harm
The flames spread so quickly that the girl suffered severe burns before escaping.,1,girl,human,fire_05,harm
The flames spread so quickly that the farmer suffered severe burns before escaping.,1,farmer,human,fire_05,harm
The flames spread so quickly that the nurse suffered severe burns before escaping.,1,nurse,human,fire_05,harm
The flames spread so quickly that the teacher suffered severe burns before escaping.,1,teacher,human,fire_05,harm
The flames spread so quickly that the doctor suffered severe burns before escaping.,1,doctor,human,fire_05,harm
The flames spread so quickly that the student suffered severe burns before escaping.,1,student,human,fire_05,harm
The flames spread so quickly that the soldier suffered severe burns before escaping.,1,soldier,human,fire_05,harm
The flames spread so quickly that the hiker suffered severe burns before escaping.,1,hiker,human,fire_05,harm
The flames spread so quickly that the shepherd suffered severe burns before escaping.,1,shepherd,human,fire_05,harm
The flames spread so quickly that the villager suffered severe burns before escaping.,1,villager,human,fire_05,harm
The flames spread so quickly that the fisherman suffered severe burns before escaping.,1,fisherman,human,fire_05,harm
The flames spread so quickly that the carpenter suffered severe burns before escaping.,1,carpenter,human,fire_05,harm
The flames spread so quickly that the toddler suffered severe burns before escaping.,1,toddler,human,fire_05,harm
The flames spread so quickly that the grandmother suffered severe burns before escaping.,1,grandmother,human,fire_05,harm
The flames spread so quickly that the grandfather suffered severe burns before escaping.,1,grandfather,human,fire_05,harm
The flames spread so quickly that the worker suffered severe burns before escaping.,1,worker,human,fire_05,harm
The flames spread so quickly that the baker suffered severe burns before escaping.,1,baker,human,fire_05,harm
The flames spread so quickly that the tailor suffered severe burns before escaping.,1,tailor,human,fire_05,harm
The flames spread so quickly that the plumber suffered severe burns before escaping.,1,plumber,human,fire_05,harm
The flames spread so quickly that the sailor suffered severe burns before escaping.,1,sailor,human,fire_05,harm
The flames spread so quickly that the painter suffered severe burns before escaping.,1,painter,human,fire_05,harm
The flames spread so quickly that the banker suffered severe burns before escaping.,1,banker,human,fire_05,harm
The flames spread so quickly that the lawyer suffered severe burns before escaping.,1,lawyer,human,fire_05,harm
The flames spread so quickly that the priest suffered severe burns before escaping.,1,priest,human,fire_05,harm
The flames spread so quickly that the mayor suffered severe burns before escaping.,1,mayor,human,fire_05,harm
The flames spread so quickly that the clerk suffered severe burns before escaping.,1,clerk,human,fire_05,harm
The flames spread so quickly that the chef suffered severe burns before escaping.,1,chef,human,fire_05,harm
The flames spread so quickly that the pilot suffered severe burns before escaping.,1,pilot,human,fire_05,harm
The flames spread so quickly that the miner suffered severe burns before escaping.,1,miner,human,fire_05,harm
The flames spread so quickly that the mason suffered severe burns before escaping.,1,mason,human,fire_05,harm
The flames spread so quickly that the traveler suffered severe burns before escaping.,1,traveler,human,fire_05,harm
The flames spread so quickly that the stranger suffered severe burns before escaping.,1,stranger,human,fire_05,harm
The flames spread so quickly that the infant suffered severe burns before escaping.,1,infant,human,fire_05,harm
The flames spread so quickly that the widow suffered severe burns before escaping.,1,widow,human,fire_05,harm
The flames spread so quickly that the uncle suffered severe burns before escaping.,1,uncle,human,fire_05,harm
The flames spread so quickly that the aunt suffered severe burns before escaping.,1,aunt,human,fire_05,harm
The flames spread so quickly that the pig suffered severe burns before escaping.,0,pig,farmed,fire_05,harm
The flames spread so quickly that the cow suffered severe burns before escaping.,0,cow,farmed,fire_05,harm
The flames spread so quickly that the chicken suffered severe burns before escaping.,0,chicken,farmed,fire_05,harm
The flames spread so quickly that the goat suffered severe burns before escaping.,0,goat,farmed,fire_05,harm
The flames spread so quickly that the sheep suffered severe burns before escaping.,0,sheep,farmed,fire_05,harm
The flames spread so quickly that the duck suffered severe burns before escaping.,0,duck,farmed,fire_05,harm
The flames spread so quickly that the turkey suffered severe burns before escaping.,0,turkey,farmed,fire_05,harm
The flames spread so quickly that the hen suffered severe burns before escaping.,0,hen,farmed,fire_05,harm
The flames spread so quickly that the rooster suffered severe burns before escaping.,0,rooster,farmed,fire_05,harm
The flames spread so quickly that the calf suffered severe burns before escaping.,0,calf,farmed,fire_05,harm
The flames spread so quickly that the lamb suffered severe burns before escaping.,0,lamb,farmed,fire_05,harm
The flames spread so quickly that the piglet suffered severe burns before escaping.,0,piglet,farmed,fire_05,harm
The flames spread so quickly that the ox suffered severe burns before escaping.,0,ox,farmed,fire_05,harm
The flames spread so quickly that the donkey suffered severe burns before escaping.,0,donkey,farmed,fire_05,harm
The flames spread so quickly that the mule suffered severe burns before escaping.,0,mule,farmed,fire_05,harm
The flames spread so quickly that the goose suffered severe burns before escaping.,0,goose,farmed,fire_05,harm
The flames spread so quickly that the sow suffered severe burns before escaping.,0,sow,farmed,fire_05,harm
The flames spread so quickly that the heifer suffered severe burns before escaping.,0,heifer,farmed,fire_05,harm
The flames spread so quickly that the foal suffered severe burns before escaping.,0,foal,farmed,fire_05,harm
The flames spread so quickly that the ram suffered severe burns before escaping.,0,ram,farmed,fire_05,harm
The flames spread so quickly that the capon suffered severe burns before escaping.,0,capon,farmed,fire_05,harm
The flames spread so quickly that the steer suffered severe burns before escaping.,0,steer,farmed,fire_05,harm
The flames spread so quickly that the bullock suffered severe burns before escaping.,0,bullock,farmed,fire_05,harm
The flames spread so quickly that the ewe suffered severe burns before escaping.,0,ewe,farmed,fire_05,harm
The flames spread so quickly that the wether suffered severe burns before escaping.,0,wether,farmed,fire_05,harm
The flames spread so quickly that the gander suffered severe burns before escaping.,0,gander,farmed,fire_05,harm
The flames spread so quickly that the drake suffered severe burns before escaping.,0,drake,farmed,fire_05,harm
The flames spread so quickly that the gosling suffered severe burns before escaping.,0,gosling,farmed,fire_05,harm
The flames spread so quickly that the duckling suffered severe burns before escaping.,0,duckling,farmed,fire_05,harm
The flames spread so quickly that the chick suffered severe burns before escaping.,0,chick,farmed,fire_05,harm
The flames spread so quickly that the cockerel suffered severe burns before escaping.,0,cockerel,farmed,fire_05,harm
The flames spread so quickly that the pullet suffered severe burns before escaping.,0,pullet,farmed,fire_05,harm
The flames spread so quickly that the yearling suffered severe burns before escaping.,0,yearling,farmed,fire_05,harm
The flames spread so quickly that the shoat suffered severe burns before escaping.,0,shoat,farmed,fire_05,harm
The flames spread so quickly that the gilt suffered severe burns before escaping.,0,gilt,farmed,fire_05,harm
The flames spread so quickly that the pony suffered severe burns before escaping.,0,pony,farmed,fire_05,harm
The flames spread so quickly that the mare suffered severe burns before escaping.,0,mare,farmed,fire_05,harm
The flames spread so quickly that the colt suffered severe burns before escaping.,0,colt,farmed,fire_05,harm
The flames spread so quickly that the alpaca suffered severe burns before escaping.,0,alpaca,farmed,fire_05,harm
The flames spread so quickly that the stallion suffered severe burns before escaping.,0,stallion,farmed,fire_05,harm
"Firefighters found the man collapsed near the doorway, barely breathing from the smoke.",1,man,human,fire_06,harm
"Firefighters found the woman collapsed near the doorway, barely breathing from the smoke.",1,woman,human,fire_06,harm
"Firefighters found the child collapsed near the doorway, barely breathing from the smoke.",1,child,human,fire_06,harm
"Firefighters found the boy collapsed near the doorway, barely breathing from the smoke.",1,boy,human,fire_06,harm
"Firefighters found the girl collapsed near the doorway, barely breathing from the smoke.",1,girl,human,fire_06,harm
"Firefighters found the farmer collapsed near the doorway, barely breathing from the smoke.",1,farmer,human,fire_06,harm
"Firefighters found the nurse collapsed near the doorway, barely breathing from the smoke.",1,nurse,human,fire_06,harm
"Firefighters found the teacher collapsed near the doorway, barely breathing from the smoke.",1,teacher,human,fire_06,harm
"Firefighters found the doctor collapsed near the doorway, barely breathing from the smoke.",1,doctor,human,fire_06,harm
"Firefighters found the student collapsed near the doorway, barely breathing from the smoke.",1,student,human,fire_06,harm
"Firefighters found the soldier collapsed near the doorway, barely breathing from the smoke.",1,soldier,human,fire_06,harm
"Firefighters found the hiker collapsed near the doorway, barely breathing from the smoke.",1,hiker,human,fire_06,harm
"Firefighters found the shepherd collapsed near the doorway, barely breathing from the smoke.",1,shepherd,human,fire_06,harm
"Firefighters found the villager collapsed near the doorway, barely breathing from the smoke.",1,villager,human,fire_06,harm
"Firefighters found the fisherman collapsed near the doorway, barely breathing from the smoke.",1,fisherman,human,fire_06,harm
"Firefighters found the carpenter collapsed near the doorway, barely breathing from the smoke.",1,carpenter,human,fire_06,harm
"Firefighters found the toddler collapsed near the doorway, barely breathing from the smoke.",1,toddler,human,fire_06,harm
"Firefighters found the grandmother collapsed near the doorway, barely breathing from the smoke.",1,grandmother,human,fire_06,harm
"Firefighters found the grandfather collapsed near the doorway, barely breathing from the smoke.",1,grandfather,human,fire_06,harm
"Firefighters found the worker collapsed near the doorway, barely breathing from the smoke.",1,worker,human,fire_06,harm
"Firefighters found the baker collapsed near the doorway, barely breathing from the smoke.",1,baker,human,fire_06,harm
"Firefighters found the tailor collapsed near the doorway, barely breathing from the smoke.",1,tailor,human,fire_06,harm
"Firefighters found the plumber collapsed near the doorway, barely breathing from the smoke.",1,plumber,human,fire_06,harm
"Firefighters found the sailor collapsed near the doorway, barely breathing from the smoke.",1,sailor,human,fire_06,harm
"Firefighters found the painter collapsed near the doorway, barely breathing from the smoke.",1,painter,human,fire_06,harm
"Firefighters found the banker collapsed near the doorway, barely breathing from the smoke.",1,banker,human,fire_06,harm
"Firefighters found the lawyer collapsed near the doorway, barely breathing from the smoke.",1,lawyer,human,fire_06,harm
"Firefighters found the priest collapsed near the doorway, barely breathing from the smoke.",1,priest,human,fire_06,harm
"Firefighters found the mayor collapsed near the doorway, barely breathing from the smoke.",1,mayor,human,fire_06,harm
"Firefighters found the clerk collapsed near the doorway, barely breathing from the smoke.",1,clerk,human,fire_06,harm
"Firefighters found the chef collapsed near the doorway, barely breathing from the smoke.",1,chef,human,fire_06,harm
"Firefighters found the pilot collapsed near the doorway, barely breathing from the smoke.",1,pilot,human,fire_06,harm
"Firefighters found the miner collapsed near the doorway, barely breathing from the smoke.",1,miner,human,fire_06,harm
"Firefighters found the mason collapsed near the doorway, barely breathing from the smoke.",1,mason,human,fire_06,harm
"Firefighters found the traveler collapsed near the doorway, barely breathing from the smoke.",1,traveler,human,fire_06,harm
"Firefighters found the stranger collapsed near the doorway, barely breathing from the smoke.",1,stranger,human,fire_06,harm
"Firefighters found the infant collapsed near the doorway, barely breathing from the smoke.",1,infant,human,fire_06,harm
"Firefighters found the widow collapsed near the doorway, barely breathing from the smoke.",1,widow,human,fire_06,harm
"Firefighters found the uncle collapsed near the doorway, barely breathing from the smoke.",1,uncle,human,fire_06,harm
"Firefighters found the aunt collapsed near the doorway, barely breathing from the smoke.",1,aunt,human,fire_06,harm
"Firefighters found the pig collapsed near the doorway, barely breathing from the smoke.",0,pig,farmed,fire_06,harm
"Firefighters found the cow collapsed near the doorway, barely breathing from the smoke.",0,cow,farmed,fire_06,harm
"Firefighters found the chicken collapsed near the doorway, barely breathing from the smoke.",0,chicken,farmed,fire_06,harm
"Firefighters found the goat collapsed near the doorway, barely breathing from the smoke.",0,goat,farmed,fire_06,harm
"Firefighters found the sheep collapsed near the doorway, barely breathing from the smoke.",0,sheep,farmed,fire_06,harm
"Firefighters found the duck collapsed near the doorway, barely breathing from the smoke.",0,duck,farmed,fire_06,harm
"Firefighters found the turkey collapsed near the doorway, barely breathing from the smoke.",0,turkey,farmed,fire_06,harm
"Firefighters found the hen collapsed near the doorway, barely breathing from the smoke.",0,hen,farmed,fire_06,harm
"Firefighters found the rooster collapsed near the doorway, barely breathing from the smoke.",0,rooster,farmed,fire_06,harm
"Firefighters found the calf collapsed near the doorway, barely breathing from the smoke.",0,calf,farmed,fire_06,harm
"Firefighters found the lamb collapsed near the doorway, barely breathing from the smoke.",0,lamb,farmed,fire_06,harm
"Firefighters found the piglet collapsed near the doorway, barely breathing from the smoke.",0,piglet,farmed,fire_06,harm
"Firefighters found the ox collapsed near the doorway, barely breathing from the smoke.",0,ox,farmed,fire_06,harm
"Firefighters found the donkey collapsed near the doorway, barely breathing from the smoke.",0,donkey,farmed,fire_06,harm
"Firefighters found the mule collapsed near the doorway, barely breathing from the smoke.",0,mule,farmed,fire_06,harm
"Firefighters found the goose collapsed near the doorway, barely breathing from the smoke.",0,goose,farmed,fire_06,harm
"Firefighters found the sow collapsed near the doorway, barely breathing from the smoke.",0,sow,farmed,fire_06,harm
"Firefighters found the heifer collapsed near the doorway, barely breathing from the smoke.",0,heifer,farmed,fire_06,harm
"Firefighters found the foal collapsed near the doorway, barely breathing from the smoke.",0,foal,farmed,fire_06,harm
"Firefighters found the ram collapsed near the doorway, barely breathing from the smoke.",0,ram,farmed,fire_06,harm
"Firefighters found the capon collapsed near the doorway, barely breathing from the smoke.",0,capon,farmed,fire_06,harm
"Firefighters found the steer collapsed near the doorway, barely breathing from the smoke.",0,steer,farmed,fire_06,harm
"Firefighters found the bullock collapsed near the doorway, barely breathing from the smoke.",0,bullock,farmed,fire_06,harm
"Firefighters found the ewe collapsed near the doorway, barely breathing from the smoke.",0,ewe,farmed,fire_06,harm
"Firefighters found the wether collapsed near the doorway, barely breathing from the smoke.",0,wether,farmed,fire_06,harm
"Firefighters found the gander collapsed near the doorway, barely breathing from the smoke.",0,gander,farmed,fire_06,harm
"Firefighters found the drake collapsed near the doorway, barely breathing from the smoke.",0,drake,farmed,fire_06,harm
"Firefighters found the gosling collapsed near the doorway, barely breathing from the smoke.",0,gosling,farmed,fire_06,harm
"Firefighters found the duckling collapsed near the doorway, barely breathing from the smoke.",0,duckling,farmed,fire_06,harm
"Firefighters found the chick collapsed near the doorway, barely breathing from the smoke.",0,chick,farmed,fire_06,harm
"Firefighters found the cockerel collapsed near the doorway, barely breathing from the smoke.",0,cockerel,farmed,fire_06,harm
"Firefighters found the pullet collapsed near the doorway, barely breathing from the smoke.",0,pullet,farmed,fire_06,harm
"Firefighters found the yearling collapsed near the doorway, barely breathing from the smoke.",0,yearling,farmed,fire_06,harm
"Firefighters found the shoat collapsed near the doorway, barely breathing from the smoke.",0,shoat,farmed,fire_06,harm
"Firefighters found the gilt collapsed near the doorway, barely breathing from the smoke.",0,gilt,farmed,fire_06,harm
"Firefighters found the pony collapsed near the doorway, barely breathing from the smoke.",0,pony,farmed,fire_06,harm
"Firefighters found the mare collapsed near the doorway, barely breathing from the smoke.",0,mare,farmed,fire_06,harm
"Firefighters found the colt collapsed near the doorway, barely breathing from the smoke.",0,colt,farmed,fire_06,harm
"Firefighters found the alpaca collapsed near the doorway, barely breathing from the smoke.",0,alpaca,farmed,fire_06,harm
"Firefighters found the stallion collapsed near the doorway, barely breathing from the smoke.",0,stallion,farmed,fire_06,harm
A speeding truck struck the man on the dark highway.,1,man,human,road_01,harm
A speeding truck struck the woman on the dark highway.,1,woman,human,road_01,harm
A speeding truck struck the child on the dark highway.,1,child,human,road_01,harm
A speeding truck struck the boy on the dark highway.,1,boy,human,road_01,harm
A speeding truck struck the girl on the dark highway.,1,girl,human,road_01,harm
A speeding truck struck the farmer on the dark highway.,1,farmer,human,road_01,harm
A speeding truck struck the nurse on the dark highway.,1,nurse,human,road_01,harm
A speeding truck struck the teacher on the dark highway.,1,teacher,human,road_01,harm
A speeding truck struck the doctor on the dark highway.,1,doctor,human,road_01,harm
A speeding truck struck the student on the dark highway.,1,student,human,road_01,harm
A speeding truck struck the soldier on the dark highway.,1,soldier,human,road_01,harm
A speeding truck struck the hiker on the dark highway.,1,hiker,human,road_01,harm
A speeding truck struck the shepherd on the dark highway.,1,shepherd,human,road_01,harm
A speeding truck struck the villager on the dark highway.,1,villager,human,road_01,harm
A speeding truck struck the fisherman on the dark highway.,1,fisherman,human,road_01,harm
A speeding truck struck the carpenter on the dark highway.,1,carpenter,human,road_01,harm
A speeding truck struck the toddler on the dark highway.,1,toddler,human,road_01,harm
A speeding truck struck the grandmother on the dark highway.,1,grandmother,human,road_01,harm
A speeding truck struck the grandfather on the dark highway.,1,grandfather,human,road_01,harm
A speeding truck struck the worker on the dark highway.,1,worker,human,road_01,harm
A speeding truck struck the baker on the dark highway.,1,baker,human,road_01,harm
A speeding truck struck the tailor on the dark highway.,1,tailor,human,road_01,harm
A speeding truck struck the plumber on the dark highway.,1,plumber,human,road_01,harm
A speeding truck struck the sailor on the dark highway.,1,sailor,human,road_01,harm
A speeding truck struck the painter on the dark highway.,1,painter,human,road_01,harm
A speeding truck struck the banker on the dark highway.,1,banker,human,road_01,harm
A speeding truck struck the lawyer on the dark highway.,1,lawyer,human,road_01,harm
A speeding truck struck the priest on the dark highway.,1,priest,human,road_01,harm
A speeding truck struck the mayor on the dark highway.,1,mayor,human,road_01,harm
A speeding truck struck the clerk on the dark highway.,1,clerk,human,road_01,harm
A speeding truck struck the chef on the dark highway.,1,chef,human,road_01,harm
A speeding truck struck the pilot on the dark highway.,1,pilot,human,road_01,harm
A speeding truck struck the miner on the dark highway.,1,miner,human,road_01,harm
A speeding truck struck the mason on the dark highway.,1,mason,human,road_01,harm
A speeding truck struck the traveler on the dark highway.,1,traveler,human,road_01,harm
A speeding truck struck the stranger on the dark highway.,1,stranger,human,road_01,harm
A speeding truck struck the infant on the dark highway.,1,infant,human,road_01,harm
A speeding truck struck the widow on the dark highway.,1,widow,human,road_01,harm
A speeding truck struck the uncle on the dark highway.,1,uncle,human,road_01,harm
A speeding truck struck the aunt on the dark highway.,1,aunt,human,road_01,harm
A speeding truck struck the pig on the dark highway.,0,pig,farmed,road_01,harm
A speeding truck struck the cow on the dark highway.,0,cow,farmed,road_01,harm
A speeding truck struck the chicken on the dark highway.,0,chicken,farmed,road_01,harm
A speeding truck struck the goat on the dark highway.,0,goat,farmed,road_01,harm
A speeding truck struck the sheep on the dark highway.,0,sheep,farmed,road_01,harm
A speeding truck struck the duck on the dark highway.,0,duck,farmed,road_01,harm
A speeding truck struck the turkey on the dark highway.,0,turkey,farmed,road_01,harm
A speeding truck struck the hen on the dark highway.,0,hen,farmed,road_01,harm
A speeding truck struck the rooster on the dark highway.,0,rooster,farmed,road_01,harm
A speeding truck struck the calf on the dark highway.,0,calf,farmed,road_01,harm
A speeding truck struck the lamb on the dark highway.,0,lamb,farmed,road_01,harm
A speeding truck struck the piglet on the dark highway.,0,piglet,farmed,road_01,harm
A speeding truck struck the ox on the dark highway.,0,ox,farmed,road_01,harm
A speeding truck struck the donkey on the dark highway.,0,donkey,farmed,road_01,harm
A speeding truck struck the mule on the dark highway.,0,mule,farmed,road_01,harm
A speeding truck struck the goose on the dark highway.,0,goose,farmed,road_01,harm
A speeding truck struck the sow on the dark highway.,0,sow,farmed,road_01,harm
A speeding truck struck the heifer on the dark highway.,0,heifer,farmed,road_01,harm
A speeding truck struck the foal on the dark highway.,0,foal,farmed,road_01,harm
A speeding truck struck the ram on the dark highway.,0,ram,farmed,road_01,harm
A speeding truck struck the capon on the dark highway.,0,capon,farmed,road_01,harm
A speeding truck struck the steer on the dark highway.,0,steer,farmed,road_01,harm
A speeding truck struck the bullock on the dark highway.,0,bullock,farmed,road_01,harm
A speeding truck struck the ewe on the dark highway.,0,ewe,farmed,road_01,harm
A speeding truck struck the wether on the dark highway.,0,wether,farmed,road_01,harm
A speeding truck struck the gander on the dark highway.,0,gander,farmed,road_01,harm
A speeding truck struck the drake on the dark highway.,0,drake,farmed,road_01,harm
A speeding truck struck the gosling on the dark highway.,0,gosling,farmed,road_01,harm
A speeding truck struck the duckling on the dark highway.,0,duckling,farmed,road_01,harm
A speeding truck struck the chick on the dark highway.,0,chick,farmed,road_01,harm
A speeding truck struck the cockerel on the dark highway.,0,cockerel,farmed,road_01,harm
A speeding truck struck the pullet on the dark highway.,0,pullet,farmed,road_01,harm
A speeding truck struck the yearling on the dark highway.,0,yearling,farmed,road_01,harm
A speeding truck struck the shoat on the dark highway.,0,shoat,farmed,road_01,harm
A speeding truck struck the gilt on the dark highway.,0,gilt,farmed,road_01,harm
A speeding truck struck the pony on the dark highway.,0,pony,farmed,road_01,harm
A speeding truck struck the mare on the dark highway.,0,mare,farmed,road_01,harm
A speeding truck struck the colt on the dark highway.,0,colt,farmed,road_01,harm
A speeding truck struck the alpaca on the dark highway.,0,alpaca,farmed,road_01,harm
A speeding truck struck the stallion on the dark highway.,0,stallion,farmed,road_01,harm
"After the collision, the man lay motionless by the side of the road.",1,man,human,road_02,harm
"After the collision, the woman lay motionless by the side of the road.",1,woman,human,road_02,harm
"After the collision, the child lay motionless by the side of the road.",1,child,human,road_02,harm
"After the collision, the boy lay motionless by the side of the road.",1,boy,human,road_02,harm
"After the collision, the girl lay motionless by the side of the road.",1,girl,human,road_02,harm
"After the collision, the farmer lay motionless by the side of the road.",1,farmer,human,road_02,harm
"After the collision, the nurse lay motionless by the side of the road.",1,nurse,human,road_02,harm
"After the collision, the teacher lay motionless by the side of the road.",1,teacher,human,road_02,harm
"After the collision, the doctor lay motionless by the side of the road.",1,doctor,human,road_02,harm
"After the collision, the student lay motionless by the side of the road.",1,student,human,road_02,harm
"After the collision, the soldier lay motionless by the side of the road.",1,soldier,human,road_02,harm
"After the collision, the hiker lay motionless by the side of the road.",1,hiker,human,road_02,harm
"After the collision, the shepherd lay motionless by the side of the road.",1,shepherd,human,road_02,harm
"After the collision, the villager lay motionless by the side of the road.",1,villager,human,road_02,harm
"After the collision, the fisherman lay motionless by the side of the road.",1,fisherman,human,road_02,harm
"After the collision, the carpenter lay motionless by the side of the road.",1,carpenter,human,road_02,harm
"After the collision, the toddler lay motionless by the side of the road.",1,toddler,human,road_02,harm
"After the collision, the grandmother lay motionless by the side of the road.",1,grandmother,human,road_02,harm
"After the collision, the grandfather lay motionless by the side of the road.",1,grandfather,human,road_02,harm
"After the collision, the worker lay motionless by the side of the road.",1,worker,human,road_02,harm
"After the collision, the baker lay motionless by the side of the road.",1,baker,human,road_02,harm
"After the collision, the tailor lay motionless by the side of the road.",1,tailor,human,road_02,harm
"After the collision, the plumber lay motionless by the side of the road.",1,plumber,human,road_02,harm
"After the collision, the sailor lay motionless by the side of the road.",1,sailor,human,road_02,harm
"After the collision, the painter lay motionless by the side of the road.",1,painter,human,road_02,harm
"After the collision, the banker lay motionless by the side of the road.",1,banker,human,road_02,harm
"After the collision, the lawyer lay motionless by the side of the road.",1,lawyer,human,road_02,harm
"After the collision, the priest lay motionless by the side of the road.",1,priest,human,road_02,harm
"After the collision, the mayor lay motionless by the side of the road.",1,mayor,human,road_02,harm
"After the collision, the clerk lay motionless by the side of the road.",1,clerk,human,road_02,harm
"After the collision, the chef lay motionless by the side of the road.",1,chef,human,road_02,harm
"After the collision, the pilot lay motionless by the side of the road.",1,pilot,human,road_02,harm
"After the collision, the miner lay motionless by the side of the road.",1,miner,human,road_02,harm
"After the collision, the mason lay motionless by the side of the road.",1,mason,human,road_02,harm
"After the collision, the traveler lay motionless by the side of the road.",1,traveler,human,road_02,harm
"After the collision, the stranger lay motionless by the side of the road.",1,stranger,human,road_02,harm
"After the collision, the infant lay motionless by the side of the road.",1,infant,human,road_02,harm
"After the collision, the widow lay motionless by the side of the road.",1,widow,human,road_02,harm
"After the collision, the uncle lay motionless by the side of the road.",1,uncle,human,road_02,harm
"After the collision, the aunt lay motionless by the side of the road.",1,aunt,human,road_02,harm
"After the collision, the pig lay motionless by the side of the road.",0,pig,farmed,road_02,harm
"After the collision, the cow lay motionless by the side of the road.",0,cow,farmed,road_02,harm
"After the collision, the chicken lay motionless by the side of the road.",0,chicken,farmed,road_02,harm
"After the collision, the goat lay motionless by the side of the road.",0,goat,farmed,road_02,harm
"After the collision, the sheep lay motionless by the side of the road.",0,sheep,farmed,road_02,harm
"After the collision, the duck lay motionless by the side of the road.",0,duck,farmed,road_02,harm
"After the collision, the turkey lay motionless by the side of the road.",0,turkey,farmed,road_02,harm
"After the collision, the hen lay motionless by the side of the road.",0,hen,farmed,road_02,harm
"After the collision, the rooster lay motionless by the side of the road.",0,rooster,farmed,road_02,harm
"After the collision, the calf lay motionless by the side of the road.",0,calf,farmed,road_02,harm
"After the collision, the lamb lay motionless by the side of the road.",0,lamb,farmed,road_02,harm
"After the collision, the piglet lay motionless by the side of the road.",0,piglet,farmed,road_02,harm
"After the collision, the ox lay motionless by the side of the road.",0,ox,farmed,road_02,harm
"After the collision, the donkey lay motionless by the side of the road.",0,donkey,farmed,road_02,harm
"After the collision, the mule lay motionless by the side of the road.",0,mule,farmed,road_02,harm
"After the collision, the goose lay motionless by the side of the road.",0,goose,farmed,road_02,harm
"After the collision, the sow lay motionless by the side of the road.",0,sow,farmed,road_02,harm
"After the collision, the heifer lay motionless by the side of the road.",0,heifer,farmed,road_02,harm
"After the collision, the foal lay motionless by the side of the road.",0,foal,farmed,road_02,harm
"After the collision, the ram lay motionless by the side of the road.",0,ram,farmed,road_02,harm
"After the collision, the capon lay motionless by the side of the road.",0,capon,farmed,road_02,harm
"After the collision, the steer lay motionless by the side of the road.",0,steer,farmed,road_02,harm
"After the collision, the bullock lay motionless by the side of the road.",0,bullock,farmed,road_02,harm
"After the collision, the ewe lay motionless by the side of the road.",0,ewe,farmed,road_02,harm
"After the collision, the wether lay motionless by the side of the road.",0,wether,farmed,road_02,harm
"After the collision, the gander lay motionless by the side of the road.",0,gander,farmed,road_02,harm
"After the collision, the drake lay motionless by the side of the road.",0,drake,farmed,road_02,harm
"After the collision, the gosling lay motionless by the side of the road.",0,gosling,farmed,road_02,harm
"After the collision, the duckling lay motionless by the side of the road.",0,duckling,farmed,road_02,harm
"After the collision, the chick lay motionless by the side of the road.",0,chick,farmed,road_02,harm
"After the collision, the cockerel lay motionless by the side of the road.",0,cockerel,farmed,road_02,harm
"After the collision, the pullet lay motionless by the side of the road.",0,pullet,farmed,road_02,harm
"After the collision, the yearling lay motionless by the side of the road.",0,yearling,farmed,road_02,harm
"After the collision, the shoat lay motionless by the side of the road.",0,shoat,farmed,road_02,harm
"After the collision, the gilt lay motionless by the side of the road.",0,gilt,farmed,road_02,harm
"After the collision, the pony lay motionless by the side of the road.",0,pony,farmed,road_02,harm
"After the collision, the mare lay motionless by the side of the road.",0,mare,farmed,road_02,harm
"After the collision, the colt lay motionless by the side of the road.",0,colt,farmed,road_02,harm
"After the collision, the alpaca lay motionless by the side of the road.",0,alpaca,farmed,road_02,harm
"After the collision, the stallion lay motionless by the side of the road.",0,stallion,farmed,road_02,harm
"The driver swerved too late, and the man was left injured on the asphalt.",1,man,human,road_03,harm
"The driver swerved too late, and the woman was left injured on the asphalt.",1,woman,human,road_03,harm
"The driver swerved too late, and the child was left injured on the asphalt.",1,child,human,road_03,harm
"The driver swerved too late, and the boy was left injured on the asphalt.",1,boy,human,road_03,harm
"The driver swerved too late, and the girl was left injured on the asphalt.",1,girl,human,road_03,harm
"The driver swerved too late, and the farmer was left injured on the asphalt.",1,farmer,human,road_03,harm
"The driver swerved too late, and the nurse was left injured on the asphalt.",1,nurse,human,road_03,harm
"The driver swerved too late, and the teacher was left injured on the asphalt.",1,teacher,human,road_03,harm
"The driver swerved too late, and the doctor was left injured on the asphalt.",1,doctor,human,road_03,harm
"The driver swerved too late, and the student was left injured on the asphalt.",1,student,human,road_03,harm
"The driver swerved too late, and the soldier was left injured on the asphalt.",1,soldier,human,road_03,harm
"The driver swerved too late, and the hiker was left injured on the asphalt.",1,hiker,human,road_03,harm
"The driver swerved too late, and the shepherd was left injured on the asphalt.",1,shepherd,human,road_03,harm
"The driver swerved too late, and the villager was left injured on the asphalt.",1,villager,human,road_03,harm
"The driver swerved too late, and the fisherman was left injured on the asphalt.",1,fisherman,human,road_03,harm
"The driver swerved too late, and the carpenter was left injured on the asphalt.",1,carpenter,human,road_03,harm
"The driver swerved too late, and the toddler was left injured on the asphalt.",1,toddler,human,road_03,harm
"The driver swerved too late, and the grandmother was left injured on the asphalt.",1,grandmother,human,road_03,harm
"The driver swerved too late, and the grandfather was left injured on the asphalt.",1,grandfather,human,road_03,harm
"The driver swerved too late, and the worker was left injured on the asphalt.",1,worker,human,road_03,harm
"The driver swerved too late, and the baker was left injured on the asphalt.",1,baker,human,road_03,harm
"The driver swerved too late, and the tailor was left injured on the asphalt.",1,tailor,human,road_03,harm
"The driver swerved too late, and the plumber was left injured on the asphalt.",1,plumber,human,road_03,harm
"The driver swerved too late, and the sailor was left injured on the asphalt.",1,sailor,human,road_03,harm
"The driver swerved too late, and the painter was left injured on the asphalt.",1,painter,human,road_03,harm
"The driver swerved too late, and the banker was left injured on the asphalt.",1,banker,human,road_03,harm
"The driver swerved too late, and the lawyer was left injured on the asphalt.",1,lawyer,human,road_03,harm
"The driver swerved too late, and the priest was left injured on the asphalt.",1,priest,human,road_03,harm
"The driver swerved too late, and the mayor was left injured on the asphalt.",1,mayor,human,road_03,harm
"The driver swerved too late, and the clerk was left injured on the asphalt.",1,clerk,human,road_03,harm
"The driver swerved too late, and the chef was left injured on the asphalt.",1,chef,human,road_03,harm
"The driver swerved too late, and the pilot was left injured on the asphalt.",1,pilot,human,road_03,harm
"The driver swerved too late, and the miner was left injured on the asphalt.",1,miner,human,road_03,harm
"The driver swerved too late, and the mason was left injured on the asphalt.",1,mason,human,road_03,harm
"The driver swerved too late, and the traveler was left injured on the asphalt.",1,traveler,human,road_03,harm
"The driver swerved too late, and the stranger was left injured on the asphalt.",1,stranger,human,road_03,harm
"The driver swerved too late, and the infant was left injured on the asphalt.",1,infant,human,road_03,harm
"The driver swerved too late, and the widow was left injured on the asphalt.",1,widow,human,road_03,harm
"The driver swerved too late, and the uncle was left injured on the asphalt.",1,uncle,human,road_03,harm
"The driver swerved too late, and the aunt was left injured on the asphalt.",1,aunt,human,road_03,harm
"The driver swerved too late, and the pig was left injured on the asphalt.",0,pig,farmed,road_03,harm
"The driver swerved too late, and the cow was left injured on the asphalt.",0,cow,farmed,road_03,harm
"The driver swerved too late, and the chicken was left injured on the asphalt.",0,chicken,farmed,road_03,harm
"The driver swerved too late, and the goat was left injured on the asphalt.",0,goat,farmed,road_03,harm
"The driver swerved too late, and the sheep was left injured on the asphalt.",0,sheep,farmed,road_03,harm
"The driver swerved too late, and the duck was left injured on the asphalt.",0,duck,farmed,road_03,harm
"The driver swerved too late, and the turkey was left injured on the asphalt.",0,turkey,farmed,road_03,harm
"The driver swerved too late, and the hen was left injured on the asphalt.",0,hen,farmed,road_03,harm
"The driver swerved too late, and the rooster was left injured on the asphalt.",0,rooster,farmed,road_03,harm
"The driver swerved too late, and the calf was left injured on the asphalt.",0,calf,farmed,road_03,harm
"The driver swerved too late, and the lamb was left injured on the asphalt.",0,lamb,farmed,road_03,harm
"The driver swerved too late, and the piglet was left injured on the asphalt.",0,piglet,farmed,road_03,harm
"The driver swerved too late, and the ox was left injured on the asphalt.",0,ox,farmed,road_03,harm
"The driver swerved too late, and the donkey was left injured on the asphalt.",0,donkey,farmed,road_03,harm
"The driver swerved too late, and the mule was left injured on the asphalt.",0,mule,farmed,road_03,harm
"The driver swerved too late, and the goose was left injured on the asphalt.",0,goose,farmed,road_03,harm
"The driver swerved too late, and the sow was left injured on the asphalt.",0,sow,farmed,road_03,harm
"The driver swerved too late, and the heifer was left injured on the asphalt.",0,heifer,farmed,road_03,harm
"The driver swerved too late, and the foal was left injured on the asphalt.",0,foal,farmed,road_03,harm
"The driver swerved too late, and the ram was left injured on the asphalt.",0,ram,farmed,road_03,harm
"The driver swerved too late, and the capon was left injured on the asphalt.",0,capon,farmed,road_03,harm
"The driver swerved too late, and the steer was left injured on the asphalt.",0,steer,farmed,road_03,harm
"The driver swerved too late, and the bullock was left injured on the asphalt.",0,bullock,farmed,road_03,harm
"The driver swerved too late, and the ewe was left injured on the asphalt.",0,ewe,farmed,road_03,harm
"The driver swerved too late, and the wether was left injured on the asphalt.",0,wether,farmed,road_03,harm
"The driver swerved too late, and the gander was left injured on the asphalt.",0,gander,farmed,road_03,harm
"The driver swerved too late, and the drake was left injured on the asphalt.",0,drake,farmed,road_03,harm
"The driver swerved too late, and the gosling was left injured on the asphalt.",0,gosling,farmed,road_03,harm
"The driver swerved too late, and the duckling was left injured on the asphalt.",0,duckling,farmed,road_03,harm
"The driver swerved too late, and the chick was left injured on the asphalt.",0,chick,farmed,road_03,harm
"The driver swerved too late, and the cockerel was left injured on the asphalt.",0,cockerel,farmed,road_03,harm
"The driver swerved too late, and the pullet was left injured on the asphalt.",0,pullet,farmed,road_03,harm
"The driver swerved too late, and the yearling was left injured on the asphalt.",0,yearling,farmed,road_03,harm
"The driver swerved too late, and the shoat was left injured on the asphalt.",0,shoat,farmed,road_03,harm
"The driver swerved too late, and the gilt was left injured on the asphalt.",0,gilt,farmed,road_03,harm
"The driver swerved too late, and the pony was left injured on the asphalt.",0,pony,farmed,road_03,harm
"The driver swerved too late, and the mare was left injured on the asphalt.",0,mare,farmed,road_03,harm
"The driver swerved too late, and the colt was left injured on the asphalt.",0,colt,farmed,road_03,harm
"The driver swerved too late, and the alpaca was left injured on the asphalt.",0,alpaca,farmed,road_03,harm
"The driver swerved too late, and the stallion was left injured on the asphalt.",0,stallion,farmed,road_03,harm
Witnesses saw the man moving away from the crash site in obvious pain.,1,man,human,road_04,harm
Witnesses saw the woman moving away from the crash site in obvious pain.,1,woman,human,road_04,harm
Witnesses saw the child moving away from the crash site in obvious pain.,1,child,human,road_04,harm
Witnesses saw the boy moving away from the crash site in obvious pain.,1,boy,human,road_04,harm
Witnesses saw the girl moving away from the crash site in obvious pain.,1,girl,human,road_04,harm
Witnesses saw the farmer moving away from the crash site in obvious pain.,1,farmer,human,road_04,harm
Witnesses saw the nurse moving away from the crash site in obvious pain.,1,nurse,human,road_04,harm
Witnesses saw the teacher moving away from the crash site in obvious pain.,1,teacher,human,road_04,harm
Witnesses saw the doctor moving away from the crash site in obvious pain.,1,doctor,human,road_04,harm
Witnesses saw the student moving away from the crash site in obvious pain.,1,student,human,road_04,harm
Witnesses saw the soldier moving away from the crash site in obvious pain.,1,soldier,human,road_04,harm
Witnesses saw the hiker moving away from the crash site in obvious pain.,1,hiker,human,road_04,harm
Witnesses saw the shepherd moving away from the crash site in obvious pain.,1,shepherd,human,road_04,harm
Witnesses saw the villager moving away from the crash site in obvious pain.,1,villager,human,road_04,harm
Witnesses saw the fisherman moving away from the crash site in obvious pain.,1,fisherman,human,road_04,harm
Witnesses saw the carpenter moving away from the crash site in obvious pain.,1,carpenter,human,road_04,harm
Witnesses saw the toddler moving away from the crash site in obvious pain.,1,toddler,human,road_04,harm
Witnesses saw the grandmother moving away from the crash site in obvious pain.,1,grandmother,human,road_04,harm
Witnesses saw the grandfather moving away from the crash site in obvious pain.,1,grandfather,human,road_04,harm
Witnesses saw the worker moving away from the crash site in obvious pain.,1,worker,human,road_04,harm
Witnesses saw the baker moving away from the crash site in obvious pain.,1,baker,human,road_04,harm
Witnesses saw the tailor moving away from the crash site in obvious pain.,1,tailor,human,road_04,harm
Witnesses saw the plumber moving away from the crash site in obvious pain.,1,plumber,human,road_04,harm
Witnesses saw the sailor moving away from the crash site in obvious pain.,1,sailor,human,road_04,harm
Witnesses saw the painter moving away from the crash site in obvious pain.,1,painter,human,road_04,harm
Witnesses saw the banker moving away from the crash site in obvious pain.,1,banker,human,road_04,harm
Witnesses saw the lawyer moving away from the crash site in obvious pain.,1,lawyer,human,road_04,harm
Witnesses saw the priest moving away from the crash site in obvious pain.,1,priest,human,road_04,harm
Witnesses saw the mayor moving away from the crash site in obvious pain.,1,mayor,human,road_04,harm
Witnesses saw the clerk moving away from the crash site in obvious pain.,1,clerk,human,road_04,harm
Witnesses saw the chef moving away from the crash site in obvious pain.,1,chef,human,road_04,harm
Witnesses saw the pilot moving away from the crash site in obvious pain.,1,pilot,human,road_04,harm
Witnesses saw the miner moving away from the crash site in obvious pain.,1,miner,human,road_04,harm
Witnesses saw the mason moving away from the crash site in obvious pain.,1,mason,human,road_04,harm
Witnesses saw the traveler moving away from the crash site in obvious pain.,1,traveler,human,road_04,harm
Witnesses saw the stranger moving away from the crash site in obvious pain.,1,stranger,human,road_04,harm
Witnesses saw the infant moving away from the crash site in obvious pain.,1,infant,human,road_04,harm
Witnesses saw the widow moving away from the crash site in obvious pain.,1,widow,human,road_04,harm
Witnesses saw the uncle moving away from the crash site in obvious pain.,1,uncle,human,road_04,harm
Witnesses saw the aunt moving away from the crash site in obvious pain.,1,aunt,human,road_04,harm
Witnesses saw the pig moving away from the crash site in obvious pain.,0,pig,farmed,road_04,harm
Witnesses saw the cow moving away from the crash site in obvious pain.,0,cow,farmed,road_04,harm
Witnesses saw the chicken moving away from the crash site in obvious pain.,0,chicken,farmed,road_04,harm
Witnesses saw the goat moving away from the crash site in obvious pain.,0,goat,farmed,road_04,harm
Witnesses saw the sheep moving away from the crash site in obvious pain.,0,sheep,farmed,road_04,harm
Witnesses saw the duck moving away from the crash site in obvious pain.,0,duck,farmed,road_04,harm
Witnesses saw the turkey moving away from the crash site in obvious pain.,0,turkey,farmed,road_04,harm
Witnesses saw the hen moving away from the crash site in obvious pain.,0,hen,farmed,road_04,harm
Witnesses saw the rooster moving away from the crash site in obvious pain.,0,rooster,farmed,road_04,harm
Witnesses saw the calf moving away from the crash site in obvious pain.,0,calf,farmed,road_04,harm
Witnesses saw the lamb moving away from the crash site in obvious pain.,0,lamb,farmed,road_04,harm
Witnesses saw the piglet moving away from the crash site in obvious pain.,0,piglet,farmed,road_04,harm
Witnesses saw the ox moving away from the crash site in obvious pain.,0,ox,farmed,road_04,harm
Witnesses saw the donkey moving away from the crash site in obvious pain.,0,donkey,farmed,road_04,harm
Witnesses saw the mule moving away from the crash site in obvious pain.,0,mule,farmed,road_04,harm
Witnesses saw the goose moving away from the crash site in obvious pain.,0,goose,farmed,road_04,harm
Witnesses saw the sow moving away from the crash site in obvious pain.,0,sow,farmed,road_04,harm
Witnesses saw the heifer moving away from the crash site in obvious pain.,0,heifer,farmed,road_04,harm
Witnesses saw the foal moving away from the crash site in obvious pain.,0,foal,farmed,road_04,harm
Witnesses saw the ram moving away from the crash site in obvious pain.,0,ram,farmed,road_04,harm
Witnesses saw the capon moving away from the crash site in obvious pain.,0,capon,farmed,road_04,harm
Witnesses saw the steer moving away from the crash site in obvious pain.,0,steer,farmed,road_04,harm
Witnesses saw the bullock moving away from the crash site in obvious pain.,0,bullock,farmed,road_04,harm
Witnesses saw the ewe moving away from the crash site in obvious pain.,0,ewe,farmed,road_04,harm
Witnesses saw the wether moving away from the crash site in obvious pain.,0,wether,farmed,road_04,harm
Witnesses saw the gander moving away from the crash site in obvious pain.,0,gander,farmed,road_04,harm
Witnesses saw the drake moving away from the crash site in obvious pain.,0,drake,farmed,road_04,harm
Witnesses saw the gosling moving away from the crash site in obvious pain.,0,gosling,farmed,road_04,harm
Witnesses saw the duckling moving away from the crash site in obvious pain.,0,duckling,farmed,road_04,harm
Witnesses saw the chick moving away from the crash site in obvious pain.,0,chick,farmed,road_04,harm
Witnesses saw the cockerel moving away from the crash site in obvious pain.,0,cockerel,farmed,road_04,harm
Witnesses saw the pullet moving away from the crash site in obvious pain.,0,pullet,farmed,road_04,harm
Witnesses saw the yearling moving away from the crash site in obvious pain.,0,yearling,farmed,road_04,harm
Witnesses saw the shoat moving away from the crash site in obvious pain.,0,shoat,farmed,road_04,harm
Witnesses saw the gilt moving away from the crash site in obvious pain.,0,gilt,farmed,road_04,harm
Witnesses saw the pony moving away from the crash site in obvious pain.,0,pony,farmed,road_04,harm
Witnesses saw the mare moving away from the crash site in obvious pain.,0,mare,farmed,road_04,harm
Witnesses saw the colt moving away from the crash site in obvious pain.,0,colt,farmed,road_04,harm
Witnesses saw the alpaca moving away from the crash site in obvious pain.,0,alpaca,farmed,road_04,harm
Witnesses saw the stallion moving away from the crash site in obvious pain.,0,stallion,farmed,road_04,harm
The car skidded on the ice and pinned the man against the guardrail.,1,man,human,road_05,harm
The car skidded on the ice and pinned the woman against the guardrail.,1,woman,human,road_05,harm
The car skidded on the ice and pinned the child against the guardrail.,1,child,human,road_05,harm
The car skidded on the ice and pinned the boy against the guardrail.,1,boy,human,road_05,harm
The car skidded on the ice and pinned the girl against the guardrail.,1,girl,human,road_05,harm
The car skidded on the ice and pinned the farmer against the guardrail.,1,farmer,human,road_05,harm
The car skidded on the ice and pinned the nurse against the guardrail.,1,nurse,human,road_05,harm
The car skidded on the ice and pinned the teacher against the guardrail.,1,teacher,human,road_05,harm
The car skidded on the ice and pinned the doctor against the guardrail.,1,doctor,human,road_05,harm
The car skidded on the ice and pinned the student against the guardrail.,1,student,human,road_05,harm
The car skidded on the ice and pinned the soldier against the guardrail.,1,soldier,human,road_05,harm
The car skidded on the ice and pinned the hiker against the guardrail.,1,hiker,human,road_05,harm
The car skidded on the ice and pinned the shepherd against the guardrail.,1,shepherd,human,road_05,harm
The car skidded on the ice and pinned the villager against the guardrail.,1,villager,human,road_05,harm
The car skidded on the ice and pinned the fisherman against the guardrail.,1,fisherman,human,road_05,harm
The car skidded on the ice and pinned the carpenter against the guardrail.,1,carpenter,human,road_05,harm
The car skidded on the ice and pinned the toddler against the guardrail.,1,toddler,human,road_05,harm
The car skidded on the ice and pinned the grandmother against the guardrail.,1,grandmother,human,road_05,harm
The car skidded on the ice and pinned the grandfather against the guardrail.,1,grandfather,human,road_05,harm
The car skidded on the ice and pinned the worker against the guardrail.,1,worker,human,road_05,harm
The car skidded on the ice and pinned the baker against the guardrail.,1,baker,human,road_05,harm
The car skidded on the ice and pinned the tailor against the guardrail.,1,tailor,human,road_05,harm
The car skidded on the ice and pinned the plumber against the guardrail.,1,plumber,human,road_05,harm
The car skidded on the ice and pinned the sailor against the guardrail.,1,sailor,human,road_05,harm
The car skidded on the ice and pinned the painter against the guardrail.,1,painter,human,road_05,harm
The car skidded on the ice and pinned the banker against the guardrail.,1,banker,human,road_05,harm
The car skidded on the ice and pinned the lawyer against the guardrail.,1,lawyer,human,road_05,harm
The car skidded on the ice and pinned the priest against the guardrail.,1,priest,human,road_05,harm
The car skidded on the ice and pinned the mayor against the guardrail.,1,mayor,human,road_05,harm
The car skidded on the ice and pinned the clerk against the guardrail.,1,clerk,human,road_05,harm
The car skidded on the ice and pinned the chef against the guardrail.,1,chef,human,road_05,harm
The car skidded on the ice and pinned the pilot against the guardrail.,1,pilot,human,road_05,harm
The car skidded on the ice and pinned the miner against the guardrail.,1,miner,human,road_05,harm
The car skidded on the ice and pinned the mason against the guardrail.,1,mason,human,road_05,harm
The car skidded on the ice and pinned the traveler against the guardrail.,1,traveler,human,road_05,harm
The car skidded on the ice and pinned the stranger against the guardrail.,1,stranger,human,road_05,harm
The car skidded on the ice and pinned the infant against the guardrail.,1,infant,human,road_05,harm
The car skidded on the ice and pinned the widow against the guardrail.,1,widow,human,road_05,harm
The car skidded on the ice and pinned the uncle against the guardrail.,1,uncle,human,road_05,harm
The car skidded on the ice and pinned the aunt against the guardrail.,1,aunt,human,road_05,harm
The car skidded on the ice and pinned the pig against the guardrail.,0,pig,farmed,road_05,harm
The car skidded on the ice and pinned the cow against the guardrail.,0,cow,farmed,road_05,harm
The car skidded on the ice and pinned the chicken against the guardrail.,0,chicken,farmed,road_05,harm
The car skidded on the ice and pinned the goat against the guardrail.,0,goat,farmed,road_05,harm
The car skidded on the ice and pinned the sheep against the guardrail.,0,sheep,farmed,road_05,harm
The car skidded on the ice and pinned the duck against the guardrail.,0,duck,farmed,road_05,harm
The car skidded on the ice and pinned the turkey against the guardrail.,0,turkey,farmed,road_05,harm
The car skidded on the ice and pinned the hen against the guardrail.,0,hen,farmed,road_05,harm
The car skidded on the ice and pinned the rooster against the guardrail.,0,rooster,farmed,road_05,harm
The car skidded on the ice and pinned the calf against the guardrail.,0,calf,farmed,road_05,harm
The car skidded on the ice and pinned the lamb against the guardrail.,0,lamb,farmed,road_05,harm
The car skidded on the ice and pinned the piglet against the guardrail.,0,piglet,farmed,road_05,harm
The car skidded on the ice and pinned the ox against the guardrail.,0,ox,farmed,road_05,harm
The car skidded on the ice and pinned the donkey against the guardrail.,0,donkey,farmed,road_05,harm
The car skidded on the ice and pinned the mule against the guardrail.,0,mule,farmed,road_05,harm
The car skidded on the ice and pinned the goose against the guardrail.,0,goose,farmed,road_05,harm
The car skidded on the ice and pinned the sow against the guardrail.,0,sow,farmed,road_05,harm
The car skidded on the ice and pinned the heifer against the guardrail.,0,heifer,farmed,road_05,harm
The car skidded on the ice and pinned the foal against the guardrail.,0,foal,farmed,road_05,harm
The car skidded on the ice and pinned the ram against the guardrail.,0,ram,farmed,road_05,harm
The car skidded on the ice and pinned the capon against the guardrail.,0,capon,farmed,road_05,harm
The car skidded on the ice and pinned the steer against the guardrail.,0,steer,farmed,road_05,harm
The car skidded on the ice and pinned the bullock against the guardrail.,0,bullock,farmed,road_05,harm
The car skidded on the ice and pinned the ewe against the guardrail.,0,ewe,farmed,road_05,harm
The car skidded on the ice and pinned the wether against the guardrail.,0,wether,farmed,road_05,harm
The car skidded on the ice and pinned the gander against the guardrail.,0,gander,farmed,road_05,harm
The car skidded on the ice and pinned the drake against the guardrail.,0,drake,farmed,road_05,harm
The car skidded on the ice and pinned the gosling against the guardrail.,0,gosling,farmed,road_05,harm
The car skidded on the ice and pinned the duckling against the guardrail.,0,duckling,farmed,road_05,harm
The car skidded on the ice and pinned the chick against the guardrail.,0,chick,farmed,road_05,harm
The car skidded on the ice and pinned the cockerel against the guardrail.,0,cockerel,farmed,road_05,harm
The car skidded on the ice and pinned the pullet against the guardrail.,0,pullet,farmed,road_05,harm
The car skidded on the ice and pinned the yearling against the guardrail.,0,yearling,farmed,road_05,harm
The car skidded on the ice and pinned the shoat against the guardrail.,0,shoat,farmed,road_05,harm
The car skidded on the ice and pinned the gilt against the guardrail.,0,gilt,farmed,road_05,harm
The car skidded on the ice and pinned the pony against the guardrail.,0,pony,farmed,road_05,harm
The car skidded on the ice and pinned the mare against the guardrail.,0,mare,farmed,road_05,harm
The car skidded on the ice and pinned the colt against the guardrail.,0,colt,farmed,road_05,harm
The car skidded on the ice and pinned the alpaca against the guardrail.,0,alpaca,farmed,road_05,harm
The car skidded on the ice and pinned the stallion against the guardrail.,0,stallion,farmed,road_05,harm
"Following the accident, the man was left bleeding at the crossing.",1,man,human,road_06,harm
"Following the accident, the woman was left bleeding at the crossing.",1,woman,human,road_06,harm
"Following the accident, the child was left bleeding at the crossing.",1,child,human,road_06,harm
"Following the accident, the boy was left bleeding at the crossing.",1,boy,human,road_06,harm
"Following the accident, the girl was left bleeding at the crossing.",1,girl,human,road_06,harm
"Following the accident, the farmer was left bleeding at the crossing.",1,farmer,human,road_06,harm
"Following the accident, the nurse was left bleeding at the crossing.",1,nurse,human,road_06,harm
"Following the accident, the teacher was left bleeding at the crossing.",1,teacher,human,road_06,harm
"Following the accident, the doctor was left bleeding at the crossing.",1,doctor,human,road_06,harm
"Following the accident, the student was left bleeding at the crossing.",1,student,human,road_06,harm
"Following the accident, the soldier was left bleeding at the crossing.",1,soldier,human,road_06,harm
"Following the accident, the hiker was left bleeding at the crossing.",1,hiker,human,road_06,harm
"Following the accident, the shepherd was left bleeding at the crossing.",1,shepherd,human,road_06,harm
"Following the accident, the villager was left bleeding at the crossing.",1,villager,human,road_06,harm
"Following the accident, the fisherman was left bleeding at the crossing.",1,fisherman,human,road_06,harm
"Following the accident, the carpenter was left bleeding at the crossing.",1,carpenter,human,road_06,harm
"Following the accident, the toddler was left bleeding at the crossing.",1,toddler,human,road_06,harm
"Following the accident, the grandmother was left bleeding at the crossing.",1,grandmother,human,road_06,harm
"Following the accident, the grandfather was left bleeding at the crossing.",1,grandfather,human,road_06,harm
"Following the accident, the worker was left bleeding at the crossing.",1,worker,human,road_06,harm
"Following the accident, the baker was left bleeding at the crossing.",1,baker,human,road_06,harm
"Following the accident, the tailor was left bleeding at the crossing.",1,tailor,human,road_06,harm
"Following the accident, the plumber was left bleeding at the crossing.",1,plumber,human,road_06,harm
"Following the accident, the sailor was left bleeding at the crossing.",1,sailor,human,road_06,harm
"Following the accident, the painter was left bleeding at the crossing.",1,painter,human,road_06,harm
"Following the accident, the banker was left bleeding at the crossing.",1,banker,human,road_06,harm
"Following the accident, the lawyer was left bleeding at the crossing.",1,lawyer,human,road_06,harm
"Following the accident, the priest was left bleeding at the crossing.",1,priest,human,road_06,harm
"Following the accident, the mayor was left bleeding at the crossing.",1,mayor,human,road_06,harm
"Following the accident, the clerk was left bleeding at the crossing.",1,clerk,human,road_06,harm
"Following the accident, the chef was left bleeding at the crossing.",1,chef,human,road_06,harm
"Following the accident, the pilot was left bleeding at the crossing.",1,pilot,human,road_06,harm
"Following the accident, the miner was left bleeding at the crossing.",1,miner,human,road_06,harm
"Following the accident, the mason was left bleeding at the crossing.",1,mason,human,road_06,harm
"Following the accident, the traveler was left bleeding at the crossing.",1,traveler,human,road_06,harm
"Following the accident, the stranger was left bleeding at the crossing.",1,stranger,human,road_06,harm
"Following the accident, the infant was left bleeding at the crossing.",1,infant,human,road_06,harm
"Following the accident, the widow was left bleeding at the crossing.",1,widow,human,road_06,harm
"Following the accident, the uncle was left bleeding at the crossing.",1,uncle,human,road_06,harm
"Following the accident, the aunt was left bleeding at the crossing.",1,aunt,human,road_06,harm
"Following the accident, the pig was left bleeding at the crossing.",0,pig,farmed,road_06,harm
"Following the accident, the cow was left bleeding at the crossing.",0,cow,farmed,road_06,harm
"Following the accident, the chicken was left bleeding at the crossing.",0,chicken,farmed,road_06,harm
"Following the accident, the goat was left bleeding at the crossing.",0,goat,farmed,road_06,harm
"Following the accident, the sheep was left bleeding at the crossing.",0,sheep,farmed,road_06,harm
"Following the accident, the duck was left bleeding at the crossing.",0,duck,farmed,road_06,harm
"Following the accident, the turkey was left bleeding at the crossing.",0,turkey,farmed,road_06,harm
"Following the accident, the hen was left bleeding at the crossing.",0,hen,farmed,road_06,harm
"Following the accident, the rooster was left bleeding at the crossing.",0,rooster,farmed,road_06,harm
"Following the accident, the calf was left bleeding at the crossing.",0,calf,farmed,road_06,harm
"Following the accident, the lamb was left bleeding at the crossing.",0,lamb,farmed,road_06,harm
"Following the accident, the piglet was left bleeding at the crossing.",0,piglet,farmed,road_06,harm
"Following the accident, the ox was left bleeding at the crossing.",0,ox,farmed,road_06,harm
"Following the accident, the donkey was left bleeding at the crossing.",0,donkey,farmed,road_06,harm
"Following the accident, the mule was left bleeding at the crossing.",0,mule,farmed,road_06,harm
"Following the accident, the goose was left bleeding at the crossing.",0,goose,farmed,road_06,harm
"Following the accident, the sow was left bleeding at the crossing.",0,sow,farmed,road_06,harm
"Following the accident, the heifer was left bleeding at the crossing.",0,heifer,farmed,road_06,harm
"Following the accident, the foal was left bleeding at the crossing.",0,foal,farmed,road_06,harm
"Following the accident, the ram was left bleeding at the crossing.",0,ram,farmed,road_06,harm
"Following the accident, the capon was left bleeding at the crossing.",0,capon,farmed,road_06,harm
"Following the accident, the steer was left bleeding at the crossing.",0,steer,farmed,road_06,harm
"Following the accident, the bullock was left bleeding at the crossing.",0,bullock,farmed,road_06,harm
"Following the accident, the ewe was left bleeding at the crossing.",0,ewe,farmed,road_06,harm
"Following the accident, the wether was left bleeding at the crossing.",0,wether,farmed,road_06,harm
"Following the accident, the gander was left bleeding at the crossing.",0,gander,farmed,road_06,harm
"Following the accident, the drake was left bleeding at the crossing.",0,drake,farmed,road_06,harm
"Following the accident, the gosling was left bleeding at the crossing.",0,gosling,farmed,road_06,harm
"Following the accident, the duckling was left bleeding at the crossing.",0,duckling,farmed,road_06,harm
"Following the accident, the chick was left bleeding at the crossing.",0,chick,farmed,road_06,harm
"Following the accident, the cockerel was left bleeding at the crossing.",0,cockerel,farmed,road_06,harm
"Following the accident, the pullet was left bleeding at the crossing.",0,pullet,farmed,road_06,harm
"Following the accident, the yearling was left bleeding at the crossing.",0,yearling,farmed,road_06,harm
"Following the accident, the shoat was left bleeding at the crossing.",0,shoat,farmed,road_06,harm
"Following the accident, the gilt was left bleeding at the crossing.",0,gilt,farmed,road_06,harm
"Following the accident, the pony was left bleeding at the crossing.",0,pony,farmed,road_06,harm
"Following the accident, the mare was left bleeding at the crossing.",0,mare,farmed,road_06,harm
"Following the accident, the colt was left bleeding at the crossing.",0,colt,farmed,road_06,harm
"Following the accident, the alpaca was left bleeding at the crossing.",0,alpaca,farmed,road_06,harm
"Following the accident, the stallion was left bleeding at the crossing.",0,stallion,farmed,road_06,harm
"For three days, the man has been too weak from the fever to move.",1,man,human,illness_01,harm
"For three days, the woman has been too weak from the fever to move.",1,woman,human,illness_01,harm
"For three days, the child has been too weak from the fever to move.",1,child,human,illness_01,harm
"For three days, the boy has been too weak from the fever to move.",1,boy,human,illness_01,harm
"For three days, the girl has been too weak from the fever to move.",1,girl,human,illness_01,harm
"For three days, the farmer has been too weak from the fever to move.",1,farmer,human,illness_01,harm
"For three days, the nurse has been too weak from the fever to move.",1,nurse,human,illness_01,harm
"For three days, the teacher has been too weak from the fever to move.",1,teacher,human,illness_01,harm
"For three days, the doctor has been too weak from the fever to move.",1,doctor,human,illness_01,harm
"For three days, the student has been too weak from the fever to move.",1,student,human,illness_01,harm
"For three days, the soldier has been too weak from the fever to move.",1,soldier,human,illness_01,harm
"For three days, the hiker has been too weak from the fever to move.",1,hiker,human,illness_01,harm
"For three days, the shepherd has been too weak from the fever to move.",1,shepherd,human,illness_01,harm
"For three days, the villager has been too weak from the fever to move.",1,villager,human,illness_01,harm
"For three days, the fisherman has been too weak from the fever to move.",1,fisherman,human,illness_01,harm
"For three days, the carpenter has been too weak from the fever to move.",1,carpenter,human,illness_01,harm
"For three days, the toddler has been too weak from the fever to move.",1,toddler,human,illness_01,harm
"For three days, the grandmother has been too weak from the fever to move.",1,grandmother,human,illness_01,harm
"For three days, the grandfather has been too weak from the fever to move.",1,grandfather,human,illness_01,harm
"For three days, the worker has been too weak from the fever to move.",1,worker,human,illness_01,harm
"For three days, the baker has been too weak from the fever to move.",1,baker,human,illness_01,harm
"For three days, the tailor has been too weak from the fever to move.",1,tailor,human,illness_01,harm
"For three days, the plumber has been too weak from the fever to move.",1,plumber,human,illness_01,harm
"For three days, the sailor has been too weak from the fever to move.",1,sailor,human,illness_01,harm
"For three days, the painter has been too weak from the fever to move.",1,painter,human,illness_01,harm
"For three days, the banker has been too weak from the fever to move.",1,banker,human,illness_01,harm
"For three days, the lawyer has been too weak from the fever to move.",1,lawyer,human,illness_01,harm
"For three days, the priest has been too weak from the fever to move.",1,priest,human,illness_01,harm
"For three days, the mayor has been too weak from the fever to move.",1,mayor,human,illness_01,harm
"For three days, the clerk has been too weak from the fever to move.",1,clerk,human,illness_01,harm
"For three days, the chef has been too weak from the fever to move.",1,chef,human,illness_01,harm
"For three days, the pilot has been too weak from the fever to move.",1,pilot,human,illness_01,harm
"For three days, the miner has been too weak from the fever to move.",1,miner,human,illness_01,harm
"For three days, the mason has been too weak from the fever to move.",1,mason,human,illness_01,harm
"For three days, the traveler has been too weak from the fever to move.",1,traveler,human,illness_01,harm
"For three days, the stranger has been too weak from the fever to move.",1,stranger,human,illness_01,harm
"For three days, the infant has been too weak from the fever to move.",1,infant,human,illness_01,harm
"For three days, the widow has been too weak from the fever to move.",1,widow,human,illness_01,harm
"For three days, the uncle has been too weak from the fever to move.",1,uncle,human,illness_01,harm
"For three days, the aunt has been too weak from the fever to move.",1,aunt,human,illness_01,harm
"For three days, the pig has been too weak from the fever to move.",0,pig,farmed,illness_01,harm
"For three days, the cow has been too weak from the fever to move.",0,cow,farmed,illness_01,harm
"For three days, the chicken has been too weak from the fever to move.",0,chicken,farmed,illness_01,harm
"For three days, the goat has been too weak from the fever to move.",0,goat,farmed,illness_01,harm
"For three days, the sheep has been too weak from the fever to move.",0,sheep,farmed,illness_01,harm
"For three days, the duck has been too weak from the fever to move.",0,duck,farmed,illness_01,harm
"For three days, the turkey has been too weak from the fever to move.",0,turkey,farmed,illness_01,harm
"For three days, the hen has been too weak from the fever to move.",0,hen,farmed,illness_01,harm
"For three days, the rooster has been too weak from the fever to move.",0,rooster,farmed,illness_01,harm
"For three days, the calf has been too weak from the fever to move.",0,calf,farmed,illness_01,harm
"For three days, the lamb has been too weak from the fever to move.",0,lamb,farmed,illness_01,harm
"For three days, the piglet has been too weak from the fever to move.",0,piglet,farmed,illness_01,harm
"For three days, the ox has been too weak from the fever to move.",0,ox,farmed,illness_01,harm
"For three days, the donkey has been too weak from the fever to move.",0,donkey,farmed,illness_01,harm
"For three days, the mule has been too weak from the fever to move.",0,mule,farmed,illness_01,harm
"For three days, the goose has been too weak from the fever to move.",0,goose,farmed,illness_01,harm
"For three days, the sow has been too weak from the fever to move.",0,sow,farmed,illness_01,harm
"For three days, the heifer has been too weak from the fever to move.",0,heifer,farmed,illness_01,harm
"For three days, the foal has been too weak from the fever to move.",0,foal,farmed,illness_01,harm
"For three days, the ram has been too weak from the fever to move.",0,ram,farmed,illness_01,harm
"For three days, the capon has been too weak from the fever to move.",0,capon,farmed,illness_01,harm
"For three days, the steer has been too weak from the fever to move.",0,steer,farmed,illness_01,harm
"For three days, the bullock has been too weak from the fever to move.",0,bullock,farmed,illness_01,harm
"For three days, the ewe has been too weak from the fever to move.",0,ewe,farmed,illness_01,harm
"For three days, the wether has been too weak from the fever to move.",0,wether,farmed,illness_01,harm
"For three days, the gander has been too weak from the fever to move.",0,gander,farmed,illness_01,harm
"For three days, the drake has been too weak from the fever to move.",0,drake,farmed,illness_01,harm
"For three days, the gosling has been too weak from the fever to move.",0,gosling,farmed,illness_01,harm
"For three days, the duckling has been too weak from the fever to move.",0,duckling,farmed,illness_01,harm
"For three days, the chick has been too weak from the fever to move.",0,chick,farmed,illness_01,harm
"For three days, the cockerel has been too weak from the fever to move.",0,cockerel,farmed,illness_01,harm
"For three days, the pullet has been too weak from the fever to move.",0,pullet,farmed,illness_01,harm
"For three days, the yearling has been too weak from the fever to move.",0,yearling,farmed,illness_01,harm
"For three days, the shoat has been too weak from the fever to move.",0,shoat,farmed,illness_01,harm
"For three days, the gilt has been too weak from the fever to move.",0,gilt,farmed,illness_01,harm
"For three days, the pony has been too weak from the fever to move.",0,pony,farmed,illness_01,harm
"For three days, the mare has been too weak from the fever to move.",0,mare,farmed,illness_01,harm
"For three days, the colt has been too weak from the fever to move.",0,colt,farmed,illness_01,harm
"For three days, the alpaca has been too weak from the fever to move.",0,alpaca,farmed,illness_01,harm
"For three days, the stallion has been too weak from the fever to move.",0,stallion,farmed,illness_01,harm
"The infection spread quickly, leaving the man trembling and unable to eat.",1,man,human,illness_02,harm
"The infection spread quickly, leaving the woman trembling and unable to eat.",1,woman,human,illness_02,harm
"The infection spread quickly, leaving the child trembling and unable to eat.",1,child,human,illness_02,harm
"The infection spread quickly, leaving the boy trembling and unable to eat.",1,boy,human,illness_02,harm
"The infection spread quickly, leaving the girl trembling and unable to eat.",1,girl,human,illness_02,harm
"The infection spread quickly, leaving the farmer trembling and unable to eat.",1,farmer,human,illness_02,harm
"The infection spread quickly, leaving the nurse trembling and unable to eat.",1,nurse,human,illness_02,harm
"The infection spread quickly, leaving the teacher trembling and unable to eat.",1,teacher,human,illness_02,harm
"The infection spread quickly, leaving the doctor trembling and unable to eat.",1,doctor,human,illness_02,harm
"The infection spread quickly, leaving the student trembling and unable to eat.",1,student,human,illness_02,harm
"The infection spread quickly, leaving the soldier trembling and unable to eat.",1,soldier,human,illness_02,harm
"The infection spread quickly, leaving the hiker trembling and unable to eat.",1,hiker,human,illness_02,harm
"The infection spread quickly, leaving the shepherd trembling and unable to eat.",1,shepherd,human,illness_02,harm
"The infection spread quickly, leaving the villager trembling and unable to eat.",1,villager,human,illness_02,harm
"The infection spread quickly, leaving the fisherman trembling and unable to eat.",1,fisherman,human,illness_02,harm
"The infection spread quickly, leaving the carpenter trembling and unable to eat.",1,carpenter,human,illness_02,harm
"The infection spread quickly, leaving the toddler trembling and unable to eat.",1,toddler,human,illness_02,harm
"The infection spread quickly, leaving the grandmother trembling and unable to eat.",1,grandmother,human,illness_02,harm
"The infection spread quickly, leaving the grandfather trembling and unable to eat.",1,grandfather,human,illness_02,harm
"The infection spread quickly, leaving the worker trembling and unable to eat.",1,worker,human,illness_02,harm
"The infection spread quickly, leaving the baker trembling and unable to eat.",1,baker,human,illness_02,harm
"The infection spread quickly, leaving the tailor trembling and unable to eat.",1,tailor,human,illness_02,harm
"The infection spread quickly, leaving the plumber trembling and unable to eat.",1,plumber,human,illness_02,harm
"The infection spread quickly, leaving the sailor trembling and unable to eat.",1,sailor,human,illness_02,harm
"The infection spread quickly, leaving the painter trembling and unable to eat.",1,painter,human,illness_02,harm
"The infection spread quickly, leaving the banker trembling and unable to eat.",1,banker,human,illness_02,harm
"The infection spread quickly, leaving the lawyer trembling and unable to eat.",1,lawyer,human,illness_02,harm
"The infection spread quickly, leaving the priest trembling and unable to eat.",1,priest,human,illness_02,harm
"The infection spread quickly, leaving the mayor trembling and unable to eat.",1,mayor,human,illness_02,harm
"The infection spread quickly, leaving the clerk trembling and unable to eat.",1,clerk,human,illness_02,harm
"The infection spread quickly, leaving the chef trembling and unable to eat.",1,chef,human,illness_02,harm
"The infection spread quickly, leaving the pilot trembling and unable to eat.",1,pilot,human,illness_02,harm
"The infection spread quickly, leaving the miner trembling and unable to eat.",1,miner,human,illness_02,harm
"The infection spread quickly, leaving the mason trembling and unable to eat.",1,mason,human,illness_02,harm
"The infection spread quickly, leaving the traveler trembling and unable to eat.",1,traveler,human,illness_02,harm
"The infection spread quickly, leaving the stranger trembling and unable to eat.",1,stranger,human,illness_02,harm
"The infection spread quickly, leaving the infant trembling and unable to eat.",1,infant,human,illness_02,harm
"The infection spread quickly, leaving the widow trembling and unable to eat.",1,widow,human,illness_02,harm
"The infection spread quickly, leaving the uncle trembling and unable to eat.",1,uncle,human,illness_02,harm
"The infection spread quickly, leaving the aunt trembling and unable to eat.",1,aunt,human,illness_02,harm
"The infection spread quickly, leaving the pig trembling and unable to eat.",0,pig,farmed,illness_02,harm
"The infection spread quickly, leaving the cow trembling and unable to eat.",0,cow,farmed,illness_02,harm
"The infection spread quickly, leaving the chicken trembling and unable to eat.",0,chicken,farmed,illness_02,harm
"The infection spread quickly, leaving the goat trembling and unable to eat.",0,goat,farmed,illness_02,harm
"The infection spread quickly, leaving the sheep trembling and unable to eat.",0,sheep,farmed,illness_02,harm
"The infection spread quickly, leaving the duck trembling and unable to eat.",0,duck,farmed,illness_02,harm
"The infection spread quickly, leaving the turkey trembling and unable to eat.",0,turkey,farmed,illness_02,harm
"The infection spread quickly, leaving the hen trembling and unable to eat.",0,hen,farmed,illness_02,harm
"The infection spread quickly, leaving the rooster trembling and unable to eat.",0,rooster,farmed,illness_02,harm
"The infection spread quickly, leaving the calf trembling and unable to eat.",0,calf,farmed,illness_02,harm
"The infection spread quickly, leaving the lamb trembling and unable to eat.",0,lamb,farmed,illness_02,harm
"The infection spread quickly, leaving the piglet trembling and unable to eat.",0,piglet,farmed,illness_02,harm
"The infection spread quickly, leaving the ox trembling and unable to eat.",0,ox,farmed,illness_02,harm
"The infection spread quickly, leaving the donkey trembling and unable to eat.",0,donkey,farmed,illness_02,harm
"The infection spread quickly, leaving the mule trembling and unable to eat.",0,mule,farmed,illness_02,harm
"The infection spread quickly, leaving the goose trembling and unable to eat.",0,goose,farmed,illness_02,harm
"The infection spread quickly, leaving the sow trembling and unable to eat.",0,sow,farmed,illness_02,harm
"The infection spread quickly, leaving the heifer trembling and unable to eat.",0,heifer,farmed,illness_02,harm
"The infection spread quickly, leaving the foal trembling and unable to eat.",0,foal,farmed,illness_02,harm
"The infection spread quickly, leaving the ram trembling and unable to eat.",0,ram,farmed,illness_02,harm
"The infection spread quickly, leaving the capon trembling and unable to eat.",0,capon,farmed,illness_02,harm
"The infection spread quickly, leaving the steer trembling and unable to eat.",0,steer,farmed,illness_02,harm
"The infection spread quickly, leaving the bullock trembling and unable to eat.",0,bullock,farmed,illness_02,harm
"The infection spread quickly, leaving the ewe trembling and unable to eat.",0,ewe,farmed,illness_02,harm
"The infection spread quickly, leaving the wether trembling and unable to eat.",0,wether,farmed,illness_02,harm
"The infection spread quickly, leaving the gander trembling and unable to eat.",0,gander,farmed,illness_02,harm
"The infection spread quickly, leaving the drake trembling and unable to eat.",0,drake,farmed,illness_02,harm
"The infection spread quickly, leaving the gosling trembling and unable to eat.",0,gosling,farmed,illness_02,harm
"The infection spread quickly, leaving the duckling trembling and unable to eat.",0,duckling,farmed,illness_02,harm
"The infection spread quickly, leaving the chick trembling and unable to eat.",0,chick,farmed,illness_02,harm
"The infection spread quickly, leaving the cockerel trembling and unable to eat.",0,cockerel,farmed,illness_02,harm
"The infection spread quickly, leaving the pullet trembling and unable to eat.",0,pullet,farmed,illness_02,harm
"The infection spread quickly, leaving the yearling trembling and unable to eat.",0,yearling,farmed,illness_02,harm
"The infection spread quickly, leaving the shoat trembling and unable to eat.",0,shoat,farmed,illness_02,harm
"The infection spread quickly, leaving the gilt trembling and unable to eat.",0,gilt,farmed,illness_02,harm
"The infection spread quickly, leaving the pony trembling and unable to eat.",0,pony,farmed,illness_02,harm
"The infection spread quickly, leaving the mare trembling and unable to eat.",0,mare,farmed,illness_02,harm
"The infection spread quickly, leaving the colt trembling and unable to eat.",0,colt,farmed,illness_02,harm
"The infection spread quickly, leaving the alpaca trembling and unable to eat.",0,alpaca,farmed,illness_02,harm
"The infection spread quickly, leaving the stallion trembling and unable to eat.",0,stallion,farmed,illness_02,harm
"Without any treatment, the man grew sicker with each passing day.",1,man,human,illness_03,harm
"Without any treatment, the woman grew sicker with each passing day.",1,woman,human,illness_03,harm
"Without any treatment, the child grew sicker with each passing day.",1,child,human,illness_03,harm
"Without any treatment, the boy grew sicker with each passing day.",1,boy,human,illness_03,harm
"Without any treatment, the girl grew sicker with each passing day.",1,girl,human,illness_03,harm
"Without any treatment, the farmer grew sicker with each passing day.",1,farmer,human,illness_03,harm
"Without any treatment, the nurse grew sicker with each passing day.",1,nurse,human,illness_03,harm
"Without any treatment, the teacher grew sicker with each passing day.",1,teacher,human,illness_03,harm
"Without any treatment, the doctor grew sicker with each passing day.",1,doctor,human,illness_03,harm
"Without any treatment, the student grew sicker with each passing day.",1,student,human,illness_03,harm
"Without any treatment, the soldier grew sicker with each passing day.",1,soldier,human,illness_03,harm
"Without any treatment, the hiker grew sicker with each passing day.",1,hiker,human,illness_03,harm
"Without any treatment, the shepherd grew sicker with each passing day.",1,shepherd,human,illness_03,harm
"Without any treatment, the villager grew sicker with each passing day.",1,villager,human,illness_03,harm
"Without any treatment, the fisherman grew sicker with each passing day.",1,fisherman,human,illness_03,harm
"Without any treatment, the carpenter grew sicker with each passing day.",1,carpenter,human,illness_03,harm
"Without any treatment, the toddler grew sicker with each passing day.",1,toddler,human,illness_03,harm
"Without any treatment, the grandmother grew sicker with each passing day.",1,grandmother,human,illness_03,harm
"Without any treatment, the grandfather grew sicker with each passing day.",1,grandfather,human,illness_03,harm
"Without any treatment, the worker grew sicker with each passing day.",1,worker,human,illness_03,harm
"Without any treatment, the baker grew sicker with each passing day.",1,baker,human,illness_03,harm
"Without any treatment, the tailor grew sicker with each passing day.",1,tailor,human,illness_03,harm
"Without any treatment, the plumber grew sicker with each passing day.",1,plumber,human,illness_03,harm
"Without any treatment, the sailor grew sicker with each passing day.",1,sailor,human,illness_03,harm
"Without any treatment, the painter grew sicker with each passing day.",1,painter,human,illness_03,harm
"Without any treatment, the banker grew sicker with each passing day.",1,banker,human,illness_03,harm
"Without any treatment, the lawyer grew sicker with each passing day.",1,lawyer,human,illness_03,harm
"Without any treatment, the priest grew sicker with each passing day.",1,priest,human,illness_03,harm
"Without any treatment, the mayor grew sicker with each passing day.",1,mayor,human,illness_03,harm
"Without any treatment, the clerk grew sicker with each passing day.",1,clerk,human,illness_03,harm
"Without any treatment, the chef grew sicker with each passing day.",1,chef,human,illness_03,harm
"Without any treatment, the pilot grew sicker with each passing day.",1,pilot,human,illness_03,harm
"Without any treatment, the miner grew sicker with each passing day.",1,miner,human,illness_03,harm
"Without any treatment, the mason grew sicker with each passing day.",1,mason,human,illness_03,harm
"Without any treatment, the traveler grew sicker with each passing day.",1,traveler,human,illness_03,harm
"Without any treatment, the stranger grew sicker with each passing day.",1,stranger,human,illness_03,harm
"Without any treatment, the infant grew sicker with each passing day.",1,infant,human,illness_03,harm
"Without any treatment, the widow grew sicker with each passing day.",1,widow,human,illness_03,harm
"Without any treatment, the uncle grew sicker with each passing day.",1,uncle,human,illness_03,harm
"Without any treatment, the aunt grew sicker with each passing day.",1,aunt,human,illness_03,harm
"Without any treatment, the pig grew sicker with each passing day.",0,pig,farmed,illness_03,harm
"Without any treatment, the cow grew sicker with each passing day.",0,cow,farmed,illness_03,harm
"Without any treatment, the chicken grew sicker with each passing day.",0,chicken,farmed,illness_03,harm
"Without any treatment, the goat grew sicker with each passing day.",0,goat,farmed,illness_03,harm
"Without any treatment, the sheep grew sicker with each passing day.",0,sheep,farmed,illness_03,harm
"Without any treatment, the duck grew sicker with each passing day.",0,duck,farmed,illness_03,harm
"Without any treatment, the turkey grew sicker with each passing day.",0,turkey,farmed,illness_03,harm
"Without any treatment, the hen grew sicker with each passing day.",0,hen,farmed,illness_03,harm
"Without any treatment, the rooster grew sicker with each passing day.",0,rooster,farmed,illness_03,harm
"Without any treatment, the calf grew sicker with each passing day.",0,calf,farmed,illness_03,harm
"Without any treatment, the lamb grew sicker with each passing day.",0,lamb,farmed,illness_03,harm
"Without any treatment, the piglet grew sicker with each passing day.",0,piglet,farmed,illness_03,harm
"Without any treatment, the ox grew sicker with each passing day.",0,ox,farmed,illness_03,harm
"Without any treatment, the donkey grew sicker with each passing day.",0,donkey,farmed,illness_03,harm
"Without any treatment, the mule grew sicker with each passing day.",0,mule,farmed,illness_03,harm
"Without any treatment, the goose grew sicker with each passing day.",0,goose,farmed,illness_03,harm
"Without any treatment, the sow grew sicker with each passing day.",0,sow,farmed,illness_03,harm
"Without any treatment, the heifer grew sicker with each passing day.",0,heifer,farmed,illness_03,harm
"Without any treatment, the foal grew sicker with each passing day.",0,foal,farmed,illness_03,harm
"Without any treatment, the ram grew sicker with each passing day.",0,ram,farmed,illness_03,harm
"Without any treatment, the capon grew sicker with each passing day.",0,capon,farmed,illness_03,harm
"Without any treatment, the steer grew sicker with each passing day.",0,steer,farmed,illness_03,harm
"Without any treatment, the bullock grew sicker with each passing day.",0,bullock,farmed,illness_03,harm
"Without any treatment, the ewe grew sicker with each passing day.",0,ewe,farmed,illness_03,harm
"Without any treatment, the wether grew sicker with each passing day.",0,wether,farmed,illness_03,harm
"Without any treatment, the gander grew sicker with each passing day.",0,gander,farmed,illness_03,harm
"Without any treatment, the drake grew sicker with each passing day.",0,drake,farmed,illness_03,harm
"Without any treatment, the gosling grew sicker with each passing day.",0,gosling,farmed,illness_03,harm
"Without any treatment, the duckling grew sicker with each passing day.",0,duckling,farmed,illness_03,harm
"Without any treatment, the chick grew sicker with each passing day.",0,chick,farmed,illness_03,harm
"Without any treatment, the cockerel grew sicker with each passing day.",0,cockerel,farmed,illness_03,harm
"Without any treatment, the pullet grew sicker with each passing day.",0,pullet,farmed,illness_03,harm
"Without any treatment, the yearling grew sicker with each passing day.",0,yearling,farmed,illness_03,harm
"Without any treatment, the shoat grew sicker with each passing day.",0,shoat,farmed,illness_03,harm
"Without any treatment, the gilt grew sicker with each passing day.",0,gilt,farmed,illness_03,harm
"Without any treatment, the pony grew sicker with each passing day.",0,pony,farmed,illness_03,harm
"Without any treatment, the mare grew sicker with each passing day.",0,mare,farmed,illness_03,harm
"Without any treatment, the colt grew sicker with each passing day.",0,colt,farmed,illness_03,harm
"Without any treatment, the alpaca grew sicker with each passing day.",0,alpaca,farmed,illness_03,harm
"Without any treatment, the stallion grew sicker with each passing day.",0,stallion,farmed,illness_03,harm
"After weeks of untreated illness, the man had become dangerously thin.",1,man,human,illness_04,harm
"After weeks of untreated illness, the woman had become dangerously thin.",1,woman,human,illness_04,harm
"After weeks of untreated illness, the child had become dangerously thin.",1,child,human,illness_04,harm
"After weeks of untreated illness, the boy had become dangerously thin.",1,boy,human,illness_04,harm
"After weeks of untreated illness, the girl had become dangerously thin.",1,girl,human,illness_04,harm
"After weeks of untreated illness, the farmer had become dangerously thin.",1,farmer,human,illness_04,harm
"After weeks of untreated illness, the nurse had become dangerously thin.",1,nurse,human,illness_04,harm
"After weeks of untreated illness, the teacher had become dangerously thin.",1,teacher,human,illness_04,harm
"After weeks of untreated illness, the doctor had become dangerously thin.",1,doctor,human,illness_04,harm
"After weeks of untreated illness, the student had become dangerously thin.",1,student,human,illness_04,harm
"After weeks of untreated illness, the soldier had become dangerously thin.",1,soldier,human,illness_04,harm
"After weeks of untreated illness, the hiker had become dangerously thin.",1,hiker,human,illness_04,harm
"After weeks of untreated illness, the shepherd had become dangerously thin.",1,shepherd,human,illness_04,harm
"After weeks of untreated illness, the villager had become dangerously thin.",1,villager,human,illness_04,harm
"After weeks of untreated illness, the fisherman had become dangerously thin.",1,fisherman,human,illness_04,harm
"After weeks of untreated illness, the carpenter had become dangerously thin.",1,carpenter,human,illness_04,harm
"After weeks of untreated illness, the toddler had become dangerously thin.",1,toddler,human,illness_04,harm
"After weeks of untreated illness, the grandmother had become dangerously thin.",1,grandmother,human,illness_04,harm
"After weeks of untreated illness, the grandfather had become dangerously thin.",1,grandfather,human,illness_04,harm
"After weeks of untreated illness, the worker had become dangerously thin.",1,worker,human,illness_04,harm
"After weeks of untreated illness, the baker had become dangerously thin.",1,baker,human,illness_04,harm
"After weeks of untreated illness, the tailor had become dangerously thin.",1,tailor,human,illness_04,harm
"After weeks of untreated illness, the plumber had become dangerously thin.",1,plumber,human,illness_04,harm
"After weeks of untreated illness, the sailor had become dangerously thin.",1,sailor,human,illness_04,harm
"After weeks of untreated illness, the painter had become dangerously thin.",1,painter,human,illness_04,harm
"After weeks of untreated illness, the banker had become dangerously thin.",1,banker,human,illness_04,harm
"After weeks of untreated illness, the lawyer had become dangerously thin.",1,lawyer,human,illness_04,harm
"After weeks of untreated illness, the priest had become dangerously thin.",1,priest,human,illness_04,harm
"After weeks of untreated illness, the mayor had become dangerously thin.",1,mayor,human,illness_04,harm
"After weeks of untreated illness, the clerk had become dangerously thin.",1,clerk,human,illness_04,harm
"After weeks of untreated illness, the chef had become dangerously thin.",1,chef,human,illness_04,harm
"After weeks of untreated illness, the pilot had become dangerously thin.",1,pilot,human,illness_04,harm
"After weeks of untreated illness, the miner had become dangerously thin.",1,miner,human,illness_04,harm
"After weeks of untreated illness, the mason had become dangerously thin.",1,mason,human,illness_04,harm
"After weeks of untreated illness, the traveler had become dangerously thin.",1,traveler,human,illness_04,harm
"After weeks of untreated illness, the stranger had become dangerously thin.",1,stranger,human,illness_04,harm
"After weeks of untreated illness, the infant had become dangerously thin.",1,infant,human,illness_04,harm
"After weeks of untreated illness, the widow had become dangerously thin.",1,widow,human,illness_04,harm
"After weeks of untreated illness, the uncle had become dangerously thin.",1,uncle,human,illness_04,harm
"After weeks of untreated illness, the aunt had become dangerously thin.",1,aunt,human,illness_04,harm
"After weeks of untreated illness, the pig had become dangerously thin.",0,pig,farmed,illness_04,harm
"After weeks of untreated illness, the cow had become dangerously thin.",0,cow,farmed,illness_04,harm
"After weeks of untreated illness, the chicken had become dangerously thin.",0,chicken,farmed,illness_04,harm
"After weeks of untreated illness, the goat had become dangerously thin.",0,goat,farmed,illness_04,harm
"After weeks of untreated illness, the sheep had become dangerously thin.",0,sheep,farmed,illness_04,harm
"After weeks of untreated illness, the duck had become dangerously thin.",0,duck,farmed,illness_04,harm
"After weeks of untreated illness, the turkey had become dangerously thin.",0,turkey,farmed,illness_04,harm
"After weeks of untreated illness, the hen had become dangerously thin.",0,hen,farmed,illness_04,harm
"After weeks of untreated illness, the rooster had become dangerously thin.",0,rooster,farmed,illness_04,harm
"After weeks of untreated illness, the calf had become dangerously thin.",0,calf,farmed,illness_04,harm
"After weeks of untreated illness, the lamb had become dangerously thin.",0,lamb,farmed,illness_04,harm
"After weeks of untreated illness, the piglet had become dangerously thin.",0,piglet,farmed,illness_04,harm
"After weeks of untreated illness, the ox had become dangerously thin.",0,ox,farmed,illness_04,harm
"After weeks of untreated illness, the donkey had become dangerously thin.",0,donkey,farmed,illness_04,harm
"After weeks of untreated illness, the mule had become dangerously thin.",0,mule,farmed,illness_04,harm
"After weeks of untreated illness, the goose had become dangerously thin.",0,goose,farmed,illness_04,harm
"After weeks of untreated illness, the sow had become dangerously thin.",0,sow,farmed,illness_04,harm
"After weeks of untreated illness, the heifer had become dangerously thin.",0,heifer,farmed,illness_04,harm
"After weeks of untreated illness, the foal had become dangerously thin.",0,foal,farmed,illness_04,harm
"After weeks of untreated illness, the ram had become dangerously thin.",0,ram,farmed,illness_04,harm
"After weeks of untreated illness, the capon had become dangerously thin.",0,capon,farmed,illness_04,harm
"After weeks of untreated illness, the steer had become dangerously thin.",0,steer,farmed,illness_04,harm
"After weeks of untreated illness, the bullock had become dangerously thin.",0,bullock,farmed,illness_04,harm
"After weeks of untreated illness, the ewe had become dangerously thin.",0,ewe,farmed,illness_04,harm
"After weeks of untreated illness, the wether had become dangerously thin.",0,wether,farmed,illness_04,harm
"After weeks of untreated illness, the gander had become dangerously thin.",0,gander,farmed,illness_04,harm
"After weeks of untreated illness, the drake had become dangerously thin.",0,drake,farmed,illness_04,harm
"After weeks of untreated illness, the gosling had become dangerously thin.",0,gosling,farmed,illness_04,harm
"After weeks of untreated illness, the duckling had become dangerously thin.",0,duckling,farmed,illness_04,harm
"After weeks of untreated illness, the chick had become dangerously thin.",0,chick,farmed,illness_04,harm
"After weeks of untreated illness, the cockerel had become dangerously thin.",0,cockerel,farmed,illness_04,harm
"After weeks of untreated illness, the pullet had become dangerously thin.",0,pullet,farmed,illness_04,harm
"After weeks of untreated illness, the yearling had become dangerously thin.",0,yearling,farmed,illness_04,harm
"After weeks of untreated illness, the shoat had become dangerously thin.",0,shoat,farmed,illness_04,harm
"After weeks of untreated illness, the gilt had become dangerously thin.",0,gilt,farmed,illness_04,harm
"After weeks of untreated illness, the pony had become dangerously thin.",0,pony,farmed,illness_04,harm
"After weeks of untreated illness, the mare had become dangerously thin.",0,mare,farmed,illness_04,harm
"After weeks of untreated illness, the colt had become dangerously thin.",0,colt,farmed,illness_04,harm
"After weeks of untreated illness, the alpaca had become dangerously thin.",0,alpaca,farmed,illness_04,harm
"After weeks of untreated illness, the stallion had become dangerously thin.",0,stallion,farmed,illness_04,harm
A painful swelling left the man unable to move without flinching.,1,man,human,illness_05,harm
A painful swelling left the woman unable to move without flinching.,1,woman,human,illness_05,harm
A painful swelling left the child unable to move without flinching.,1,child,human,illness_05,harm
A painful swelling left the boy unable to move without flinching.,1,boy,human,illness_05,harm
A painful swelling left the girl unable to move without flinching.,1,girl,human,illness_05,harm
A painful swelling left the farmer unable to move without flinching.,1,farmer,human,illness_05,harm
A painful swelling left the nurse unable to move without flinching.,1,nurse,human,illness_05,harm
A painful swelling left the teacher unable to move without flinching.,1,teacher,human,illness_05,harm
A painful swelling left the doctor unable to move without flinching.,1,doctor,human,illness_05,harm
A painful swelling left the student unable to move without flinching.,1,student,human,illness_05,harm
A painful swelling left the soldier unable to move without flinching.,1,soldier,human,illness_05,harm
A painful swelling left the hiker unable to move without flinching.,1,hiker,human,illness_05,harm
A painful swelling left the shepherd unable to move without flinching.,1,shepherd,human,illness_05,harm
A painful swelling left the villager unable to move without flinching.,1,villager,human,illness_05,harm
A painful swelling left the fisherman unable to move without flinching.,1,fisherman,human,illness_05,harm
A painful swelling left the carpenter unable to move without flinching.,1,carpenter,human,illness_05,harm
A painful swelling left the toddler unable to move without flinching.,1,toddler,human,illness_05,harm
A painful swelling left the grandmother unable to move without flinching.,1,grandmother,human,illness_05,harm
A painful swelling left the grandfather unable to move without flinching.,1,grandfather,human,illness_05,harm
A painful swelling left the worker unable to move without flinching.,1,worker,human,illness_05,harm
A painful swelling left the baker unable to move without flinching.,1,baker,human,illness_05,harm
A painful swelling left the tailor unable to move without flinching.,1,tailor,human,illness_05,harm
A painful swelling left the plumber unable to move without flinching.,1,plumber,human,illness_05,harm
A painful swelling left the sailor unable to move without flinching.,1,sailor,human,illness_05,harm
A painful swelling left the painter unable to move without flinching.,1,painter,human,illness_05,harm
A painful swelling left the banker unable to move without flinching.,1,banker,human,illness_05,harm
A painful swelling left the lawyer unable to move without flinching.,1,lawyer,human,illness_05,harm
A painful swelling left the priest unable to move without flinching.,1,priest,human,illness_05,harm
A painful swelling left the mayor unable to move without flinching.,1,mayor,human,illness_05,harm
A painful swelling left the clerk unable to move without flinching.,1,clerk,human,illness_05,harm
A painful swelling left the chef unable to move without flinching.,1,chef,human,illness_05,harm
A painful swelling left the pilot unable to move without flinching.,1,pilot,human,illness_05,harm
A painful swelling left the miner unable to move without flinching.,1,miner,human,illness_05,harm
A painful swelling left the mason unable to move without flinching.,1,mason,human,illness_05,harm
A painful swelling left the traveler unable to move without flinching.,1,traveler,human,illness_05,harm
A painful swelling left the stranger unable to move without flinching.,1,stranger,human,illness_05,harm
A painful swelling left the infant unable to move without flinching.,1,infant,human,illness_05,harm
A painful swelling left the widow unable to move without flinching.,1,widow,human,illness_05,harm
A painful swelling left the uncle unable to move without flinching.,1,uncle,human,illness_05,harm
A painful swelling left the aunt unable to move without flinching.,1,aunt,human,illness_05,harm
A painful swelling left the pig unable to move without flinching.,0,pig,farmed,illness_05,harm
A painful swelling left the cow unable to move without flinching.,0,cow,farmed,illness_05,harm
A painful swelling left the chicken unable to move without flinching.,0,chicken,farmed,illness_05,harm
A painful swelling left the goat unable to move without flinching.,0,goat,farmed,illness_05,harm
A painful swelling left the sheep unable to move without flinching.,0,sheep,farmed,illness_05,harm
A painful swelling left the duck unable to move without flinching.,0,duck,farmed,illness_05,harm
A painful swelling left the turkey unable to move without flinching.,0,turkey,farmed,illness_05,harm
A painful swelling left the hen unable to move without flinching.,0,hen,farmed,illness_05,harm
A painful swelling left the rooster unable to move without flinching.,0,rooster,farmed,illness_05,harm
A painful swelling left the calf unable to move without flinching.,0,calf,farmed,illness_05,harm
A painful swelling left the lamb unable to move without flinching.,0,lamb,farmed,illness_05,harm
A painful swelling left the piglet unable to move without flinching.,0,piglet,farmed,illness_05,harm
A painful swelling left the ox unable to move without flinching.,0,ox,farmed,illness_05,harm
A painful swelling left the donkey unable to move without flinching.,0,donkey,farmed,illness_05,harm
A painful swelling left the mule unable to move without flinching.,0,mule,farmed,illness_05,harm
A painful swelling left the goose unable to move without flinching.,0,goose,farmed,illness_05,harm
A painful swelling left the sow unable to move without flinching.,0,sow,farmed,illness_05,harm
A painful swelling left the heifer unable to move without flinching.,0,heifer,farmed,illness_05,harm
A painful swelling left the foal unable to move without flinching.,0,foal,farmed,illness_05,harm
A painful swelling left the ram unable to move without flinching.,0,ram,farmed,illness_05,harm
A painful swelling left the capon unable to move without flinching.,0,capon,farmed,illness_05,harm
A painful swelling left the steer unable to move without flinching.,0,steer,farmed,illness_05,harm
A painful swelling left the bullock unable to move without flinching.,0,bullock,farmed,illness_05,harm
A painful swelling left the ewe unable to move without flinching.,0,ewe,farmed,illness_05,harm
A painful swelling left the wether unable to move without flinching.,0,wether,farmed,illness_05,harm
A painful swelling left the gander unable to move without flinching.,0,gander,farmed,illness_05,harm
A painful swelling left the drake unable to move without flinching.,0,drake,farmed,illness_05,harm
A painful swelling left the gosling unable to move without flinching.,0,gosling,farmed,illness_05,harm
A painful swelling left the duckling unable to move without flinching.,0,duckling,farmed,illness_05,harm
A painful swelling left the chick unable to move without flinching.,0,chick,farmed,illness_05,harm
A painful swelling left the cockerel unable to move without flinching.,0,cockerel,farmed,illness_05,harm
A painful swelling left the pullet unable to move without flinching.,0,pullet,farmed,illness_05,harm
A painful swelling left the yearling unable to move without flinching.,0,yearling,farmed,illness_05,harm
A painful swelling left the shoat unable to move without flinching.,0,shoat,farmed,illness_05,harm
A painful swelling left the gilt unable to move without flinching.,0,gilt,farmed,illness_05,harm
A painful swelling left the pony unable to move without flinching.,0,pony,farmed,illness_05,harm
A painful swelling left the mare unable to move without flinching.,0,mare,farmed,illness_05,harm
A painful swelling left the colt unable to move without flinching.,0,colt,farmed,illness_05,harm
A painful swelling left the alpaca unable to move without flinching.,0,alpaca,farmed,illness_05,harm
A painful swelling left the stallion unable to move without flinching.,0,stallion,farmed,illness_05,harm
The disease left the man weakened and struggling to breathe through the night.,1,man,human,illness_06,harm
The disease left the woman weakened and struggling to breathe through the night.,1,woman,human,illness_06,harm
The disease left the child weakened and struggling to breathe through the night.,1,child,human,illness_06,harm
The disease left the boy weakened and struggling to breathe through the night.,1,boy,human,illness_06,harm
The disease left the girl weakened and struggling to breathe through the night.,1,girl,human,illness_06,harm
The disease left the farmer weakened and struggling to breathe through the night.,1,farmer,human,illness_06,harm
The disease left the nurse weakened and struggling to breathe through the night.,1,nurse,human,illness_06,harm
The disease left the teacher weakened and struggling to breathe through the night.,1,teacher,human,illness_06,harm
The disease left the doctor weakened and struggling to breathe through the night.,1,doctor,human,illness_06,harm
The disease left the student weakened and struggling to breathe through the night.,1,student,human,illness_06,harm
The disease left the soldier weakened and struggling to breathe through the night.,1,soldier,human,illness_06,harm
The disease left the hiker weakened and struggling to breathe through the night.,1,hiker,human,illness_06,harm
The disease left the shepherd weakened and struggling to breathe through the night.,1,shepherd,human,illness_06,harm
The disease left the villager weakened and struggling to breathe through the night.,1,villager,human,illness_06,harm
The disease left the fisherman weakened and struggling to breathe through the night.,1,fisherman,human,illness_06,harm
The disease left the carpenter weakened and struggling to breathe through the night.,1,carpenter,human,illness_06,harm
The disease left the toddler weakened and struggling to breathe through the night.,1,toddler,human,illness_06,harm
The disease left the grandmother weakened and struggling to breathe through the night.,1,grandmother,human,illness_06,harm
The disease left the grandfather weakened and struggling to breathe through the night.,1,grandfather,human,illness_06,harm
The disease left the worker weakened and struggling to breathe through the night.,1,worker,human,illness_06,harm
The disease left the baker weakened and struggling to breathe through the night.,1,baker,human,illness_06,harm
The disease left the tailor weakened and struggling to breathe through the night.,1,tailor,human,illness_06,harm
The disease left the plumber weakened and struggling to breathe through the night.,1,plumber,human,illness_06,harm
The disease left the sailor weakened and struggling to breathe through the night.,1,sailor,human,illness_06,harm
The disease left the painter weakened and struggling to breathe through the night.,1,painter,human,illness_06,harm
The disease left the banker weakened and struggling to breathe through the night.,1,banker,human,illness_06,harm
The disease left the lawyer weakened and struggling to breathe through the night.,1,lawyer,human,illness_06,harm
The disease left the priest weakened and struggling to breathe through the night.,1,priest,human,illness_06,harm
The disease left the mayor weakened and struggling to breathe through the night.,1,mayor,human,illness_06,harm
The disease left the clerk weakened and struggling to breathe through the night.,1,clerk,human,illness_06,harm
The disease left the chef weakened and struggling to breathe through the night.,1,chef,human,illness_06,harm
The disease left the pilot weakened and struggling to breathe through the night.,1,pilot,human,illness_06,harm
The disease left the miner weakened and struggling to breathe through the night.,1,miner,human,illness_06,harm
The disease left the mason weakened and struggling to breathe through the night.,1,mason,human,illness_06,harm
The disease left the traveler weakened and struggling to breathe through the night.,1,traveler,human,illness_06,harm
The disease left the stranger weakened and struggling to breathe through the night.,1,stranger,human,illness_06,harm
The disease left the infant weakened and struggling to breathe through the night.,1,infant,human,illness_06,harm
The disease left the widow weakened and struggling to breathe through the night.,1,widow,human,illness_06,harm
The disease left the uncle weakened and struggling to breathe through the night.,1,uncle,human,illness_06,harm
The disease left the aunt weakened and struggling to breathe through the night.,1,aunt,human,illness_06,harm
The disease left the pig weakened and struggling to breathe through the night.,0,pig,farmed,illness_06,harm
The disease left the cow weakened and struggling to breathe through the night.,0,cow,farmed,illness_06,harm
The disease left the chicken weakened and struggling to breathe through the night.,0,chicken,farmed,illness_06,harm
The disease left the goat weakened and struggling to breathe through the night.,0,goat,farmed,illness_06,harm
The disease left the sheep weakened and struggling to breathe through the night.,0,sheep,farmed,illness_06,harm
The disease left the duck weakened and struggling to breathe through the night.,0,duck,farmed,illness_06,harm
The disease left the turkey weakened and struggling to breathe through the night.,0,turkey,farmed,illness_06,harm
The disease left the hen weakened and struggling to breathe through the night.,0,hen,farmed,illness_06,harm
The disease left the rooster weakened and struggling to breathe through the night.,0,rooster,farmed,illness_06,harm
The disease left the calf weakened and struggling to breathe through the night.,0,calf,farmed,illness_06,harm
The disease left the lamb weakened and struggling to breathe through the night.,0,lamb,farmed,illness_06,harm
The disease left the piglet weakened and struggling to breathe through the night.,0,piglet,farmed,illness_06,harm
The disease left the ox weakened and struggling to breathe through the night.,0,ox,farmed,illness_06,harm
The disease left the donkey weakened and struggling to breathe through the night.,0,donkey,farmed,illness_06,harm
The disease left the mule weakened and struggling to breathe through the night.,0,mule,farmed,illness_06,harm
The disease left the goose weakened and struggling to breathe through the night.,0,goose,farmed,illness_06,harm
The disease left the sow weakened and struggling to breathe through the night.,0,sow,farmed,illness_06,harm
The disease left the heifer weakened and struggling to breathe through the night.,0,heifer,farmed,illness_06,harm
The disease left the foal weakened and struggling to breathe through the night.,0,foal,farmed,illness_06,harm
The disease left the ram weakened and struggling to breathe through the night.,0,ram,farmed,illness_06,harm
The disease left the capon weakened and struggling to breathe through the night.,0,capon,farmed,illness_06,harm
The disease left the steer weakened and struggling to breathe through the night.,0,steer,farmed,illness_06,harm
The disease left the bullock weakened and struggling to breathe through the night.,0,bullock,farmed,illness_06,harm
The disease left the ewe weakened and struggling to breathe through the night.,0,ewe,farmed,illness_06,harm
The disease left the wether weakened and struggling to breathe through the night.,0,wether,farmed,illness_06,harm
The disease left the gander weakened and struggling to breathe through the night.,0,gander,farmed,illness_06,harm
The disease left the drake weakened and struggling to breathe through the night.,0,drake,farmed,illness_06,harm
The disease left the gosling weakened and struggling to breathe through the night.,0,gosling,farmed,illness_06,harm
The disease left the duckling weakened and struggling to breathe through the night.,0,duckling,farmed,illness_06,harm
The disease left the chick weakened and struggling to breathe through the night.,0,chick,farmed,illness_06,harm
The disease left the cockerel weakened and struggling to breathe through the night.,0,cockerel,farmed,illness_06,harm
The disease left the pullet weakened and struggling to breathe through the night.,0,pullet,farmed,illness_06,harm
The disease left the yearling weakened and struggling to breathe through the night.,0,yearling,farmed,illness_06,harm
The disease left the shoat weakened and struggling to breathe through the night.,0,shoat,farmed,illness_06,harm
The disease left the gilt weakened and struggling to breathe through the night.,0,gilt,farmed,illness_06,harm
The disease left the pony weakened and struggling to breathe through the night.,0,pony,farmed,illness_06,harm
The disease left the mare weakened and struggling to breathe through the night.,0,mare,farmed,illness_06,harm
The disease left the colt weakened and struggling to breathe through the night.,0,colt,farmed,illness_06,harm
The disease left the alpaca weakened and struggling to breathe through the night.,0,alpaca,farmed,illness_06,harm
The disease left the stallion weakened and struggling to breathe through the night.,0,stallion,farmed,illness_06,harm
"When the family moved away, the man was left behind with no food or water.",1,man,human,abandon_01,harm
"When the family moved away, the woman was left behind with no food or water.",1,woman,human,abandon_01,harm
"When the family moved away, the child was left behind with no food or water.",1,child,human,abandon_01,harm
"When the family moved away, the boy was left behind with no food or water.",1,boy,human,abandon_01,harm
"When the family moved away, the girl was left behind with no food or water.",1,girl,human,abandon_01,harm
"When the family moved away, the farmer was left behind with no food or water.",1,farmer,human,abandon_01,harm
"When the family moved away, the nurse was left behind with no food or water.",1,nurse,human,abandon_01,harm
"When the family moved away, the teacher was left behind with no food or water.",1,teacher,human,abandon_01,harm
"When the family moved away, the doctor was left behind with no food or water.",1,doctor,human,abandon_01,harm
"When the family moved away, the student was left behind with no food or water.",1,student,human,abandon_01,harm
"When the family moved away, the soldier was left behind with no food or water.",1,soldier,human,abandon_01,harm
"When the family moved away, the hiker was left behind with no food or water.",1,hiker,human,abandon_01,harm
"When the family moved away, the shepherd was left behind with no food or water.",1,shepherd,human,abandon_01,harm
"When the family moved away, the villager was left behind with no food or water.",1,villager,human,abandon_01,harm
"When the family moved away, the fisherman was left behind with no food or water.",1,fisherman,human,abandon_01,harm
"When the family moved away, the carpenter was left behind with no food or water.",1,carpenter,human,abandon_01,harm
"When the family moved away, the toddler was left behind with no food or water.",1,toddler,human,abandon_01,harm
"When the family moved away, the grandmother was left behind with no food or water.",1,grandmother,human,abandon_01,harm
"When the family moved away, the grandfather was left behind with no food or water.",1,grandfather,human,abandon_01,harm
"When the family moved away, the worker was left behind with no food or water.",1,worker,human,abandon_01,harm
"When the family moved away, the baker was left behind with no food or water.",1,baker,human,abandon_01,harm
"When the family moved away, the tailor was left behind with no food or water.",1,tailor,human,abandon_01,harm
"When the family moved away, the plumber was left behind with no food or water.",1,plumber,human,abandon_01,harm
"When the family moved away, the sailor was left behind with no food or water.",1,sailor,human,abandon_01,harm
"When the family moved away, the painter was left behind with no food or water.",1,painter,human,abandon_01,harm
"When the family moved away, the banker was left behind with no food or water.",1,banker,human,abandon_01,harm
"When the family moved away, the lawyer was left behind with no food or water.",1,lawyer,human,abandon_01,harm
"When the family moved away, the priest was left behind with no food or water.",1,priest,human,abandon_01,harm
"When the family moved away, the mayor was left behind with no food or water.",1,mayor,human,abandon_01,harm
"When the family moved away, the clerk was left behind with no food or water.",1,clerk,human,abandon_01,harm
"When the family moved away, the chef was left behind with no food or water.",1,chef,human,abandon_01,harm
"When the family moved away, the pilot was left behind with no food or water.",1,pilot,human,abandon_01,harm
"When the family moved away, the miner was left behind with no food or water.",1,miner,human,abandon_01,harm
"When the family moved away, the mason was left behind with no food or water.",1,mason,human,abandon_01,harm
"When the family moved away, the traveler was left behind with no food or water.",1,traveler,human,abandon_01,harm
"When the family moved away, the stranger was left behind with no food or water.",1,stranger,human,abandon_01,harm
"When the family moved away, the infant was left behind with no food or water.",1,infant,human,abandon_01,harm
"When the family moved away, the widow was left behind with no food or water.",1,widow,human,abandon_01,harm
"When the family moved away, the uncle was left behind with no food or water.",1,uncle,human,abandon_01,harm
"When the family moved away, the aunt was left behind with no food or water.",1,aunt,human,abandon_01,harm
"When the family moved away, the pig was left behind with no food or water.",0,pig,farmed,abandon_01,harm
"When the family moved away, the cow was left behind with no food or water.",0,cow,farmed,abandon_01,harm
"When the family moved away, the chicken was left behind with no food or water.",0,chicken,farmed,abandon_01,harm
"When the family moved away, the goat was left behind with no food or water.",0,goat,farmed,abandon_01,harm
"When the family moved away, the sheep was left behind with no food or water.",0,sheep,farmed,abandon_01,harm
"When the family moved away, the duck was left behind with no food or water.",0,duck,farmed,abandon_01,harm
"When the family moved away, the turkey was left behind with no food or water.",0,turkey,farmed,abandon_01,harm
"When the family moved away, the hen was left behind with no food or water.",0,hen,farmed,abandon_01,harm
"When the family moved away, the rooster was left behind with no food or water.",0,rooster,farmed,abandon_01,harm
"When the family moved away, the calf was left behind with no food or water.",0,calf,farmed,abandon_01,harm
"When the family moved away, the lamb was left behind with no food or water.",0,lamb,farmed,abandon_01,harm
"When the family moved away, the piglet was left behind with no food or water.",0,piglet,farmed,abandon_01,harm
"When the family moved away, the ox was left behind with no food or water.",0,ox,farmed,abandon_01,harm
"When the family moved away, the donkey was left behind with no food or water.",0,donkey,farmed,abandon_01,harm
"When the family moved away, the mule was left behind with no food or water.",0,mule,farmed,abandon_01,harm
"When the family moved away, the goose was left behind with no food or water.",0,goose,farmed,abandon_01,harm
"When the family moved away, the sow was left behind with no food or water.",0,sow,farmed,abandon_01,harm
"When the family moved away, the heifer was left behind with no food or water.",0,heifer,farmed,abandon_01,harm
"When the family moved away, the foal was left behind with no food or water.",0,foal,farmed,abandon_01,harm
"When the family moved away, the ram was left behind with no food or water.",0,ram,farmed,abandon_01,harm
"When the family moved away, the capon was left behind with no food or water.",0,capon,farmed,abandon_01,harm
"When the family moved away, the steer was left behind with no food or water.",0,steer,farmed,abandon_01,harm
"When the family moved away, the bullock was left behind with no food or water.",0,bullock,farmed,abandon_01,harm
"When the family moved away, the ewe was left behind with no food or water.",0,ewe,farmed,abandon_01,harm
"When the family moved away, the wether was left behind with no food or water.",0,wether,farmed,abandon_01,harm
"When the family moved away, the gander was left behind with no food or water.",0,gander,farmed,abandon_01,harm
"When the family moved away, the drake was left behind with no food or water.",0,drake,farmed,abandon_01,harm
"When the family moved away, the gosling was left behind with no food or water.",0,gosling,farmed,abandon_01,harm
"When the family moved away, the duckling was left behind with no food or water.",0,duckling,farmed,abandon_01,harm
"When the family moved away, the chick was left behind with no food or water.",0,chick,farmed,abandon_01,harm
"When the family moved away, the cockerel was left behind with no food or water.",0,cockerel,farmed,abandon_01,harm
"When the family moved away, the pullet was left behind with no food or water.",0,pullet,farmed,abandon_01,harm
"When the family moved away, the yearling was left behind with no food or water.",0,yearling,farmed,abandon_01,harm
"When the family moved away, the shoat was left behind with no food or water.",0,shoat,farmed,abandon_01,harm
"When the family moved away, the gilt was left behind with no food or water.",0,gilt,farmed,abandon_01,harm
"When the family moved away, the pony was left behind with no food or water.",0,pony,farmed,abandon_01,harm
"When the family moved away, the mare was left behind with no food or water.",0,mare,farmed,abandon_01,harm
"When the family moved away, the colt was left behind with no food or water.",0,colt,farmed,abandon_01,harm
"When the family moved away, the alpaca was left behind with no food or water.",0,alpaca,farmed,abandon_01,harm
"When the family moved away, the stallion was left behind with no food or water.",0,stallion,farmed,abandon_01,harm
"For weeks, the man was left in the empty lot, abandoned and hungry.",1,man,human,abandon_02,harm
"For weeks, the woman was left in the empty lot, abandoned and hungry.",1,woman,human,abandon_02,harm
"For weeks, the child was left in the empty lot, abandoned and hungry.",1,child,human,abandon_02,harm
"For weeks, the boy was left in the empty lot, abandoned and hungry.",1,boy,human,abandon_02,harm
"For weeks, the girl was left in the empty lot, abandoned and hungry.",1,girl,human,abandon_02,harm
"For weeks, the farmer was left in the empty lot, abandoned and hungry.",1,farmer,human,abandon_02,harm
"For weeks, the nurse was left in the empty lot, abandoned and hungry.",1,nurse,human,abandon_02,harm
"For weeks, the teacher was left in the empty lot, abandoned and hungry.",1,teacher,human,abandon_02,harm
"For weeks, the doctor was left in the empty lot, abandoned and hungry.",1,doctor,human,abandon_02,harm
"For weeks, the student was left in the empty lot, abandoned and hungry.",1,student,human,abandon_02,harm
"For weeks, the soldier was left in the empty lot, abandoned and hungry.",1,soldier,human,abandon_02,harm
"For weeks, the hiker was left in the empty lot, abandoned and hungry.",1,hiker,human,abandon_02,harm
"For weeks, the shepherd was left in the empty lot, abandoned and hungry.",1,shepherd,human,abandon_02,harm
"For weeks, the villager was left in the empty lot, abandoned and hungry.",1,villager,human,abandon_02,harm
"For weeks, the fisherman was left in the empty lot, abandoned and hungry.",1,fisherman,human,abandon_02,harm
"For weeks, the carpenter was left in the empty lot, abandoned and hungry.",1,carpenter,human,abandon_02,harm
"For weeks, the toddler was left in the empty lot, abandoned and hungry.",1,toddler,human,abandon_02,harm
"For weeks, the grandmother was left in the empty lot, abandoned and hungry.",1,grandmother,human,abandon_02,harm
"For weeks, the grandfather was left in the empty lot, abandoned and hungry.",1,grandfather,human,abandon_02,harm
"For weeks, the worker was left in the empty lot, abandoned and hungry.",1,worker,human,abandon_02,harm
"For weeks, the baker was left in the empty lot, abandoned and hungry.",1,baker,human,abandon_02,harm
"For weeks, the tailor was left in the empty lot, abandoned and hungry.",1,tailor,human,abandon_02,harm
"For weeks, the plumber was left in the empty lot, abandoned and hungry.",1,plumber,human,abandon_02,harm
"For weeks, the sailor was left in the empty lot, abandoned and hungry.",1,sailor,human,abandon_02,harm
"For weeks, the painter was left in the empty lot, abandoned and hungry.",1,painter,human,abandon_02,harm
"For weeks, the banker was left in the empty lot, abandoned and hungry.",1,banker,human,abandon_02,harm
"For weeks, the lawyer was left in the empty lot, abandoned and hungry.",1,lawyer,human,abandon_02,harm
"For weeks, the priest was left in the empty lot, abandoned and hungry.",1,priest,human,abandon_02,harm
"For weeks, the mayor was left in the empty lot, abandoned and hungry.",1,mayor,human,abandon_02,harm
"For weeks, the clerk was left in the empty lot, abandoned and hungry.",1,clerk,human,abandon_02,harm
"For weeks, the chef was left in the empty lot, abandoned and hungry.",1,chef,human,abandon_02,harm
"For weeks, the pilot was left in the empty lot, abandoned and hungry.",1,pilot,human,abandon_02,harm
"For weeks, the miner was left in the empty lot, abandoned and hungry.",1,miner,human,abandon_02,harm
"For weeks, the mason was left in the empty lot, abandoned and hungry.",1,mason,human,abandon_02,harm
"For weeks, the traveler was left in the empty lot, abandoned and hungry.",1,traveler,human,abandon_02,harm
"For weeks, the stranger was left in the empty lot, abandoned and hungry.",1,stranger,human,abandon_02,harm
"For weeks, the infant was left in the empty lot, abandoned and hungry.",1,infant,human,abandon_02,harm
"For weeks, the widow was left in the empty lot, abandoned and hungry.",1,widow,human,abandon_02,harm
"For weeks, the uncle was left in the empty lot, abandoned and hungry.",1,uncle,human,abandon_02,harm
"For weeks, the aunt was left in the empty lot, abandoned and hungry.",1,aunt,human,abandon_02,harm
"For weeks, the pig was left in the empty lot, abandoned and hungry.",0,pig,farmed,abandon_02,harm
"For weeks, the cow was left in the empty lot, abandoned and hungry.",0,cow,farmed,abandon_02,harm
"For weeks, the chicken was left in the empty lot, abandoned and hungry.",0,chicken,farmed,abandon_02,harm
"For weeks, the goat was left in the empty lot, abandoned and hungry.",0,goat,farmed,abandon_02,harm
"For weeks, the sheep was left in the empty lot, abandoned and hungry.",0,sheep,farmed,abandon_02,harm
"For weeks, the duck was left in the empty lot, abandoned and hungry.",0,duck,farmed,abandon_02,harm
"For weeks, the turkey was left in the empty lot, abandoned and hungry.",0,turkey,farmed,abandon_02,harm
"For weeks, the hen was left in the empty lot, abandoned and hungry.",0,hen,farmed,abandon_02,harm
"For weeks, the rooster was left in the empty lot, abandoned and hungry.",0,rooster,farmed,abandon_02,harm
"For weeks, the calf was left in the empty lot, abandoned and hungry.",0,calf,farmed,abandon_02,harm
"For weeks, the lamb was left in the empty lot, abandoned and hungry.",0,lamb,farmed,abandon_02,harm
"For weeks, the piglet was left in the empty lot, abandoned and hungry.",0,piglet,farmed,abandon_02,harm
"For weeks, the ox was left in the empty lot, abandoned and hungry.",0,ox,farmed,abandon_02,harm
"For weeks, the donkey was left in the empty lot, abandoned and hungry.",0,donkey,farmed,abandon_02,harm
"For weeks, the mule was left in the empty lot, abandoned and hungry.",0,mule,farmed,abandon_02,harm
"For weeks, the goose was left in the empty lot, abandoned and hungry.",0,goose,farmed,abandon_02,harm
"For weeks, the sow was left in the empty lot, abandoned and hungry.",0,sow,farmed,abandon_02,harm
"For weeks, the heifer was left in the empty lot, abandoned and hungry.",0,heifer,farmed,abandon_02,harm
"For weeks, the foal was left in the empty lot, abandoned and hungry.",0,foal,farmed,abandon_02,harm
"For weeks, the ram was left in the empty lot, abandoned and hungry.",0,ram,farmed,abandon_02,harm
"For weeks, the capon was left in the empty lot, abandoned and hungry.",0,capon,farmed,abandon_02,harm
"For weeks, the steer was left in the empty lot, abandoned and hungry.",0,steer,farmed,abandon_02,harm
"For weeks, the bullock was left in the empty lot, abandoned and hungry.",0,bullock,farmed,abandon_02,harm
"For weeks, the ewe was left in the empty lot, abandoned and hungry.",0,ewe,farmed,abandon_02,harm
"For weeks, the wether was left in the empty lot, abandoned and hungry.",0,wether,farmed,abandon_02,harm
"For weeks, the gander was left in the empty lot, abandoned and hungry.",0,gander,farmed,abandon_02,harm
"For weeks, the drake was left in the empty lot, abandoned and hungry.",0,drake,farmed,abandon_02,harm
"For weeks, the gosling was left in the empty lot, abandoned and hungry.",0,gosling,farmed,abandon_02,harm
"For weeks, the duckling was left in the empty lot, abandoned and hungry.",0,duckling,farmed,abandon_02,harm
"For weeks, the chick was left in the empty lot, abandoned and hungry.",0,chick,farmed,abandon_02,harm
"For weeks, the cockerel was left in the empty lot, abandoned and hungry.",0,cockerel,farmed,abandon_02,harm
"For weeks, the pullet was left in the empty lot, abandoned and hungry.",0,pullet,farmed,abandon_02,harm
"For weeks, the yearling was left in the empty lot, abandoned and hungry.",0,yearling,farmed,abandon_02,harm
"For weeks, the shoat was left in the empty lot, abandoned and hungry.",0,shoat,farmed,abandon_02,harm
"For weeks, the gilt was left in the empty lot, abandoned and hungry.",0,gilt,farmed,abandon_02,harm
"For weeks, the pony was left in the empty lot, abandoned and hungry.",0,pony,farmed,abandon_02,harm
"For weeks, the mare was left in the empty lot, abandoned and hungry.",0,mare,farmed,abandon_02,harm
"For weeks, the colt was left in the empty lot, abandoned and hungry.",0,colt,farmed,abandon_02,harm
"For weeks, the alpaca was left in the empty lot, abandoned and hungry.",0,alpaca,farmed,abandon_02,harm
"For weeks, the stallion was left in the empty lot, abandoned and hungry.",0,stallion,farmed,abandon_02,harm
"Left behind after the evacuation, the man waited alone on the deserted property.",1,man,human,abandon_03,harm
"Left behind after the evacuation, the woman waited alone on the deserted property.",1,woman,human,abandon_03,harm
"Left behind after the evacuation, the child waited alone on the deserted property.",1,child,human,abandon_03,harm
"Left behind after the evacuation, the boy waited alone on the deserted property.",1,boy,human,abandon_03,harm
"Left behind after the evacuation, the girl waited alone on the deserted property.",1,girl,human,abandon_03,harm
"Left behind after the evacuation, the farmer waited alone on the deserted property.",1,farmer,human,abandon_03,harm
"Left behind after the evacuation, the nurse waited alone on the deserted property.",1,nurse,human,abandon_03,harm
"Left behind after the evacuation, the teacher waited alone on the deserted property.",1,teacher,human,abandon_03,harm
"Left behind after the evacuation, the doctor waited alone on the deserted property.",1,doctor,human,abandon_03,harm
"Left behind after the evacuation, the student waited alone on the deserted property.",1,student,human,abandon_03,harm
"Left behind after the evacuation, the soldier waited alone on the deserted property.",1,soldier,human,abandon_03,harm
"Left behind after the evacuation, the hiker waited alone on the deserted property.",1,hiker,human,abandon_03,harm
"Left behind after the evacuation, the shepherd waited alone on the deserted property.",1,shepherd,human,abandon_03,harm
"Left behind after the evacuation, the villager waited alone on the deserted property.",1,villager,human,abandon_03,harm
"Left behind after the evacuation, the fisherman waited alone on the deserted property.",1,fisherman,human,abandon_03,harm
"Left behind after the evacuation, the carpenter waited alone on the deserted property.",1,carpenter,human,abandon_03,harm
"Left behind after the evacuation, the toddler waited alone on the deserted property.",1,toddler,human,abandon_03,harm
"Left behind after the evacuation, the grandmother waited alone on the deserted property.",1,grandmother,human,abandon_03,harm
"Left behind after the evacuation, the grandfather waited alone on the deserted property.",1,grandfather,human,abandon_03,harm
"Left behind after the evacuation, the worker waited alone on the deserted property.",1,worker,human,abandon_03,harm
"Left behind after the evacuation, the baker waited alone on the deserted property.",1,baker,human,abandon_03,harm
"Left behind after the evacuation, the tailor waited alone on the deserted property.",1,tailor,human,abandon_03,harm
"Left behind after the evacuation, the plumber waited alone on the deserted property.",1,plumber,human,abandon_03,harm
"Left behind after the evacuation, the sailor waited alone on the deserted property.",1,sailor,human,abandon_03,harm
"Left behind after the evacuation, the painter waited alone on the deserted property.",1,painter,human,abandon_03,harm
"Left behind after the evacuation, the banker waited alone on the deserted property.",1,banker,human,abandon_03,harm
"Left behind after the evacuation, the lawyer waited alone on the deserted property.",1,lawyer,human,abandon_03,harm
"Left behind after the evacuation, the priest waited alone on the deserted property.",1,priest,human,abandon_03,harm
"Left behind after the evacuation, the mayor waited alone on the deserted property.",1,mayor,human,abandon_03,harm
"Left behind after the evacuation, the clerk waited alone on the deserted property.",1,clerk,human,abandon_03,harm
"Left behind after the evacuation, the chef waited alone on the deserted property.",1,chef,human,abandon_03,harm
"Left behind after the evacuation, the pilot waited alone on the deserted property.",1,pilot,human,abandon_03,harm
"Left behind after the evacuation, the miner waited alone on the deserted property.",1,miner,human,abandon_03,harm
"Left behind after the evacuation, the mason waited alone on the deserted property.",1,mason,human,abandon_03,harm
"Left behind after the evacuation, the traveler waited alone on the deserted property.",1,traveler,human,abandon_03,harm
"Left behind after the evacuation, the stranger waited alone on the deserted property.",1,stranger,human,abandon_03,harm
"Left behind after the evacuation, the infant waited alone on the deserted property.",1,infant,human,abandon_03,harm
"Left behind after the evacuation, the widow waited alone on the deserted property.",1,widow,human,abandon_03,harm
"Left behind after the evacuation, the uncle waited alone on the deserted property.",1,uncle,human,abandon_03,harm
"Left behind after the evacuation, the aunt waited alone on the deserted property.",1,aunt,human,abandon_03,harm
"Left behind after the evacuation, the pig waited alone on the deserted property.",0,pig,farmed,abandon_03,harm
"Left behind after the evacuation, the cow waited alone on the deserted property.",0,cow,farmed,abandon_03,harm
"Left behind after the evacuation, the chicken waited alone on the deserted property.",0,chicken,farmed,abandon_03,harm
"Left behind after the evacuation, the goat waited alone on the deserted property.",0,goat,farmed,abandon_03,harm
"Left behind after the evacuation, the sheep waited alone on the deserted property.",0,sheep,farmed,abandon_03,harm
"Left behind after the evacuation, the duck waited alone on the deserted property.",0,duck,farmed,abandon_03,harm
"Left behind after the evacuation, the turkey waited alone on the deserted property.",0,turkey,farmed,abandon_03,harm
"Left behind after the evacuation, the hen waited alone on the deserted property.",0,hen,farmed,abandon_03,harm
"Left behind after the evacuation, the rooster waited alone on the deserted property.",0,rooster,farmed,abandon_03,harm
"Left behind after the evacuation, the calf waited alone on the deserted property.",0,calf,farmed,abandon_03,harm
"Left behind after the evacuation, the lamb waited alone on the deserted property.",0,lamb,farmed,abandon_03,harm
"Left behind after the evacuation, the piglet waited alone on the deserted property.",0,piglet,farmed,abandon_03,harm
"Left behind after the evacuation, the ox waited alone on the deserted property.",0,ox,farmed,abandon_03,harm
"Left behind after the evacuation, the donkey waited alone on the deserted property.",0,donkey,farmed,abandon_03,harm
"Left behind after the evacuation, the mule waited alone on the deserted property.",0,mule,farmed,abandon_03,harm
"Left behind after the evacuation, the goose waited alone on the deserted property.",0,goose,farmed,abandon_03,harm
"Left behind after the evacuation, the sow waited alone on the deserted property.",0,sow,farmed,abandon_03,harm
"Left behind after the evacuation, the heifer waited alone on the deserted property.",0,heifer,farmed,abandon_03,harm
"Left behind after the evacuation, the foal waited alone on the deserted property.",0,foal,farmed,abandon_03,harm
"Left behind after the evacuation, the ram waited alone on the deserted property.",0,ram,farmed,abandon_03,harm
"Left behind after the evacuation, the capon waited alone on the deserted property.",0,capon,farmed,abandon_03,harm
"Left behind after the evacuation, the steer waited alone on the deserted property.",0,steer,farmed,abandon_03,harm
"Left behind after the evacuation, the bullock waited alone on the deserted property.",0,bullock,farmed,abandon_03,harm
"Left behind after the evacuation, the ewe waited alone on the deserted property.",0,ewe,farmed,abandon_03,harm
"Left behind after the evacuation, the wether waited alone on the deserted property.",0,wether,farmed,abandon_03,harm
"Left behind after the evacuation, the gander waited alone on the deserted property.",0,gander,farmed,abandon_03,harm
"Left behind after the evacuation, the drake waited alone on the deserted property.",0,drake,farmed,abandon_03,harm
"Left behind after the evacuation, the gosling waited alone on the deserted property.",0,gosling,farmed,abandon_03,harm
"Left behind after the evacuation, the duckling waited alone on the deserted property.",0,duckling,farmed,abandon_03,harm
"Left behind after the evacuation, the chick waited alone on the deserted property.",0,chick,farmed,abandon_03,harm
"Left behind after the evacuation, the cockerel waited alone on the deserted property.",0,cockerel,farmed,abandon_03,harm
"Left behind after the evacuation, the pullet waited alone on the deserted property.",0,pullet,farmed,abandon_03,harm
"Left behind after the evacuation, the yearling waited alone on the deserted property.",0,yearling,farmed,abandon_03,harm
"Left behind after the evacuation, the shoat waited alone on the deserted property.",0,shoat,farmed,abandon_03,harm
"Left behind after the evacuation, the gilt waited alone on the deserted property.",0,gilt,farmed,abandon_03,harm
"Left behind after the evacuation, the pony waited alone on the deserted property.",0,pony,farmed,abandon_03,harm
"Left behind after the evacuation, the mare waited alone on the deserted property.",0,mare,farmed,abandon_03,harm
"Left behind after the evacuation, the colt waited alone on the deserted property.",0,colt,farmed,abandon_03,harm
"Left behind after the evacuation, the alpaca waited alone on the deserted property.",0,alpaca,farmed,abandon_03,harm
"Left behind after the evacuation, the stallion waited alone on the deserted property.",0,stallion,farmed,abandon_03,harm
No one ever came back for the man after the storm passed.,1,man,human,abandon_04,harm
No one ever came back for the woman after the storm passed.,1,woman,human,abandon_04,harm
No one ever came back for the child after the storm passed.,1,child,human,abandon_04,harm
No one ever came back for the boy after the storm passed.,1,boy,human,abandon_04,harm
No one ever came back for the girl after the storm passed.,1,girl,human,abandon_04,harm
No one ever came back for the farmer after the storm passed.,1,farmer,human,abandon_04,harm
No one ever came back for the nurse after the storm passed.,1,nurse,human,abandon_04,harm
No one ever came back for the teacher after the storm passed.,1,teacher,human,abandon_04,harm
No one ever came back for the doctor after the storm passed.,1,doctor,human,abandon_04,harm
No one ever came back for the student after the storm passed.,1,student,human,abandon_04,harm
No one ever came back for the soldier after the storm passed.,1,soldier,human,abandon_04,harm
No one ever came back for the hiker after the storm passed.,1,hiker,human,abandon_04,harm
No one ever came back for the shepherd after the storm passed.,1,shepherd,human,abandon_04,harm
No one ever came back for the villager after the storm passed.,1,villager,human,abandon_04,harm
No one ever came back for the fisherman after the storm passed.,1,fisherman,human,abandon_04,harm
No one ever came back for the carpenter after the storm passed.,1,carpenter,human,abandon_04,harm
No one ever came back for the toddler after the storm passed.,1,toddler,human,abandon_04,harm
No one ever came back for the grandmother after the storm passed.,1,grandmother,human,abandon_04,harm
No one ever came back for the grandfather after the storm passed.,1,grandfather,human,abandon_04,harm
No one ever came back for the worker after the storm passed.,1,worker,human,abandon_04,harm
No one ever came back for the baker after the storm passed.,1,baker,human,abandon_04,harm
No one ever came back for the tailor after the storm passed.,1,tailor,human,abandon_04,harm
No one ever came back for the plumber after the storm passed.,1,plumber,human,abandon_04,harm
No one ever came back for the sailor after the storm passed.,1,sailor,human,abandon_04,harm
No one ever came back for the painter after the storm passed.,1,painter,human,abandon_04,harm
No one ever came back for the banker after the storm passed.,1,banker,human,abandon_04,harm
No one ever came back for the lawyer after the storm passed.,1,lawyer,human,abandon_04,harm
No one ever came back for the priest after the storm passed.,1,priest,human,abandon_04,harm
No one ever came back for the mayor after the storm passed.,1,mayor,human,abandon_04,harm
No one ever came back for the clerk after the storm passed.,1,clerk,human,abandon_04,harm
No one ever came back for the chef after the storm passed.,1,chef,human,abandon_04,harm
No one ever came back for the pilot after the storm passed.,1,pilot,human,abandon_04,harm
No one ever came back for the miner after the storm passed.,1,miner,human,abandon_04,harm
No one ever came back for the mason after the storm passed.,1,mason,human,abandon_04,harm
No one ever came back for the traveler after the storm passed.,1,traveler,human,abandon_04,harm
No one ever came back for the stranger after the storm passed.,1,stranger,human,abandon_04,harm
No one ever came back for the infant after the storm passed.,1,infant,human,abandon_04,harm
No one ever came back for the widow after the storm passed.,1,widow,human,abandon_04,harm
No one ever came back for the uncle after the storm passed.,1,uncle,human,abandon_04,harm
No one ever came back for the aunt after the storm passed.,1,aunt,human,abandon_04,harm
No one ever came back for the pig after the storm passed.,0,pig,farmed,abandon_04,harm
No one ever came back for the cow after the storm passed.,0,cow,farmed,abandon_04,harm
No one ever came back for the chicken after the storm passed.,0,chicken,farmed,abandon_04,harm
No one ever came back for the goat after the storm passed.,0,goat,farmed,abandon_04,harm
No one ever came back for the sheep after the storm passed.,0,sheep,farmed,abandon_04,harm
No one ever came back for the duck after the storm passed.,0,duck,farmed,abandon_04,harm
No one ever came back for the turkey after the storm passed.,0,turkey,farmed,abandon_04,harm
No one ever came back for the hen after the storm passed.,0,hen,farmed,abandon_04,harm
No one ever came back for the rooster after the storm passed.,0,rooster,farmed,abandon_04,harm
No one ever came back for the calf after the storm passed.,0,calf,farmed,abandon_04,harm
No one ever came back for the lamb after the storm passed.,0,lamb,farmed,abandon_04,harm
No one ever came back for the piglet after the storm passed.,0,piglet,farmed,abandon_04,harm
No one ever came back for the ox after the storm passed.,0,ox,farmed,abandon_04,harm
No one ever came back for the donkey after the storm passed.,0,donkey,farmed,abandon_04,harm
No one ever came back for the mule after the storm passed.,0,mule,farmed,abandon_04,harm
No one ever came back for the goose after the storm passed.,0,goose,farmed,abandon_04,harm
No one ever came back for the sow after the storm passed.,0,sow,farmed,abandon_04,harm
No one ever came back for the heifer after the storm passed.,0,heifer,farmed,abandon_04,harm
No one ever came back for the foal after the storm passed.,0,foal,farmed,abandon_04,harm
No one ever came back for the ram after the storm passed.,0,ram,farmed,abandon_04,harm
No one ever came back for the capon after the storm passed.,0,capon,farmed,abandon_04,harm
No one ever came back for the steer after the storm passed.,0,steer,farmed,abandon_04,harm
No one ever came back for the bullock after the storm passed.,0,bullock,farmed,abandon_04,harm
No one ever came back for the ewe after the storm passed.,0,ewe,farmed,abandon_04,harm
No one ever came back for the wether after the storm passed.,0,wether,farmed,abandon_04,harm
No one ever came back for the gander after the storm passed.,0,gander,farmed,abandon_04,harm
No one ever came back for the drake after the storm passed.,0,drake,farmed,abandon_04,harm
No one ever came back for the gosling after the storm passed.,0,gosling,farmed,abandon_04,harm
No one ever came back for the duckling after the storm passed.,0,duckling,farmed,abandon_04,harm
No one ever came back for the chick after the storm passed.,0,chick,farmed,abandon_04,harm
No one ever came back for the cockerel after the storm passed.,0,cockerel,farmed,abandon_04,harm
No one ever came back for the pullet after the storm passed.,0,pullet,farmed,abandon_04,harm
No one ever came back for the yearling after the storm passed.,0,yearling,farmed,abandon_04,harm
No one ever came back for the shoat after the storm passed.,0,shoat,farmed,abandon_04,harm
No one ever came back for the gilt after the storm passed.,0,gilt,farmed,abandon_04,harm
No one ever came back for the pony after the storm passed.,0,pony,farmed,abandon_04,harm
No one ever came back for the mare after the storm passed.,0,mare,farmed,abandon_04,harm
No one ever came back for the colt after the storm passed.,0,colt,farmed,abandon_04,harm
No one ever came back for the alpaca after the storm passed.,0,alpaca,farmed,abandon_04,harm
No one ever came back for the stallion after the storm passed.,0,stallion,farmed,abandon_04,harm
"Abandoned at the edge of town, the man searched for anything to eat.",1,man,human,abandon_05,harm
"Abandoned at the edge of town, the woman searched for anything to eat.",1,woman,human,abandon_05,harm
"Abandoned at the edge of town, the child searched for anything to eat.",1,child,human,abandon_05,harm
"Abandoned at the edge of town, the boy searched for anything to eat.",1,boy,human,abandon_05,harm
"Abandoned at the edge of town, the girl searched for anything to eat.",1,girl,human,abandon_05,harm
"Abandoned at the edge of town, the farmer searched for anything to eat.",1,farmer,human,abandon_05,harm
"Abandoned at the edge of town, the nurse searched for anything to eat.",1,nurse,human,abandon_05,harm
"Abandoned at the edge of town, the teacher searched for anything to eat.",1,teacher,human,abandon_05,harm
"Abandoned at the edge of town, the doctor searched for anything to eat.",1,doctor,human,abandon_05,harm
"Abandoned at the edge of town, the student searched for anything to eat.",1,student,human,abandon_05,harm
"Abandoned at the edge of town, the soldier searched for anything to eat.",1,soldier,human,abandon_05,harm
"Abandoned at the edge of town, the hiker searched for anything to eat.",1,hiker,human,abandon_05,harm
"Abandoned at the edge of town, the shepherd searched for anything to eat.",1,shepherd,human,abandon_05,harm
"Abandoned at the edge of town, the villager searched for anything to eat.",1,villager,human,abandon_05,harm
"Abandoned at the edge of town, the fisherman searched for anything to eat.",1,fisherman,human,abandon_05,harm
"Abandoned at the edge of town, the carpenter searched for anything to eat.",1,carpenter,human,abandon_05,harm
"Abandoned at the edge of town, the toddler searched for anything to eat.",1,toddler,human,abandon_05,harm
"Abandoned at the edge of town, the grandmother searched for anything to eat.",1,grandmother,human,abandon_05,harm
"Abandoned at the edge of town, the grandfather searched for anything to eat.",1,grandfather,human,abandon_05,harm
"Abandoned at the edge of town, the worker searched for anything to eat.",1,worker,human,abandon_05,harm
"Abandoned at the edge of town, the baker searched for anything to eat.",1,baker,human,abandon_05,harm
"Abandoned at the edge of town, the tailor searched for anything to eat.",1,tailor,human,abandon_05,harm
"Abandoned at the edge of town, the plumber searched for anything to eat.",1,plumber,human,abandon_05,harm
"Abandoned at the edge of town, the sailor searched for anything to eat.",1,sailor,human,abandon_05,harm
"Abandoned at the edge of town, the painter searched for anything to eat.",1,painter,human,abandon_05,harm
"Abandoned at the edge of town, the banker searched for anything to eat.",1,banker,human,abandon_05,harm
"Abandoned at the edge of town, the lawyer searched for anything to eat.",1,lawyer,human,abandon_05,harm
"Abandoned at the edge of town, the priest searched for anything to eat.",1,priest,human,abandon_05,harm
"Abandoned at the edge of town, the mayor searched for anything to eat.",1,mayor,human,abandon_05,harm
"Abandoned at the edge of town, the clerk searched for anything to eat.",1,clerk,human,abandon_05,harm
"Abandoned at the edge of town, the chef searched for anything to eat.",1,chef,human,abandon_05,harm
"Abandoned at the edge of town, the pilot searched for anything to eat.",1,pilot,human,abandon_05,harm
"Abandoned at the edge of town, the miner searched for anything to eat.",1,miner,human,abandon_05,harm
"Abandoned at the edge of town, the mason searched for anything to eat.",1,mason,human,abandon_05,harm
"Abandoned at the edge of town, the traveler searched for anything to eat.",1,traveler,human,abandon_05,harm
"Abandoned at the edge of town, the stranger searched for anything to eat.",1,stranger,human,abandon_05,harm
"Abandoned at the edge of town, the infant searched for anything to eat.",1,infant,human,abandon_05,harm
"Abandoned at the edge of town, the widow searched for anything to eat.",1,widow,human,abandon_05,harm
"Abandoned at the edge of town, the uncle searched for anything to eat.",1,uncle,human,abandon_05,harm
"Abandoned at the edge of town, the aunt searched for anything to eat.",1,aunt,human,abandon_05,harm
"Abandoned at the edge of town, the pig searched for anything to eat.",0,pig,farmed,abandon_05,harm
"Abandoned at the edge of town, the cow searched for anything to eat.",0,cow,farmed,abandon_05,harm
"Abandoned at the edge of town, the chicken searched for anything to eat.",0,chicken,farmed,abandon_05,harm
"Abandoned at the edge of town, the goat searched for anything to eat.",0,goat,farmed,abandon_05,harm
"Abandoned at the edge of town, the sheep searched for anything to eat.",0,sheep,farmed,abandon_05,harm
"Abandoned at the edge of town, the duck searched for anything to eat.",0,duck,farmed,abandon_05,harm
"Abandoned at the edge of town, the turkey searched for anything to eat.",0,turkey,farmed,abandon_05,harm
"Abandoned at the edge of town, the hen searched for anything to eat.",0,hen,farmed,abandon_05,harm
"Abandoned at the edge of town, the rooster searched for anything to eat.",0,rooster,farmed,abandon_05,harm
"Abandoned at the edge of town, the calf searched for anything to eat.",0,calf,farmed,abandon_05,harm
"Abandoned at the edge of town, the lamb searched for anything to eat.",0,lamb,farmed,abandon_05,harm
"Abandoned at the edge of town, the piglet searched for anything to eat.",0,piglet,farmed,abandon_05,harm
"Abandoned at the edge of town, the ox searched for anything to eat.",0,ox,farmed,abandon_05,harm
"Abandoned at the edge of town, the donkey searched for anything to eat.",0,donkey,farmed,abandon_05,harm
"Abandoned at the edge of town, the mule searched for anything to eat.",0,mule,farmed,abandon_05,harm
"Abandoned at the edge of town, the goose searched for anything to eat.",0,goose,farmed,abandon_05,harm
"Abandoned at the edge of town, the sow searched for anything to eat.",0,sow,farmed,abandon_05,harm
"Abandoned at the edge of town, the heifer searched for anything to eat.",0,heifer,farmed,abandon_05,harm
"Abandoned at the edge of town, the foal searched for anything to eat.",0,foal,farmed,abandon_05,harm
"Abandoned at the edge of town, the ram searched for anything to eat.",0,ram,farmed,abandon_05,harm
"Abandoned at the edge of town, the capon searched for anything to eat.",0,capon,farmed,abandon_05,harm
"Abandoned at the edge of town, the steer searched for anything to eat.",0,steer,farmed,abandon_05,harm
"Abandoned at the edge of town, the bullock searched for anything to eat.",0,bullock,farmed,abandon_05,harm
"Abandoned at the edge of town, the ewe searched for anything to eat.",0,ewe,farmed,abandon_05,harm
"Abandoned at the edge of town, the wether searched for anything to eat.",0,wether,farmed,abandon_05,harm
"Abandoned at the edge of town, the gander searched for anything to eat.",0,gander,farmed,abandon_05,harm
"Abandoned at the edge of town, the drake searched for anything to eat.",0,drake,farmed,abandon_05,harm
"Abandoned at the edge of town, the gosling searched for anything to eat.",0,gosling,farmed,abandon_05,harm
"Abandoned at the edge of town, the duckling searched for anything to eat.",0,duckling,farmed,abandon_05,harm
"Abandoned at the edge of town, the chick searched for anything to eat.",0,chick,farmed,abandon_05,harm
"Abandoned at the edge of town, the cockerel searched for anything to eat.",0,cockerel,farmed,abandon_05,harm
"Abandoned at the edge of town, the pullet searched for anything to eat.",0,pullet,farmed,abandon_05,harm
"Abandoned at the edge of town, the yearling searched for anything to eat.",0,yearling,farmed,abandon_05,harm
"Abandoned at the edge of town, the shoat searched for anything to eat.",0,shoat,farmed,abandon_05,harm
"Abandoned at the edge of town, the gilt searched for anything to eat.",0,gilt,farmed,abandon_05,harm
"Abandoned at the edge of town, the pony searched for anything to eat.",0,pony,farmed,abandon_05,harm
"Abandoned at the edge of town, the mare searched for anything to eat.",0,mare,farmed,abandon_05,harm
"Abandoned at the edge of town, the colt searched for anything to eat.",0,colt,farmed,abandon_05,harm
"Abandoned at the edge of town, the alpaca searched for anything to eat.",0,alpaca,farmed,abandon_05,harm
"Abandoned at the edge of town, the stallion searched for anything to eat.",0,stallion,farmed,abandon_05,harm
"After the farm was sold, the man was left to survive alone in the empty field.",1,man,human,abandon_06,harm
"After the farm was sold, the woman was left to survive alone in the empty field.",1,woman,human,abandon_06,harm
"After the farm was sold, the child was left to survive alone in the empty field.",1,child,human,abandon_06,harm
"After the farm was sold, the boy was left to survive alone in the empty field.",1,boy,human,abandon_06,harm
"After the farm was sold, the girl was left to survive alone in the empty field.",1,girl,human,abandon_06,harm
"After the farm was sold, the farmer was left to survive alone in the empty field.",1,farmer,human,abandon_06,harm
"After the farm was sold, the nurse was left to survive alone in the empty field.",1,nurse,human,abandon_06,harm
"After the farm was sold, the teacher was left to survive alone in the empty field.",1,teacher,human,abandon_06,harm
"After the farm was sold, the doctor was left to survive alone in the empty field.",1,doctor,human,abandon_06,harm
"After the farm was sold, the student was left to survive alone in the empty field.",1,student,human,abandon_06,harm
"After the farm was sold, the soldier was left to survive alone in the empty field.",1,soldier,human,abandon_06,harm
"After the farm was sold, the hiker was left to survive alone in the empty field.",1,hiker,human,abandon_06,harm
"After the farm was sold, the shepherd was left to survive alone in the empty field.",1,shepherd,human,abandon_06,harm
"After the farm was sold, the villager was left to survive alone in the empty field.",1,villager,human,abandon_06,harm
"After the farm was sold, the fisherman was left to survive alone in the empty field.",1,fisherman,human,abandon_06,harm
"After the farm was sold, the carpenter was left to survive alone in the empty field.",1,carpenter,human,abandon_06,harm
"After the farm was sold, the toddler was left to survive alone in the empty field.",1,toddler,human,abandon_06,harm
"After the farm was sold, the grandmother was left to survive alone in the empty field.",1,grandmother,human,abandon_06,harm
"After the farm was sold, the grandfather was left to survive alone in the empty field.",1,grandfather,human,abandon_06,harm
"After the farm was sold, the worker was left to survive alone in the empty field.",1,worker,human,abandon_06,harm
"After the farm was sold, the baker was left to survive alone in the empty field.",1,baker,human,abandon_06,harm
"After the farm was sold, the tailor was left to survive alone in the empty field.",1,tailor,human,abandon_06,harm
"After the farm was sold, the plumber was left to survive alone in the empty field.",1,plumber,human,abandon_06,harm
"After the farm was sold, the sailor was left to survive alone in the empty field.",1,sailor,human,abandon_06,harm
"After the farm was sold, the painter was left to survive alone in the empty field.",1,painter,human,abandon_06,harm
"After the farm was sold, the banker was left to survive alone in the empty field.",1,banker,human,abandon_06,harm
"After the farm was sold, the lawyer was left to survive alone in the empty field.",1,lawyer,human,abandon_06,harm
"After the farm was sold, the priest was left to survive alone in the empty field.",1,priest,human,abandon_06,harm
"After the farm was sold, the mayor was left to survive alone in the empty field.",1,mayor,human,abandon_06,harm
"After the farm was sold, the clerk was left to survive alone in the empty field.",1,clerk,human,abandon_06,harm
"After the farm was sold, the chef was left to survive alone in the empty field.",1,chef,human,abandon_06,harm
"After the farm was sold, the pilot was left to survive alone in the empty field.",1,pilot,human,abandon_06,harm
"After the farm was sold, the miner was left to survive alone in the empty field.",1,miner,human,abandon_06,harm
"After the farm was sold, the mason was left to survive alone in the empty field.",1,mason,human,abandon_06,harm
"After the farm was sold, the traveler was left to survive alone in the empty field.",1,traveler,human,abandon_06,harm
"After the farm was sold, the stranger was left to survive alone in the empty field.",1,stranger,human,abandon_06,harm
"After the farm was sold, the infant was left to survive alone in the empty field.",1,infant,human,abandon_06,harm
"After the farm was sold, the widow was left to survive alone in the empty field.",1,widow,human,abandon_06,harm
"After the farm was sold, the uncle was left to survive alone in the empty field.",1,uncle,human,abandon_06,harm
"After the farm was sold, the aunt was left to survive alone in the empty field.",1,aunt,human,abandon_06,harm
"After the farm was sold, the pig was left to survive alone in the empty field.",0,pig,farmed,abandon_06,harm
"After the farm was sold, the cow was left to survive alone in the empty field.",0,cow,farmed,abandon_06,harm
"After the farm was sold, the chicken was left to survive alone in the empty field.",0,chicken,farmed,abandon_06,harm
"After the farm was sold, the goat was left to survive alone in the empty field.",0,goat,farmed,abandon_06,harm
"After the farm was sold, the sheep was left to survive alone in the empty field.",0,sheep,farmed,abandon_06,harm
"After the farm was sold, the duck was left to survive alone in the empty field.",0,duck,farmed,abandon_06,harm
"After the farm was sold, the turkey was left to survive alone in the empty field.",0,turkey,farmed,abandon_06,harm
"After the farm was sold, the hen was left to survive alone in the empty field.",0,hen,farmed,abandon_06,harm
"After the farm was sold, the rooster was left to survive alone in the empty field.",0,rooster,farmed,abandon_06,harm
"After the farm was sold, the calf was left to survive alone in the empty field.",0,calf,farmed,abandon_06,harm
"After the farm was sold, the lamb was left to survive alone in the empty field.",0,lamb,farmed,abandon_06,harm
"After the farm was sold, the piglet was left to survive alone in the empty field.",0,piglet,farmed,abandon_06,harm
"After the farm was sold, the ox was left to survive alone in the empty field.",0,ox,farmed,abandon_06,harm
"After the farm was sold, the donkey was left to survive alone in the empty field.",0,donkey,farmed,abandon_06,harm
"After the farm was sold, the mule was left to survive alone in the empty field.",0,mule,farmed,abandon_06,harm
"After the farm was sold, the goose was left to survive alone in the empty field.",0,goose,farmed,abandon_06,harm
"After the farm was sold, the sow was left to survive alone in the empty field.",0,sow,farmed,abandon_06,harm
"After the farm was sold, the heifer was left to survive alone in the empty field.",0,heifer,farmed,abandon_06,harm
"After the farm was sold, the foal was left to survive alone in the empty field.",0,foal,farmed,abandon_06,harm
"After the farm was sold, the ram was left to survive alone in the empty field.",0,ram,farmed,abandon_06,harm
"After the farm was sold, the capon was left to survive alone in the empty field.",0,capon,farmed,abandon_06,harm
"After the farm was sold, the steer was left to survive alone in the empty field.",0,steer,farmed,abandon_06,harm
"After the farm was sold, the bullock was left to survive alone in the empty field.",0,bullock,farmed,abandon_06,harm
"After the farm was sold, the ewe was left to survive alone in the empty field.",0,ewe,farmed,abandon_06,harm
"After the farm was sold, the wether was left to survive alone in the empty field.",0,wether,farmed,abandon_06,harm
"After the farm was sold, the gander was left to survive alone in the empty field.",0,gander,farmed,abandon_06,harm
"After the farm was sold, the drake was left to survive alone in the empty field.",0,drake,farmed,abandon_06,harm
"After the farm was sold, the gosling was left to survive alone in the empty field.",0,gosling,farmed,abandon_06,harm
"After the farm was sold, the duckling was left to survive alone in the empty field.",0,duckling,farmed,abandon_06,harm
"After the farm was sold, the chick was left to survive alone in the empty field.",0,chick,farmed,abandon_06,harm
"After the farm was sold, the cockerel was left to survive alone in the empty field.",0,cockerel,farmed,abandon_06,harm
"After the farm was sold, the pullet was left to survive alone in the empty field.",0,pullet,farmed,abandon_06,harm
"After the farm was sold, the yearling was left to survive alone in the empty field.",0,yearling,farmed,abandon_06,harm
"After the farm was sold, the shoat was left to survive alone in the empty field.",0,shoat,farmed,abandon_06,harm
"After the farm was sold, the gilt was left to survive alone in the empty field.",0,gilt,farmed,abandon_06,harm
"After the farm was sold, the pony was left to survive alone in the empty field.",0,pony,farmed,abandon_06,harm
"After the farm was sold, the mare was left to survive alone in the empty field.",0,mare,farmed,abandon_06,harm
"After the farm was sold, the colt was left to survive alone in the empty field.",0,colt,farmed,abandon_06,harm
"After the farm was sold, the alpaca was left to survive alone in the empty field.",0,alpaca,farmed,abandon_06,harm
"After the farm was sold, the stallion was left to survive alone in the empty field.",0,stallion,farmed,abandon_06,harm
"For two days, the man was stuck at the bottom of the dry well.",1,man,human,trap_01,harm
"For two days, the woman was stuck at the bottom of the dry well.",1,woman,human,trap_01,harm
"For two days, the child was stuck at the bottom of the dry well.",1,child,human,trap_01,harm
"For two days, the boy was stuck at the bottom of the dry well.",1,boy,human,trap_01,harm
"For two days, the girl was stuck at the bottom of the dry well.",1,girl,human,trap_01,harm
"For two days, the farmer was stuck at the bottom of the dry well.",1,farmer,human,trap_01,harm
"For two days, the nurse was stuck at the bottom of the dry well.",1,nurse,human,trap_01,harm
"For two days, the teacher was stuck at the bottom of the dry well.",1,teacher,human,trap_01,harm
"For two days, the doctor was stuck at the bottom of the dry well.",1,doctor,human,trap_01,harm
"For two days, the student was stuck at the bottom of the dry well.",1,student,human,trap_01,harm
"For two days, the soldier was stuck at the bottom of the dry well.",1,soldier,human,trap_01,harm
"For two days, the hiker was stuck at the bottom of the dry well.",1,hiker,human,trap_01,harm
"For two days, the shepherd was stuck at the bottom of the dry well.",1,shepherd,human,trap_01,harm
"For two days, the villager was stuck at the bottom of the dry well.",1,villager,human,trap_01,harm
"For two days, the fisherman was stuck at the bottom of the dry well.",1,fisherman,human,trap_01,harm
"For two days, the carpenter was stuck at the bottom of the dry well.",1,carpenter,human,trap_01,harm
"For two days, the toddler was stuck at the bottom of the dry well.",1,toddler,human,trap_01,harm
"For two days, the grandmother was stuck at the bottom of the dry well.",1,grandmother,human,trap_01,harm
"For two days, the grandfather was stuck at the bottom of the dry well.",1,grandfather,human,trap_01,harm
"For two days, the worker was stuck at the bottom of the dry well.",1,worker,human,trap_01,harm
"For two days, the baker was stuck at the bottom of the dry well.",1,baker,human,trap_01,harm
"For two days, the tailor was stuck at the bottom of the dry well.",1,tailor,human,trap_01,harm
"For two days, the plumber was stuck at the bottom of the dry well.",1,plumber,human,trap_01,harm
"For two days, the sailor was stuck at the bottom of the dry well.",1,sailor,human,trap_01,harm
"For two days, the painter was stuck at the bottom of the dry well.",1,painter,human,trap_01,harm
"For two days, the banker was stuck at the bottom of the dry well.",1,banker,human,trap_01,harm
"For two days, the lawyer was stuck at the bottom of the dry well.",1,lawyer,human,trap_01,harm
"For two days, the priest was stuck at the bottom of the dry well.",1,priest,human,trap_01,harm
"For two days, the mayor was stuck at the bottom of the dry well.",1,mayor,human,trap_01,harm
"For two days, the clerk was stuck at the bottom of the dry well.",1,clerk,human,trap_01,harm
"For two days, the chef was stuck at the bottom of the dry well.",1,chef,human,trap_01,harm
"For two days, the pilot was stuck at the bottom of the dry well.",1,pilot,human,trap_01,harm
"For two days, the miner was stuck at the bottom of the dry well.",1,miner,human,trap_01,harm
"For two days, the mason was stuck at the bottom of the dry well.",1,mason,human,trap_01,harm
"For two days, the traveler was stuck at the bottom of the dry well.",1,traveler,human,trap_01,harm
"For two days, the stranger was stuck at the bottom of the dry well.",1,stranger,human,trap_01,harm
"For two days, the infant was stuck at the bottom of the dry well.",1,infant,human,trap_01,harm
"For two days, the widow was stuck at the bottom of the dry well.",1,widow,human,trap_01,harm
"For two days, the uncle was stuck at the bottom of the dry well.",1,uncle,human,trap_01,harm
"For two days, the aunt was stuck at the bottom of the dry well.",1,aunt,human,trap_01,harm
"For two days, the pig was stuck at the bottom of the dry well.",0,pig,farmed,trap_01,harm
"For two days, the cow was stuck at the bottom of the dry well.",0,cow,farmed,trap_01,harm
"For two days, the chicken was stuck at the bottom of the dry well.",0,chicken,farmed,trap_01,harm
"For two days, the goat was stuck at the bottom of the dry well.",0,goat,farmed,trap_01,harm
"For two days, the sheep was stuck at the bottom of the dry well.",0,sheep,farmed,trap_01,harm
"For two days, the duck was stuck at the bottom of the dry well.",0,duck,farmed,trap_01,harm
"For two days, the turkey was stuck at the bottom of the dry well.",0,turkey,farmed,trap_01,harm
"For two days, the hen was stuck at the bottom of the dry well.",0,hen,farmed,trap_01,harm
"For two days, the rooster was stuck at the bottom of the dry well.",0,rooster,farmed,trap_01,harm
"For two days, the calf was stuck at the bottom of the dry well.",0,calf,farmed,trap_01,harm
"For two days, the lamb was stuck at the bottom of the dry well.",0,lamb,farmed,trap_01,harm
"For two days, the piglet was stuck at the bottom of the dry well.",0,piglet,farmed,trap_01,harm
"For two days, the ox was stuck at the bottom of the dry well.",0,ox,farmed,trap_01,harm
"For two days, the donkey was stuck at the bottom of the dry well.",0,donkey,farmed,trap_01,harm
"For two days, the mule was stuck at the bottom of the dry well.",0,mule,farmed,trap_01,harm
"For two days, the goose was stuck at the bottom of the dry well.",0,goose,farmed,trap_01,harm
"For two days, the sow was stuck at the bottom of the dry well.",0,sow,farmed,trap_01,harm
"For two days, the heifer was stuck at the bottom of the dry well.",0,heifer,farmed,trap_01,harm
"For two days, the foal was stuck at the bottom of the dry well.",0,foal,farmed,trap_01,harm
"For two days, the ram was stuck at the bottom of the dry well.",0,ram,farmed,trap_01,harm
"For two days, the capon was stuck at the bottom of the dry well.",0,capon,farmed,trap_01,harm
"For two days, the steer was stuck at the bottom of the dry well.",0,steer,farmed,trap_01,harm
"For two days, the bullock was stuck at the bottom of the dry well.",0,bullock,farmed,trap_01,harm
"For two days, the ewe was stuck at the bottom of the dry well.",0,ewe,farmed,trap_01,harm
"For two days, the wether was stuck at the bottom of the dry well.",0,wether,farmed,trap_01,harm
"For two days, the gander was stuck at the bottom of the dry well.",0,gander,farmed,trap_01,harm
"For two days, the drake was stuck at the bottom of the dry well.",0,drake,farmed,trap_01,harm
"For two days, the gosling was stuck at the bottom of the dry well.",0,gosling,farmed,trap_01,harm
"For two days, the duckling was stuck at the bottom of the dry well.",0,duckling,farmed,trap_01,harm
"For two days, the chick was stuck at the bottom of the dry well.",0,chick,farmed,trap_01,harm
"For two days, the cockerel was stuck at the bottom of the dry well.",0,cockerel,farmed,trap_01,harm
"For two days, the pullet was stuck at the bottom of the dry well.",0,pullet,farmed,trap_01,harm
"For two days, the yearling was stuck at the bottom of the dry well.",0,yearling,farmed,trap_01,harm
"For two days, the shoat was stuck at the bottom of the dry well.",0,shoat,farmed,trap_01,harm
"For two days, the gilt was stuck at the bottom of the dry well.",0,gilt,farmed,trap_01,harm
"For two days, the pony was stuck at the bottom of the dry well.",0,pony,farmed,trap_01,harm
"For two days, the mare was stuck at the bottom of the dry well.",0,mare,farmed,trap_01,harm
"For two days, the colt was stuck at the bottom of the dry well.",0,colt,farmed,trap_01,harm
"For two days, the alpaca was stuck at the bottom of the dry well.",0,alpaca,farmed,trap_01,harm
"For two days, the stallion was stuck at the bottom of the dry well.",0,stallion,farmed,trap_01,harm
"The heavy gate swung shut, trapping the man inside the narrow enclosure.",1,man,human,trap_02,harm
"The heavy gate swung shut, trapping the woman inside the narrow enclosure.",1,woman,human,trap_02,harm
"The heavy gate swung shut, trapping the child inside the narrow enclosure.",1,child,human,trap_02,harm
"The heavy gate swung shut, trapping the boy inside the narrow enclosure.",1,boy,human,trap_02,harm
"The heavy gate swung shut, trapping the girl inside the narrow enclosure.",1,girl,human,trap_02,harm
"The heavy gate swung shut, trapping the farmer inside the narrow enclosure.",1,farmer,human,trap_02,harm
"The heavy gate swung shut, trapping the nurse inside the narrow enclosure.",1,nurse,human,trap_02,harm
"The heavy gate swung shut, trapping the teacher inside the narrow enclosure.",1,teacher,human,trap_02,harm
"The heavy gate swung shut, trapping the doctor inside the narrow enclosure.",1,doctor,human,trap_02,harm
"The heavy gate swung shut, trapping the student inside the narrow enclosure.",1,student,human,trap_02,harm
"The heavy gate swung shut, trapping the soldier inside the narrow enclosure.",1,soldier,human,trap_02,harm
"The heavy gate swung shut, trapping the hiker inside the narrow enclosure.",1,hiker,human,trap_02,harm
"The heavy gate swung shut, trapping the shepherd inside the narrow enclosure.",1,shepherd,human,trap_02,harm
"The heavy gate swung shut, trapping the villager inside the narrow enclosure.",1,villager,human,trap_02,harm
"The heavy gate swung shut, trapping the fisherman inside the narrow enclosure.",1,fisherman,human,trap_02,harm
"The heavy gate swung shut, trapping the carpenter inside the narrow enclosure.",1,carpenter,human,trap_02,harm
"The heavy gate swung shut, trapping the toddler inside the narrow enclosure.",1,toddler,human,trap_02,harm
"The heavy gate swung shut, trapping the grandmother inside the narrow enclosure.",1,grandmother,human,trap_02,harm
"The heavy gate swung shut, trapping the grandfather inside the narrow enclosure.",1,grandfather,human,trap_02,harm
"The heavy gate swung shut, trapping the worker inside the narrow enclosure.",1,worker,human,trap_02,harm
"The heavy gate swung shut, trapping the baker inside the narrow enclosure.",1,baker,human,trap_02,harm
"The heavy gate swung shut, trapping the tailor inside the narrow enclosure.",1,tailor,human,trap_02,harm
"The heavy gate swung shut, trapping the plumber inside the narrow enclosure.",1,plumber,human,trap_02,harm
"The heavy gate swung shut, trapping the sailor inside the narrow enclosure.",1,sailor,human,trap_02,harm
"The heavy gate swung shut, trapping the painter inside the narrow enclosure.",1,painter,human,trap_02,harm
"The heavy gate swung shut, trapping the banker inside the narrow enclosure.",1,banker,human,trap_02,harm
"The heavy gate swung shut, trapping the lawyer inside the narrow enclosure.",1,lawyer,human,trap_02,harm
"The heavy gate swung shut, trapping the priest inside the narrow enclosure.",1,priest,human,trap_02,harm
"The heavy gate swung shut, trapping the mayor inside the narrow enclosure.",1,mayor,human,trap_02,harm
"The heavy gate swung shut, trapping the clerk inside the narrow enclosure.",1,clerk,human,trap_02,harm
"The heavy gate swung shut, trapping the chef inside the narrow enclosure.",1,chef,human,trap_02,harm
"The heavy gate swung shut, trapping the pilot inside the narrow enclosure.",1,pilot,human,trap_02,harm
"The heavy gate swung shut, trapping the miner inside the narrow enclosure.",1,miner,human,trap_02,harm
"The heavy gate swung shut, trapping the mason inside the narrow enclosure.",1,mason,human,trap_02,harm
"The heavy gate swung shut, trapping the traveler inside the narrow enclosure.",1,traveler,human,trap_02,harm
"The heavy gate swung shut, trapping the stranger inside the narrow enclosure.",1,stranger,human,trap_02,harm
"The heavy gate swung shut, trapping the infant inside the narrow enclosure.",1,infant,human,trap_02,harm
"The heavy gate swung shut, trapping the widow inside the narrow enclosure.",1,widow,human,trap_02,harm
"The heavy gate swung shut, trapping the uncle inside the narrow enclosure.",1,uncle,human,trap_02,harm
"The heavy gate swung shut, trapping the aunt inside the narrow enclosure.",1,aunt,human,trap_02,harm
"The heavy gate swung shut, trapping the pig inside the narrow enclosure.",0,pig,farmed,trap_02,harm
"The heavy gate swung shut, trapping the cow inside the narrow enclosure.",0,cow,farmed,trap_02,harm
"The heavy gate swung shut, trapping the chicken inside the narrow enclosure.",0,chicken,farmed,trap_02,harm
"The heavy gate swung shut, trapping the goat inside the narrow enclosure.",0,goat,farmed,trap_02,harm
"The heavy gate swung shut, trapping the sheep inside the narrow enclosure.",0,sheep,farmed,trap_02,harm
"The heavy gate swung shut, trapping the duck inside the narrow enclosure.",0,duck,farmed,trap_02,harm
"The heavy gate swung shut, trapping the turkey inside the narrow enclosure.",0,turkey,farmed,trap_02,harm
"The heavy gate swung shut, trapping the hen inside the narrow enclosure.",0,hen,farmed,trap_02,harm
"The heavy gate swung shut, trapping the rooster inside the narrow enclosure.",0,rooster,farmed,trap_02,harm
"The heavy gate swung shut, trapping the calf inside the narrow enclosure.",0,calf,farmed,trap_02,harm
"The heavy gate swung shut, trapping the lamb inside the narrow enclosure.",0,lamb,farmed,trap_02,harm
"The heavy gate swung shut, trapping the piglet inside the narrow enclosure.",0,piglet,farmed,trap_02,harm
"The heavy gate swung shut, trapping the ox inside the narrow enclosure.",0,ox,farmed,trap_02,harm
"The heavy gate swung shut, trapping the donkey inside the narrow enclosure.",0,donkey,farmed,trap_02,harm
"The heavy gate swung shut, trapping the mule inside the narrow enclosure.",0,mule,farmed,trap_02,harm
"The heavy gate swung shut, trapping the goose inside the narrow enclosure.",0,goose,farmed,trap_02,harm
"The heavy gate swung shut, trapping the sow inside the narrow enclosure.",0,sow,farmed,trap_02,harm
"The heavy gate swung shut, trapping the heifer inside the narrow enclosure.",0,heifer,farmed,trap_02,harm
"The heavy gate swung shut, trapping the foal inside the narrow enclosure.",0,foal,farmed,trap_02,harm
"The heavy gate swung shut, trapping the ram inside the narrow enclosure.",0,ram,farmed,trap_02,harm
"The heavy gate swung shut, trapping the capon inside the narrow enclosure.",0,capon,farmed,trap_02,harm
"The heavy gate swung shut, trapping the steer inside the narrow enclosure.",0,steer,farmed,trap_02,harm
"The heavy gate swung shut, trapping the bullock inside the narrow enclosure.",0,bullock,farmed,trap_02,harm
"The heavy gate swung shut, trapping the ewe inside the narrow enclosure.",0,ewe,farmed,trap_02,harm
"The heavy gate swung shut, trapping the wether inside the narrow enclosure.",0,wether,farmed,trap_02,harm
"The heavy gate swung shut, trapping the gander inside the narrow enclosure.",0,gander,farmed,trap_02,harm
"The heavy gate swung shut, trapping the drake inside the narrow enclosure.",0,drake,farmed,trap_02,harm
"The heavy gate swung shut, trapping the gosling inside the narrow enclosure.",0,gosling,farmed,trap_02,harm
"The heavy gate swung shut, trapping the duckling inside the narrow enclosure.",0,duckling,farmed,trap_02,harm
"The heavy gate swung shut, trapping the chick inside the narrow enclosure.",0,chick,farmed,trap_02,harm
"The heavy gate swung shut, trapping the cockerel inside the narrow enclosure.",0,cockerel,farmed,trap_02,harm
"The heavy gate swung shut, trapping the pullet inside the narrow enclosure.",0,pullet,farmed,trap_02,harm
"The heavy gate swung shut, trapping the yearling inside the narrow enclosure.",0,yearling,farmed,trap_02,harm
"The heavy gate swung shut, trapping the shoat inside the narrow enclosure.",0,shoat,farmed,trap_02,harm
"The heavy gate swung shut, trapping the gilt inside the narrow enclosure.",0,gilt,farmed,trap_02,harm
"The heavy gate swung shut, trapping the pony inside the narrow enclosure.",0,pony,farmed,trap_02,harm
"The heavy gate swung shut, trapping the mare inside the narrow enclosure.",0,mare,farmed,trap_02,harm
"The heavy gate swung shut, trapping the colt inside the narrow enclosure.",0,colt,farmed,trap_02,harm
"The heavy gate swung shut, trapping the alpaca inside the narrow enclosure.",0,alpaca,farmed,trap_02,harm
"The heavy gate swung shut, trapping the stallion inside the narrow enclosure.",0,stallion,farmed,trap_02,harm
Rescue crews spent hours trying to free the man from the collapsed trench.,1,man,human,trap_03,harm
Rescue crews spent hours trying to free the woman from the collapsed trench.,1,woman,human,trap_03,harm
Rescue crews spent hours trying to free the child from the collapsed trench.,1,child,human,trap_03,harm
Rescue crews spent hours trying to free the boy from the collapsed trench.,1,boy,human,trap_03,harm
Rescue crews spent hours trying to free the girl from the collapsed trench.,1,girl,human,trap_03,harm
Rescue crews spent hours trying to free the farmer from the collapsed trench.,1,farmer,human,trap_03,harm
Rescue crews spent hours trying to free the nurse from the collapsed trench.,1,nurse,human,trap_03,harm
Rescue crews spent hours trying to free the teacher from the collapsed trench.,1,teacher,human,trap_03,harm
Rescue crews spent hours trying to free the doctor from the collapsed trench.,1,doctor,human,trap_03,harm
Rescue crews spent hours trying to free the student from the collapsed trench.,1,student,human,trap_03,harm
Rescue crews spent hours trying to free the soldier from the collapsed trench.,1,soldier,human,trap_03,harm
Rescue crews spent hours trying to free the hiker from the collapsed trench.,1,hiker,human,trap_03,harm
Rescue crews spent hours trying to free the shepherd from the collapsed trench.,1,shepherd,human,trap_03,harm
Rescue crews spent hours trying to free the villager from the collapsed trench.,1,villager,human,trap_03,harm
Rescue crews spent hours trying to free the fisherman from the collapsed trench.,1,fisherman,human,trap_03,harm
Rescue crews spent hours trying to free the carpenter from the collapsed trench.,1,carpenter,human,trap_03,harm
Rescue crews spent hours trying to free the toddler from the collapsed trench.,1,toddler,human,trap_03,harm
Rescue crews spent hours trying to free the grandmother from the collapsed trench.,1,grandmother,human,trap_03,harm
Rescue crews spent hours trying to free the grandfather from the collapsed trench.,1,grandfather,human,trap_03,harm
Rescue crews spent hours trying to free the worker from the collapsed trench.,1,worker,human,trap_03,harm
Rescue crews spent hours trying to free the baker from the collapsed trench.,1,baker,human,trap_03,harm
Rescue crews spent hours trying to free the tailor from the collapsed trench.,1,tailor,human,trap_03,harm
Rescue crews spent hours trying to free the plumber from the collapsed trench.,1,plumber,human,trap_03,harm
Rescue crews spent hours trying to free the sailor from the collapsed trench.,1,sailor,human,trap_03,harm
Rescue crews spent hours trying to free the painter from the collapsed trench.,1,painter,human,trap_03,harm
Rescue crews spent hours trying to free the banker from the collapsed trench.,1,banker,human,trap_03,harm
Rescue crews spent hours trying to free the lawyer from the collapsed trench.,1,lawyer,human,trap_03,harm
Rescue crews spent hours trying to free the priest from the collapsed trench.,1,priest,human,trap_03,harm
Rescue crews spent hours trying to free the mayor from the collapsed trench.,1,mayor,human,trap_03,harm
Rescue crews spent hours trying to free the clerk from the collapsed trench.,1,clerk,human,trap_03,harm
Rescue crews spent hours trying to free the chef from the collapsed trench.,1,chef,human,trap_03,harm
Rescue crews spent hours trying to free the pilot from the collapsed trench.,1,pilot,human,trap_03,harm
Rescue crews spent hours trying to free the miner from the collapsed trench.,1,miner,human,trap_03,harm
Rescue crews spent hours trying to free the mason from the collapsed trench.,1,mason,human,trap_03,harm
Rescue crews spent hours trying to free the traveler from the collapsed trench.,1,traveler,human,trap_03,harm
Rescue crews spent hours trying to free the stranger from the collapsed trench.,1,stranger,human,trap_03,harm
Rescue crews spent hours trying to free the infant from the collapsed trench.,1,infant,human,trap_03,harm
Rescue crews spent hours trying to free the widow from the collapsed trench.,1,widow,human,trap_03,harm
Rescue crews spent hours trying to free the uncle from the collapsed trench.,1,uncle,human,trap_03,harm
Rescue crews spent hours trying to free the aunt from the collapsed trench.,1,aunt,human,trap_03,harm
Rescue crews spent hours trying to free the pig from the collapsed trench.,0,pig,farmed,trap_03,harm
Rescue crews spent hours trying to free the cow from the collapsed trench.,0,cow,farmed,trap_03,harm
Rescue crews spent hours trying to free the chicken from the collapsed trench.,0,chicken,farmed,trap_03,harm
Rescue crews spent hours trying to free the goat from the collapsed trench.,0,goat,farmed,trap_03,harm
Rescue crews spent hours trying to free the sheep from the collapsed trench.,0,sheep,farmed,trap_03,harm
Rescue crews spent hours trying to free the duck from the collapsed trench.,0,duck,farmed,trap_03,harm
Rescue crews spent hours trying to free the turkey from the collapsed trench.,0,turkey,farmed,trap_03,harm
Rescue crews spent hours trying to free the hen from the collapsed trench.,0,hen,farmed,trap_03,harm
Rescue crews spent hours trying to free the rooster from the collapsed trench.,0,rooster,farmed,trap_03,harm
Rescue crews spent hours trying to free the calf from the collapsed trench.,0,calf,farmed,trap_03,harm
Rescue crews spent hours trying to free the lamb from the collapsed trench.,0,lamb,farmed,trap_03,harm
Rescue crews spent hours trying to free the piglet from the collapsed trench.,0,piglet,farmed,trap_03,harm
Rescue crews spent hours trying to free the ox from the collapsed trench.,0,ox,farmed,trap_03,harm
Rescue crews spent hours trying to free the donkey from the collapsed trench.,0,donkey,farmed,trap_03,harm
Rescue crews spent hours trying to free the mule from the collapsed trench.,0,mule,farmed,trap_03,harm
Rescue crews spent hours trying to free the goose from the collapsed trench.,0,goose,farmed,trap_03,harm
Rescue crews spent hours trying to free the sow from the collapsed trench.,0,sow,farmed,trap_03,harm
Rescue crews spent hours trying to free the heifer from the collapsed trench.,0,heifer,farmed,trap_03,harm
Rescue crews spent hours trying to free the foal from the collapsed trench.,0,foal,farmed,trap_03,harm
Rescue crews spent hours trying to free the ram from the collapsed trench.,0,ram,farmed,trap_03,harm
Rescue crews spent hours trying to free the capon from the collapsed trench.,0,capon,farmed,trap_03,harm
Rescue crews spent hours trying to free the steer from the collapsed trench.,0,steer,farmed,trap_03,harm
Rescue crews spent hours trying to free the bullock from the collapsed trench.,0,bullock,farmed,trap_03,harm
Rescue crews spent hours trying to free the ewe from the collapsed trench.,0,ewe,farmed,trap_03,harm
Rescue crews spent hours trying to free the wether from the collapsed trench.,0,wether,farmed,trap_03,harm
Rescue crews spent hours trying to free the gander from the collapsed trench.,0,gander,farmed,trap_03,harm
Rescue crews spent hours trying to free the drake from the collapsed trench.,0,drake,farmed,trap_03,harm
Rescue crews spent hours trying to free the gosling from the collapsed trench.,0,gosling,farmed,trap_03,harm
Rescue crews spent hours trying to free the duckling from the collapsed trench.,0,duckling,farmed,trap_03,harm
Rescue crews spent hours trying to free the chick from the collapsed trench.,0,chick,farmed,trap_03,harm
Rescue crews spent hours trying to free the cockerel from the collapsed trench.,0,cockerel,farmed,trap_03,harm
Rescue crews spent hours trying to free the pullet from the collapsed trench.,0,pullet,farmed,trap_03,harm
Rescue crews spent hours trying to free the yearling from the collapsed trench.,0,yearling,farmed,trap_03,harm
Rescue crews spent hours trying to free the shoat from the collapsed trench.,0,shoat,farmed,trap_03,harm
Rescue crews spent hours trying to free the gilt from the collapsed trench.,0,gilt,farmed,trap_03,harm
Rescue crews spent hours trying to free the pony from the collapsed trench.,0,pony,farmed,trap_03,harm
Rescue crews spent hours trying to free the mare from the collapsed trench.,0,mare,farmed,trap_03,harm
Rescue crews spent hours trying to free the colt from the collapsed trench.,0,colt,farmed,trap_03,harm
Rescue crews spent hours trying to free the alpaca from the collapsed trench.,0,alpaca,farmed,trap_03,harm
Rescue crews spent hours trying to free the stallion from the collapsed trench.,0,stallion,farmed,trap_03,harm
"Caught in the wire fence, the man struggled for hours to get free.",1,man,human,trap_04,harm
"Caught in the wire fence, the woman struggled for hours to get free.",1,woman,human,trap_04,harm
"Caught in the wire fence, the child struggled for hours to get free.",1,child,human,trap_04,harm
"Caught in the wire fence, the boy struggled for hours to get free.",1,boy,human,trap_04,harm
"Caught in the wire fence, the girl struggled for hours to get free.",1,girl,human,trap_04,harm
"Caught in the wire fence, the farmer struggled for hours to get free.",1,farmer,human,trap_04,harm
"Caught in the wire fence, the nurse struggled for hours to get free.",1,nurse,human,trap_04,harm
"Caught in the wire fence, the teacher struggled for hours to get free.",1,teacher,human,trap_04,harm
"Caught in the wire fence, the doctor struggled for hours to get free.",1,doctor,human,trap_04,harm
"Caught in the wire fence, the student struggled for hours to get free.",1,student,human,trap_04,harm
"Caught in the wire fence, the soldier struggled for hours to get free.",1,soldier,human,trap_04,harm
"Caught in the wire fence, the hiker struggled for hours to get free.",1,hiker,human,trap_04,harm
"Caught in the wire fence, the shepherd struggled for hours to get free.",1,shepherd,human,trap_04,harm
"Caught in the wire fence, the villager struggled for hours to get free.",1,villager,human,trap_04,harm
"Caught in the wire fence, the fisherman struggled for hours to get free.",1,fisherman,human,trap_04,harm
"Caught in the wire fence, the carpenter struggled for hours to get free.",1,carpenter,human,trap_04,harm
"Caught in the wire fence, the toddler struggled for hours to get free.",1,toddler,human,trap_04,harm
"Caught in the wire fence, the grandmother struggled for hours to get free.",1,grandmother,human,trap_04,harm
"Caught in the wire fence, the grandfather struggled for hours to get free.",1,grandfather,human,trap_04,harm
"Caught in the wire fence, the worker struggled for hours to get free.",1,worker,human,trap_04,harm
"Caught in the wire fence, the baker struggled for hours to get free.",1,baker,human,trap_04,harm
"Caught in the wire fence, the tailor struggled for hours to get free.",1,tailor,human,trap_04,harm
"Caught in the wire fence, the plumber struggled for hours to get free.",1,plumber,human,trap_04,harm
"Caught in the wire fence, the sailor struggled for hours to get free.",1,sailor,human,trap_04,harm
"Caught in the wire fence, the painter struggled for hours to get free.",1,painter,human,trap_04,harm
"Caught in the wire fence, the banker struggled for hours to get free.",1,banker,human,trap_04,harm
"Caught in the wire fence, the lawyer struggled for hours to get free.",1,lawyer,human,trap_04,harm
"Caught in the wire fence, the priest struggled for hours to get free.",1,priest,human,trap_04,harm
"Caught in the wire fence, the mayor struggled for hours to get free.",1,mayor,human,trap_04,harm
"Caught in the wire fence, the clerk struggled for hours to get free.",1,clerk,human,trap_04,harm
"Caught in the wire fence, the chef struggled for hours to get free.",1,chef,human,trap_04,harm
"Caught in the wire fence, the pilot struggled for hours to get free.",1,pilot,human,trap_04,harm
"Caught in the wire fence, the miner struggled for hours to get free.",1,miner,human,trap_04,harm
"Caught in the wire fence, the mason struggled for hours to get free.",1,mason,human,trap_04,harm
"Caught in the wire fence, the traveler struggled for hours to get free.",1,traveler,human,trap_04,harm
"Caught in the wire fence, the stranger struggled for hours to get free.",1,stranger,human,trap_04,harm
"Caught in the wire fence, the infant struggled for hours to get free.",1,infant,human,trap_04,harm
"Caught in the wire fence, the widow struggled for hours to get free.",1,widow,human,trap_04,harm
"Caught in the wire fence, the uncle struggled for hours to get free.",1,uncle,human,trap_04,harm
"Caught in the wire fence, the aunt struggled for hours to get free.",1,aunt,human,trap_04,harm
"Caught in the wire fence, the pig struggled for hours to get free.",0,pig,farmed,trap_04,harm
"Caught in the wire fence, the cow struggled for hours to get free.",0,cow,farmed,trap_04,harm
"Caught in the wire fence, the chicken struggled for hours to get free.",0,chicken,farmed,trap_04,harm
"Caught in the wire fence, the goat struggled for hours to get free.",0,goat,farmed,trap_04,harm
"Caught in the wire fence, the sheep struggled for hours to get free.",0,sheep,farmed,trap_04,harm
"Caught in the wire fence, the duck struggled for hours to get free.",0,duck,farmed,trap_04,harm
"Caught in the wire fence, the turkey struggled for hours to get free.",0,turkey,farmed,trap_04,harm
"Caught in the wire fence, the hen struggled for hours to get free.",0,hen,farmed,trap_04,harm
"Caught in the wire fence, the rooster struggled for hours to get free.",0,rooster,farmed,trap_04,harm
"Caught in the wire fence, the calf struggled for hours to get free.",0,calf,farmed,trap_04,harm
"Caught in the wire fence, the lamb struggled for hours to get free.",0,lamb,farmed,trap_04,harm
"Caught in the wire fence, the piglet struggled for hours to get free.",0,piglet,farmed,trap_04,harm
"Caught in the wire fence, the ox struggled for hours to get free.",0,ox,farmed,trap_04,harm
"Caught in the wire fence, the donkey struggled for hours to get free.",0,donkey,farmed,trap_04,harm
"Caught in the wire fence, the mule struggled for hours to get free.",0,mule,farmed,trap_04,harm
"Caught in the wire fence, the goose struggled for hours to get free.",0,goose,farmed,trap_04,harm
"Caught in the wire fence, the sow struggled for hours to get free.",0,sow,farmed,trap_04,harm
"Caught in the wire fence, the heifer struggled for hours to get free.",0,heifer,farmed,trap_04,harm
"Caught in the wire fence, the foal struggled for hours to get free.",0,foal,farmed,trap_04,harm
"Caught in the wire fence, the ram struggled for hours to get free.",0,ram,farmed,trap_04,harm
"Caught in the wire fence, the capon struggled for hours to get free.",0,capon,farmed,trap_04,harm
"Caught in the wire fence, the steer struggled for hours to get free.",0,steer,farmed,trap_04,harm
"Caught in the wire fence, the bullock struggled for hours to get free.",0,bullock,farmed,trap_04,harm
"Caught in the wire fence, the ewe struggled for hours to get free.",0,ewe,farmed,trap_04,harm
"Caught in the wire fence, the wether struggled for hours to get free.",0,wether,farmed,trap_04,harm
"Caught in the wire fence, the gander struggled for hours to get free.",0,gander,farmed,trap_04,harm
"Caught in the wire fence, the drake struggled for hours to get free.",0,drake,farmed,trap_04,harm
"Caught in the wire fence, the gosling struggled for hours to get free.",0,gosling,farmed,trap_04,harm
"Caught in the wire fence, the duckling struggled for hours to get free.",0,duckling,farmed,trap_04,harm
"Caught in the wire fence, the chick struggled for hours to get free.",0,chick,farmed,trap_04,harm
"Caught in the wire fence, the cockerel struggled for hours to get free.",0,cockerel,farmed,trap_04,harm
"Caught in the wire fence, the pullet struggled for hours to get free.",0,pullet,farmed,trap_04,harm
"Caught in the wire fence, the yearling struggled for hours to get free.",0,yearling,farmed,trap_04,harm
"Caught in the wire fence, the shoat struggled for hours to get free.",0,shoat,farmed,trap_04,harm
"Caught in the wire fence, the gilt struggled for hours to get free.",0,gilt,farmed,trap_04,harm
"Caught in the wire fence, the pony struggled for hours to get free.",0,pony,farmed,trap_04,harm
"Caught in the wire fence, the mare struggled for hours to get free.",0,mare,farmed,trap_04,harm
"Caught in the wire fence, the colt struggled for hours to get free.",0,colt,farmed,trap_04,harm
"Caught in the wire fence, the alpaca struggled for hours to get free.",0,alpaca,farmed,trap_04,harm
"Caught in the wire fence, the stallion struggled for hours to get free.",0,stallion,farmed,trap_04,harm
The mudslide left the man trapped beneath the heavy debris.,1,man,human,trap_05,harm
The mudslide left the woman trapped beneath the heavy debris.,1,woman,human,trap_05,harm
The mudslide left the child trapped beneath the heavy debris.,1,child,human,trap_05,harm
The mudslide left the boy trapped beneath the heavy debris.,1,boy,human,trap_05,harm
The mudslide left the girl trapped beneath the heavy debris.,1,girl,human,trap_05,harm
The mudslide left the farmer trapped beneath the heavy debris.,1,farmer,human,trap_05,harm
The mudslide left the nurse trapped beneath the heavy debris.,1,nurse,human,trap_05,harm
The mudslide left the teacher trapped beneath the heavy debris.,1,teacher,human,trap_05,harm
The mudslide left the doctor trapped beneath the heavy debris.,1,doctor,human,trap_05,harm
The mudslide left the student trapped beneath the heavy debris.,1,student,human,trap_05,harm
The mudslide left the soldier trapped beneath the heavy debris.,1,soldier,human,trap_05,harm
The mudslide left the hiker trapped beneath the heavy debris.,1,hiker,human,trap_05,harm
The mudslide left the shepherd trapped beneath the heavy debris.,1,shepherd,human,trap_05,harm
The mudslide left the villager trapped beneath the heavy debris.,1,villager,human,trap_05,harm
The mudslide left the fisherman trapped beneath the heavy debris.,1,fisherman,human,trap_05,harm
The mudslide left the carpenter trapped beneath the heavy debris.,1,carpenter,human,trap_05,harm
The mudslide left the toddler trapped beneath the heavy debris.,1,toddler,human,trap_05,harm
The mudslide left the grandmother trapped beneath the heavy debris.,1,grandmother,human,trap_05,harm
The mudslide left the grandfather trapped beneath the heavy debris.,1,grandfather,human,trap_05,harm
The mudslide left the worker trapped beneath the heavy debris.,1,worker,human,trap_05,harm
The mudslide left the baker trapped beneath the heavy debris.,1,baker,human,trap_05,harm
The mudslide left the tailor trapped beneath the heavy debris.,1,tailor,human,trap_05,harm
The mudslide left the plumber trapped beneath the heavy debris.,1,plumber,human,trap_05,harm
The mudslide left the sailor trapped beneath the heavy debris.,1,sailor,human,trap_05,harm
The mudslide left the painter trapped beneath the heavy debris.,1,painter,human,trap_05,harm
The mudslide left the banker trapped beneath the heavy debris.,1,banker,human,trap_05,harm
The mudslide left the lawyer trapped beneath the heavy debris.,1,lawyer,human,trap_05,harm
The mudslide left the priest trapped beneath the heavy debris.,1,priest,human,trap_05,harm
The mudslide left the mayor trapped beneath the heavy debris.,1,mayor,human,trap_05,harm
The mudslide left the clerk trapped beneath the heavy debris.,1,clerk,human,trap_05,harm
The mudslide left the chef trapped beneath the heavy debris.,1,chef,human,trap_05,harm
The mudslide left the pilot trapped beneath the heavy debris.,1,pilot,human,trap_05,harm
The mudslide left the miner trapped beneath the heavy debris.,1,miner,human,trap_05,harm
The mudslide left the mason trapped beneath the heavy debris.,1,mason,human,trap_05,harm
The mudslide left the traveler trapped beneath the heavy debris.,1,traveler,human,trap_05,harm
The mudslide left the stranger trapped beneath the heavy debris.,1,stranger,human,trap_05,harm
The mudslide left the infant trapped beneath the heavy debris.,1,infant,human,trap_05,harm
The mudslide left the widow trapped beneath the heavy debris.,1,widow,human,trap_05,harm
The mudslide left the uncle trapped beneath the heavy debris.,1,uncle,human,trap_05,harm
The mudslide left the aunt trapped beneath the heavy debris.,1,aunt,human,trap_05,harm
The mudslide left the pig trapped beneath the heavy debris.,0,pig,farmed,trap_05,harm
The mudslide left the cow trapped beneath the heavy debris.,0,cow,farmed,trap_05,harm
The mudslide left the chicken trapped beneath the heavy debris.,0,chicken,farmed,trap_05,harm
The mudslide left the goat trapped beneath the heavy debris.,0,goat,farmed,trap_05,harm
The mudslide left the sheep trapped beneath the heavy debris.,0,sheep,farmed,trap_05,harm
The mudslide left the duck trapped beneath the heavy debris.,0,duck,farmed,trap_05,harm
The mudslide left the turkey trapped beneath the heavy debris.,0,turkey,farmed,trap_05,harm
The mudslide left the hen trapped beneath the heavy debris.,0,hen,farmed,trap_05,harm
The mudslide left the rooster trapped beneath the heavy debris.,0,rooster,farmed,trap_05,harm
The mudslide left the calf trapped beneath the heavy debris.,0,calf,farmed,trap_05,harm
The mudslide left the lamb trapped beneath the heavy debris.,0,lamb,farmed,trap_05,harm
The mudslide left the piglet trapped beneath the heavy debris.,0,piglet,farmed,trap_05,harm
The mudslide left the ox trapped beneath the heavy debris.,0,ox,farmed,trap_05,harm
The mudslide left the donkey trapped beneath the heavy debris.,0,donkey,farmed,trap_05,harm
The mudslide left the mule trapped beneath the heavy debris.,0,mule,farmed,trap_05,harm
The mudslide left the goose trapped beneath the heavy debris.,0,goose,farmed,trap_05,harm
The mudslide left the sow trapped beneath the heavy debris.,0,sow,farmed,trap_05,harm
The mudslide left the heifer trapped beneath the heavy debris.,0,heifer,farmed,trap_05,harm
The mudslide left the foal trapped beneath the heavy debris.,0,foal,farmed,trap_05,harm
The mudslide left the ram trapped beneath the heavy debris.,0,ram,farmed,trap_05,harm
The mudslide left the capon trapped beneath the heavy debris.,0,capon,farmed,trap_05,harm
The mudslide left the steer trapped beneath the heavy debris.,0,steer,farmed,trap_05,harm
The mudslide left the bullock trapped beneath the heavy debris.,0,bullock,farmed,trap_05,harm
The mudslide left the ewe trapped beneath the heavy debris.,0,ewe,farmed,trap_05,harm
The mudslide left the wether trapped beneath the heavy debris.,0,wether,farmed,trap_05,harm
The mudslide left the gander trapped beneath the heavy debris.,0,gander,farmed,trap_05,harm
The mudslide left the drake trapped beneath the heavy debris.,0,drake,farmed,trap_05,harm
The mudslide left the gosling trapped beneath the heavy debris.,0,gosling,farmed,trap_05,harm
The mudslide left the duckling trapped beneath the heavy debris.,0,duckling,farmed,trap_05,harm
The mudslide left the chick trapped beneath the heavy debris.,0,chick,farmed,trap_05,harm
The mudslide left the cockerel trapped beneath the heavy debris.,0,cockerel,farmed,trap_05,harm
The mudslide left the pullet trapped beneath the heavy debris.,0,pullet,farmed,trap_05,harm
The mudslide left the yearling trapped beneath the heavy debris.,0,yearling,farmed,trap_05,harm
The mudslide left the shoat trapped beneath the heavy debris.,0,shoat,farmed,trap_05,harm
The mudslide left the gilt trapped beneath the heavy debris.,0,gilt,farmed,trap_05,harm
The mudslide left the pony trapped beneath the heavy debris.,0,pony,farmed,trap_05,harm
The mudslide left the mare trapped beneath the heavy debris.,0,mare,farmed,trap_05,harm
The mudslide left the colt trapped beneath the heavy debris.,0,colt,farmed,trap_05,harm
The mudslide left the alpaca trapped beneath the heavy debris.,0,alpaca,farmed,trap_05,harm
The mudslide left the stallion trapped beneath the heavy debris.,0,stallion,farmed,trap_05,harm
"Deep in the ravine, the man was wedged between the rocks, unable to move.",1,man,human,trap_06,harm
"Deep in the ravine, the woman was wedged between the rocks, unable to move.",1,woman,human,trap_06,harm
"Deep in the ravine, the child was wedged between the rocks, unable to move.",1,child,human,trap_06,harm
"Deep in the ravine, the boy was wedged between the rocks, unable to move.",1,boy,human,trap_06,harm
"Deep in the ravine, the girl was wedged between the rocks, unable to move.",1,girl,human,trap_06,harm
"Deep in the ravine, the farmer was wedged between the rocks, unable to move.",1,farmer,human,trap_06,harm
"Deep in the ravine, the nurse was wedged between the rocks, unable to move.",1,nurse,human,trap_06,harm
"Deep in the ravine, the teacher was wedged between the rocks, unable to move.",1,teacher,human,trap_06,harm
"Deep in the ravine, the doctor was wedged between the rocks, unable to move.",1,doctor,human,trap_06,harm
"Deep in the ravine, the student was wedged between the rocks, unable to move.",1,student,human,trap_06,harm
"Deep in the ravine, the soldier was wedged between the rocks, unable to move.",1,soldier,human,trap_06,harm
"Deep in the ravine, the hiker was wedged between the rocks, unable to move.",1,hiker,human,trap_06,harm
"Deep in the ravine, the shepherd was wedged between the rocks, unable to move.",1,shepherd,human,trap_06,harm
"Deep in the ravine, the villager was wedged between the rocks, unable to move.",1,villager,human,trap_06,harm
"Deep in the ravine, the fisherman was wedged between the rocks, unable to move.",1,fisherman,human,trap_06,harm
"Deep in the ravine, the carpenter was wedged between the rocks, unable to move.",1,carpenter,human,trap_06,harm
"Deep in the ravine, the toddler was wedged between the rocks, unable to move.",1,toddler,human,trap_06,harm
"Deep in the ravine, the grandmother was wedged between the rocks, unable to move.",1,grandmother,human,trap_06,harm
"Deep in the ravine, the grandfather was wedged between the rocks, unable to move.",1,grandfather,human,trap_06,harm
"Deep in the ravine, the worker was wedged between the rocks, unable to move.",1,worker,human,trap_06,harm
"Deep in the ravine, the baker was wedged between the rocks, unable to move.",1,baker,human,trap_06,harm
"Deep in the ravine, the tailor was wedged between the rocks, unable to move.",1,tailor,human,trap_06,harm
"Deep in the ravine, the plumber was wedged between the rocks, unable to move.",1,plumber,human,trap_06,harm
"Deep in the ravine, the sailor was wedged between the rocks, unable to move.",1,sailor,human,trap_06,harm
"Deep in the ravine, the painter was wedged between the rocks, unable to move.",1,painter,human,trap_06,harm
"Deep in the ravine, the banker was wedged between the rocks, unable to move.",1,banker,human,trap_06,harm
"Deep in the ravine, the lawyer was wedged between the rocks, unable to move.",1,lawyer,human,trap_06,harm
"Deep in the ravine, the priest was wedged between the rocks, unable to move.",1,priest,human,trap_06,harm
"Deep in the ravine, the mayor was wedged between the rocks, unable to move.",1,mayor,human,trap_06,harm
"Deep in the ravine, the clerk was wedged between the rocks, unable to move.",1,clerk,human,trap_06,harm
"Deep in the ravine, the chef was wedged between the rocks, unable to move.",1,chef,human,trap_06,harm
"Deep in the ravine, the pilot was wedged between the rocks, unable to move.",1,pilot,human,trap_06,harm
"Deep in the ravine, the miner was wedged between the rocks, unable to move.",1,miner,human,trap_06,harm
"Deep in the ravine, the mason was wedged between the rocks, unable to move.",1,mason,human,trap_06,harm
"Deep in the ravine, the traveler was wedged between the rocks, unable to move.",1,traveler,human,trap_06,harm
"Deep in the ravine, the stranger was wedged between the rocks, unable to move.",1,stranger,human,trap_06,harm
"Deep in the ravine, the infant was wedged between the rocks, unable to move.",1,infant,human,trap_06,harm
"Deep in the ravine, the widow was wedged between the rocks, unable to move.",1,widow,human,trap_06,harm
"Deep in the ravine, the uncle was wedged between the rocks, unable to move.",1,uncle,human,trap_06,harm
"Deep in the ravine, the aunt was wedged between the rocks, unable to move.",1,aunt,human,trap_06,harm
"Deep in the ravine, the pig was wedged between the rocks, unable to move.",0,pig,farmed,trap_06,harm
"Deep in the ravine, the cow was wedged between the rocks, unable to move.",0,cow,farmed,trap_06,harm
"Deep in the ravine, the chicken was wedged between the rocks, unable to move.",0,chicken,farmed,trap_06,harm
"Deep in the ravine, the goat was wedged between the rocks, unable to move.",0,goat,farmed,trap_06,harm
"Deep in the ravine, the sheep was wedged between the rocks, unable to move.",0,sheep,farmed,trap_06,harm
"Deep in the ravine, the duck was wedged between the rocks, unable to move.",0,duck,farmed,trap_06,harm
"Deep in the ravine, the turkey was wedged between the rocks, unable to move.",0,turkey,farmed,trap_06,harm
"Deep in the ravine, the hen was wedged between the rocks, unable to move.",0,hen,farmed,trap_06,harm
"Deep in the ravine, the rooster was wedged between the rocks, unable to move.",0,rooster,farmed,trap_06,harm
"Deep in the ravine, the calf was wedged between the rocks, unable to move.",0,calf,farmed,trap_06,harm
"Deep in the ravine, the lamb was wedged between the rocks, unable to move.",0,lamb,farmed,trap_06,harm
"Deep in the ravine, the piglet was wedged between the rocks, unable to move.",0,piglet,farmed,trap_06,harm
"Deep in the ravine, the ox was wedged between the rocks, unable to move.",0,ox,farmed,trap_06,harm
"Deep in the ravine, the donkey was wedged between the rocks, unable to move.",0,donkey,farmed,trap_06,harm
"Deep in the ravine, the mule was wedged between the rocks, unable to move.",0,mule,farmed,trap_06,harm
"Deep in the ravine, the goose was wedged between the rocks, unable to move.",0,goose,farmed,trap_06,harm
"Deep in the ravine, the sow was wedged between the rocks, unable to move.",0,sow,farmed,trap_06,harm
"Deep in the ravine, the heifer was wedged between the rocks, unable to move.",0,heifer,farmed,trap_06,harm
"Deep in the ravine, the foal was wedged between the rocks, unable to move.",0,foal,farmed,trap_06,harm
"Deep in the ravine, the ram was wedged between the rocks, unable to move.",0,ram,farmed,trap_06,harm
"Deep in the ravine, the capon was wedged between the rocks, unable to move.",0,capon,farmed,trap_06,harm
"Deep in the ravine, the steer was wedged between the rocks, unable to move.",0,steer,farmed,trap_06,harm
"Deep in the ravine, the bullock was wedged between the rocks, unable to move.",0,bullock,farmed,trap_06,harm
"Deep in the ravine, the ewe was wedged between the rocks, unable to move.",0,ewe,farmed,trap_06,harm
"Deep in the ravine, the wether was wedged between the rocks, unable to move.",0,wether,farmed,trap_06,harm
"Deep in the ravine, the gander was wedged between the rocks, unable to move.",0,gander,farmed,trap_06,harm
"Deep in the ravine, the drake was wedged between the rocks, unable to move.",0,drake,farmed,trap_06,harm
"Deep in the ravine, the gosling was wedged between the rocks, unable to move.",0,gosling,farmed,trap_06,harm
"Deep in the ravine, the duckling was wedged between the rocks, unable to move.",0,duckling,farmed,trap_06,harm
"Deep in the ravine, the chick was wedged between the rocks, unable to move.",0,chick,farmed,trap_06,harm
"Deep in the ravine, the cockerel was wedged between the rocks, unable to move.",0,cockerel,farmed,trap_06,harm
"Deep in the ravine, the pullet was wedged between the rocks, unable to move.",0,pullet,farmed,trap_06,harm
"Deep in the ravine, the yearling was wedged between the rocks, unable to move.",0,yearling,farmed,trap_06,harm
"Deep in the ravine, the shoat was wedged between the rocks, unable to move.",0,shoat,farmed,trap_06,harm
"Deep in the ravine, the gilt was wedged between the rocks, unable to move.",0,gilt,farmed,trap_06,harm
"Deep in the ravine, the pony was wedged between the rocks, unable to move.",0,pony,farmed,trap_06,harm
"Deep in the ravine, the mare was wedged between the rocks, unable to move.",0,mare,farmed,trap_06,harm
"Deep in the ravine, the colt was wedged between the rocks, unable to move.",0,colt,farmed,trap_06,harm
"Deep in the ravine, the alpaca was wedged between the rocks, unable to move.",0,alpaca,farmed,trap_06,harm
"Deep in the ravine, the stallion was wedged between the rocks, unable to move.",0,stallion,farmed,trap_06,harm
The fall from the ledge left the man badly hurt.,1,man,human,injury_01,harm
The fall from the ledge left the woman badly hurt.,1,woman,human,injury_01,harm
The fall from the ledge left the child badly hurt.,1,child,human,injury_01,harm
The fall from the ledge left the boy badly hurt.,1,boy,human,injury_01,harm
The fall from the ledge left the girl badly hurt.,1,girl,human,injury_01,harm
The fall from the ledge left the farmer badly hurt.,1,farmer,human,injury_01,harm
The fall from the ledge left the nurse badly hurt.,1,nurse,human,injury_01,harm
The fall from the ledge left the teacher badly hurt.,1,teacher,human,injury_01,harm
The fall from the ledge left the doctor badly hurt.,1,doctor,human,injury_01,harm
The fall from the ledge left the student badly hurt.,1,student,human,injury_01,harm
The fall from the ledge left the soldier badly hurt.,1,soldier,human,injury_01,harm
The fall from the ledge left the hiker badly hurt.,1,hiker,human,injury_01,harm
The fall from the ledge left the shepherd badly hurt.,1,shepherd,human,injury_01,harm
The fall from the ledge left the villager badly hurt.,1,villager,human,injury_01,harm
The fall from the ledge left the fisherman badly hurt.,1,fisherman,human,injury_01,harm
The fall from the ledge left the carpenter badly hurt.,1,carpenter,human,injury_01,harm
The fall from the ledge left the toddler badly hurt.,1,toddler,human,injury_01,harm
The fall from the ledge left the grandmother badly hurt.,1,grandmother,human,injury_01,harm
The fall from the ledge left the grandfather badly hurt.,1,grandfather,human,injury_01,harm
The fall from the ledge left the worker badly hurt.,1,worker,human,injury_01,harm
The fall from the ledge left the baker badly hurt.,1,baker,human,injury_01,harm
The fall from the ledge left the tailor badly hurt.,1,tailor,human,injury_01,harm
The fall from the ledge left the plumber badly hurt.,1,plumber,human,injury_01,harm
The fall from the ledge left the sailor badly hurt.,1,sailor,human,injury_01,harm
The fall from the ledge left the painter badly hurt.,1,painter,human,injury_01,harm
The fall from the ledge left the banker badly hurt.,1,banker,human,injury_01,harm
The fall from the ledge left the lawyer badly hurt.,1,lawyer,human,injury_01,harm
The fall from the ledge left the priest badly hurt.,1,priest,human,injury_01,harm
The fall from the ledge left the mayor badly hurt.,1,mayor,human,injury_01,harm
The fall from the ledge left the clerk badly hurt.,1,clerk,human,injury_01,harm
The fall from the ledge left the chef badly hurt.,1,chef,human,injury_01,harm
The fall from the ledge left the pilot badly hurt.,1,pilot,human,injury_01,harm
The fall from the ledge left the miner badly hurt.,1,miner,human,injury_01,harm
The fall from the ledge left the mason badly hurt.,1,mason,human,injury_01,harm
The fall from the ledge left the traveler badly hurt.,1,traveler,human,injury_01,harm
The fall from the ledge left the stranger badly hurt.,1,stranger,human,injury_01,harm
The fall from the ledge left the infant badly hurt.,1,infant,human,injury_01,harm
The fall from the ledge left the widow badly hurt.,1,widow,human,injury_01,harm
The fall from the ledge left the uncle badly hurt.,1,uncle,human,injury_01,harm
The fall from the ledge left the aunt badly hurt.,1,aunt,human,injury_01,harm
The fall from the ledge left the pig badly hurt.,0,pig,farmed,injury_01,harm
The fall from the ledge left the cow badly hurt.,0,cow,farmed,injury_01,harm
The fall from the ledge left the chicken badly hurt.,0,chicken,farmed,injury_01,harm
The fall from the ledge left the goat badly hurt.,0,goat,farmed,injury_01,harm
The fall from the ledge left the sheep badly hurt.,0,sheep,farmed,injury_01,harm
The fall from the ledge left the duck badly hurt.,0,duck,farmed,injury_01,harm
The fall from the ledge left the turkey badly hurt.,0,turkey,farmed,injury_01,harm
The fall from the ledge left the hen badly hurt.,0,hen,farmed,injury_01,harm
The fall from the ledge left the rooster badly hurt.,0,rooster,farmed,injury_01,harm
The fall from the ledge left the calf badly hurt.,0,calf,farmed,injury_01,harm
The fall from the ledge left the lamb badly hurt.,0,lamb,farmed,injury_01,harm
The fall from the ledge left the piglet badly hurt.,0,piglet,farmed,injury_01,harm
The fall from the ledge left the ox badly hurt.,0,ox,farmed,injury_01,harm
The fall from the ledge left the donkey badly hurt.,0,donkey,farmed,injury_01,harm
The fall from the ledge left the mule badly hurt.,0,mule,farmed,injury_01,harm
The fall from the ledge left the goose badly hurt.,0,goose,farmed,injury_01,harm
The fall from the ledge left the sow badly hurt.,0,sow,farmed,injury_01,harm
The fall from the ledge left the heifer badly hurt.,0,heifer,farmed,injury_01,harm
The fall from the ledge left the foal badly hurt.,0,foal,farmed,injury_01,harm
The fall from the ledge left the ram badly hurt.,0,ram,farmed,injury_01,harm
The fall from the ledge left the capon badly hurt.,0,capon,farmed,injury_01,harm
The fall from the ledge left the steer badly hurt.,0,steer,farmed,injury_01,harm
The fall from the ledge left the bullock badly hurt.,0,bullock,farmed,injury_01,harm
The fall from the ledge left the ewe badly hurt.,0,ewe,farmed,injury_01,harm
The fall from the ledge left the wether badly hurt.,0,wether,farmed,injury_01,harm
The fall from the ledge left the gander badly hurt.,0,gander,farmed,injury_01,harm
The fall from the ledge left the drake badly hurt.,0,drake,farmed,injury_01,harm
The fall from the ledge left the gosling badly hurt.,0,gosling,farmed,injury_01,harm
The fall from the ledge left the duckling badly hurt.,0,duckling,farmed,injury_01,harm
The fall from the ledge left the chick badly hurt.,0,chick,farmed,injury_01,harm
The fall from the ledge left the cockerel badly hurt.,0,cockerel,farmed,injury_01,harm
The fall from the ledge left the pullet badly hurt.,0,pullet,farmed,injury_01,harm
The fall from the ledge left the yearling badly hurt.,0,yearling,farmed,injury_01,harm
The fall from the ledge left the shoat badly hurt.,0,shoat,farmed,injury_01,harm
The fall from the ledge left the gilt badly hurt.,0,gilt,farmed,injury_01,harm
The fall from the ledge left the pony badly hurt.,0,pony,farmed,injury_01,harm
The fall from the ledge left the mare badly hurt.,0,mare,farmed,injury_01,harm
The fall from the ledge left the colt badly hurt.,0,colt,farmed,injury_01,harm
The fall from the ledge left the alpaca badly hurt.,0,alpaca,farmed,injury_01,harm
The fall from the ledge left the stallion badly hurt.,0,stallion,farmed,injury_01,harm
A deep gash left the man bleeding and unable to move.,1,man,human,injury_02,harm
A deep gash left the woman bleeding and unable to move.,1,woman,human,injury_02,harm
A deep gash left the child bleeding and unable to move.,1,child,human,injury_02,harm
A deep gash left the boy bleeding and unable to move.,1,boy,human,injury_02,harm
A deep gash left the girl bleeding and unable to move.,1,girl,human,injury_02,harm
A deep gash left the farmer bleeding and unable to move.,1,farmer,human,injury_02,harm
A deep gash left the nurse bleeding and unable to move.,1,nurse,human,injury_02,harm
A deep gash left the teacher bleeding and unable to move.,1,teacher,human,injury_02,harm
A deep gash left the doctor bleeding and unable to move.,1,doctor,human,injury_02,harm
A deep gash left the student bleeding and unable to move.,1,student,human,injury_02,harm
A deep gash left the soldier bleeding and unable to move.,1,soldier,human,injury_02,harm
A deep gash left the hiker bleeding and unable to move.,1,hiker,human,injury_02,harm
A deep gash left the shepherd bleeding and unable to move.,1,shepherd,human,injury_02,harm
A deep gash left the villager bleeding and unable to move.,1,villager,human,injury_02,harm
A deep gash left the fisherman bleeding and unable to move.,1,fisherman,human,injury_02,harm
A deep gash left the carpenter bleeding and unable to move.,1,carpenter,human,injury_02,harm
A deep gash left the toddler bleeding and unable to move.,1,toddler,human,injury_02,harm
A deep gash left the grandmother bleeding and unable to move.,1,grandmother,human,injury_02,harm
A deep gash left the grandfather bleeding and unable to move.,1,grandfather,human,injury_02,harm
A deep gash left the worker bleeding and unable to move.,1,worker,human,injury_02,harm
A deep gash left the baker bleeding and unable to move.,1,baker,human,injury_02,harm
A deep gash left the tailor bleeding and unable to move.,1,tailor,human,injury_02,harm
A deep gash left the plumber bleeding and unable to move.,1,plumber,human,injury_02,harm
A deep gash left the sailor bleeding and unable to move.,1,sailor,human,injury_02,harm
A deep gash left the painter bleeding and unable to move.,1,painter,human,injury_02,harm
A deep gash left the banker bleeding and unable to move.,1,banker,human,injury_02,harm
A deep gash left the lawyer bleeding and unable to move.,1,lawyer,human,injury_02,harm
A deep gash left the priest bleeding and unable to move.,1,priest,human,injury_02,harm
A deep gash left the mayor bleeding and unable to move.,1,mayor,human,injury_02,harm
A deep gash left the clerk bleeding and unable to move.,1,clerk,human,injury_02,harm
A deep gash left the chef bleeding and unable to move.,1,chef,human,injury_02,harm
A deep gash left the pilot bleeding and unable to move.,1,pilot,human,injury_02,harm
A deep gash left the miner bleeding and unable to move.,1,miner,human,injury_02,harm
A deep gash left the mason bleeding and unable to move.,1,mason,human,injury_02,harm
A deep gash left the traveler bleeding and unable to move.,1,traveler,human,injury_02,harm
A deep gash left the stranger bleeding and unable to move.,1,stranger,human,injury_02,harm
A deep gash left the infant bleeding and unable to move.,1,infant,human,injury_02,harm
A deep gash left the widow bleeding and unable to move.,1,widow,human,injury_02,harm
A deep gash left the uncle bleeding and unable to move.,1,uncle,human,injury_02,harm
A deep gash left the aunt bleeding and unable to move.,1,aunt,human,injury_02,harm
A deep gash left the pig bleeding and unable to move.,0,pig,farmed,injury_02,harm
A deep gash left the cow bleeding and unable to move.,0,cow,farmed,injury_02,harm
A deep gash left the chicken bleeding and unable to move.,0,chicken,farmed,injury_02,harm
A deep gash left the goat bleeding and unable to move.,0,goat,farmed,injury_02,harm
A deep gash left the sheep bleeding and unable to move.,0,sheep,farmed,injury_02,harm
A deep gash left the duck bleeding and unable to move.,0,duck,farmed,injury_02,harm
A deep gash left the turkey bleeding and unable to move.,0,turkey,farmed,injury_02,harm
A deep gash left the hen bleeding and unable to move.,0,hen,farmed,injury_02,harm
A deep gash left the rooster bleeding and unable to move.,0,rooster,farmed,injury_02,harm
A deep gash left the calf bleeding and unable to move.,0,calf,farmed,injury_02,harm
A deep gash left the lamb bleeding and unable to move.,0,lamb,farmed,injury_02,harm
A deep gash left the piglet bleeding and unable to move.,0,piglet,farmed,injury_02,harm
A deep gash left the ox bleeding and unable to move.,0,ox,farmed,injury_02,harm
A deep gash left the donkey bleeding and unable to move.,0,donkey,farmed,injury_02,harm
A deep gash left the mule bleeding and unable to move.,0,mule,farmed,injury_02,harm
A deep gash left the goose bleeding and unable to move.,0,goose,farmed,injury_02,harm
A deep gash left the sow bleeding and unable to move.,0,sow,farmed,injury_02,harm
A deep gash left the heifer bleeding and unable to move.,0,heifer,farmed,injury_02,harm
A deep gash left the foal bleeding and unable to move.,0,foal,farmed,injury_02,harm
A deep gash left the ram bleeding and unable to move.,0,ram,farmed,injury_02,harm
A deep gash left the capon bleeding and unable to move.,0,capon,farmed,injury_02,harm
A deep gash left the steer bleeding and unable to move.,0,steer,farmed,injury_02,harm
A deep gash left the bullock bleeding and unable to move.,0,bullock,farmed,injury_02,harm
A deep gash left the ewe bleeding and unable to move.,0,ewe,farmed,injury_02,harm
A deep gash left the wether bleeding and unable to move.,0,wether,farmed,injury_02,harm
A deep gash left the gander bleeding and unable to move.,0,gander,farmed,injury_02,harm
A deep gash left the drake bleeding and unable to move.,0,drake,farmed,injury_02,harm
A deep gash left the gosling bleeding and unable to move.,0,gosling,farmed,injury_02,harm
A deep gash left the duckling bleeding and unable to move.,0,duckling,farmed,injury_02,harm
A deep gash left the chick bleeding and unable to move.,0,chick,farmed,injury_02,harm
A deep gash left the cockerel bleeding and unable to move.,0,cockerel,farmed,injury_02,harm
A deep gash left the pullet bleeding and unable to move.,0,pullet,farmed,injury_02,harm
A deep gash left the yearling bleeding and unable to move.,0,yearling,farmed,injury_02,harm
A deep gash left the shoat bleeding and unable to move.,0,shoat,farmed,injury_02,harm
A deep gash left the gilt bleeding and unable to move.,0,gilt,farmed,injury_02,harm
A deep gash left the pony bleeding and unable to move.,0,pony,farmed,injury_02,harm
A deep gash left the mare bleeding and unable to move.,0,mare,farmed,injury_02,harm
A deep gash left the colt bleeding and unable to move.,0,colt,farmed,injury_02,harm
A deep gash left the alpaca bleeding and unable to move.,0,alpaca,farmed,injury_02,harm
A deep gash left the stallion bleeding and unable to move.,0,stallion,farmed,injury_02,harm
"After the accident with the broken glass, the man was left with a painful wound.",1,man,human,injury_03,harm
"After the accident with the broken glass, the woman was left with a painful wound.",1,woman,human,injury_03,harm
"After the accident with the broken glass, the child was left with a painful wound.",1,child,human,injury_03,harm
"After the accident with the broken glass, the boy was left with a painful wound.",1,boy,human,injury_03,harm
"After the accident with the broken glass, the girl was left with a painful wound.",1,girl,human,injury_03,harm
"After the accident with the broken glass, the farmer was left with a painful wound.",1,farmer,human,injury_03,harm
"After the accident with the broken glass, the nurse was left with a painful wound.",1,nurse,human,injury_03,harm
"After the accident with the broken glass, the teacher was left with a painful wound.",1,teacher,human,injury_03,harm
"After the accident with the broken glass, the doctor was left with a painful wound.",1,doctor,human,injury_03,harm
"After the accident with the broken glass, the student was left with a painful wound.",1,student,human,injury_03,harm
"After the accident with the broken glass, the soldier was left with a painful wound.",1,soldier,human,injury_03,harm
"After the accident with the broken glass, the hiker was left with a painful wound.",1,hiker,human,injury_03,harm
"After the accident with the broken glass, the shepherd was left with a painful wound.",1,shepherd,human,injury_03,harm
"After the accident with the broken glass, the villager was left with a painful wound.",1,villager,human,injury_03,harm
"After the accident with the broken glass, the fisherman was left with a painful wound.",1,fisherman,human,injury_03,harm
"After the accident with the broken glass, the carpenter was left with a painful wound.",1,carpenter,human,injury_03,harm
"After the accident with the broken glass, the toddler was left with a painful wound.",1,toddler,human,injury_03,harm
"After the accident with the broken glass, the grandmother was left with a painful wound.",1,grandmother,human,injury_03,harm
"After the accident with the broken glass, the grandfather was left with a painful wound.",1,grandfather,human,injury_03,harm
"After the accident with the broken glass, the worker was left with a painful wound.",1,worker,human,injury_03,harm
"After the accident with the broken glass, the baker was left with a painful wound.",1,baker,human,injury_03,harm
"After the accident with the broken glass, the tailor was left with a painful wound.",1,tailor,human,injury_03,harm
"After the accident with the broken glass, the plumber was left with a painful wound.",1,plumber,human,injury_03,harm
"After the accident with the broken glass, the sailor was left with a painful wound.",1,sailor,human,injury_03,harm
"After the accident with the broken glass, the painter was left with a painful wound.",1,painter,human,injury_03,harm
"After the accident with the broken glass, the banker was left with a painful wound.",1,banker,human,injury_03,harm
"After the accident with the broken glass, the lawyer was left with a painful wound.",1,lawyer,human,injury_03,harm
"After the accident with the broken glass, the priest was left with a painful wound.",1,priest,human,injury_03,harm
"After the accident with the broken glass, the mayor was left with a painful wound.",1,mayor,human,injury_03,harm
"After the accident with the broken glass, the clerk was left with a painful wound.",1,clerk,human,injury_03,harm
"After the accident with the broken glass, the chef was left with a painful wound.",1,chef,human,injury_03,harm
"After the accident with the broken glass, the pilot was left with a painful wound.",1,pilot,human,injury_03,harm
"After the accident with the broken glass, the miner was left with a painful wound.",1,miner,human,injury_03,harm
"After the accident with the broken glass, the mason was left with a painful wound.",1,mason,human,injury_03,harm
"After the accident with the broken glass, the traveler was left with a painful wound.",1,traveler,human,injury_03,harm
"After the accident with the broken glass, the stranger was left with a painful wound.",1,stranger,human,injury_03,harm
"After the accident with the broken glass, the infant was left with a painful wound.",1,infant,human,injury_03,harm
"After the accident with the broken glass, the widow was left with a painful wound.",1,widow,human,injury_03,harm
"After the accident with the broken glass, the uncle was left with a painful wound.",1,uncle,human,injury_03,harm
"After the accident with the broken glass, the aunt was left with a painful wound.",1,aunt,human,injury_03,harm
"After the accident with the broken glass, the pig was left with a painful wound.",0,pig,farmed,injury_03,harm
"After the accident with the broken glass, the cow was left with a painful wound.",0,cow,farmed,injury_03,harm
"After the accident with the broken glass, the chicken was left with a painful wound.",0,chicken,farmed,injury_03,harm
"After the accident with the broken glass, the goat was left with a painful wound.",0,goat,farmed,injury_03,harm
"After the accident with the broken glass, the sheep was left with a painful wound.",0,sheep,farmed,injury_03,harm
"After the accident with the broken glass, the duck was left with a painful wound.",0,duck,farmed,injury_03,harm
"After the accident with the broken glass, the turkey was left with a painful wound.",0,turkey,farmed,injury_03,harm
"After the accident with the broken glass, the hen was left with a painful wound.",0,hen,farmed,injury_03,harm
"After the accident with the broken glass, the rooster was left with a painful wound.",0,rooster,farmed,injury_03,harm
"After the accident with the broken glass, the calf was left with a painful wound.",0,calf,farmed,injury_03,harm
"After the accident with the broken glass, the lamb was left with a painful wound.",0,lamb,farmed,injury_03,harm
"After the accident with the broken glass, the piglet was left with a painful wound.",0,piglet,farmed,injury_03,harm
"After the accident with the broken glass, the ox was left with a painful wound.",0,ox,farmed,injury_03,harm
"After the accident with the broken glass, the donkey was left with a painful wound.",0,donkey,farmed,injury_03,harm
"After the accident with the broken glass, the mule was left with a painful wound.",0,mule,farmed,injury_03,harm
"After the accident with the broken glass, the goose was left with a painful wound.",0,goose,farmed,injury_03,harm
"After the accident with the broken glass, the sow was left with a painful wound.",0,sow,farmed,injury_03,harm
"After the accident with the broken glass, the heifer was left with a painful wound.",0,heifer,farmed,injury_03,harm
"After the accident with the broken glass, the foal was left with a painful wound.",0,foal,farmed,injury_03,harm
"After the accident with the broken glass, the ram was left with a painful wound.",0,ram,farmed,injury_03,harm
"After the accident with the broken glass, the capon was left with a painful wound.",0,capon,farmed,injury_03,harm
"After the accident with the broken glass, the steer was left with a painful wound.",0,steer,farmed,injury_03,harm
"After the accident with the broken glass, the bullock was left with a painful wound.",0,bullock,farmed,injury_03,harm
"After the accident with the broken glass, the ewe was left with a painful wound.",0,ewe,farmed,injury_03,harm
"After the accident with the broken glass, the wether was left with a painful wound.",0,wether,farmed,injury_03,harm
"After the accident with the broken glass, the gander was left with a painful wound.",0,gander,farmed,injury_03,harm
"After the accident with the broken glass, the drake was left with a painful wound.",0,drake,farmed,injury_03,harm
"After the accident with the broken glass, the gosling was left with a painful wound.",0,gosling,farmed,injury_03,harm
"After the accident with the broken glass, the duckling was left with a painful wound.",0,duckling,farmed,injury_03,harm
"After the accident with the broken glass, the chick was left with a painful wound.",0,chick,farmed,injury_03,harm
"After the accident with the broken glass, the cockerel was left with a painful wound.",0,cockerel,farmed,injury_03,harm
"After the accident with the broken glass, the pullet was left with a painful wound.",0,pullet,farmed,injury_03,harm
"After the accident with the broken glass, the yearling was left with a painful wound.",0,yearling,farmed,injury_03,harm
"After the accident with the broken glass, the shoat was left with a painful wound.",0,shoat,farmed,injury_03,harm
"After the accident with the broken glass, the gilt was left with a painful wound.",0,gilt,farmed,injury_03,harm
"After the accident with the broken glass, the pony was left with a painful wound.",0,pony,farmed,injury_03,harm
"After the accident with the broken glass, the mare was left with a painful wound.",0,mare,farmed,injury_03,harm
"After the accident with the broken glass, the colt was left with a painful wound.",0,colt,farmed,injury_03,harm
"After the accident with the broken glass, the alpaca was left with a painful wound.",0,alpaca,farmed,injury_03,harm
"After the accident with the broken glass, the stallion was left with a painful wound.",0,stallion,farmed,injury_03,harm
"The snapping trap closed on the man, causing a deep wound.",1,man,human,injury_04,harm
"The snapping trap closed on the woman, causing a deep wound.",1,woman,human,injury_04,harm
"The snapping trap closed on the child, causing a deep wound.",1,child,human,injury_04,harm
"The snapping trap closed on the boy, causing a deep wound.",1,boy,human,injury_04,harm
"The snapping trap closed on the girl, causing a deep wound.",1,girl,human,injury_04,harm
"The snapping trap closed on the farmer, causing a deep wound.",1,farmer,human,injury_04,harm
"The snapping trap closed on the nurse, causing a deep wound.",1,nurse,human,injury_04,harm
"The snapping trap closed on the teacher, causing a deep wound.",1,teacher,human,injury_04,harm
"The snapping trap closed on the doctor, causing a deep wound.",1,doctor,human,injury_04,harm
"The snapping trap closed on the student, causing a deep wound.",1,student,human,injury_04,harm
"The snapping trap closed on the soldier, causing a deep wound.",1,soldier,human,injury_04,harm
"The snapping trap closed on the hiker, causing a deep wound.",1,hiker,human,injury_04,harm
"The snapping trap closed on the shepherd, causing a deep wound.",1,shepherd,human,injury_04,harm
"The snapping trap closed on the villager, causing a deep wound.",1,villager,human,injury_04,harm
"The snapping trap closed on the fisherman, causing a deep wound.",1,fisherman,human,injury_04,harm
"The snapping trap closed on the carpenter, causing a deep wound.",1,carpenter,human,injury_04,harm
"The snapping trap closed on the toddler, causing a deep wound.",1,toddler,human,injury_04,harm
"The snapping trap closed on the grandmother, causing a deep wound.",1,grandmother,human,injury_04,harm
"The snapping trap closed on the grandfather, causing a deep wound.",1,grandfather,human,injury_04,harm
"The snapping trap closed on the worker, causing a deep wound.",1,worker,human,injury_04,harm
"The snapping trap closed on the baker, causing a deep wound.",1,baker,human,injury_04,harm
"The snapping trap closed on the tailor, causing a deep wound.",1,tailor,human,injury_04,harm
"The snapping trap closed on the plumber, causing a deep wound.",1,plumber,human,injury_04,harm
"The snapping trap closed on the sailor, causing a deep wound.",1,sailor,human,injury_04,harm
"The snapping trap closed on the painter, causing a deep wound.",1,painter,human,injury_04,harm
"The snapping trap closed on the banker, causing a deep wound.",1,banker,human,injury_04,harm
"The snapping trap closed on the lawyer, causing a deep wound.",1,lawyer,human,injury_04,harm
"The snapping trap closed on the priest, causing a deep wound.",1,priest,human,injury_04,harm
"The snapping trap closed on the mayor, causing a deep wound.",1,mayor,human,injury_04,harm
"The snapping trap closed on the clerk, causing a deep wound.",1,clerk,human,injury_04,harm
"The snapping trap closed on the chef, causing a deep wound.",1,chef,human,injury_04,harm
"The snapping trap closed on the pilot, causing a deep wound.",1,pilot,human,injury_04,harm
"The snapping trap closed on the miner, causing a deep wound.",1,miner,human,injury_04,harm
"The snapping trap closed on the mason, causing a deep wound.",1,mason,human,injury_04,harm
"The snapping trap closed on the traveler, causing a deep wound.",1,traveler,human,injury_04,harm
"The snapping trap closed on the stranger, causing a deep wound.",1,stranger,human,injury_04,harm
"The snapping trap closed on the infant, causing a deep wound.",1,infant,human,injury_04,harm
"The snapping trap closed on the widow, causing a deep wound.",1,widow,human,injury_04,harm
"The snapping trap closed on the uncle, causing a deep wound.",1,uncle,human,injury_04,harm
"The snapping trap closed on the aunt, causing a deep wound.",1,aunt,human,injury_04,harm
"The snapping trap closed on the pig, causing a deep wound.",0,pig,farmed,injury_04,harm
"The snapping trap closed on the cow, causing a deep wound.",0,cow,farmed,injury_04,harm
"The snapping trap closed on the chicken, causing a deep wound.",0,chicken,farmed,injury_04,harm
"The snapping trap closed on the goat, causing a deep wound.",0,goat,farmed,injury_04,harm
"The snapping trap closed on the sheep, causing a deep wound.",0,sheep,farmed,injury_04,harm
"The snapping trap closed on the duck, causing a deep wound.",0,duck,farmed,injury_04,harm
"The snapping trap closed on the turkey, causing a deep wound.",0,turkey,farmed,injury_04,harm
"The snapping trap closed on the hen, causing a deep wound.",0,hen,farmed,injury_04,harm
"The snapping trap closed on the rooster, causing a deep wound.",0,rooster,farmed,injury_04,harm
"The snapping trap closed on the calf, causing a deep wound.",0,calf,farmed,injury_04,harm
"The snapping trap closed on the lamb, causing a deep wound.",0,lamb,farmed,injury_04,harm
"The snapping trap closed on the piglet, causing a deep wound.",0,piglet,farmed,injury_04,harm
"The snapping trap closed on the ox, causing a deep wound.",0,ox,farmed,injury_04,harm
"The snapping trap closed on the donkey, causing a deep wound.",0,donkey,farmed,injury_04,harm
"The snapping trap closed on the mule, causing a deep wound.",0,mule,farmed,injury_04,harm
"The snapping trap closed on the goose, causing a deep wound.",0,goose,farmed,injury_04,harm
"The snapping trap closed on the sow, causing a deep wound.",0,sow,farmed,injury_04,harm
"The snapping trap closed on the heifer, causing a deep wound.",0,heifer,farmed,injury_04,harm
"The snapping trap closed on the foal, causing a deep wound.",0,foal,farmed,injury_04,harm
"The snapping trap closed on the ram, causing a deep wound.",0,ram,farmed,injury_04,harm
"The snapping trap closed on the capon, causing a deep wound.",0,capon,farmed,injury_04,harm
"The snapping trap closed on the steer, causing a deep wound.",0,steer,farmed,injury_04,harm
"The snapping trap closed on the bullock, causing a deep wound.",0,bullock,farmed,injury_04,harm
"The snapping trap closed on the ewe, causing a deep wound.",0,ewe,farmed,injury_04,harm
"The snapping trap closed on the wether, causing a deep wound.",0,wether,farmed,injury_04,harm
"The snapping trap closed on the gander, causing a deep wound.",0,gander,farmed,injury_04,harm
"The snapping trap closed on the drake, causing a deep wound.",0,drake,farmed,injury_04,harm
"The snapping trap closed on the gosling, causing a deep wound.",0,gosling,farmed,injury_04,harm
"The snapping trap closed on the duckling, causing a deep wound.",0,duckling,farmed,injury_04,harm
"The snapping trap closed on the chick, causing a deep wound.",0,chick,farmed,injury_04,harm
"The snapping trap closed on the cockerel, causing a deep wound.",0,cockerel,farmed,injury_04,harm
"The snapping trap closed on the pullet, causing a deep wound.",0,pullet,farmed,injury_04,harm
"The snapping trap closed on the yearling, causing a deep wound.",0,yearling,farmed,injury_04,harm
"The snapping trap closed on the shoat, causing a deep wound.",0,shoat,farmed,injury_04,harm
"The snapping trap closed on the gilt, causing a deep wound.",0,gilt,farmed,injury_04,harm
"The snapping trap closed on the pony, causing a deep wound.",0,pony,farmed,injury_04,harm
"The snapping trap closed on the mare, causing a deep wound.",0,mare,farmed,injury_04,harm
"The snapping trap closed on the colt, causing a deep wound.",0,colt,farmed,injury_04,harm
"The snapping trap closed on the alpaca, causing a deep wound.",0,alpaca,farmed,injury_04,harm
"The snapping trap closed on the stallion, causing a deep wound.",0,stallion,farmed,injury_04,harm
Sharp metal from the wreckage cut into the man during the escape.,1,man,human,injury_05,harm
Sharp metal from the wreckage cut into the woman during the escape.,1,woman,human,injury_05,harm
Sharp metal from the wreckage cut into the child during the escape.,1,child,human,injury_05,harm
Sharp metal from the wreckage cut into the boy during the escape.,1,boy,human,injury_05,harm
Sharp metal from the wreckage cut into the girl during the escape.,1,girl,human,injury_05,harm
Sharp metal from the wreckage cut into the farmer during the escape.,1,farmer,human,injury_05,harm
Sharp metal from the wreckage cut into the nurse during the escape.,1,nurse,human,injury_05,harm
Sharp metal from the wreckage cut into the teacher during the escape.,1,teacher,human,injury_05,harm
Sharp metal from the wreckage cut into the doctor during the escape.,1,doctor,human,injury_05,harm
Sharp metal from the wreckage cut into the student during the escape.,1,student,human,injury_05,harm
Sharp metal from the wreckage cut into the soldier during the escape.,1,soldier,human,injury_05,harm
Sharp metal from the wreckage cut into the hiker during the escape.,1,hiker,human,injury_05,harm
Sharp metal from the wreckage cut into the shepherd during the escape.,1,shepherd,human,injury_05,harm
Sharp metal from the wreckage cut into the villager during the escape.,1,villager,human,injury_05,harm
Sharp metal from the wreckage cut into the fisherman during the escape.,1,fisherman,human,injury_05,harm
Sharp metal from the wreckage cut into the carpenter during the escape.,1,carpenter,human,injury_05,harm
Sharp metal from the wreckage cut into the toddler during the escape.,1,toddler,human,injury_05,harm
Sharp metal from the wreckage cut into the grandmother during the escape.,1,grandmother,human,injury_05,harm
Sharp metal from the wreckage cut into the grandfather during the escape.,1,grandfather,human,injury_05,harm
Sharp metal from the wreckage cut into the worker during the escape.,1,worker,human,injury_05,harm
Sharp metal from the wreckage cut into the baker during the escape.,1,baker,human,injury_05,harm
Sharp metal from the wreckage cut into the tailor during the escape.,1,tailor,human,injury_05,harm
Sharp metal from the wreckage cut into the plumber during the escape.,1,plumber,human,injury_05,harm
Sharp metal from the wreckage cut into the sailor during the escape.,1,sailor,human,injury_05,harm
Sharp metal from the wreckage cut into the painter during the escape.,1,painter,human,injury_05,harm
Sharp metal from the wreckage cut into the banker during the escape.,1,banker,human,injury_05,harm
Sharp metal from the wreckage cut into the lawyer during the escape.,1,lawyer,human,injury_05,harm
Sharp metal from the wreckage cut into the priest during the escape.,1,priest,human,injury_05,harm
Sharp metal from the wreckage cut into the mayor during the escape.,1,mayor,human,injury_05,harm
Sharp metal from the wreckage cut into the clerk during the escape.,1,clerk,human,injury_05,harm
Sharp metal from the wreckage cut into the chef during the escape.,1,chef,human,injury_05,harm
Sharp metal from the wreckage cut into the pilot during the escape.,1,pilot,human,injury_05,harm
Sharp metal from the wreckage cut into the miner during the escape.,1,miner,human,injury_05,harm
Sharp metal from the wreckage cut into the mason during the escape.,1,mason,human,injury_05,harm
Sharp metal from the wreckage cut into the traveler during the escape.,1,traveler,human,injury_05,harm
Sharp metal from the wreckage cut into the stranger during the escape.,1,stranger,human,injury_05,harm
Sharp metal from the wreckage cut into the infant during the escape.,1,infant,human,injury_05,harm
Sharp metal from the wreckage cut into the widow during the escape.,1,widow,human,injury_05,harm
Sharp metal from the wreckage cut into the uncle during the escape.,1,uncle,human,injury_05,harm
Sharp metal from the wreckage cut into the aunt during the escape.,1,aunt,human,injury_05,harm
Sharp metal from the wreckage cut into the pig during the escape.,0,pig,farmed,injury_05,harm
Sharp metal from the wreckage cut into the cow during the escape.,0,cow,farmed,injury_05,harm
Sharp metal from the wreckage cut into the chicken during the escape.,0,chicken,farmed,injury_05,harm
Sharp metal from the wreckage cut into the goat during the escape.,0,goat,farmed,injury_05,harm
Sharp metal from the wreckage cut into the sheep during the escape.,0,sheep,farmed,injury_05,harm
Sharp metal from the wreckage cut into the duck during the escape.,0,duck,farmed,injury_05,harm
Sharp metal from the wreckage cut into the turkey during the escape.,0,turkey,farmed,injury_05,harm
Sharp metal from the wreckage cut into the hen during the escape.,0,hen,farmed,injury_05,harm
Sharp metal from the wreckage cut into the rooster during the escape.,0,rooster,farmed,injury_05,harm
Sharp metal from the wreckage cut into the calf during the escape.,0,calf,farmed,injury_05,harm
Sharp metal from the wreckage cut into the lamb during the escape.,0,lamb,farmed,injury_05,harm
Sharp metal from the wreckage cut into the piglet during the escape.,0,piglet,farmed,injury_05,harm
Sharp metal from the wreckage cut into the ox during the escape.,0,ox,farmed,injury_05,harm
Sharp metal from the wreckage cut into the donkey during the escape.,0,donkey,farmed,injury_05,harm
Sharp metal from the wreckage cut into the mule during the escape.,0,mule,farmed,injury_05,harm
Sharp metal from the wreckage cut into the goose during the escape.,0,goose,farmed,injury_05,harm
Sharp metal from the wreckage cut into the sow during the escape.,0,sow,farmed,injury_05,harm
Sharp metal from the wreckage cut into the heifer during the escape.,0,heifer,farmed,injury_05,harm
Sharp metal from the wreckage cut into the foal during the escape.,0,foal,farmed,injury_05,harm
Sharp metal from the wreckage cut into the ram during the escape.,0,ram,farmed,injury_05,harm
Sharp metal from the wreckage cut into the capon during the escape.,0,capon,farmed,injury_05,harm
Sharp metal from the wreckage cut into the steer during the escape.,0,steer,farmed,injury_05,harm
Sharp metal from the wreckage cut into the bullock during the escape.,0,bullock,farmed,injury_05,harm
Sharp metal from the wreckage cut into the ewe during the escape.,0,ewe,farmed,injury_05,harm
Sharp metal from the wreckage cut into the wether during the escape.,0,wether,farmed,injury_05,harm
Sharp metal from the wreckage cut into the gander during the escape.,0,gander,farmed,injury_05,harm
Sharp metal from the wreckage cut into the drake during the escape.,0,drake,farmed,injury_05,harm
Sharp metal from the wreckage cut into the gosling during the escape.,0,gosling,farmed,injury_05,harm
Sharp metal from the wreckage cut into the duckling during the escape.,0,duckling,farmed,injury_05,harm
Sharp metal from the wreckage cut into the chick during the escape.,0,chick,farmed,injury_05,harm
Sharp metal from the wreckage cut into the cockerel during the escape.,0,cockerel,farmed,injury_05,harm
Sharp metal from the wreckage cut into the pullet during the escape.,0,pullet,farmed,injury_05,harm
Sharp metal from the wreckage cut into the yearling during the escape.,0,yearling,farmed,injury_05,harm
Sharp metal from the wreckage cut into the shoat during the escape.,0,shoat,farmed,injury_05,harm
Sharp metal from the wreckage cut into the gilt during the escape.,0,gilt,farmed,injury_05,harm
Sharp metal from the wreckage cut into the pony during the escape.,0,pony,farmed,injury_05,harm
Sharp metal from the wreckage cut into the mare during the escape.,0,mare,farmed,injury_05,harm
Sharp metal from the wreckage cut into the colt during the escape.,0,colt,farmed,injury_05,harm
Sharp metal from the wreckage cut into the alpaca during the escape.,0,alpaca,farmed,injury_05,harm
Sharp metal from the wreckage cut into the stallion during the escape.,0,stallion,farmed,injury_05,harm
The tumble down the embankment left the man bruised and struggling to move.,1,man,human,injury_06,harm
The tumble down the embankment left the woman bruised and struggling to move.,1,woman,human,injury_06,harm
The tumble down the embankment left the child bruised and struggling to move.,1,child,human,injury_06,harm
The tumble down the embankment left the boy bruised and struggling to move.,1,boy,human,injury_06,harm
The tumble down the embankment left the girl bruised and struggling to move.,1,girl,human,injury_06,harm
The tumble down the embankment left the farmer bruised and struggling to move.,1,farmer,human,injury_06,harm
The tumble down the embankment left the nurse bruised and struggling to move.,1,nurse,human,injury_06,harm
The tumble down the embankment left the teacher bruised and struggling to move.,1,teacher,human,injury_06,harm
The tumble down the embankment left the doctor bruised and struggling to move.,1,doctor,human,injury_06,harm
The tumble down the embankment left the student bruised and struggling to move.,1,student,human,injury_06,harm
The tumble down the embankment left the soldier bruised and struggling to move.,1,soldier,human,injury_06,harm
The tumble down the embankment left the hiker bruised and struggling to move.,1,hiker,human,injury_06,harm
The tumble down the embankment left the shepherd bruised and struggling to move.,1,shepherd,human,injury_06,harm
The tumble down the embankment left the villager bruised and struggling to move.,1,villager,human,injury_06,harm
The tumble down the embankment left the fisherman bruised and struggling to move.,1,fisherman,human,injury_06,harm
The tumble down the embankment left the carpenter bruised and struggling to move.,1,carpenter,human,injury_06,harm
The tumble down the embankment left the toddler bruised and struggling to move.,1,toddler,human,injury_06,harm
The tumble down the embankment left the grandmother bruised and struggling to move.,1,grandmother,human,injury_06,harm
The tumble down the embankment left the grandfather bruised and struggling to move.,1,grandfather,human,injury_06,harm
The tumble down the embankment left the worker bruised and struggling to move.,1,worker,human,injury_06,harm
The tumble down the embankment left the baker bruised and struggling to move.,1,baker,human,injury_06,harm
The tumble down the embankment left the tailor bruised and struggling to move.,1,tailor,human,injury_06,harm
The tumble down the embankment left the plumber bruised and struggling to move.,1,plumber,human,injury_06,harm
The tumble down the embankment left the sailor bruised and struggling to move.,1,sailor,human,injury_06,harm
The tumble down the embankment left the painter bruised and struggling to move.,1,painter,human,injury_06,harm
The tumble down the embankment left the banker bruised and struggling to move.,1,banker,human,injury_06,harm
The tumble down the embankment left the lawyer bruised and struggling to move.,1,lawyer,human,injury_06,harm
The tumble down the embankment left the priest bruised and struggling to move.,1,priest,human,injury_06,harm
The tumble down the embankment left the mayor bruised and struggling to move.,1,mayor,human,injury_06,harm
The tumble down the embankment left the clerk bruised and struggling to move.,1,clerk,human,injury_06,harm
The tumble down the embankment left the chef bruised and struggling to move.,1,chef,human,injury_06,harm
The tumble down the embankment left the pilot bruised and struggling to move.,1,pilot,human,injury_06,harm
The tumble down the embankment left the miner bruised and struggling to move.,1,miner,human,injury_06,harm
The tumble down the embankment left the mason bruised and struggling to move.,1,mason,human,injury_06,harm
The tumble down the embankment left the traveler bruised and struggling to move.,1,traveler,human,injury_06,harm
The tumble down the embankment left the stranger bruised and struggling to move.,1,stranger,human,injury_06,harm
The tumble down the embankment left the infant bruised and struggling to move.,1,infant,human,injury_06,harm
The tumble down the embankment left the widow bruised and struggling to move.,1,widow,human,injury_06,harm
The tumble down the embankment left the uncle bruised and struggling to move.,1,uncle,human,injury_06,harm
The tumble down the embankment left the aunt bruised and struggling to move.,1,aunt,human,injury_06,harm
The tumble down the embankment left the pig bruised and struggling to move.,0,pig,farmed,injury_06,harm
The tumble down the embankment left the cow bruised and struggling to move.,0,cow,farmed,injury_06,harm
The tumble down the embankment left the chicken bruised and struggling to move.,0,chicken,farmed,injury_06,harm
The tumble down the embankment left the goat bruised and struggling to move.,0,goat,farmed,injury_06,harm
The tumble down the embankment left the sheep bruised and struggling to move.,0,sheep,farmed,injury_06,harm
The tumble down the embankment left the duck bruised and struggling to move.,0,duck,farmed,injury_06,harm
The tumble down the embankment left the turkey bruised and struggling to move.,0,turkey,farmed,injury_06,harm
The tumble down the embankment left the hen bruised and struggling to move.,0,hen,farmed,injury_06,harm
The tumble down the embankment left the rooster bruised and struggling to move.,0,rooster,farmed,injury_06,harm
The tumble down the embankment left the calf bruised and struggling to move.,0,calf,farmed,injury_06,harm
The tumble down the embankment left the lamb bruised and struggling to move.,0,lamb,farmed,injury_06,harm
The tumble down the embankment left the piglet bruised and struggling to move.,0,piglet,farmed,injury_06,harm
The tumble down the embankment left the ox bruised and struggling to move.,0,ox,farmed,injury_06,harm
The tumble down the embankment left the donkey bruised and struggling to move.,0,donkey,farmed,injury_06,harm
The tumble down the embankment left the mule bruised and struggling to move.,0,mule,farmed,injury_06,harm
The tumble down the embankment left the goose bruised and struggling to move.,0,goose,farmed,injury_06,harm
The tumble down the embankment left the sow bruised and struggling to move.,0,sow,farmed,injury_06,harm
The tumble down the embankment left the heifer bruised and struggling to move.,0,heifer,farmed,injury_06,harm
The tumble down the embankment left the foal bruised and struggling to move.,0,foal,farmed,injury_06,harm
The tumble down the embankment left the ram bruised and struggling to move.,0,ram,farmed,injury_06,harm
The tumble down the embankment left the capon bruised and struggling to move.,0,capon,farmed,injury_06,harm
The tumble down the embankment left the steer bruised and struggling to move.,0,steer,farmed,injury_06,harm
The tumble down the embankment left the bullock bruised and struggling to move.,0,bullock,farmed,injury_06,harm
The tumble down the embankment left the ewe bruised and struggling to move.,0,ewe,farmed,injury_06,harm
The tumble down the embankment left the wether bruised and struggling to move.,0,wether,farmed,injury_06,harm
The tumble down the embankment left the gander bruised and struggling to move.,0,gander,farmed,injury_06,harm
The tumble down the embankment left the drake bruised and struggling to move.,0,drake,farmed,injury_06,harm
The tumble down the embankment left the gosling bruised and struggling to move.,0,gosling,farmed,injury_06,harm
The tumble down the embankment left the duckling bruised and struggling to move.,0,duckling,farmed,injury_06,harm
The tumble down the embankment left the chick bruised and struggling to move.,0,chick,farmed,injury_06,harm
The tumble down the embankment left the cockerel bruised and struggling to move.,0,cockerel,farmed,injury_06,harm
The tumble down the embankment left the pullet bruised and struggling to move.,0,pullet,farmed,injury_06,harm
The tumble down the embankment left the yearling bruised and struggling to move.,0,yearling,farmed,injury_06,harm
The tumble down the embankment left the shoat bruised and struggling to move.,0,shoat,farmed,injury_06,harm
The tumble down the embankment left the gilt bruised and struggling to move.,0,gilt,farmed,injury_06,harm
The tumble down the embankment left the pony bruised and struggling to move.,0,pony,farmed,injury_06,harm
The tumble down the embankment left the mare bruised and struggling to move.,0,mare,farmed,injury_06,harm
The tumble down the embankment left the colt bruised and struggling to move.,0,colt,farmed,injury_06,harm
The tumble down the embankment left the alpaca bruised and struggling to move.,0,alpaca,farmed,injury_06,harm
The tumble down the embankment left the stallion bruised and struggling to move.,0,stallion,farmed,injury_06,harm
"When the river flooded, the man was swept away by the current.",1,man,human,flood_01,harm
"When the river flooded, the woman was swept away by the current.",1,woman,human,flood_01,harm
"When the river flooded, the child was swept away by the current.",1,child,human,flood_01,harm
"When the river flooded, the boy was swept away by the current.",1,boy,human,flood_01,harm
"When the river flooded, the girl was swept away by the current.",1,girl,human,flood_01,harm
"When the river flooded, the farmer was swept away by the current.",1,farmer,human,flood_01,harm
"When the river flooded, the nurse was swept away by the current.",1,nurse,human,flood_01,harm
"When the river flooded, the teacher was swept away by the current.",1,teacher,human,flood_01,harm
"When the river flooded, the doctor was swept away by the current.",1,doctor,human,flood_01,harm
"When the river flooded, the student was swept away by the current.",1,student,human,flood_01,harm
"When the river flooded, the soldier was swept away by the current.",1,soldier,human,flood_01,harm
"When the river flooded, the hiker was swept away by the current.",1,hiker,human,flood_01,harm
"When the river flooded, the shepherd was swept away by the current.",1,shepherd,human,flood_01,harm
"When the river flooded, the villager was swept away by the current.",1,villager,human,flood_01,harm
"When the river flooded, the fisherman was swept away by the current.",1,fisherman,human,flood_01,harm
"When the river flooded, the carpenter was swept away by the current.",1,carpenter,human,flood_01,harm
"When the river flooded, the toddler was swept away by the current.",1,toddler,human,flood_01,harm
"When the river flooded, the grandmother was swept away by the current.",1,grandmother,human,flood_01,harm
"When the river flooded, the grandfather was swept away by the current.",1,grandfather,human,flood_01,harm
"When the river flooded, the worker was swept away by the current.",1,worker,human,flood_01,harm
"When the river flooded, the baker was swept away by the current.",1,baker,human,flood_01,harm
"When the river flooded, the tailor was swept away by the current.",1,tailor,human,flood_01,harm
"When the river flooded, the plumber was swept away by the current.",1,plumber,human,flood_01,harm
"When the river flooded, the sailor was swept away by the current.",1,sailor,human,flood_01,harm
"When the river flooded, the painter was swept away by the current.",1,painter,human,flood_01,harm
"When the river flooded, the banker was swept away by the current.",1,banker,human,flood_01,harm
"When the river flooded, the lawyer was swept away by the current.",1,lawyer,human,flood_01,harm
"When the river flooded, the priest was swept away by the current.",1,priest,human,flood_01,harm
"When the river flooded, the mayor was swept away by the current.",1,mayor,human,flood_01,harm
"When the river flooded, the clerk was swept away by the current.",1,clerk,human,flood_01,harm
"When the river flooded, the chef was swept away by the current.",1,chef,human,flood_01,harm
"When the river flooded, the pilot was swept away by the current.",1,pilot,human,flood_01,harm
"When the river flooded, the miner was swept away by the current.",1,miner,human,flood_01,harm
"When the river flooded, the mason was swept away by the current.",1,mason,human,flood_01,harm
"When the river flooded, the traveler was swept away by the current.",1,traveler,human,flood_01,harm
"When the river flooded, the stranger was swept away by the current.",1,stranger,human,flood_01,harm
"When the river flooded, the infant was swept away by the current.",1,infant,human,flood_01,harm
"When the river flooded, the widow was swept away by the current.",1,widow,human,flood_01,harm
"When the river flooded, the uncle was swept away by the current.",1,uncle,human,flood_01,harm
"When the river flooded, the aunt was swept away by the current.",1,aunt,human,flood_01,harm
"When the river flooded, the pig was swept away by the current.",0,pig,farmed,flood_01,harm
"When the river flooded, the cow was swept away by the current.",0,cow,farmed,flood_01,harm
"When the river flooded, the chicken was swept away by the current.",0,chicken,farmed,flood_01,harm
"When the river flooded, the goat was swept away by the current.",0,goat,farmed,flood_01,harm
"When the river flooded, the sheep was swept away by the current.",0,sheep,farmed,flood_01,harm
"When the river flooded, the duck was swept away by the current.",0,duck,farmed,flood_01,harm
"When the river flooded, the turkey was swept away by the current.",0,turkey,farmed,flood_01,harm
"When the river flooded, the hen was swept away by the current.",0,hen,farmed,flood_01,harm
"When the river flooded, the rooster was swept away by the current.",0,rooster,farmed,flood_01,harm
"When the river flooded, the calf was swept away by the current.",0,calf,farmed,flood_01,harm
"When the river flooded, the lamb was swept away by the current.",0,lamb,farmed,flood_01,harm
"When the river flooded, the piglet was swept away by the current.",0,piglet,farmed,flood_01,harm
"When the river flooded, the ox was swept away by the current.",0,ox,farmed,flood_01,harm
"When the river flooded, the donkey was swept away by the current.",0,donkey,farmed,flood_01,harm
"When the river flooded, the mule was swept away by the current.",0,mule,farmed,flood_01,harm
"When the river flooded, the goose was swept away by the current.",0,goose,farmed,flood_01,harm
"When the river flooded, the sow was swept away by the current.",0,sow,farmed,flood_01,harm
"When the river flooded, the heifer was swept away by the current.",0,heifer,farmed,flood_01,harm
"When the river flooded, the foal was swept away by the current.",0,foal,farmed,flood_01,harm
"When the river flooded, the ram was swept away by the current.",0,ram,farmed,flood_01,harm
"When the river flooded, the capon was swept away by the current.",0,capon,farmed,flood_01,harm
"When the river flooded, the steer was swept away by the current.",0,steer,farmed,flood_01,harm
"When the river flooded, the bullock was swept away by the current.",0,bullock,farmed,flood_01,harm
"When the river flooded, the ewe was swept away by the current.",0,ewe,farmed,flood_01,harm
"When the river flooded, the wether was swept away by the current.",0,wether,farmed,flood_01,harm
"When the river flooded, the gander was swept away by the current.",0,gander,farmed,flood_01,harm
"When the river flooded, the drake was swept away by the current.",0,drake,farmed,flood_01,harm
"When the river flooded, the gosling was swept away by the current.",0,gosling,farmed,flood_01,harm
"When the river flooded, the duckling was swept away by the current.",0,duckling,farmed,flood_01,harm
"When the river flooded, the chick was swept away by the current.",0,chick,farmed,flood_01,harm
"When the river flooded, the cockerel was swept away by the current.",0,cockerel,farmed,flood_01,harm
"When the river flooded, the pullet was swept away by the current.",0,pullet,farmed,flood_01,harm
"When the river flooded, the yearling was swept away by the current.",0,yearling,farmed,flood_01,harm
"When the river flooded, the shoat was swept away by the current.",0,shoat,farmed,flood_01,harm
"When the river flooded, the gilt was swept away by the current.",0,gilt,farmed,flood_01,harm
"When the river flooded, the pony was swept away by the current.",0,pony,farmed,flood_01,harm
"When the river flooded, the mare was swept away by the current.",0,mare,farmed,flood_01,harm
"When the river flooded, the colt was swept away by the current.",0,colt,farmed,flood_01,harm
"When the river flooded, the alpaca was swept away by the current.",0,alpaca,farmed,flood_01,harm
"When the river flooded, the stallion was swept away by the current.",0,stallion,farmed,flood_01,harm
"Caught in the torrent, the man was carried helplessly toward the rapids.",1,man,human,flood_02,harm
"Caught in the torrent, the woman was carried helplessly toward the rapids.",1,woman,human,flood_02,harm
"Caught in the torrent, the child was carried helplessly toward the rapids.",1,child,human,flood_02,harm
"Caught in the torrent, the boy was carried helplessly toward the rapids.",1,boy,human,flood_02,harm
"Caught in the torrent, the girl was carried helplessly toward the rapids.",1,girl,human,flood_02,harm
"Caught in the torrent, the farmer was carried helplessly toward the rapids.",1,farmer,human,flood_02,harm
"Caught in the torrent, the nurse was carried helplessly toward the rapids.",1,nurse,human,flood_02,harm
"Caught in the torrent, the teacher was carried helplessly toward the rapids.",1,teacher,human,flood_02,harm
"Caught in the torrent, the doctor was carried helplessly toward the rapids.",1,doctor,human,flood_02,harm
"Caught in the torrent, the student was carried helplessly toward the rapids.",1,student,human,flood_02,harm
"Caught in the torrent, the soldier was carried helplessly toward the rapids.",1,soldier,human,flood_02,harm
"Caught in the torrent, the hiker was carried helplessly toward the rapids.",1,hiker,human,flood_02,harm
"Caught in the torrent, the shepherd was carried helplessly toward the rapids.",1,shepherd,human,flood_02,harm
"Caught in the torrent, the villager was carried helplessly toward the rapids.",1,villager,human,flood_02,harm
"Caught in the torrent, the fisherman was carried helplessly toward the rapids.",1,fisherman,human,flood_02,harm
"Caught in the torrent, the carpenter was carried helplessly toward the rapids.",1,carpenter,human,flood_02,harm
"Caught in the torrent, the toddler was carried helplessly toward the rapids.",1,toddler,human,flood_02,harm
"Caught in the torrent, the grandmother was carried helplessly toward the rapids.",1,grandmother,human,flood_02,harm
"Caught in the torrent, the grandfather was carried helplessly toward the rapids.",1,grandfather,human,flood_02,harm
"Caught in the torrent, the worker was carried helplessly toward the rapids.",1,worker,human,flood_02,harm
"Caught in the torrent, the baker was carried helplessly toward the rapids.",1,baker,human,flood_02,harm
"Caught in the torrent, the tailor was carried helplessly toward the rapids.",1,tailor,human,flood_02,harm
"Caught in the torrent, the plumber was carried helplessly toward the rapids.",1,plumber,human,flood_02,harm
"Caught in the torrent, the sailor was carried helplessly toward the rapids.",1,sailor,human,flood_02,harm
"Caught in the torrent, the painter was carried helplessly toward the rapids.",1,painter,human,flood_02,harm
"Caught in the torrent, the banker was carried helplessly toward the rapids.",1,banker,human,flood_02,harm
"Caught in the torrent, the lawyer was carried helplessly toward the rapids.",1,lawyer,human,flood_02,harm
"Caught in the torrent, the priest was carried helplessly toward the rapids.",1,priest,human,flood_02,harm
"Caught in the torrent, the mayor was carried helplessly toward the rapids.",1,mayor,human,flood_02,harm
"Caught in the torrent, the clerk was carried helplessly toward the rapids.",1,clerk,human,flood_02,harm
"Caught in the torrent, the chef was carried helplessly toward the rapids.",1,chef,human,flood_02,harm
"Caught in the torrent, the pilot was carried helplessly toward the rapids.",1,pilot,human,flood_02,harm
"Caught in the torrent, the miner was carried helplessly toward the rapids.",1,miner,human,flood_02,harm
"Caught in the torrent, the mason was carried helplessly toward the rapids.",1,mason,human,flood_02,harm
"Caught in the torrent, the traveler was carried helplessly toward the rapids.",1,traveler,human,flood_02,harm
"Caught in the torrent, the stranger was carried helplessly toward the rapids.",1,stranger,human,flood_02,harm
"Caught in the torrent, the infant was carried helplessly toward the rapids.",1,infant,human,flood_02,harm
"Caught in the torrent, the widow was carried helplessly toward the rapids.",1,widow,human,flood_02,harm
"Caught in the torrent, the uncle was carried helplessly toward the rapids.",1,uncle,human,flood_02,harm
"Caught in the torrent, the aunt was carried helplessly toward the rapids.",1,aunt,human,flood_02,harm
"Caught in the torrent, the pig was carried helplessly toward the rapids.",0,pig,farmed,flood_02,harm
"Caught in the torrent, the cow was carried helplessly toward the rapids.",0,cow,farmed,flood_02,harm
"Caught in the torrent, the chicken was carried helplessly toward the rapids.",0,chicken,farmed,flood_02,harm
"Caught in the torrent, the goat was carried helplessly toward the rapids.",0,goat,farmed,flood_02,harm
"Caught in the torrent, the sheep was carried helplessly toward the rapids.",0,sheep,farmed,flood_02,harm
"Caught in the torrent, the duck was carried helplessly toward the rapids.",0,duck,farmed,flood_02,harm
"Caught in the torrent, the turkey was carried helplessly toward the rapids.",0,turkey,farmed,flood_02,harm
"Caught in the torrent, the hen was carried helplessly toward the rapids.",0,hen,farmed,flood_02,harm
"Caught in the torrent, the rooster was carried helplessly toward the rapids.",0,rooster,farmed,flood_02,harm
"Caught in the torrent, the calf was carried helplessly toward the rapids.",0,calf,farmed,flood_02,harm
"Caught in the torrent, the lamb was carried helplessly toward the rapids.",0,lamb,farmed,flood_02,harm
"Caught in the torrent, the piglet was carried helplessly toward the rapids.",0,piglet,farmed,flood_02,harm
"Caught in the torrent, the ox was carried helplessly toward the rapids.",0,ox,farmed,flood_02,harm
"Caught in the torrent, the donkey was carried helplessly toward the rapids.",0,donkey,farmed,flood_02,harm
"Caught in the torrent, the mule was carried helplessly toward the rapids.",0,mule,farmed,flood_02,harm
"Caught in the torrent, the goose was carried helplessly toward the rapids.",0,goose,farmed,flood_02,harm
"Caught in the torrent, the sow was carried helplessly toward the rapids.",0,sow,farmed,flood_02,harm
"Caught in the torrent, the heifer was carried helplessly toward the rapids.",0,heifer,farmed,flood_02,harm
"Caught in the torrent, the foal was carried helplessly toward the rapids.",0,foal,farmed,flood_02,harm
"Caught in the torrent, the ram was carried helplessly toward the rapids.",0,ram,farmed,flood_02,harm
"Caught in the torrent, the capon was carried helplessly toward the rapids.",0,capon,farmed,flood_02,harm
"Caught in the torrent, the steer was carried helplessly toward the rapids.",0,steer,farmed,flood_02,harm
"Caught in the torrent, the bullock was carried helplessly toward the rapids.",0,bullock,farmed,flood_02,harm
"Caught in the torrent, the ewe was carried helplessly toward the rapids.",0,ewe,farmed,flood_02,harm
"Caught in the torrent, the wether was carried helplessly toward the rapids.",0,wether,farmed,flood_02,harm
"Caught in the torrent, the gander was carried helplessly toward the rapids.",0,gander,farmed,flood_02,harm
"Caught in the torrent, the drake was carried helplessly toward the rapids.",0,drake,farmed,flood_02,harm
"Caught in the torrent, the gosling was carried helplessly toward the rapids.",0,gosling,farmed,flood_02,harm
"Caught in the torrent, the duckling was carried helplessly toward the rapids.",0,duckling,farmed,flood_02,harm
"Caught in the torrent, the chick was carried helplessly toward the rapids.",0,chick,farmed,flood_02,harm
"Caught in the torrent, the cockerel was carried helplessly toward the rapids.",0,cockerel,farmed,flood_02,harm
"Caught in the torrent, the pullet was carried helplessly toward the rapids.",0,pullet,farmed,flood_02,harm
"Caught in the torrent, the yearling was carried helplessly toward the rapids.",0,yearling,farmed,flood_02,harm
"Caught in the torrent, the shoat was carried helplessly toward the rapids.",0,shoat,farmed,flood_02,harm
"Caught in the torrent, the gilt was carried helplessly toward the rapids.",0,gilt,farmed,flood_02,harm
"Caught in the torrent, the pony was carried helplessly toward the rapids.",0,pony,farmed,flood_02,harm
"Caught in the torrent, the mare was carried helplessly toward the rapids.",0,mare,farmed,flood_02,harm
"Caught in the torrent, the colt was carried helplessly toward the rapids.",0,colt,farmed,flood_02,harm
"Caught in the torrent, the alpaca was carried helplessly toward the rapids.",0,alpaca,farmed,flood_02,harm
"Caught in the torrent, the stallion was carried helplessly toward the rapids.",0,stallion,farmed,flood_02,harm
The rising water trapped the man in a shrinking corner of the flooded barn.,1,man,human,flood_03,harm
The rising water trapped the woman in a shrinking corner of the flooded barn.,1,woman,human,flood_03,harm
The rising water trapped the child in a shrinking corner of the flooded barn.,1,child,human,flood_03,harm
The rising water trapped the boy in a shrinking corner of the flooded barn.,1,boy,human,flood_03,harm
The rising water trapped the girl in a shrinking corner of the flooded barn.,1,girl,human,flood_03,harm
The rising water trapped the farmer in a shrinking corner of the flooded barn.,1,farmer,human,flood_03,harm
The rising water trapped the nurse in a shrinking corner of the flooded barn.,1,nurse,human,flood_03,harm
The rising water trapped the teacher in a shrinking corner of the flooded barn.,1,teacher,human,flood_03,harm
The rising water trapped the doctor in a shrinking corner of the flooded barn.,1,doctor,human,flood_03,harm
The rising water trapped the student in a shrinking corner of the flooded barn.,1,student,human,flood_03,harm
The rising water trapped the soldier in a shrinking corner of the flooded barn.,1,soldier,human,flood_03,harm
The rising water trapped the hiker in a shrinking corner of the flooded barn.,1,hiker,human,flood_03,harm
The rising water trapped the shepherd in a shrinking corner of the flooded barn.,1,shepherd,human,flood_03,harm
The rising water trapped the villager in a shrinking corner of the flooded barn.,1,villager,human,flood_03,harm
The rising water trapped the fisherman in a shrinking corner of the flooded barn.,1,fisherman,human,flood_03,harm
The rising water trapped the carpenter in a shrinking corner of the flooded barn.,1,carpenter,human,flood_03,harm
The rising water trapped the toddler in a shrinking corner of the flooded barn.,1,toddler,human,flood_03,harm
The rising water trapped the grandmother in a shrinking corner of the flooded barn.,1,grandmother,human,flood_03,harm
The rising water trapped the grandfather in a shrinking corner of the flooded barn.,1,grandfather,human,flood_03,harm
The rising water trapped the worker in a shrinking corner of the flooded barn.,1,worker,human,flood_03,harm
The rising water trapped the baker in a shrinking corner of the flooded barn.,1,baker,human,flood_03,harm
The rising water trapped the tailor in a shrinking corner of the flooded barn.,1,tailor,human,flood_03,harm
The rising water trapped the plumber in a shrinking corner of the flooded barn.,1,plumber,human,flood_03,harm
The rising water trapped the sailor in a shrinking corner of the flooded barn.,1,sailor,human,flood_03,harm
The rising water trapped the painter in a shrinking corner of the flooded barn.,1,painter,human,flood_03,harm
The rising water trapped the banker in a shrinking corner of the flooded barn.,1,banker,human,flood_03,harm
The rising water trapped the lawyer in a shrinking corner of the flooded barn.,1,lawyer,human,flood_03,harm
The rising water trapped the priest in a shrinking corner of the flooded barn.,1,priest,human,flood_03,harm
The rising water trapped the mayor in a shrinking corner of the flooded barn.,1,mayor,human,flood_03,harm
The rising water trapped the clerk in a shrinking corner of the flooded barn.,1,clerk,human,flood_03,harm
The rising water trapped the chef in a shrinking corner of the flooded barn.,1,chef,human,flood_03,harm
The rising water trapped the pilot in a shrinking corner of the flooded barn.,1,pilot,human,flood_03,harm
The rising water trapped the miner in a shrinking corner of the flooded barn.,1,miner,human,flood_03,harm
The rising water trapped the mason in a shrinking corner of the flooded barn.,1,mason,human,flood_03,harm
The rising water trapped the traveler in a shrinking corner of the flooded barn.,1,traveler,human,flood_03,harm
The rising water trapped the stranger in a shrinking corner of the flooded barn.,1,stranger,human,flood_03,harm
The rising water trapped the infant in a shrinking corner of the flooded barn.,1,infant,human,flood_03,harm
The rising water trapped the widow in a shrinking corner of the flooded barn.,1,widow,human,flood_03,harm
The rising water trapped the uncle in a shrinking corner of the flooded barn.,1,uncle,human,flood_03,harm
The rising water trapped the aunt in a shrinking corner of the flooded barn.,1,aunt,human,flood_03,harm
The rising water trapped the pig in a shrinking corner of the flooded barn.,0,pig,farmed,flood_03,harm
The rising water trapped the cow in a shrinking corner of the flooded barn.,0,cow,farmed,flood_03,harm
The rising water trapped the chicken in a shrinking corner of the flooded barn.,0,chicken,farmed,flood_03,harm
The rising water trapped the goat in a shrinking corner of the flooded barn.,0,goat,farmed,flood_03,harm
The rising water trapped the sheep in a shrinking corner of the flooded barn.,0,sheep,farmed,flood_03,harm
The rising water trapped the duck in a shrinking corner of the flooded barn.,0,duck,farmed,flood_03,harm
The rising water trapped the turkey in a shrinking corner of the flooded barn.,0,turkey,farmed,flood_03,harm
The rising water trapped the hen in a shrinking corner of the flooded barn.,0,hen,farmed,flood_03,harm
The rising water trapped the rooster in a shrinking corner of the flooded barn.,0,rooster,farmed,flood_03,harm
The rising water trapped the calf in a shrinking corner of the flooded barn.,0,calf,farmed,flood_03,harm
The rising water trapped the lamb in a shrinking corner of the flooded barn.,0,lamb,farmed,flood_03,harm
The rising water trapped the piglet in a shrinking corner of the flooded barn.,0,piglet,farmed,flood_03,harm
The rising water trapped the ox in a shrinking corner of the flooded barn.,0,ox,farmed,flood_03,harm
The rising water trapped the donkey in a shrinking corner of the flooded barn.,0,donkey,farmed,flood_03,harm
The rising water trapped the mule in a shrinking corner of the flooded barn.,0,mule,farmed,flood_03,harm
The rising water trapped the goose in a shrinking corner of the flooded barn.,0,goose,farmed,flood_03,harm
The rising water trapped the sow in a shrinking corner of the flooded barn.,0,sow,farmed,flood_03,harm
The rising water trapped the heifer in a shrinking corner of the flooded barn.,0,heifer,farmed,flood_03,harm
The rising water trapped the foal in a shrinking corner of the flooded barn.,0,foal,farmed,flood_03,harm
The rising water trapped the ram in a shrinking corner of the flooded barn.,0,ram,farmed,flood_03,harm
The rising water trapped the capon in a shrinking corner of the flooded barn.,0,capon,farmed,flood_03,harm
The rising water trapped the steer in a shrinking corner of the flooded barn.,0,steer,farmed,flood_03,harm
The rising water trapped the bullock in a shrinking corner of the flooded barn.,0,bullock,farmed,flood_03,harm
The rising water trapped the ewe in a shrinking corner of the flooded barn.,0,ewe,farmed,flood_03,harm
The rising water trapped the wether in a shrinking corner of the flooded barn.,0,wether,farmed,flood_03,harm
The rising water trapped the gander in a shrinking corner of the flooded barn.,0,gander,farmed,flood_03,harm
The rising water trapped the drake in a shrinking corner of the flooded barn.,0,drake,farmed,flood_03,harm
The rising water trapped the gosling in a shrinking corner of the flooded barn.,0,gosling,farmed,flood_03,harm
The rising water trapped the duckling in a shrinking corner of the flooded barn.,0,duckling,farmed,flood_03,harm
The rising water trapped the chick in a shrinking corner of the flooded barn.,0,chick,farmed,flood_03,harm
The rising water trapped the cockerel in a shrinking corner of the flooded barn.,0,cockerel,farmed,flood_03,harm
The rising water trapped the pullet in a shrinking corner of the flooded barn.,0,pullet,farmed,flood_03,harm
The rising water trapped the yearling in a shrinking corner of the flooded barn.,0,yearling,farmed,flood_03,harm
The rising water trapped the shoat in a shrinking corner of the flooded barn.,0,shoat,farmed,flood_03,harm
The rising water trapped the gilt in a shrinking corner of the flooded barn.,0,gilt,farmed,flood_03,harm
The rising water trapped the pony in a shrinking corner of the flooded barn.,0,pony,farmed,flood_03,harm
The rising water trapped the mare in a shrinking corner of the flooded barn.,0,mare,farmed,flood_03,harm
The rising water trapped the colt in a shrinking corner of the flooded barn.,0,colt,farmed,flood_03,harm
The rising water trapped the alpaca in a shrinking corner of the flooded barn.,0,alpaca,farmed,flood_03,harm
The rising water trapped the stallion in a shrinking corner of the flooded barn.,0,stallion,farmed,flood_03,harm
Onlookers watched as the man disappeared beneath the churning floodwater.,1,man,human,flood_04,harm
Onlookers watched as the woman disappeared beneath the churning floodwater.,1,woman,human,flood_04,harm
Onlookers watched as the child disappeared beneath the churning floodwater.,1,child,human,flood_04,harm
Onlookers watched as the boy disappeared beneath the churning floodwater.,1,boy,human,flood_04,harm
Onlookers watched as the girl disappeared beneath the churning floodwater.,1,girl,human,flood_04,harm
Onlookers watched as the farmer disappeared beneath the churning floodwater.,1,farmer,human,flood_04,harm
Onlookers watched as the nurse disappeared beneath the churning floodwater.,1,nurse,human,flood_04,harm
Onlookers watched as the teacher disappeared beneath the churning floodwater.,1,teacher,human,flood_04,harm
Onlookers watched as the doctor disappeared beneath the churning floodwater.,1,doctor,human,flood_04,harm
Onlookers watched as the student disappeared beneath the churning floodwater.,1,student,human,flood_04,harm
Onlookers watched as the soldier disappeared beneath the churning floodwater.,1,soldier,human,flood_04,harm
Onlookers watched as the hiker disappeared beneath the churning floodwater.,1,hiker,human,flood_04,harm
Onlookers watched as the shepherd disappeared beneath the churning floodwater.,1,shepherd,human,flood_04,harm
Onlookers watched as the villager disappeared beneath the churning floodwater.,1,villager,human,flood_04,harm
Onlookers watched as the fisherman disappeared beneath the churning floodwater.,1,fisherman,human,flood_04,harm
Onlookers watched as the carpenter disappeared beneath the churning floodwater.,1,carpenter,human,flood_04,harm
Onlookers watched as the toddler disappeared beneath the churning floodwater.,1,toddler,human,flood_04,harm
Onlookers watched as the grandmother disappeared beneath the churning floodwater.,1,grandmother,human,flood_04,harm
Onlookers watched as the grandfather disappeared beneath the churning floodwater.,1,grandfather,human,flood_04,harm
Onlookers watched as the worker disappeared beneath the churning floodwater.,1,worker,human,flood_04,harm
Onlookers watched as the baker disappeared beneath the churning floodwater.,1,baker,human,flood_04,harm
Onlookers watched as the tailor disappeared beneath the churning floodwater.,1,tailor,human,flood_04,harm
Onlookers watched as the plumber disappeared beneath the churning floodwater.,1,plumber,human,flood_04,harm
Onlookers watched as the sailor disappeared beneath the churning floodwater.,1,sailor,human,flood_04,harm
Onlookers watched as the painter disappeared beneath the churning floodwater.,1,painter,human,flood_04,harm
Onlookers watched as the banker disappeared beneath the churning floodwater.,1,banker,human,flood_04,harm
Onlookers watched as the lawyer disappeared beneath the churning floodwater.,1,lawyer,human,flood_04,harm
Onlookers watched as the priest disappeared beneath the churning floodwater.,1,priest,human,flood_04,harm
Onlookers watched as the mayor disappeared beneath the churning floodwater.,1,mayor,human,flood_04,harm
Onlookers watched as the clerk disappeared beneath the churning floodwater.,1,clerk,human,flood_04,harm
Onlookers watched as the chef disappeared beneath the churning floodwater.,1,chef,human,flood_04,harm
Onlookers watched as the pilot disappeared beneath the churning floodwater.,1,pilot,human,flood_04,harm
Onlookers watched as the miner disappeared beneath the churning floodwater.,1,miner,human,flood_04,harm
Onlookers watched as the mason disappeared beneath the churning floodwater.,1,mason,human,flood_04,harm
Onlookers watched as the traveler disappeared beneath the churning floodwater.,1,traveler,human,flood_04,harm
Onlookers watched as the stranger disappeared beneath the churning floodwater.,1,stranger,human,flood_04,harm
Onlookers watched as the infant disappeared beneath the churning floodwater.,1,infant,human,flood_04,harm
Onlookers watched as the widow disappeared beneath the churning floodwater.,1,widow,human,flood_04,harm
Onlookers watched as the uncle disappeared beneath the churning floodwater.,1,uncle,human,flood_04,harm
Onlookers watched as the aunt disappeared beneath the churning floodwater.,1,aunt,human,flood_04,harm
Onlookers watched as the pig disappeared beneath the churning floodwater.,0,pig,farmed,flood_04,harm
Onlookers watched as the cow disappeared beneath the churning floodwater.,0,cow,farmed,flood_04,harm
Onlookers watched as the chicken disappeared beneath the churning floodwater.,0,chicken,farmed,flood_04,harm
Onlookers watched as the goat disappeared beneath the churning floodwater.,0,goat,farmed,flood_04,harm
Onlookers watched as the sheep disappeared beneath the churning floodwater.,0,sheep,farmed,flood_04,harm
Onlookers watched as the duck disappeared beneath the churning floodwater.,0,duck,farmed,flood_04,harm
Onlookers watched as the turkey disappeared beneath the churning floodwater.,0,turkey,farmed,flood_04,harm
Onlookers watched as the hen disappeared beneath the churning floodwater.,0,hen,farmed,flood_04,harm
Onlookers watched as the rooster disappeared beneath the churning floodwater.,0,rooster,farmed,flood_04,harm
Onlookers watched as the calf disappeared beneath the churning floodwater.,0,calf,farmed,flood_04,harm
Onlookers watched as the lamb disappeared beneath the churning floodwater.,0,lamb,farmed,flood_04,harm
Onlookers watched as the piglet disappeared beneath the churning floodwater.,0,piglet,farmed,flood_04,harm
Onlookers watched as the ox disappeared beneath the churning floodwater.,0,ox,farmed,flood_04,harm
Onlookers watched as the donkey disappeared beneath the churning floodwater.,0,donkey,farmed,flood_04,harm
Onlookers watched as the mule disappeared beneath the churning floodwater.,0,mule,farmed,flood_04,harm
Onlookers watched as the goose disappeared beneath the churning floodwater.,0,goose,farmed,flood_04,harm
Onlookers watched as the sow disappeared beneath the churning floodwater.,0,sow,farmed,flood_04,harm
Onlookers watched as the heifer disappeared beneath the churning floodwater.,0,heifer,farmed,flood_04,harm
Onlookers watched as the foal disappeared beneath the churning floodwater.,0,foal,farmed,flood_04,harm
Onlookers watched as the ram disappeared beneath the churning floodwater.,0,ram,farmed,flood_04,harm
Onlookers watched as the capon disappeared beneath the churning floodwater.,0,capon,farmed,flood_04,harm
Onlookers watched as the steer disappeared beneath the churning floodwater.,0,steer,farmed,flood_04,harm
Onlookers watched as the bullock disappeared beneath the churning floodwater.,0,bullock,farmed,flood_04,harm
Onlookers watched as the ewe disappeared beneath the churning floodwater.,0,ewe,farmed,flood_04,harm
Onlookers watched as the wether disappeared beneath the churning floodwater.,0,wether,farmed,flood_04,harm
Onlookers watched as the gander disappeared beneath the churning floodwater.,0,gander,farmed,flood_04,harm
Onlookers watched as the drake disappeared beneath the churning floodwater.,0,drake,farmed,flood_04,harm
Onlookers watched as the gosling disappeared beneath the churning floodwater.,0,gosling,farmed,flood_04,harm
Onlookers watched as the duckling disappeared beneath the churning floodwater.,0,duckling,farmed,flood_04,harm
Onlookers watched as the chick disappeared beneath the churning floodwater.,0,chick,farmed,flood_04,harm
Onlookers watched as the cockerel disappeared beneath the churning floodwater.,0,cockerel,farmed,flood_04,harm
Onlookers watched as the pullet disappeared beneath the churning floodwater.,0,pullet,farmed,flood_04,harm
Onlookers watched as the yearling disappeared beneath the churning floodwater.,0,yearling,farmed,flood_04,harm
Onlookers watched as the shoat disappeared beneath the churning floodwater.,0,shoat,farmed,flood_04,harm
Onlookers watched as the gilt disappeared beneath the churning floodwater.,0,gilt,farmed,flood_04,harm
Onlookers watched as the pony disappeared beneath the churning floodwater.,0,pony,farmed,flood_04,harm
Onlookers watched as the mare disappeared beneath the churning floodwater.,0,mare,farmed,flood_04,harm
Onlookers watched as the colt disappeared beneath the churning floodwater.,0,colt,farmed,flood_04,harm
Onlookers watched as the alpaca disappeared beneath the churning floodwater.,0,alpaca,farmed,flood_04,harm
Onlookers watched as the stallion disappeared beneath the churning floodwater.,0,stallion,farmed,flood_04,harm
The flash flood left the man stranded and exhausted in the debris.,1,man,human,flood_05,harm
The flash flood left the woman stranded and exhausted in the debris.,1,woman,human,flood_05,harm
The flash flood left the child stranded and exhausted in the debris.,1,child,human,flood_05,harm
The flash flood left the boy stranded and exhausted in the debris.,1,boy,human,flood_05,harm
The flash flood left the girl stranded and exhausted in the debris.,1,girl,human,flood_05,harm
The flash flood left the farmer stranded and exhausted in the debris.,1,farmer,human,flood_05,harm
The flash flood left the nurse stranded and exhausted in the debris.,1,nurse,human,flood_05,harm
The flash flood left the teacher stranded and exhausted in the debris.,1,teacher,human,flood_05,harm
The flash flood left the doctor stranded and exhausted in the debris.,1,doctor,human,flood_05,harm
The flash flood left the student stranded and exhausted in the debris.,1,student,human,flood_05,harm
The flash flood left the soldier stranded and exhausted in the debris.,1,soldier,human,flood_05,harm
The flash flood left the hiker stranded and exhausted in the debris.,1,hiker,human,flood_05,harm
The flash flood left the shepherd stranded and exhausted in the debris.,1,shepherd,human,flood_05,harm
The flash flood left the villager stranded and exhausted in the debris.,1,villager,human,flood_05,harm
The flash flood left the fisherman stranded and exhausted in the debris.,1,fisherman,human,flood_05,harm
The flash flood left the carpenter stranded and exhausted in the debris.,1,carpenter,human,flood_05,harm
The flash flood left the toddler stranded and exhausted in the debris.,1,toddler,human,flood_05,harm
The flash flood left the grandmother stranded and exhausted in the debris.,1,grandmother,human,flood_05,harm
The flash flood left the grandfather stranded and exhausted in the debris.,1,grandfather,human,flood_05,harm
The flash flood left the worker stranded and exhausted in the debris.,1,worker,human,flood_05,harm
The flash flood left the baker stranded and exhausted in the debris.,1,baker,human,flood_05,harm
The flash flood left the tailor stranded and exhausted in the debris.,1,tailor,human,flood_05,harm
The flash flood left the plumber stranded and exhausted in the debris.,1,plumber,human,flood_05,harm
The flash flood left the sailor stranded and exhausted in the debris.,1,sailor,human,flood_05,harm
The flash flood left the painter stranded and exhausted in the debris.,1,painter,human,flood_05,harm
The flash flood left the banker stranded and exhausted in the debris.,1,banker,human,flood_05,harm
The flash flood left the lawyer stranded and exhausted in the debris.,1,lawyer,human,flood_05,harm
The flash flood left the priest stranded and exhausted in the debris.,1,priest,human,flood_05,harm
The flash flood left the mayor stranded and exhausted in the debris.,1,mayor,human,flood_05,harm
The flash flood left the clerk stranded and exhausted in the debris.,1,clerk,human,flood_05,harm
The flash flood left the chef stranded and exhausted in the debris.,1,chef,human,flood_05,harm
The flash flood left the pilot stranded and exhausted in the debris.,1,pilot,human,flood_05,harm
The flash flood left the miner stranded and exhausted in the debris.,1,miner,human,flood_05,harm
The flash flood left the mason stranded and exhausted in the debris.,1,mason,human,flood_05,harm
The flash flood left the traveler stranded and exhausted in the debris.,1,traveler,human,flood_05,harm
The flash flood left the stranger stranded and exhausted in the debris.,1,stranger,human,flood_05,harm
The flash flood left the infant stranded and exhausted in the debris.,1,infant,human,flood_05,harm
The flash flood left the widow stranded and exhausted in the debris.,1,widow,human,flood_05,harm
The flash flood left the uncle stranded and exhausted in the debris.,1,uncle,human,flood_05,harm
The flash flood left the aunt stranded and exhausted in the debris.,1,aunt,human,flood_05,harm
The flash flood left the pig stranded and exhausted in the debris.,0,pig,farmed,flood_05,harm
The flash flood left the cow stranded and exhausted in the debris.,0,cow,farmed,flood_05,harm
The flash flood left the chicken stranded and exhausted in the debris.,0,chicken,farmed,flood_05,harm
The flash flood left the goat stranded and exhausted in the debris.,0,goat,farmed,flood_05,harm
The flash flood left the sheep stranded and exhausted in the debris.,0,sheep,farmed,flood_05,harm
The flash flood left the duck stranded and exhausted in the debris.,0,duck,farmed,flood_05,harm
The flash flood left the turkey stranded and exhausted in the debris.,0,turkey,farmed,flood_05,harm
The flash flood left the hen stranded and exhausted in the debris.,0,hen,farmed,flood_05,harm
The flash flood left the rooster stranded and exhausted in the debris.,0,rooster,farmed,flood_05,harm
The flash flood left the calf stranded and exhausted in the debris.,0,calf,farmed,flood_05,harm
The flash flood left the lamb stranded and exhausted in the debris.,0,lamb,farmed,flood_05,harm
The flash flood left the piglet stranded and exhausted in the debris.,0,piglet,farmed,flood_05,harm
The flash flood left the ox stranded and exhausted in the debris.,0,ox,farmed,flood_05,harm
The flash flood left the donkey stranded and exhausted in the debris.,0,donkey,farmed,flood_05,harm
The flash flood left the mule stranded and exhausted in the debris.,0,mule,farmed,flood_05,harm
The flash flood left the goose stranded and exhausted in the debris.,0,goose,farmed,flood_05,harm
The flash flood left the sow stranded and exhausted in the debris.,0,sow,farmed,flood_05,harm
The flash flood left the heifer stranded and exhausted in the debris.,0,heifer,farmed,flood_05,harm
The flash flood left the foal stranded and exhausted in the debris.,0,foal,farmed,flood_05,harm
The flash flood left the ram stranded and exhausted in the debris.,0,ram,farmed,flood_05,harm
The flash flood left the capon stranded and exhausted in the debris.,0,capon,farmed,flood_05,harm
The flash flood left the steer stranded and exhausted in the debris.,0,steer,farmed,flood_05,harm
The flash flood left the bullock stranded and exhausted in the debris.,0,bullock,farmed,flood_05,harm
The flash flood left the ewe stranded and exhausted in the debris.,0,ewe,farmed,flood_05,harm
The flash flood left the wether stranded and exhausted in the debris.,0,wether,farmed,flood_05,harm
The flash flood left the gander stranded and exhausted in the debris.,0,gander,farmed,flood_05,harm
The flash flood left the drake stranded and exhausted in the debris.,0,drake,farmed,flood_05,harm
The flash flood left the gosling stranded and exhausted in the debris.,0,gosling,farmed,flood_05,harm
The flash flood left the duckling stranded and exhausted in the debris.,0,duckling,farmed,flood_05,harm
The flash flood left the chick stranded and exhausted in the debris.,0,chick,farmed,flood_05,harm
The flash flood left the cockerel stranded and exhausted in the debris.,0,cockerel,farmed,flood_05,harm
The flash flood left the pullet stranded and exhausted in the debris.,0,pullet,farmed,flood_05,harm
The flash flood left the yearling stranded and exhausted in the debris.,0,yearling,farmed,flood_05,harm
The flash flood left the shoat stranded and exhausted in the debris.,0,shoat,farmed,flood_05,harm
The flash flood left the gilt stranded and exhausted in the debris.,0,gilt,farmed,flood_05,harm
The flash flood left the pony stranded and exhausted in the debris.,0,pony,farmed,flood_05,harm
The flash flood left the mare stranded and exhausted in the debris.,0,mare,farmed,flood_05,harm
The flash flood left the colt stranded and exhausted in the debris.,0,colt,farmed,flood_05,harm
The flash flood left the alpaca stranded and exhausted in the debris.,0,alpaca,farmed,flood_05,harm
The flash flood left the stallion stranded and exhausted in the debris.,0,stallion,farmed,flood_05,harm
"After the dam broke, the man was caught in the violent surge.",1,man,human,flood_06,harm
"After the dam broke, the woman was caught in the violent surge.",1,woman,human,flood_06,harm
"After the dam broke, the child was caught in the violent surge.",1,child,human,flood_06,harm
"After the dam broke, the boy was caught in the violent surge.",1,boy,human,flood_06,harm
"After the dam broke, the girl was caught in the violent surge.",1,girl,human,flood_06,harm
"After the dam broke, the farmer was caught in the violent surge.",1,farmer,human,flood_06,harm
"After the dam broke, the nurse was caught in the violent surge.",1,nurse,human,flood_06,harm
"After the dam broke, the teacher was caught in the violent surge.",1,teacher,human,flood_06,harm
"After the dam broke, the doctor was caught in the violent surge.",1,doctor,human,flood_06,harm
"After the dam broke, the student was caught in the violent surge.",1,student,human,flood_06,harm
"After the dam broke, the soldier was caught in the violent surge.",1,soldier,human,flood_06,harm
"After the dam broke, the hiker was caught in the violent surge.",1,hiker,human,flood_06,harm
"After the dam broke, the shepherd was caught in the violent surge.",1,shepherd,human,flood_06,harm
"After the dam broke, the villager was caught in the violent surge.",1,villager,human,flood_06,harm
"After the dam broke, the fisherman was caught in the violent surge.",1,fisherman,human,flood_06,harm
"After the dam broke, the carpenter was caught in the violent surge.",1,carpenter,human,flood_06,harm
"After the dam broke, the toddler was caught in the violent surge.",1,toddler,human,flood_06,harm
"After the dam broke, the grandmother was caught in the violent surge.",1,grandmother,human,flood_06,harm
"After the dam broke, the grandfather was caught in the violent surge.",1,grandfather,human,flood_06,harm
"After the dam broke, the worker was caught in the violent surge.",1,worker,human,flood_06,harm
"After the dam broke, the baker was caught in the violent surge.",1,baker,human,flood_06,harm
"After the dam broke, the tailor was caught in the violent surge.",1,tailor,human,flood_06,harm
"After the dam broke, the plumber was caught in the violent surge.",1,plumber,human,flood_06,harm
"After the dam broke, the sailor was caught in the violent surge.",1,sailor,human,flood_06,harm
"After the dam broke, the painter was caught in the violent surge.",1,painter,human,flood_06,harm
"After the dam broke, the banker was caught in the violent surge.",1,banker,human,flood_06,harm
"After the dam broke, the lawyer was caught in the violent surge.",1,lawyer,human,flood_06,harm
"After the dam broke, the priest was caught in the violent surge.",1,priest,human,flood_06,harm
"After the dam broke, the mayor was caught in the violent surge.",1,mayor,human,flood_06,harm
"After the dam broke, the clerk was caught in the violent surge.",1,clerk,human,flood_06,harm
"After the dam broke, the chef was caught in the violent surge.",1,chef,human,flood_06,harm
"After the dam broke, the pilot was caught in the violent surge.",1,pilot,human,flood_06,harm
"After the dam broke, the miner was caught in the violent surge.",1,miner,human,flood_06,harm
"After the dam broke, the mason was caught in the violent surge.",1,mason,human,flood_06,harm
"After the dam broke, the traveler was caught in the violent surge.",1,traveler,human,flood_06,harm
"After the dam broke, the stranger was caught in the violent surge.",1,stranger,human,flood_06,harm
"After the dam broke, the infant was caught in the violent surge.",1,infant,human,flood_06,harm
"After the dam broke, the widow was caught in the violent surge.",1,widow,human,flood_06,harm
"After the dam broke, the uncle was caught in the violent surge.",1,uncle,human,flood_06,harm
"After the dam broke, the aunt was caught in the violent surge.",1,aunt,human,flood_06,harm
"After the dam broke, the pig was caught in the violent surge.",0,pig,farmed,flood_06,harm
"After the dam broke, the cow was caught in the violent surge.",0,cow,farmed,flood_06,harm
"After the dam broke, the chicken was caught in the violent surge.",0,chicken,farmed,flood_06,harm
"After the dam broke, the goat was caught in the violent surge.",0,goat,farmed,flood_06,harm
"After the dam broke, the sheep was caught in the violent surge.",0,sheep,farmed,flood_06,harm
"After the dam broke, the duck was caught in the violent surge.",0,duck,farmed,flood_06,harm
"After the dam broke, the turkey was caught in the violent surge.",0,turkey,farmed,flood_06,harm
"After the dam broke, the hen was caught in the violent surge.",0,hen,farmed,flood_06,harm
"After the dam broke, the rooster was caught in the violent surge.",0,rooster,farmed,flood_06,harm
"After the dam broke, the calf was caught in the violent surge.",0,calf,farmed,flood_06,harm
"After the dam broke, the lamb was caught in the violent surge.",0,lamb,farmed,flood_06,harm
"After the dam broke, the piglet was caught in the violent surge.",0,piglet,farmed,flood_06,harm
"After the dam broke, the ox was caught in the violent surge.",0,ox,farmed,flood_06,harm
"After the dam broke, the donkey was caught in the violent surge.",0,donkey,farmed,flood_06,harm
"After the dam broke, the mule was caught in the violent surge.",0,mule,farmed,flood_06,harm
"After the dam broke, the goose was caught in the violent surge.",0,goose,farmed,flood_06,harm
"After the dam broke, the sow was caught in the violent surge.",0,sow,farmed,flood_06,harm
"After the dam broke, the heifer was caught in the violent surge.",0,heifer,farmed,flood_06,harm
"After the dam broke, the foal was caught in the violent surge.",0,foal,farmed,flood_06,harm
"After the dam broke, the ram was caught in the violent surge.",0,ram,farmed,flood_06,harm
"After the dam broke, the capon was caught in the violent surge.",0,capon,farmed,flood_06,harm
"After the dam broke, the steer was caught in the violent surge.",0,steer,farmed,flood_06,harm
"After the dam broke, the bullock was caught in the violent surge.",0,bullock,farmed,flood_06,harm
"After the dam broke, the ewe was caught in the violent surge.",0,ewe,farmed,flood_06,harm
"After the dam broke, the wether was caught in the violent surge.",0,wether,farmed,flood_06,harm
"After the dam broke, the gander was caught in the violent surge.",0,gander,farmed,flood_06,harm
"After the dam broke, the drake was caught in the violent surge.",0,drake,farmed,flood_06,harm
"After the dam broke, the gosling was caught in the violent surge.",0,gosling,farmed,flood_06,harm
"After the dam broke, the duckling was caught in the violent surge.",0,duckling,farmed,flood_06,harm
"After the dam broke, the chick was caught in the violent surge.",0,chick,farmed,flood_06,harm
"After the dam broke, the cockerel was caught in the violent surge.",0,cockerel,farmed,flood_06,harm
"After the dam broke, the pullet was caught in the violent surge.",0,pullet,farmed,flood_06,harm
"After the dam broke, the yearling was caught in the violent surge.",0,yearling,farmed,flood_06,harm
"After the dam broke, the shoat was caught in the violent surge.",0,shoat,farmed,flood_06,harm
"After the dam broke, the gilt was caught in the violent surge.",0,gilt,farmed,flood_06,harm
"After the dam broke, the pony was caught in the violent surge.",0,pony,farmed,flood_06,harm
"After the dam broke, the mare was caught in the violent surge.",0,mare,farmed,flood_06,harm
"After the dam broke, the colt was caught in the violent surge.",0,colt,farmed,flood_06,harm
"After the dam broke, the alpaca was caught in the violent surge.",0,alpaca,farmed,flood_06,harm
"After the dam broke, the stallion was caught in the violent surge.",0,stallion,farmed,flood_06,harm
"During the blizzard, the man was stranded outside without any shelter.",1,man,human,weather_01,harm
"During the blizzard, the woman was stranded outside without any shelter.",1,woman,human,weather_01,harm
"During the blizzard, the child was stranded outside without any shelter.",1,child,human,weather_01,harm
"During the blizzard, the boy was stranded outside without any shelter.",1,boy,human,weather_01,harm
"During the blizzard, the girl was stranded outside without any shelter.",1,girl,human,weather_01,harm
"During the blizzard, the farmer was stranded outside without any shelter.",1,farmer,human,weather_01,harm
"During the blizzard, the nurse was stranded outside without any shelter.",1,nurse,human,weather_01,harm
"During the blizzard, the teacher was stranded outside without any shelter.",1,teacher,human,weather_01,harm
"During the blizzard, the doctor was stranded outside without any shelter.",1,doctor,human,weather_01,harm
"During the blizzard, the student was stranded outside without any shelter.",1,student,human,weather_01,harm
"During the blizzard, the soldier was stranded outside without any shelter.",1,soldier,human,weather_01,harm
"During the blizzard, the hiker was stranded outside without any shelter.",1,hiker,human,weather_01,harm
"During the blizzard, the shepherd was stranded outside without any shelter.",1,shepherd,human,weather_01,harm
"During the blizzard, the villager was stranded outside without any shelter.",1,villager,human,weather_01,harm
"During the blizzard, the fisherman was stranded outside without any shelter.",1,fisherman,human,weather_01,harm
"During the blizzard, the carpenter was stranded outside without any shelter.",1,carpenter,human,weather_01,harm
"During the blizzard, the toddler was stranded outside without any shelter.",1,toddler,human,weather_01,harm
"During the blizzard, the grandmother was stranded outside without any shelter.",1,grandmother,human,weather_01,harm
"During the blizzard, the grandfather was stranded outside without any shelter.",1,grandfather,human,weather_01,harm
"During the blizzard, the worker was stranded outside without any shelter.",1,worker,human,weather_01,harm
"During the blizzard, the baker was stranded outside without any shelter.",1,baker,human,weather_01,harm
"During the blizzard, the tailor was stranded outside without any shelter.",1,tailor,human,weather_01,harm
"During the blizzard, the plumber was stranded outside without any shelter.",1,plumber,human,weather_01,harm
"During the blizzard, the sailor was stranded outside without any shelter.",1,sailor,human,weather_01,harm
"During the blizzard, the painter was stranded outside without any shelter.",1,painter,human,weather_01,harm
"During the blizzard, the banker was stranded outside without any shelter.",1,banker,human,weather_01,harm
"During the blizzard, the lawyer was stranded outside without any shelter.",1,lawyer,human,weather_01,harm
"During the blizzard, the priest was stranded outside without any shelter.",1,priest,human,weather_01,harm
"During the blizzard, the mayor was stranded outside without any shelter.",1,mayor,human,weather_01,harm
"During the blizzard, the clerk was stranded outside without any shelter.",1,clerk,human,weather_01,harm
"During the blizzard, the chef was stranded outside without any shelter.",1,chef,human,weather_01,harm
"During the blizzard, the pilot was stranded outside without any shelter.",1,pilot,human,weather_01,harm
"During the blizzard, the miner was stranded outside without any shelter.",1,miner,human,weather_01,harm
"During the blizzard, the mason was stranded outside without any shelter.",1,mason,human,weather_01,harm
"During the blizzard, the traveler was stranded outside without any shelter.",1,traveler,human,weather_01,harm
"During the blizzard, the stranger was stranded outside without any shelter.",1,stranger,human,weather_01,harm
"During the blizzard, the infant was stranded outside without any shelter.",1,infant,human,weather_01,harm
"During the blizzard, the widow was stranded outside without any shelter.",1,widow,human,weather_01,harm
"During the blizzard, the uncle was stranded outside without any shelter.",1,uncle,human,weather_01,harm
"During the blizzard, the aunt was stranded outside without any shelter.",1,aunt,human,weather_01,harm
"During the blizzard, the pig was stranded outside without any shelter.",0,pig,farmed,weather_01,harm
"During the blizzard, the cow was stranded outside without any shelter.",0,cow,farmed,weather_01,harm
"During the blizzard, the chicken was stranded outside without any shelter.",0,chicken,farmed,weather_01,harm
"During the blizzard, the goat was stranded outside without any shelter.",0,goat,farmed,weather_01,harm
"During the blizzard, the sheep was stranded outside without any shelter.",0,sheep,farmed,weather_01,harm
"During the blizzard, the duck was stranded outside without any shelter.",0,duck,farmed,weather_01,harm
"During the blizzard, the turkey was stranded outside without any shelter.",0,turkey,farmed,weather_01,harm
"During the blizzard, the hen was stranded outside without any shelter.",0,hen,farmed,weather_01,harm
"During the blizzard, the rooster was stranded outside without any shelter.",0,rooster,farmed,weather_01,harm
"During the blizzard, the calf was stranded outside without any shelter.",0,calf,farmed,weather_01,harm
"During the blizzard, the lamb was stranded outside without any shelter.",0,lamb,farmed,weather_01,harm
"During the blizzard, the piglet was stranded outside without any shelter.",0,piglet,farmed,weather_01,harm
"During the blizzard, the ox was stranded outside without any shelter.",0,ox,farmed,weather_01,harm
"During the blizzard, the donkey was stranded outside without any shelter.",0,donkey,farmed,weather_01,harm
"During the blizzard, the mule was stranded outside without any shelter.",0,mule,farmed,weather_01,harm
"During the blizzard, the goose was stranded outside without any shelter.",0,goose,farmed,weather_01,harm
"During the blizzard, the sow was stranded outside without any shelter.",0,sow,farmed,weather_01,harm
"During the blizzard, the heifer was stranded outside without any shelter.",0,heifer,farmed,weather_01,harm
"During the blizzard, the foal was stranded outside without any shelter.",0,foal,farmed,weather_01,harm
"During the blizzard, the ram was stranded outside without any shelter.",0,ram,farmed,weather_01,harm
"During the blizzard, the capon was stranded outside without any shelter.",0,capon,farmed,weather_01,harm
"During the blizzard, the steer was stranded outside without any shelter.",0,steer,farmed,weather_01,harm
"During the blizzard, the bullock was stranded outside without any shelter.",0,bullock,farmed,weather_01,harm
"During the blizzard, the ewe was stranded outside without any shelter.",0,ewe,farmed,weather_01,harm
"During the blizzard, the wether was stranded outside without any shelter.",0,wether,farmed,weather_01,harm
"During the blizzard, the gander was stranded outside without any shelter.",0,gander,farmed,weather_01,harm
"During the blizzard, the drake was stranded outside without any shelter.",0,drake,farmed,weather_01,harm
"During the blizzard, the gosling was stranded outside without any shelter.",0,gosling,farmed,weather_01,harm
"During the blizzard, the duckling was stranded outside without any shelter.",0,duckling,farmed,weather_01,harm
"During the blizzard, the chick was stranded outside without any shelter.",0,chick,farmed,weather_01,harm
"During the blizzard, the cockerel was stranded outside without any shelter.",0,cockerel,farmed,weather_01,harm
"During the blizzard, the pullet was stranded outside without any shelter.",0,pullet,farmed,weather_01,harm
"During the blizzard, the yearling was stranded outside without any shelter.",0,yearling,farmed,weather_01,harm
"During the blizzard, the shoat was stranded outside without any shelter.",0,shoat,farmed,weather_01,harm
"During the blizzard, the gilt was stranded outside without any shelter.",0,gilt,farmed,weather_01,harm
"During the blizzard, the pony was stranded outside without any shelter.",0,pony,farmed,weather_01,harm
"During the blizzard, the mare was stranded outside without any shelter.",0,mare,farmed,weather_01,harm
"During the blizzard, the colt was stranded outside without any shelter.",0,colt,farmed,weather_01,harm
"During the blizzard, the alpaca was stranded outside without any shelter.",0,alpaca,farmed,weather_01,harm
"During the blizzard, the stallion was stranded outside without any shelter.",0,stallion,farmed,weather_01,harm
The heatwave left the man collapsed from dehydration in the dusty field.,1,man,human,weather_02,harm
The heatwave left the woman collapsed from dehydration in the dusty field.,1,woman,human,weather_02,harm
The heatwave left the child collapsed from dehydration in the dusty field.,1,child,human,weather_02,harm
The heatwave left the boy collapsed from dehydration in the dusty field.,1,boy,human,weather_02,harm
The heatwave left the girl collapsed from dehydration in the dusty field.,1,girl,human,weather_02,harm
The heatwave left the farmer collapsed from dehydration in the dusty field.,1,farmer,human,weather_02,harm
The heatwave left the nurse collapsed from dehydration in the dusty field.,1,nurse,human,weather_02,harm
The heatwave left the teacher collapsed from dehydration in the dusty field.,1,teacher,human,weather_02,harm
The heatwave left the doctor collapsed from dehydration in the dusty field.,1,doctor,human,weather_02,harm
The heatwave left the student collapsed from dehydration in the dusty field.,1,student,human,weather_02,harm
The heatwave left the soldier collapsed from dehydration in the dusty field.,1,soldier,human,weather_02,harm
The heatwave left the hiker collapsed from dehydration in the dusty field.,1,hiker,human,weather_02,harm
The heatwave left the shepherd collapsed from dehydration in the dusty field.,1,shepherd,human,weather_02,harm
The heatwave left the villager collapsed from dehydration in the dusty field.,1,villager,human,weather_02,harm
The heatwave left the fisherman collapsed from dehydration in the dusty field.,1,fisherman,human,weather_02,harm
The heatwave left the carpenter collapsed from dehydration in the dusty field.,1,carpenter,human,weather_02,harm
The heatwave left the toddler collapsed from dehydration in the dusty field.,1,toddler,human,weather_02,harm
The heatwave left the grandmother collapsed from dehydration in the dusty field.,1,grandmother,human,weather_02,harm
The heatwave left the grandfather collapsed from dehydration in the dusty field.,1,grandfather,human,weather_02,harm
The heatwave left the worker collapsed from dehydration in the dusty field.,1,worker,human,weather_02,harm
The heatwave left the baker collapsed from dehydration in the dusty field.,1,baker,human,weather_02,harm
The heatwave left the tailor collapsed from dehydration in the dusty field.,1,tailor,human,weather_02,harm
The heatwave left the plumber collapsed from dehydration in the dusty field.,1,plumber,human,weather_02,harm
The heatwave left the sailor collapsed from dehydration in the dusty field.,1,sailor,human,weather_02,harm
The heatwave left the painter collapsed from dehydration in the dusty field.,1,painter,human,weather_02,harm
The heatwave left the banker collapsed from dehydration in the dusty field.,1,banker,human,weather_02,harm
The heatwave left the lawyer collapsed from dehydration in the dusty field.,1,lawyer,human,weather_02,harm
The heatwave left the priest collapsed from dehydration in the dusty field.,1,priest,human,weather_02,harm
The heatwave left the mayor collapsed from dehydration in the dusty field.,1,mayor,human,weather_02,harm
The heatwave left the clerk collapsed from dehydration in the dusty field.,1,clerk,human,weather_02,harm
The heatwave left the chef collapsed from dehydration in the dusty field.,1,chef,human,weather_02,harm
The heatwave left the pilot collapsed from dehydration in the dusty field.,1,pilot,human,weather_02,harm
The heatwave left the miner collapsed from dehydration in the dusty field.,1,miner,human,weather_02,harm
The heatwave left the mason collapsed from dehydration in the dusty field.,1,mason,human,weather_02,harm
The heatwave left the traveler collapsed from dehydration in the dusty field.,1,traveler,human,weather_02,harm
The heatwave left the stranger collapsed from dehydration in the dusty field.,1,stranger,human,weather_02,harm
The heatwave left the infant collapsed from dehydration in the dusty field.,1,infant,human,weather_02,harm
The heatwave left the widow collapsed from dehydration in the dusty field.,1,widow,human,weather_02,harm
The heatwave left the uncle collapsed from dehydration in the dusty field.,1,uncle,human,weather_02,harm
The heatwave left the aunt collapsed from dehydration in the dusty field.,1,aunt,human,weather_02,harm
The heatwave left the pig collapsed from dehydration in the dusty field.,0,pig,farmed,weather_02,harm
The heatwave left the cow collapsed from dehydration in the dusty field.,0,cow,farmed,weather_02,harm
The heatwave left the chicken collapsed from dehydration in the dusty field.,0,chicken,farmed,weather_02,harm
The heatwave left the goat collapsed from dehydration in the dusty field.,0,goat,farmed,weather_02,harm
The heatwave left the sheep collapsed from dehydration in the dusty field.,0,sheep,farmed,weather_02,harm
The heatwave left the duck collapsed from dehydration in the dusty field.,0,duck,farmed,weather_02,harm
The heatwave left the turkey collapsed from dehydration in the dusty field.,0,turkey,farmed,weather_02,harm
The heatwave left the hen collapsed from dehydration in the dusty field.,0,hen,farmed,weather_02,harm
The heatwave left the rooster collapsed from dehydration in the dusty field.,0,rooster,farmed,weather_02,harm
The heatwave left the calf collapsed from dehydration in the dusty field.,0,calf,farmed,weather_02,harm
The heatwave left the lamb collapsed from dehydration in the dusty field.,0,lamb,farmed,weather_02,harm
The heatwave left the piglet collapsed from dehydration in the dusty field.,0,piglet,farmed,weather_02,harm
The heatwave left the ox collapsed from dehydration in the dusty field.,0,ox,farmed,weather_02,harm
The heatwave left the donkey collapsed from dehydration in the dusty field.,0,donkey,farmed,weather_02,harm
The heatwave left the mule collapsed from dehydration in the dusty field.,0,mule,farmed,weather_02,harm
The heatwave left the goose collapsed from dehydration in the dusty field.,0,goose,farmed,weather_02,harm
The heatwave left the sow collapsed from dehydration in the dusty field.,0,sow,farmed,weather_02,harm
The heatwave left the heifer collapsed from dehydration in the dusty field.,0,heifer,farmed,weather_02,harm
The heatwave left the foal collapsed from dehydration in the dusty field.,0,foal,farmed,weather_02,harm
The heatwave left the ram collapsed from dehydration in the dusty field.,0,ram,farmed,weather_02,harm
The heatwave left the capon collapsed from dehydration in the dusty field.,0,capon,farmed,weather_02,harm
The heatwave left the steer collapsed from dehydration in the dusty field.,0,steer,farmed,weather_02,harm
The heatwave left the bullock collapsed from dehydration in the dusty field.,0,bullock,farmed,weather_02,harm
The heatwave left the ewe collapsed from dehydration in the dusty field.,0,ewe,farmed,weather_02,harm
The heatwave left the wether collapsed from dehydration in the dusty field.,0,wether,farmed,weather_02,harm
The heatwave left the gander collapsed from dehydration in the dusty field.,0,gander,farmed,weather_02,harm
The heatwave left the drake collapsed from dehydration in the dusty field.,0,drake,farmed,weather_02,harm
The heatwave left the gosling collapsed from dehydration in the dusty field.,0,gosling,farmed,weather_02,harm
The heatwave left the duckling collapsed from dehydration in the dusty field.,0,duckling,farmed,weather_02,harm
The heatwave left the chick collapsed from dehydration in the dusty field.,0,chick,farmed,weather_02,harm
The heatwave left the cockerel collapsed from dehydration in the dusty field.,0,cockerel,farmed,weather_02,harm
The heatwave left the pullet collapsed from dehydration in the dusty field.,0,pullet,farmed,weather_02,harm
The heatwave left the yearling collapsed from dehydration in the dusty field.,0,yearling,farmed,weather_02,harm
The heatwave left the shoat collapsed from dehydration in the dusty field.,0,shoat,farmed,weather_02,harm
The heatwave left the gilt collapsed from dehydration in the dusty field.,0,gilt,farmed,weather_02,harm
The heatwave left the pony collapsed from dehydration in the dusty field.,0,pony,farmed,weather_02,harm
The heatwave left the mare collapsed from dehydration in the dusty field.,0,mare,farmed,weather_02,harm
The heatwave left the colt collapsed from dehydration in the dusty field.,0,colt,farmed,weather_02,harm
The heatwave left the alpaca collapsed from dehydration in the dusty field.,0,alpaca,farmed,weather_02,harm
The heatwave left the stallion collapsed from dehydration in the dusty field.,0,stallion,farmed,weather_02,harm
Freezing rain soaked the man through the long night outdoors.,1,man,human,weather_03,harm
Freezing rain soaked the woman through the long night outdoors.,1,woman,human,weather_03,harm
Freezing rain soaked the child through the long night outdoors.,1,child,human,weather_03,harm
Freezing rain soaked the boy through the long night outdoors.,1,boy,human,weather_03,harm
Freezing rain soaked the girl through the long night outdoors.,1,girl,human,weather_03,harm
Freezing rain soaked the farmer through the long night outdoors.,1,farmer,human,weather_03,harm
Freezing rain soaked the nurse through the long night outdoors.,1,nurse,human,weather_03,harm
Freezing rain soaked the teacher through the long night outdoors.,1,teacher,human,weather_03,harm
Freezing rain soaked the doctor through the long night outdoors.,1,doctor,human,weather_03,harm
Freezing rain soaked the student through the long night outdoors.,1,student,human,weather_03,harm
Freezing rain soaked the soldier through the long night outdoors.,1,soldier,human,weather_03,harm
Freezing rain soaked the hiker through the long night outdoors.,1,hiker,human,weather_03,harm
Freezing rain soaked the shepherd through the long night outdoors.,1,shepherd,human,weather_03,harm
Freezing rain soaked the villager through the long night outdoors.,1,villager,human,weather_03,harm
Freezing rain soaked the fisherman through the long night outdoors.,1,fisherman,human,weather_03,harm
Freezing rain soaked the carpenter through the long night outdoors.,1,carpenter,human,weather_03,harm
Freezing rain soaked the toddler through the long night outdoors.,1,toddler,human,weather_03,harm
Freezing rain soaked the grandmother through the long night outdoors.,1,grandmother,human,weather_03,harm
Freezing rain soaked the grandfather through the long night outdoors.,1,grandfather,human,weather_03,harm
Freezing rain soaked the worker through the long night outdoors.,1,worker,human,weather_03,harm
Freezing rain soaked the baker through the long night outdoors.,1,baker,human,weather_03,harm
Freezing rain soaked the tailor through the long night outdoors.,1,tailor,human,weather_03,harm
Freezing rain soaked the plumber through the long night outdoors.,1,plumber,human,weather_03,harm
Freezing rain soaked the sailor through the long night outdoors.,1,sailor,human,weather_03,harm
Freezing rain soaked the painter through the long night outdoors.,1,painter,human,weather_03,harm
Freezing rain soaked the banker through the long night outdoors.,1,banker,human,weather_03,harm
Freezing rain soaked the lawyer through the long night outdoors.,1,lawyer,human,weather_03,harm
Freezing rain soaked the priest through the long night outdoors.,1,priest,human,weather_03,harm
Freezing rain soaked the mayor through the long night outdoors.,1,mayor,human,weather_03,harm
Freezing rain soaked the clerk through the long night outdoors.,1,clerk,human,weather_03,harm
Freezing rain soaked the chef through the long night outdoors.,1,chef,human,weather_03,harm
Freezing rain soaked the pilot through the long night outdoors.,1,pilot,human,weather_03,harm
Freezing rain soaked the miner through the long night outdoors.,1,miner,human,weather_03,harm
Freezing rain soaked the mason through the long night outdoors.,1,mason,human,weather_03,harm
Freezing rain soaked the traveler through the long night outdoors.,1,traveler,human,weather_03,harm
Freezing rain soaked the stranger through the long night outdoors.,1,stranger,human,weather_03,harm
Freezing rain soaked the infant through the long night outdoors.,1,infant,human,weather_03,harm
Freezing rain soaked the widow through the long night outdoors.,1,widow,human,weather_03,harm
Freezing rain soaked the uncle through the long night outdoors.,1,uncle,human,weather_03,harm
Freezing rain soaked the aunt through the long night outdoors.,1,aunt,human,weather_03,harm
Freezing rain soaked the pig through the long night outdoors.,0,pig,farmed,weather_03,harm
Freezing rain soaked the cow through the long night outdoors.,0,cow,farmed,weather_03,harm
Freezing rain soaked the chicken through the long night outdoors.,0,chicken,farmed,weather_03,harm
Freezing rain soaked the goat through the long night outdoors.,0,goat,farmed,weather_03,harm
Freezing rain soaked the sheep through the long night outdoors.,0,sheep,farmed,weather_03,harm
Freezing rain soaked the duck through the long night outdoors.,0,duck,farmed,weather_03,harm
Freezing rain soaked the turkey through the long night outdoors.,0,turkey,farmed,weather_03,harm
Freezing rain soaked the hen through the long night outdoors.,0,hen,farmed,weather_03,harm
Freezing rain soaked the rooster through the long night outdoors.,0,rooster,farmed,weather_03,harm
Freezing rain soaked the calf through the long night outdoors.,0,calf,farmed,weather_03,harm
Freezing rain soaked the lamb through the long night outdoors.,0,lamb,farmed,weather_03,harm
Freezing rain soaked the piglet through the long night outdoors.,0,piglet,farmed,weather_03,harm
Freezing rain soaked the ox through the long night outdoors.,0,ox,farmed,weather_03,harm
Freezing rain soaked the donkey through the long night outdoors.,0,donkey,farmed,weather_03,harm
Freezing rain soaked the mule through the long night outdoors.,0,mule,farmed,weather_03,harm
Freezing rain soaked the goose through the long night outdoors.,0,goose,farmed,weather_03,harm
Freezing rain soaked the sow through the long night outdoors.,0,sow,farmed,weather_03,harm
Freezing rain soaked the heifer through the long night outdoors.,0,heifer,farmed,weather_03,harm
Freezing rain soaked the foal through the long night outdoors.,0,foal,farmed,weather_03,harm
Freezing rain soaked the ram through the long night outdoors.,0,ram,farmed,weather_03,harm
Freezing rain soaked the capon through the long night outdoors.,0,capon,farmed,weather_03,harm
Freezing rain soaked the steer through the long night outdoors.,0,steer,farmed,weather_03,harm
Freezing rain soaked the bullock through the long night outdoors.,0,bullock,farmed,weather_03,harm
Freezing rain soaked the ewe through the long night outdoors.,0,ewe,farmed,weather_03,harm
Freezing rain soaked the wether through the long night outdoors.,0,wether,farmed,weather_03,harm
Freezing rain soaked the gander through the long night outdoors.,0,gander,farmed,weather_03,harm
Freezing rain soaked the drake through the long night outdoors.,0,drake,farmed,weather_03,harm
Freezing rain soaked the gosling through the long night outdoors.,0,gosling,farmed,weather_03,harm
Freezing rain soaked the duckling through the long night outdoors.,0,duckling,farmed,weather_03,harm
Freezing rain soaked the chick through the long night outdoors.,0,chick,farmed,weather_03,harm
Freezing rain soaked the cockerel through the long night outdoors.,0,cockerel,farmed,weather_03,harm
Freezing rain soaked the pullet through the long night outdoors.,0,pullet,farmed,weather_03,harm
Freezing rain soaked the yearling through the long night outdoors.,0,yearling,farmed,weather_03,harm
Freezing rain soaked the shoat through the long night outdoors.,0,shoat,farmed,weather_03,harm
Freezing rain soaked the gilt through the long night outdoors.,0,gilt,farmed,weather_03,harm
Freezing rain soaked the pony through the long night outdoors.,0,pony,farmed,weather_03,harm
Freezing rain soaked the mare through the long night outdoors.,0,mare,farmed,weather_03,harm
Freezing rain soaked the colt through the long night outdoors.,0,colt,farmed,weather_03,harm
Freezing rain soaked the alpaca through the long night outdoors.,0,alpaca,farmed,weather_03,harm
Freezing rain soaked the stallion through the long night outdoors.,0,stallion,farmed,weather_03,harm
"In the scorching heat, the man was left without water or shade.",1,man,human,weather_04,harm
"In the scorching heat, the woman was left without water or shade.",1,woman,human,weather_04,harm
"In the scorching heat, the child was left without water or shade.",1,child,human,weather_04,harm
"In the scorching heat, the boy was left without water or shade.",1,boy,human,weather_04,harm
"In the scorching heat, the girl was left without water or shade.",1,girl,human,weather_04,harm
"In the scorching heat, the farmer was left without water or shade.",1,farmer,human,weather_04,harm
"In the scorching heat, the nurse was left without water or shade.",1,nurse,human,weather_04,harm
"In the scorching heat, the teacher was left without water or shade.",1,teacher,human,weather_04,harm
"In the scorching heat, the doctor was left without water or shade.",1,doctor,human,weather_04,harm
"In the scorching heat, the student was left without water or shade.",1,student,human,weather_04,harm
"In the scorching heat, the soldier was left without water or shade.",1,soldier,human,weather_04,harm
"In the scorching heat, the hiker was left without water or shade.",1,hiker,human,weather_04,harm
"In the scorching heat, the shepherd was left without water or shade.",1,shepherd,human,weather_04,harm
"In the scorching heat, the villager was left without water or shade.",1,villager,human,weather_04,harm
"In the scorching heat, the fisherman was left without water or shade.",1,fisherman,human,weather_04,harm
"In the scorching heat, the carpenter was left without water or shade.",1,carpenter,human,weather_04,harm
"In the scorching heat, the toddler was left without water or shade.",1,toddler,human,weather_04,harm
"In the scorching heat, the grandmother was left without water or shade.",1,grandmother,human,weather_04,harm
"In the scorching heat, the grandfather was left without water or shade.",1,grandfather,human,weather_04,harm
"In the scorching heat, the worker was left without water or shade.",1,worker,human,weather_04,harm
"In the scorching heat, the baker was left without water or shade.",1,baker,human,weather_04,harm
"In the scorching heat, the tailor was left without water or shade.",1,tailor,human,weather_04,harm
"In the scorching heat, the plumber was left without water or shade.",1,plumber,human,weather_04,harm
"In the scorching heat, the sailor was left without water or shade.",1,sailor,human,weather_04,harm
"In the scorching heat, the painter was left without water or shade.",1,painter,human,weather_04,harm
"In the scorching heat, the banker was left without water or shade.",1,banker,human,weather_04,harm
"In the scorching heat, the lawyer was left without water or shade.",1,lawyer,human,weather_04,harm
"In the scorching heat, the priest was left without water or shade.",1,priest,human,weather_04,harm
"In the scorching heat, the mayor was left without water or shade.",1,mayor,human,weather_04,harm
"In the scorching heat, the clerk was left without water or shade.",1,clerk,human,weather_04,harm
"In the scorching heat, the chef was left without water or shade.",1,chef,human,weather_04,harm
"In the scorching heat, the pilot was left without water or shade.",1,pilot,human,weather_04,harm
"In the scorching heat, the miner was left without water or shade.",1,miner,human,weather_04,harm
"In the scorching heat, the mason was left without water or shade.",1,mason,human,weather_04,harm
"In the scorching heat, the traveler was left without water or shade.",1,traveler,human,weather_04,harm
"In the scorching heat, the stranger was left without water or shade.",1,stranger,human,weather_04,harm
"In the scorching heat, the infant was left without water or shade.",1,infant,human,weather_04,harm
"In the scorching heat, the widow was left without water or shade.",1,widow,human,weather_04,harm
"In the scorching heat, the uncle was left without water or shade.",1,uncle,human,weather_04,harm
"In the scorching heat, the aunt was left without water or shade.",1,aunt,human,weather_04,harm
"In the scorching heat, the pig was left without water or shade.",0,pig,farmed,weather_04,harm
"In the scorching heat, the cow was left without water or shade.",0,cow,farmed,weather_04,harm
"In the scorching heat, the chicken was left without water or shade.",0,chicken,farmed,weather_04,harm
"In the scorching heat, the goat was left without water or shade.",0,goat,farmed,weather_04,harm
"In the scorching heat, the sheep was left without water or shade.",0,sheep,farmed,weather_04,harm
"In the scorching heat, the duck was left without water or shade.",0,duck,farmed,weather_04,harm
"In the scorching heat, the turkey was left without water or shade.",0,turkey,farmed,weather_04,harm
"In the scorching heat, the hen was left without water or shade.",0,hen,farmed,weather_04,harm
"In the scorching heat, the rooster was left without water or shade.",0,rooster,farmed,weather_04,harm
"In the scorching heat, the calf was left without water or shade.",0,calf,farmed,weather_04,harm
"In the scorching heat, the lamb was left without water or shade.",0,lamb,farmed,weather_04,harm
"In the scorching heat, the piglet was left without water or shade.",0,piglet,farmed,weather_04,harm
"In the scorching heat, the ox was left without water or shade.",0,ox,farmed,weather_04,harm
"In the scorching heat, the donkey was left without water or shade.",0,donkey,farmed,weather_04,harm
"In the scorching heat, the mule was left without water or shade.",0,mule,farmed,weather_04,harm
"In the scorching heat, the goose was left without water or shade.",0,goose,farmed,weather_04,harm
"In the scorching heat, the sow was left without water or shade.",0,sow,farmed,weather_04,harm
"In the scorching heat, the heifer was left without water or shade.",0,heifer,farmed,weather_04,harm
"In the scorching heat, the foal was left without water or shade.",0,foal,farmed,weather_04,harm
"In the scorching heat, the ram was left without water or shade.",0,ram,farmed,weather_04,harm
"In the scorching heat, the capon was left without water or shade.",0,capon,farmed,weather_04,harm
"In the scorching heat, the steer was left without water or shade.",0,steer,farmed,weather_04,harm
"In the scorching heat, the bullock was left without water or shade.",0,bullock,farmed,weather_04,harm
"In the scorching heat, the ewe was left without water or shade.",0,ewe,farmed,weather_04,harm
"In the scorching heat, the wether was left without water or shade.",0,wether,farmed,weather_04,harm
"In the scorching heat, the gander was left without water or shade.",0,gander,farmed,weather_04,harm
"In the scorching heat, the drake was left without water or shade.",0,drake,farmed,weather_04,harm
"In the scorching heat, the gosling was left without water or shade.",0,gosling,farmed,weather_04,harm
"In the scorching heat, the duckling was left without water or shade.",0,duckling,farmed,weather_04,harm
"In the scorching heat, the chick was left without water or shade.",0,chick,farmed,weather_04,harm
"In the scorching heat, the cockerel was left without water or shade.",0,cockerel,farmed,weather_04,harm
"In the scorching heat, the pullet was left without water or shade.",0,pullet,farmed,weather_04,harm
"In the scorching heat, the yearling was left without water or shade.",0,yearling,farmed,weather_04,harm
"In the scorching heat, the shoat was left without water or shade.",0,shoat,farmed,weather_04,harm
"In the scorching heat, the gilt was left without water or shade.",0,gilt,farmed,weather_04,harm
"In the scorching heat, the pony was left without water or shade.",0,pony,farmed,weather_04,harm
"In the scorching heat, the mare was left without water or shade.",0,mare,farmed,weather_04,harm
"In the scorching heat, the colt was left without water or shade.",0,colt,farmed,weather_04,harm
"In the scorching heat, the alpaca was left without water or shade.",0,alpaca,farmed,weather_04,harm
"In the scorching heat, the stallion was left without water or shade.",0,stallion,farmed,weather_04,harm
The sudden hailstorm caught the man in the open pasture.,1,man,human,weather_05,harm
The sudden hailstorm caught the woman in the open pasture.,1,woman,human,weather_05,harm
The sudden hailstorm caught the child in the open pasture.,1,child,human,weather_05,harm
The sudden hailstorm caught the boy in the open pasture.,1,boy,human,weather_05,harm
The sudden hailstorm caught the girl in the open pasture.,1,girl,human,weather_05,harm
The sudden hailstorm caught the farmer in the open pasture.,1,farmer,human,weather_05,harm
The sudden hailstorm caught the nurse in the open pasture.,1,nurse,human,weather_05,harm
The sudden hailstorm caught the teacher in the open pasture.,1,teacher,human,weather_05,harm
The sudden hailstorm caught the doctor in the open pasture.,1,doctor,human,weather_05,harm
The sudden hailstorm caught the student in the open pasture.,1,student,human,weather_05,harm
The sudden hailstorm caught the soldier in the open pasture.,1,soldier,human,weather_05,harm
The sudden hailstorm caught the hiker in the open pasture.,1,hiker,human,weather_05,harm
The sudden hailstorm caught the shepherd in the open pasture.,1,shepherd,human,weather_05,harm
The sudden hailstorm caught the villager in the open pasture.,1,villager,human,weather_05,harm
The sudden hailstorm caught the fisherman in the open pasture.,1,fisherman,human,weather_05,harm
The sudden hailstorm caught the carpenter in the open pasture.,1,carpenter,human,weather_05,harm
The sudden hailstorm caught the toddler in the open pasture.,1,toddler,human,weather_05,harm
The sudden hailstorm caught the grandmother in the open pasture.,1,grandmother,human,weather_05,harm
The sudden hailstorm caught the grandfather in the open pasture.,1,grandfather,human,weather_05,harm
The sudden hailstorm caught the worker in the open pasture.,1,worker,human,weather_05,harm
The sudden hailstorm caught the baker in the open pasture.,1,baker,human,weather_05,harm
The sudden hailstorm caught the tailor in the open pasture.,1,tailor,human,weather_05,harm
The sudden hailstorm caught the plumber in the open pasture.,1,plumber,human,weather_05,harm
The sudden hailstorm caught the sailor in the open pasture.,1,sailor,human,weather_05,harm
The sudden hailstorm caught the painter in the open pasture.,1,painter,human,weather_05,harm
The sudden hailstorm caught the banker in the open pasture.,1,banker,human,weather_05,harm
The sudden hailstorm caught the lawyer in the open pasture.,1,lawyer,human,weather_05,harm
The sudden hailstorm caught the priest in the open pasture.,1,priest,human,weather_05,harm
The sudden hailstorm caught the mayor in the open pasture.,1,mayor,human,weather_05,harm
The sudden hailstorm caught the clerk in the open pasture.,1,clerk,human,weather_05,harm
The sudden hailstorm caught the chef in the open pasture.,1,chef,human,weather_05,harm
The sudden hailstorm caught the pilot in the open pasture.,1,pilot,human,weather_05,harm
The sudden hailstorm caught the miner in the open pasture.,1,miner,human,weather_05,harm
The sudden hailstorm caught the mason in the open pasture.,1,mason,human,weather_05,harm
The sudden hailstorm caught the traveler in the open pasture.,1,traveler,human,weather_05,harm
The sudden hailstorm caught the stranger in the open pasture.,1,stranger,human,weather_05,harm
The sudden hailstorm caught the infant in the open pasture.,1,infant,human,weather_05,harm
The sudden hailstorm caught the widow in the open pasture.,1,widow,human,weather_05,harm
The sudden hailstorm caught the uncle in the open pasture.,1,uncle,human,weather_05,harm
The sudden hailstorm caught the aunt in the open pasture.,1,aunt,human,weather_05,harm
The sudden hailstorm caught the pig in the open pasture.,0,pig,farmed,weather_05,harm
The sudden hailstorm caught the cow in the open pasture.,0,cow,farmed,weather_05,harm
The sudden hailstorm caught the chicken in the open pasture.,0,chicken,farmed,weather_05,harm
The sudden hailstorm caught the goat in the open pasture.,0,goat,farmed,weather_05,harm
The sudden hailstorm caught the sheep in the open pasture.,0,sheep,farmed,weather_05,harm
The sudden hailstorm caught the duck in the open pasture.,0,duck,farmed,weather_05,harm
The sudden hailstorm caught the turkey in the open pasture.,0,turkey,farmed,weather_05,harm
The sudden hailstorm caught the hen in the open pasture.,0,hen,farmed,weather_05,harm
The sudden hailstorm caught the rooster in the open pasture.,0,rooster,farmed,weather_05,harm
The sudden hailstorm caught the calf in the open pasture.,0,calf,farmed,weather_05,harm
The sudden hailstorm caught the lamb in the open pasture.,0,lamb,farmed,weather_05,harm
The sudden hailstorm caught the piglet in the open pasture.,0,piglet,farmed,weather_05,harm
The sudden hailstorm caught the ox in the open pasture.,0,ox,farmed,weather_05,harm
The sudden hailstorm caught the donkey in the open pasture.,0,donkey,farmed,weather_05,harm
The sudden hailstorm caught the mule in the open pasture.,0,mule,farmed,weather_05,harm
The sudden hailstorm caught the goose in the open pasture.,0,goose,farmed,weather_05,harm
The sudden hailstorm caught the sow in the open pasture.,0,sow,farmed,weather_05,harm
The sudden hailstorm caught the heifer in the open pasture.,0,heifer,farmed,weather_05,harm
The sudden hailstorm caught the foal in the open pasture.,0,foal,farmed,weather_05,harm
The sudden hailstorm caught the ram in the open pasture.,0,ram,farmed,weather_05,harm
The sudden hailstorm caught the capon in the open pasture.,0,capon,farmed,weather_05,harm
The sudden hailstorm caught the steer in the open pasture.,0,steer,farmed,weather_05,harm
The sudden hailstorm caught the bullock in the open pasture.,0,bullock,farmed,weather_05,harm
The sudden hailstorm caught the ewe in the open pasture.,0,ewe,farmed,weather_05,harm
The sudden hailstorm caught the wether in the open pasture.,0,wether,farmed,weather_05,harm
The sudden hailstorm caught the gander in the open pasture.,0,gander,farmed,weather_05,harm
The sudden hailstorm caught the drake in the open pasture.,0,drake,farmed,weather_05,harm
The sudden hailstorm caught the gosling in the open pasture.,0,gosling,farmed,weather_05,harm
The sudden hailstorm caught the duckling in the open pasture.,0,duckling,farmed,weather_05,harm
The sudden hailstorm caught the chick in the open pasture.,0,chick,farmed,weather_05,harm
The sudden hailstorm caught the cockerel in the open pasture.,0,cockerel,farmed,weather_05,harm
The sudden hailstorm caught the pullet in the open pasture.,0,pullet,farmed,weather_05,harm
The sudden hailstorm caught the yearling in the open pasture.,0,yearling,farmed,weather_05,harm
The sudden hailstorm caught the shoat in the open pasture.,0,shoat,farmed,weather_05,harm
The sudden hailstorm caught the gilt in the open pasture.,0,gilt,farmed,weather_05,harm
The sudden hailstorm caught the pony in the open pasture.,0,pony,farmed,weather_05,harm
The sudden hailstorm caught the mare in the open pasture.,0,mare,farmed,weather_05,harm
The sudden hailstorm caught the colt in the open pasture.,0,colt,farmed,weather_05,harm
The sudden hailstorm caught the alpaca in the open pasture.,0,alpaca,farmed,weather_05,harm
The sudden hailstorm caught the stallion in the open pasture.,0,stallion,farmed,weather_05,harm
"By the third day of the cold snap, the man was too weak to seek shelter.",1,man,human,weather_06,harm
"By the third day of the cold snap, the woman was too weak to seek shelter.",1,woman,human,weather_06,harm
"By the third day of the cold snap, the child was too weak to seek shelter.",1,child,human,weather_06,harm
"By the third day of the cold snap, the boy was too weak to seek shelter.",1,boy,human,weather_06,harm
"By the third day of the cold snap, the girl was too weak to seek shelter.",1,girl,human,weather_06,harm
"By the third day of the cold snap, the farmer was too weak to seek shelter.",1,farmer,human,weather_06,harm
"By the third day of the cold snap, the nurse was too weak to seek shelter.",1,nurse,human,weather_06,harm
"By the third day of the cold snap, the teacher was too weak to seek shelter.",1,teacher,human,weather_06,harm
"By the third day of the cold snap, the doctor was too weak to seek shelter.",1,doctor,human,weather_06,harm
"By the third day of the cold snap, the student was too weak to seek shelter.",1,student,human,weather_06,harm
"By the third day of the cold snap, the soldier was too weak to seek shelter.",1,soldier,human,weather_06,harm
"By the third day of the cold snap, the hiker was too weak to seek shelter.",1,hiker,human,weather_06,harm
"By the third day of the cold snap, the shepherd was too weak to seek shelter.",1,shepherd,human,weather_06,harm
"By the third day of the cold snap, the villager was too weak to seek shelter.",1,villager,human,weather_06,harm
"By the third day of the cold snap, the fisherman was too weak to seek shelter.",1,fisherman,human,weather_06,harm
"By the third day of the cold snap, the carpenter was too weak to seek shelter.",1,carpenter,human,weather_06,harm
"By the third day of the cold snap, the toddler was too weak to seek shelter.",1,toddler,human,weather_06,harm
"By the third day of the cold snap, the grandmother was too weak to seek shelter.",1,grandmother,human,weather_06,harm
"By the third day of the cold snap, the grandfather was too weak to seek shelter.",1,grandfather,human,weather_06,harm
"By the third day of the cold snap, the worker was too weak to seek shelter.",1,worker,human,weather_06,harm
"By the third day of the cold snap, the baker was too weak to seek shelter.",1,baker,human,weather_06,harm
"By the third day of the cold snap, the tailor was too weak to seek shelter.",1,tailor,human,weather_06,harm
"By the third day of the cold snap, the plumber was too weak to seek shelter.",1,plumber,human,weather_06,harm
"By the third day of the cold snap, the sailor was too weak to seek shelter.",1,sailor,human,weather_06,harm
"By the third day of the cold snap, the painter was too weak to seek shelter.",1,painter,human,weather_06,harm
"By the third day of the cold snap, the banker was too weak to seek shelter.",1,banker,human,weather_06,harm
"By the third day of the cold snap, the lawyer was too weak to seek shelter.",1,lawyer,human,weather_06,harm
"By the third day of the cold snap, the priest was too weak to seek shelter.",1,priest,human,weather_06,harm
"By the third day of the cold snap, the mayor was too weak to seek shelter.",1,mayor,human,weather_06,harm
"By the third day of the cold snap, the clerk was too weak to seek shelter.",1,clerk,human,weather_06,harm
"By the third day of the cold snap, the chef was too weak to seek shelter.",1,chef,human,weather_06,harm
"By the third day of the cold snap, the pilot was too weak to seek shelter.",1,pilot,human,weather_06,harm
"By the third day of the cold snap, the miner was too weak to seek shelter.",1,miner,human,weather_06,harm
"By the third day of the cold snap, the mason was too weak to seek shelter.",1,mason,human,weather_06,harm
"By the third day of the cold snap, the traveler was too weak to seek shelter.",1,traveler,human,weather_06,harm
"By the third day of the cold snap, the stranger was too weak to seek shelter.",1,stranger,human,weather_06,harm
"By the third day of the cold snap, the infant was too weak to seek shelter.",1,infant,human,weather_06,harm
"By the third day of the cold snap, the widow was too weak to seek shelter.",1,widow,human,weather_06,harm
"By the third day of the cold snap, the uncle was too weak to seek shelter.",1,uncle,human,weather_06,harm
"By the third day of the cold snap, the aunt was too weak to seek shelter.",1,aunt,human,weather_06,harm
"By the third day of the cold snap, the pig was too weak to seek shelter.",0,pig,farmed,weather_06,harm
"By the third day of the cold snap, the cow was too weak to seek shelter.",0,cow,farmed,weather_06,harm
"By the third day of the cold snap, the chicken was too weak to seek shelter.",0,chicken,farmed,weather_06,harm
"By the third day of the cold snap, the goat was too weak to seek shelter.",0,goat,farmed,weather_06,harm
"By the third day of the cold snap, the sheep was too weak to seek shelter.",0,sheep,farmed,weather_06,harm
"By the third day of the cold snap, the duck was too weak to seek shelter.",0,duck,farmed,weather_06,harm
"By the third day of the cold snap, the turkey was too weak to seek shelter.",0,turkey,farmed,weather_06,harm
"By the third day of the cold snap, the hen was too weak to seek shelter.",0,hen,farmed,weather_06,harm
"By the third day of the cold snap, the rooster was too weak to seek shelter.",0,rooster,farmed,weather_06,harm
"By the third day of the cold snap, the calf was too weak to seek shelter.",0,calf,farmed,weather_06,harm
"By the third day of the cold snap, the lamb was too weak to seek shelter.",0,lamb,farmed,weather_06,harm
"By the third day of the cold snap, the piglet was too weak to seek shelter.",0,piglet,farmed,weather_06,harm
"By the third day of the cold snap, the ox was too weak to seek shelter.",0,ox,farmed,weather_06,harm
"By the third day of the cold snap, the donkey was too weak to seek shelter.",0,donkey,farmed,weather_06,harm
"By the third day of the cold snap, the mule was too weak to seek shelter.",0,mule,farmed,weather_06,harm
"By the third day of the cold snap, the goose was too weak to seek shelter.",0,goose,farmed,weather_06,harm
"By the third day of the cold snap, the sow was too weak to seek shelter.",0,sow,farmed,weather_06,harm
"By the third day of the cold snap, the heifer was too weak to seek shelter.",0,heifer,farmed,weather_06,harm
"By the third day of the cold snap, the foal was too weak to seek shelter.",0,foal,farmed,weather_06,harm
"By the third day of the cold snap, the ram was too weak to seek shelter.",0,ram,farmed,weather_06,harm
"By the third day of the cold snap, the capon was too weak to seek shelter.",0,capon,farmed,weather_06,harm
"By the third day of the cold snap, the steer was too weak to seek shelter.",0,steer,farmed,weather_06,harm
"By the third day of the cold snap, the bullock was too weak to seek shelter.",0,bullock,farmed,weather_06,harm
"By the third day of the cold snap, the ewe was too weak to seek shelter.",0,ewe,farmed,weather_06,harm
"By the third day of the cold snap, the wether was too weak to seek shelter.",0,wether,farmed,weather_06,harm
"By the third day of the cold snap, the gander was too weak to seek shelter.",0,gander,farmed,weather_06,harm
"By the third day of the cold snap, the drake was too weak to seek shelter.",0,drake,farmed,weather_06,harm
"By the third day of the cold snap, the gosling was too weak to seek shelter.",0,gosling,farmed,weather_06,harm
"By the third day of the cold snap, the duckling was too weak to seek shelter.",0,duckling,farmed,weather_06,harm
"By the third day of the cold snap, the chick was too weak to seek shelter.",0,chick,farmed,weather_06,harm
"By the third day of the cold snap, the cockerel was too weak to seek shelter.",0,cockerel,farmed,weather_06,harm
"By the third day of the cold snap, the pullet was too weak to seek shelter.",0,pullet,farmed,weather_06,harm
"By the third day of the cold snap, the yearling was too weak to seek shelter.",0,yearling,farmed,weather_06,harm
"By the third day of the cold snap, the shoat was too weak to seek shelter.",0,shoat,farmed,weather_06,harm
"By the third day of the cold snap, the gilt was too weak to seek shelter.",0,gilt,farmed,weather_06,harm
"By the third day of the cold snap, the pony was too weak to seek shelter.",0,pony,farmed,weather_06,harm
"By the third day of the cold snap, the mare was too weak to seek shelter.",0,mare,farmed,weather_06,harm
"By the third day of the cold snap, the colt was too weak to seek shelter.",0,colt,farmed,weather_06,harm
"By the third day of the cold snap, the alpaca was too weak to seek shelter.",0,alpaca,farmed,weather_06,harm
"By the third day of the cold snap, the stallion was too weak to seek shelter.",0,stallion,farmed,weather_06,harm
"After weeks without proper food, the man had grown weak and thin.",1,man,human,neglect_01,harm
"After weeks without proper food, the woman had grown weak and thin.",1,woman,human,neglect_01,harm
"After weeks without proper food, the child had grown weak and thin.",1,child,human,neglect_01,harm
"After weeks without proper food, the boy had grown weak and thin.",1,boy,human,neglect_01,harm
"After weeks without proper food, the girl had grown weak and thin.",1,girl,human,neglect_01,harm
"After weeks without proper food, the farmer had grown weak and thin.",1,farmer,human,neglect_01,harm
"After weeks without proper food, the nurse had grown weak and thin.",1,nurse,human,neglect_01,harm
"After weeks without proper food, the teacher had grown weak and thin.",1,teacher,human,neglect_01,harm
"After weeks without proper food, the doctor had grown weak and thin.",1,doctor,human,neglect_01,harm
"After weeks without proper food, the student had grown weak and thin.",1,student,human,neglect_01,harm
"After weeks without proper food, the soldier had grown weak and thin.",1,soldier,human,neglect_01,harm
"After weeks without proper food, the hiker had grown weak and thin.",1,hiker,human,neglect_01,harm
"After weeks without proper food, the shepherd had grown weak and thin.",1,shepherd,human,neglect_01,harm
"After weeks without proper food, the villager had grown weak and thin.",1,villager,human,neglect_01,harm
"After weeks without proper food, the fisherman had grown weak and thin.",1,fisherman,human,neglect_01,harm
"After weeks without proper food, the carpenter had grown weak and thin.",1,carpenter,human,neglect_01,harm
"After weeks without proper food, the toddler had grown weak and thin.",1,toddler,human,neglect_01,harm
"After weeks without proper food, the grandmother had grown weak and thin.",1,grandmother,human,neglect_01,harm
"After weeks without proper food, the grandfather had grown weak and thin.",1,grandfather,human,neglect_01,harm
"After weeks without proper food, the worker had grown weak and thin.",1,worker,human,neglect_01,harm
"After weeks without proper food, the baker had grown weak and thin.",1,baker,human,neglect_01,harm
"After weeks without proper food, the tailor had grown weak and thin.",1,tailor,human,neglect_01,harm
"After weeks without proper food, the plumber had grown weak and thin.",1,plumber,human,neglect_01,harm
"After weeks without proper food, the sailor had grown weak and thin.",1,sailor,human,neglect_01,harm
"After weeks without proper food, the painter had grown weak and thin.",1,painter,human,neglect_01,harm
"After weeks without proper food, the banker had grown weak and thin.",1,banker,human,neglect_01,harm
"After weeks without proper food, the lawyer had grown weak and thin.",1,lawyer,human,neglect_01,harm
"After weeks without proper food, the priest had grown weak and thin.",1,priest,human,neglect_01,harm
"After weeks without proper food, the mayor had grown weak and thin.",1,mayor,human,neglect_01,harm
"After weeks without proper food, the clerk had grown weak and thin.",1,clerk,human,neglect_01,harm
"After weeks without proper food, the chef had grown weak and thin.",1,chef,human,neglect_01,harm
"After weeks without proper food, the pilot had grown weak and thin.",1,pilot,human,neglect_01,harm
"After weeks without proper food, the miner had grown weak and thin.",1,miner,human,neglect_01,harm
"After weeks without proper food, the mason had grown weak and thin.",1,mason,human,neglect_01,harm
"After weeks without proper food, the traveler had grown weak and thin.",1,traveler,human,neglect_01,harm
"After weeks without proper food, the stranger had grown weak and thin.",1,stranger,human,neglect_01,harm
"After weeks without proper food, the infant had grown weak and thin.",1,infant,human,neglect_01,harm
"After weeks without proper food, the widow had grown weak and thin.",1,widow,human,neglect_01,harm
"After weeks without proper food, the uncle had grown weak and thin.",1,uncle,human,neglect_01,harm
"After weeks without proper food, the aunt had grown weak and thin.",1,aunt,human,neglect_01,harm
"After weeks without proper food, the pig had grown weak and thin.",0,pig,farmed,neglect_01,harm
"After weeks without proper food, the cow had grown weak and thin.",0,cow,farmed,neglect_01,harm
"After weeks without proper food, the chicken had grown weak and thin.",0,chicken,farmed,neglect_01,harm
"After weeks without proper food, the goat had grown weak and thin.",0,goat,farmed,neglect_01,harm
"After weeks without proper food, the sheep had grown weak and thin.",0,sheep,farmed,neglect_01,harm
"After weeks without proper food, the duck had grown weak and thin.",0,duck,farmed,neglect_01,harm
"After weeks without proper food, the turkey had grown weak and thin.",0,turkey,farmed,neglect_01,harm
"After weeks without proper food, the hen had grown weak and thin.",0,hen,farmed,neglect_01,harm
"After weeks without proper food, the rooster had grown weak and thin.",0,rooster,farmed,neglect_01,harm
"After weeks without proper food, the calf had grown weak and thin.",0,calf,farmed,neglect_01,harm
"After weeks without proper food, the lamb had grown weak and thin.",0,lamb,farmed,neglect_01,harm
"After weeks without proper food, the piglet had grown weak and thin.",0,piglet,farmed,neglect_01,harm
"After weeks without proper food, the ox had grown weak and thin.",0,ox,farmed,neglect_01,harm
"After weeks without proper food, the donkey had grown weak and thin.",0,donkey,farmed,neglect_01,harm
"After weeks without proper food, the mule had grown weak and thin.",0,mule,farmed,neglect_01,harm
"After weeks without proper food, the goose had grown weak and thin.",0,goose,farmed,neglect_01,harm
"After weeks without proper food, the sow had grown weak and thin.",0,sow,farmed,neglect_01,harm
"After weeks without proper food, the heifer had grown weak and thin.",0,heifer,farmed,neglect_01,harm
"After weeks without proper food, the foal had grown weak and thin.",0,foal,farmed,neglect_01,harm
"After weeks without proper food, the ram had grown weak and thin.",0,ram,farmed,neglect_01,harm
"After weeks without proper food, the capon had grown weak and thin.",0,capon,farmed,neglect_01,harm
"After weeks without proper food, the steer had grown weak and thin.",0,steer,farmed,neglect_01,harm
"After weeks without proper food, the bullock had grown weak and thin.",0,bullock,farmed,neglect_01,harm
"After weeks without proper food, the ewe had grown weak and thin.",0,ewe,farmed,neglect_01,harm
"After weeks without proper food, the wether had grown weak and thin.",0,wether,farmed,neglect_01,harm
"After weeks without proper food, the gander had grown weak and thin.",0,gander,farmed,neglect_01,harm
"After weeks without proper food, the drake had grown weak and thin.",0,drake,farmed,neglect_01,harm
"After weeks without proper food, the gosling had grown weak and thin.",0,gosling,farmed,neglect_01,harm
"After weeks without proper food, the duckling had grown weak and thin.",0,duckling,farmed,neglect_01,harm
"After weeks without proper food, the chick had grown weak and thin.",0,chick,farmed,neglect_01,harm
"After weeks without proper food, the cockerel had grown weak and thin.",0,cockerel,farmed,neglect_01,harm
"After weeks without proper food, the pullet had grown weak and thin.",0,pullet,farmed,neglect_01,harm
"After weeks without proper food, the yearling had grown weak and thin.",0,yearling,farmed,neglect_01,harm
"After weeks without proper food, the shoat had grown weak and thin.",0,shoat,farmed,neglect_01,harm
"After weeks without proper food, the gilt had grown weak and thin.",0,gilt,farmed,neglect_01,harm
"After weeks without proper food, the pony had grown weak and thin.",0,pony,farmed,neglect_01,harm
"After weeks without proper food, the mare had grown weak and thin.",0,mare,farmed,neglect_01,harm
"After weeks without proper food, the colt had grown weak and thin.",0,colt,farmed,neglect_01,harm
"After weeks without proper food, the alpaca had grown weak and thin.",0,alpaca,farmed,neglect_01,harm
"After weeks without proper food, the stallion had grown weak and thin.",0,stallion,farmed,neglect_01,harm
"The caretaker forgot about the man, leaving no food or clean water for days.",1,man,human,neglect_02,harm
"The caretaker forgot about the woman, leaving no food or clean water for days.",1,woman,human,neglect_02,harm
"The caretaker forgot about the child, leaving no food or clean water for days.",1,child,human,neglect_02,harm
"The caretaker forgot about the boy, leaving no food or clean water for days.",1,boy,human,neglect_02,harm
"The caretaker forgot about the girl, leaving no food or clean water for days.",1,girl,human,neglect_02,harm
"The caretaker forgot about the farmer, leaving no food or clean water for days.",1,farmer,human,neglect_02,harm
"The caretaker forgot about the nurse, leaving no food or clean water for days.",1,nurse,human,neglect_02,harm
"The caretaker forgot about the teacher, leaving no food or clean water for days.",1,teacher,human,neglect_02,harm
"The caretaker forgot about the doctor, leaving no food or clean water for days.",1,doctor,human,neglect_02,harm
"The caretaker forgot about the student, leaving no food or clean water for days.",1,student,human,neglect_02,harm
"The caretaker forgot about the soldier, leaving no food or clean water for days.",1,soldier,human,neglect_02,harm
"The caretaker forgot about the hiker, leaving no food or clean water for days.",1,hiker,human,neglect_02,harm
"The caretaker forgot about the shepherd, leaving no food or clean water for days.",1,shepherd,human,neglect_02,harm
"The caretaker forgot about the villager, leaving no food or clean water for days.",1,villager,human,neglect_02,harm
"The caretaker forgot about the fisherman, leaving no food or clean water for days.",1,fisherman,human,neglect_02,harm
"The caretaker forgot about the carpenter, leaving no food or clean water for days.",1,carpenter,human,neglect_02,harm
"The caretaker forgot about the toddler, leaving no food or clean water for days.",1,toddler,human,neglect_02,harm
"The caretaker forgot about the grandmother, leaving no food or clean water for days.",1,grandmother,human,neglect_02,harm
"The caretaker forgot about the grandfather, leaving no food or clean water for days.",1,grandfather,human,neglect_02,harm
"The caretaker forgot about the worker, leaving no food or clean water for days.",1,worker,human,neglect_02,harm
"The caretaker forgot about the baker, leaving no food or clean water for days.",1,baker,human,neglect_02,harm
"The caretaker forgot about the tailor, leaving no food or clean water for days.",1,tailor,human,neglect_02,harm
"The caretaker forgot about the plumber, leaving no food or clean water for days.",1,plumber,human,neglect_02,harm
"The caretaker forgot about the sailor, leaving no food or clean water for days.",1,sailor,human,neglect_02,harm
"The caretaker forgot about the painter, leaving no food or clean water for days.",1,painter,human,neglect_02,harm
"The caretaker forgot about the banker, leaving no food or clean water for days.",1,banker,human,neglect_02,harm
"The caretaker forgot about the lawyer, leaving no food or clean water for days.",1,lawyer,human,neglect_02,harm
"The caretaker forgot about the priest, leaving no food or clean water for days.",1,priest,human,neglect_02,harm
"The caretaker forgot about the mayor, leaving no food or clean water for days.",1,mayor,human,neglect_02,harm
"The caretaker forgot about the clerk, leaving no food or clean water for days.",1,clerk,human,neglect_02,harm
"The caretaker forgot about the chef, leaving no food or clean water for days.",1,chef,human,neglect_02,harm
"The caretaker forgot about the pilot, leaving no food or clean water for days.",1,pilot,human,neglect_02,harm
"The caretaker forgot about the miner, leaving no food or clean water for days.",1,miner,human,neglect_02,harm
"The caretaker forgot about the mason, leaving no food or clean water for days.",1,mason,human,neglect_02,harm
"The caretaker forgot about the traveler, leaving no food or clean water for days.",1,traveler,human,neglect_02,harm
"The caretaker forgot about the stranger, leaving no food or clean water for days.",1,stranger,human,neglect_02,harm
"The caretaker forgot about the infant, leaving no food or clean water for days.",1,infant,human,neglect_02,harm
"The caretaker forgot about the widow, leaving no food or clean water for days.",1,widow,human,neglect_02,harm
"The caretaker forgot about the uncle, leaving no food or clean water for days.",1,uncle,human,neglect_02,harm
"The caretaker forgot about the aunt, leaving no food or clean water for days.",1,aunt,human,neglect_02,harm
"The caretaker forgot about the pig, leaving no food or clean water for days.",0,pig,farmed,neglect_02,harm
"The caretaker forgot about the cow, leaving no food or clean water for days.",0,cow,farmed,neglect_02,harm
"The caretaker forgot about the chicken, leaving no food or clean water for days.",0,chicken,farmed,neglect_02,harm
"The caretaker forgot about the goat, leaving no food or clean water for days.",0,goat,farmed,neglect_02,harm
"The caretaker forgot about the sheep, leaving no food or clean water for days.",0,sheep,farmed,neglect_02,harm
"The caretaker forgot about the duck, leaving no food or clean water for days.",0,duck,farmed,neglect_02,harm
"The caretaker forgot about the turkey, leaving no food or clean water for days.",0,turkey,farmed,neglect_02,harm
"The caretaker forgot about the hen, leaving no food or clean water for days.",0,hen,farmed,neglect_02,harm
"The caretaker forgot about the rooster, leaving no food or clean water for days.",0,rooster,farmed,neglect_02,harm
"The caretaker forgot about the calf, leaving no food or clean water for days.",0,calf,farmed,neglect_02,harm
"The caretaker forgot about the lamb, leaving no food or clean water for days.",0,lamb,farmed,neglect_02,harm
"The caretaker forgot about the piglet, leaving no food or clean water for days.",0,piglet,farmed,neglect_02,harm
"The caretaker forgot about the ox, leaving no food or clean water for days.",0,ox,farmed,neglect_02,harm
"The caretaker forgot about the donkey, leaving no food or clean water for days.",0,donkey,farmed,neglect_02,harm
"The caretaker forgot about the mule, leaving no food or clean water for days.",0,mule,farmed,neglect_02,harm
"The caretaker forgot about the goose, leaving no food or clean water for days.",0,goose,farmed,neglect_02,harm
"The caretaker forgot about the sow, leaving no food or clean water for days.",0,sow,farmed,neglect_02,harm
"The caretaker forgot about the heifer, leaving no food or clean water for days.",0,heifer,farmed,neglect_02,harm
"The caretaker forgot about the foal, leaving no food or clean water for days.",0,foal,farmed,neglect_02,harm
"The caretaker forgot about the ram, leaving no food or clean water for days.",0,ram,farmed,neglect_02,harm
"The caretaker forgot about the capon, leaving no food or clean water for days.",0,capon,farmed,neglect_02,harm
"The caretaker forgot about the steer, leaving no food or clean water for days.",0,steer,farmed,neglect_02,harm
"The caretaker forgot about the bullock, leaving no food or clean water for days.",0,bullock,farmed,neglect_02,harm
"The caretaker forgot about the ewe, leaving no food or clean water for days.",0,ewe,farmed,neglect_02,harm
"The caretaker forgot about the wether, leaving no food or clean water for days.",0,wether,farmed,neglect_02,harm
"The caretaker forgot about the gander, leaving no food or clean water for days.",0,gander,farmed,neglect_02,harm
"The caretaker forgot about the drake, leaving no food or clean water for days.",0,drake,farmed,neglect_02,harm
"The caretaker forgot about the gosling, leaving no food or clean water for days.",0,gosling,farmed,neglect_02,harm
"The caretaker forgot about the duckling, leaving no food or clean water for days.",0,duckling,farmed,neglect_02,harm
"The caretaker forgot about the chick, leaving no food or clean water for days.",0,chick,farmed,neglect_02,harm
"The caretaker forgot about the cockerel, leaving no food or clean water for days.",0,cockerel,farmed,neglect_02,harm
"The caretaker forgot about the pullet, leaving no food or clean water for days.",0,pullet,farmed,neglect_02,harm
"The caretaker forgot about the yearling, leaving no food or clean water for days.",0,yearling,farmed,neglect_02,harm
"The caretaker forgot about the shoat, leaving no food or clean water for days.",0,shoat,farmed,neglect_02,harm
"The caretaker forgot about the gilt, leaving no food or clean water for days.",0,gilt,farmed,neglect_02,harm
"The caretaker forgot about the pony, leaving no food or clean water for days.",0,pony,farmed,neglect_02,harm
"The caretaker forgot about the mare, leaving no food or clean water for days.",0,mare,farmed,neglect_02,harm
"The caretaker forgot about the colt, leaving no food or clean water for days.",0,colt,farmed,neglect_02,harm
"The caretaker forgot about the alpaca, leaving no food or clean water for days.",0,alpaca,farmed,neglect_02,harm
"The caretaker forgot about the stallion, leaving no food or clean water for days.",0,stallion,farmed,neglect_02,harm
"Locked in the small enclosure, the man was given barely enough to survive.",1,man,human,neglect_03,harm
"Locked in the small enclosure, the woman was given barely enough to survive.",1,woman,human,neglect_03,harm
"Locked in the small enclosure, the child was given barely enough to survive.",1,child,human,neglect_03,harm
"Locked in the small enclosure, the boy was given barely enough to survive.",1,boy,human,neglect_03,harm
"Locked in the small enclosure, the girl was given barely enough to survive.",1,girl,human,neglect_03,harm
"Locked in the small enclosure, the farmer was given barely enough to survive.",1,farmer,human,neglect_03,harm
"Locked in the small enclosure, the nurse was given barely enough to survive.",1,nurse,human,neglect_03,harm
"Locked in the small enclosure, the teacher was given barely enough to survive.",1,teacher,human,neglect_03,harm
"Locked in the small enclosure, the doctor was given barely enough to survive.",1,doctor,human,neglect_03,harm
"Locked in the small enclosure, the student was given barely enough to survive.",1,student,human,neglect_03,harm
"Locked in the small enclosure, the soldier was given barely enough to survive.",1,soldier,human,neglect_03,harm
"Locked in the small enclosure, the hiker was given barely enough to survive.",1,hiker,human,neglect_03,harm
"Locked in the small enclosure, the shepherd was given barely enough to survive.",1,shepherd,human,neglect_03,harm
"Locked in the small enclosure, the villager was given barely enough to survive.",1,villager,human,neglect_03,harm
"Locked in the small enclosure, the fisherman was given barely enough to survive.",1,fisherman,human,neglect_03,harm
"Locked in the small enclosure, the carpenter was given barely enough to survive.",1,carpenter,human,neglect_03,harm
"Locked in the small enclosure, the toddler was given barely enough to survive.",1,toddler,human,neglect_03,harm
"Locked in the small enclosure, the grandmother was given barely enough to survive.",1,grandmother,human,neglect_03,harm
"Locked in the small enclosure, the grandfather was given barely enough to survive.",1,grandfather,human,neglect_03,harm
"Locked in the small enclosure, the worker was given barely enough to survive.",1,worker,human,neglect_03,harm
"Locked in the small enclosure, the baker was given barely enough to survive.",1,baker,human,neglect_03,harm
"Locked in the small enclosure, the tailor was given barely enough to survive.",1,tailor,human,neglect_03,harm
"Locked in the small enclosure, the plumber was given barely enough to survive.",1,plumber,human,neglect_03,harm
"Locked in the small enclosure, the sailor was given barely enough to survive.",1,sailor,human,neglect_03,harm
"Locked in the small enclosure, the painter was given barely enough to survive.",1,painter,human,neglect_03,harm
"Locked in the small enclosure, the banker was given barely enough to survive.",1,banker,human,neglect_03,harm
"Locked in the small enclosure, the lawyer was given barely enough to survive.",1,lawyer,human,neglect_03,harm
"Locked in the small enclosure, the priest was given barely enough to survive.",1,priest,human,neglect_03,harm
"Locked in the small enclosure, the mayor was given barely enough to survive.",1,mayor,human,neglect_03,harm
"Locked in the small enclosure, the clerk was given barely enough to survive.",1,clerk,human,neglect_03,harm
"Locked in the small enclosure, the chef was given barely enough to survive.",1,chef,human,neglect_03,harm
"Locked in the small enclosure, the pilot was given barely enough to survive.",1,pilot,human,neglect_03,harm
"Locked in the small enclosure, the miner was given barely enough to survive.",1,miner,human,neglect_03,harm
"Locked in the small enclosure, the mason was given barely enough to survive.",1,mason,human,neglect_03,harm
"Locked in the small enclosure, the traveler was given barely enough to survive.",1,traveler,human,neglect_03,harm
"Locked in the small enclosure, the stranger was given barely enough to survive.",1,stranger,human,neglect_03,harm
"Locked in the small enclosure, the infant was given barely enough to survive.",1,infant,human,neglect_03,harm
"Locked in the small enclosure, the widow was given barely enough to survive.",1,widow,human,neglect_03,harm
"Locked in the small enclosure, the uncle was given barely enough to survive.",1,uncle,human,neglect_03,harm
"Locked in the small enclosure, the aunt was given barely enough to survive.",1,aunt,human,neglect_03,harm
"Locked in the small enclosure, the pig was given barely enough to survive.",0,pig,farmed,neglect_03,harm
"Locked in the small enclosure, the cow was given barely enough to survive.",0,cow,farmed,neglect_03,harm
"Locked in the small enclosure, the chicken was given barely enough to survive.",0,chicken,farmed,neglect_03,harm
"Locked in the small enclosure, the goat was given barely enough to survive.",0,goat,farmed,neglect_03,harm
"Locked in the small enclosure, the sheep was given barely enough to survive.",0,sheep,farmed,neglect_03,harm
"Locked in the small enclosure, the duck was given barely enough to survive.",0,duck,farmed,neglect_03,harm
"Locked in the small enclosure, the turkey was given barely enough to survive.",0,turkey,farmed,neglect_03,harm
"Locked in the small enclosure, the hen was given barely enough to survive.",0,hen,farmed,neglect_03,harm
"Locked in the small enclosure, the rooster was given barely enough to survive.",0,rooster,farmed,neglect_03,harm
"Locked in the small enclosure, the calf was given barely enough to survive.",0,calf,farmed,neglect_03,harm
"Locked in the small enclosure, the lamb was given barely enough to survive.",0,lamb,farmed,neglect_03,harm
"Locked in the small enclosure, the piglet was given barely enough to survive.",0,piglet,farmed,neglect_03,harm
"Locked in the small enclosure, the ox was given barely enough to survive.",0,ox,farmed,neglect_03,harm
"Locked in the small enclosure, the donkey was given barely enough to survive.",0,donkey,farmed,neglect_03,harm
"Locked in the small enclosure, the mule was given barely enough to survive.",0,mule,farmed,neglect_03,harm
"Locked in the small enclosure, the goose was given barely enough to survive.",0,goose,farmed,neglect_03,harm
"Locked in the small enclosure, the sow was given barely enough to survive.",0,sow,farmed,neglect_03,harm
"Locked in the small enclosure, the heifer was given barely enough to survive.",0,heifer,farmed,neglect_03,harm
"Locked in the small enclosure, the foal was given barely enough to survive.",0,foal,farmed,neglect_03,harm
"Locked in the small enclosure, the ram was given barely enough to survive.",0,ram,farmed,neglect_03,harm
"Locked in the small enclosure, the capon was given barely enough to survive.",0,capon,farmed,neglect_03,harm
"Locked in the small enclosure, the steer was given barely enough to survive.",0,steer,farmed,neglect_03,harm
"Locked in the small enclosure, the bullock was given barely enough to survive.",0,bullock,farmed,neglect_03,harm
"Locked in the small enclosure, the ewe was given barely enough to survive.",0,ewe,farmed,neglect_03,harm
"Locked in the small enclosure, the wether was given barely enough to survive.",0,wether,farmed,neglect_03,harm
"Locked in the small enclosure, the gander was given barely enough to survive.",0,gander,farmed,neglect_03,harm
"Locked in the small enclosure, the drake was given barely enough to survive.",0,drake,farmed,neglect_03,harm
"Locked in the small enclosure, the gosling was given barely enough to survive.",0,gosling,farmed,neglect_03,harm
"Locked in the small enclosure, the duckling was given barely enough to survive.",0,duckling,farmed,neglect_03,harm
"Locked in the small enclosure, the chick was given barely enough to survive.",0,chick,farmed,neglect_03,harm
"Locked in the small enclosure, the cockerel was given barely enough to survive.",0,cockerel,farmed,neglect_03,harm
"Locked in the small enclosure, the pullet was given barely enough to survive.",0,pullet,farmed,neglect_03,harm
"Locked in the small enclosure, the yearling was given barely enough to survive.",0,yearling,farmed,neglect_03,harm
"Locked in the small enclosure, the shoat was given barely enough to survive.",0,shoat,farmed,neglect_03,harm
"Locked in the small enclosure, the gilt was given barely enough to survive.",0,gilt,farmed,neglect_03,harm
"Locked in the small enclosure, the pony was given barely enough to survive.",0,pony,farmed,neglect_03,harm
"Locked in the small enclosure, the mare was given barely enough to survive.",0,mare,farmed,neglect_03,harm
"Locked in the small enclosure, the colt was given barely enough to survive.",0,colt,farmed,neglect_03,harm
"Locked in the small enclosure, the alpaca was given barely enough to survive.",0,alpaca,farmed,neglect_03,harm
"Locked in the small enclosure, the stallion was given barely enough to survive.",0,stallion,farmed,neglect_03,harm
Months of neglect left the man malnourished and visibly suffering.,1,man,human,neglect_04,harm
Months of neglect left the woman malnourished and visibly suffering.,1,woman,human,neglect_04,harm
Months of neglect left the child malnourished and visibly suffering.,1,child,human,neglect_04,harm
Months of neglect left the boy malnourished and visibly suffering.,1,boy,human,neglect_04,harm
Months of neglect left the girl malnourished and visibly suffering.,1,girl,human,neglect_04,harm
Months of neglect left the farmer malnourished and visibly suffering.,1,farmer,human,neglect_04,harm
Months of neglect left the nurse malnourished and visibly suffering.,1,nurse,human,neglect_04,harm
Months of neglect left the teacher malnourished and visibly suffering.,1,teacher,human,neglect_04,harm
Months of neglect left the doctor malnourished and visibly suffering.,1,doctor,human,neglect_04,harm
Months of neglect left the student malnourished and visibly suffering.,1,student,human,neglect_04,harm
Months of neglect left the soldier malnourished and visibly suffering.,1,soldier,human,neglect_04,harm
Months of neglect left the hiker malnourished and visibly suffering.,1,hiker,human,neglect_04,harm
Months of neglect left the shepherd malnourished and visibly suffering.,1,shepherd,human,neglect_04,harm
Months of neglect left the villager malnourished and visibly suffering.,1,villager,human,neglect_04,harm
Months of neglect left the fisherman malnourished and visibly suffering.,1,fisherman,human,neglect_04,harm
Months of neglect left the carpenter malnourished and visibly suffering.,1,carpenter,human,neglect_04,harm
Months of neglect left the toddler malnourished and visibly suffering.,1,toddler,human,neglect_04,harm
Months of neglect left the grandmother malnourished and visibly suffering.,1,grandmother,human,neglect_04,harm
Months of neglect left the grandfather malnourished and visibly suffering.,1,grandfather,human,neglect_04,harm
Months of neglect left the worker malnourished and visibly suffering.,1,worker,human,neglect_04,harm
Months of neglect left the baker malnourished and visibly suffering.,1,baker,human,neglect_04,harm
Months of neglect left the tailor malnourished and visibly suffering.,1,tailor,human,neglect_04,harm
Months of neglect left the plumber malnourished and visibly suffering.,1,plumber,human,neglect_04,harm
Months of neglect left the sailor malnourished and visibly suffering.,1,sailor,human,neglect_04,harm
Months of neglect left the painter malnourished and visibly suffering.,1,painter,human,neglect_04,harm
Months of neglect left the banker malnourished and visibly suffering.,1,banker,human,neglect_04,harm
Months of neglect left the lawyer malnourished and visibly suffering.,1,lawyer,human,neglect_04,harm
Months of neglect left the priest malnourished and visibly suffering.,1,priest,human,neglect_04,harm
Months of neglect left the mayor malnourished and visibly suffering.,1,mayor,human,neglect_04,harm
Months of neglect left the clerk malnourished and visibly suffering.,1,clerk,human,neglect_04,harm
Months of neglect left the chef malnourished and visibly suffering.,1,chef,human,neglect_04,harm
Months of neglect left the pilot malnourished and visibly suffering.,1,pilot,human,neglect_04,harm
Months of neglect left the miner malnourished and visibly suffering.,1,miner,human,neglect_04,harm
Months of neglect left the mason malnourished and visibly suffering.,1,mason,human,neglect_04,harm
Months of neglect left the traveler malnourished and visibly suffering.,1,traveler,human,neglect_04,harm
Months of neglect left the stranger malnourished and visibly suffering.,1,stranger,human,neglect_04,harm
Months of neglect left the infant malnourished and visibly suffering.,1,infant,human,neglect_04,harm
Months of neglect left the widow malnourished and visibly suffering.,1,widow,human,neglect_04,harm
Months of neglect left the uncle malnourished and visibly suffering.,1,uncle,human,neglect_04,harm
Months of neglect left the aunt malnourished and visibly suffering.,1,aunt,human,neglect_04,harm
Months of neglect left the pig malnourished and visibly suffering.,0,pig,farmed,neglect_04,harm
Months of neglect left the cow malnourished and visibly suffering.,0,cow,farmed,neglect_04,harm
Months of neglect left the chicken malnourished and visibly suffering.,0,chicken,farmed,neglect_04,harm
Months of neglect left the goat malnourished and visibly suffering.,0,goat,farmed,neglect_04,harm
Months of neglect left the sheep malnourished and visibly suffering.,0,sheep,farmed,neglect_04,harm
Months of neglect left the duck malnourished and visibly suffering.,0,duck,farmed,neglect_04,harm
Months of neglect left the turkey malnourished and visibly suffering.,0,turkey,farmed,neglect_04,harm
Months of neglect left the hen malnourished and visibly suffering.,0,hen,farmed,neglect_04,harm
Months of neglect left the rooster malnourished and visibly suffering.,0,rooster,farmed,neglect_04,harm
Months of neglect left the calf malnourished and visibly suffering.,0,calf,farmed,neglect_04,harm
Months of neglect left the lamb malnourished and visibly suffering.,0,lamb,farmed,neglect_04,harm
Months of neglect left the piglet malnourished and visibly suffering.,0,piglet,farmed,neglect_04,harm
Months of neglect left the ox malnourished and visibly suffering.,0,ox,farmed,neglect_04,harm
Months of neglect left the donkey malnourished and visibly suffering.,0,donkey,farmed,neglect_04,harm
Months of neglect left the mule malnourished and visibly suffering.,0,mule,farmed,neglect_04,harm
Months of neglect left the goose malnourished and visibly suffering.,0,goose,farmed,neglect_04,harm
Months of neglect left the sow malnourished and visibly suffering.,0,sow,farmed,neglect_04,harm
Months of neglect left the heifer malnourished and visibly suffering.,0,heifer,farmed,neglect_04,harm
Months of neglect left the foal malnourished and visibly suffering.,0,foal,farmed,neglect_04,harm
Months of neglect left the ram malnourished and visibly suffering.,0,ram,farmed,neglect_04,harm
Months of neglect left the capon malnourished and visibly suffering.,0,capon,farmed,neglect_04,harm
Months of neglect left the steer malnourished and visibly suffering.,0,steer,farmed,neglect_04,harm
Months of neglect left the bullock malnourished and visibly suffering.,0,bullock,farmed,neglect_04,harm
Months of neglect left the ewe malnourished and visibly suffering.,0,ewe,farmed,neglect_04,harm
Months of neglect left the wether malnourished and visibly suffering.,0,wether,farmed,neglect_04,harm
Months of neglect left the gander malnourished and visibly suffering.,0,gander,farmed,neglect_04,harm
Months of neglect left the drake malnourished and visibly suffering.,0,drake,farmed,neglect_04,harm
Months of neglect left the gosling malnourished and visibly suffering.,0,gosling,farmed,neglect_04,harm
Months of neglect left the duckling malnourished and visibly suffering.,0,duckling,farmed,neglect_04,harm
Months of neglect left the chick malnourished and visibly suffering.,0,chick,farmed,neglect_04,harm
Months of neglect left the cockerel malnourished and visibly suffering.,0,cockerel,farmed,neglect_04,harm
Months of neglect left the pullet malnourished and visibly suffering.,0,pullet,farmed,neglect_04,harm
Months of neglect left the yearling malnourished and visibly suffering.,0,yearling,farmed,neglect_04,harm
Months of neglect left the shoat malnourished and visibly suffering.,0,shoat,farmed,neglect_04,harm
Months of neglect left the gilt malnourished and visibly suffering.,0,gilt,farmed,neglect_04,harm
Months of neglect left the pony malnourished and visibly suffering.,0,pony,farmed,neglect_04,harm
Months of neglect left the mare malnourished and visibly suffering.,0,mare,farmed,neglect_04,harm
Months of neglect left the colt malnourished and visibly suffering.,0,colt,farmed,neglect_04,harm
Months of neglect left the alpaca malnourished and visibly suffering.,0,alpaca,farmed,neglect_04,harm
Months of neglect left the stallion malnourished and visibly suffering.,0,stallion,farmed,neglect_04,harm
"With no water for two days, the man grew weaker by the hour.",1,man,human,neglect_05,harm
"With no water for two days, the woman grew weaker by the hour.",1,woman,human,neglect_05,harm
"With no water for two days, the child grew weaker by the hour.",1,child,human,neglect_05,harm
"With no water for two days, the boy grew weaker by the hour.",1,boy,human,neglect_05,harm
"With no water for two days, the girl grew weaker by the hour.",1,girl,human,neglect_05,harm
"With no water for two days, the farmer grew weaker by the hour.",1,farmer,human,neglect_05,harm
"With no water for two days, the nurse grew weaker by the hour.",1,nurse,human,neglect_05,harm
"With no water for two days, the teacher grew weaker by the hour.",1,teacher,human,neglect_05,harm
"With no water for two days, the doctor grew weaker by the hour.",1,doctor,human,neglect_05,harm
"With no water for two days, the student grew weaker by the hour.",1,student,human,neglect_05,harm
"With no water for two days, the soldier grew weaker by the hour.",1,soldier,human,neglect_05,harm
"With no water for two days, the hiker grew weaker by the hour.",1,hiker,human,neglect_05,harm
"With no water for two days, the shepherd grew weaker by the hour.",1,shepherd,human,neglect_05,harm
"With no water for two days, the villager grew weaker by the hour.",1,villager,human,neglect_05,harm
"With no water for two days, the fisherman grew weaker by the hour.",1,fisherman,human,neglect_05,harm
"With no water for two days, the carpenter grew weaker by the hour.",1,carpenter,human,neglect_05,harm
"With no water for two days, the toddler grew weaker by the hour.",1,toddler,human,neglect_05,harm
"With no water for two days, the grandmother grew weaker by the hour.",1,grandmother,human,neglect_05,harm
"With no water for two days, the grandfather grew weaker by the hour.",1,grandfather,human,neglect_05,harm
"With no water for two days, the worker grew weaker by the hour.",1,worker,human,neglect_05,harm
"With no water for two days, the baker grew weaker by the hour.",1,baker,human,neglect_05,harm
"With no water for two days, the tailor grew weaker by the hour.",1,tailor,human,neglect_05,harm
"With no water for two days, the plumber grew weaker by the hour.",1,plumber,human,neglect_05,harm
"With no water for two days, the sailor grew weaker by the hour.",1,sailor,human,neglect_05,harm
"With no water for two days, the painter grew weaker by the hour.",1,painter,human,neglect_05,harm
"With no water for two days, the banker grew weaker by the hour.",1,banker,human,neglect_05,harm
"With no water for two days, the lawyer grew weaker by the hour.",1,lawyer,human,neglect_05,harm
"With no water for two days, the priest grew weaker by the hour.",1,priest,human,neglect_05,harm
"With no water for two days, the mayor grew weaker by the hour.",1,mayor,human,neglect_05,harm
"With no water for two days, the clerk grew weaker by the hour.",1,clerk,human,neglect_05,harm
"With no water for two days, the chef grew weaker by the hour.",1,chef,human,neglect_05,harm
"With no water for two days, the pilot grew weaker by the hour.",1,pilot,human,neglect_05,harm
"With no water for two days, the miner grew weaker by the hour.",1,miner,human,neglect_05,harm
"With no water for two days, the mason grew weaker by the hour.",1,mason,human,neglect_05,harm
"With no water for two days, the traveler grew weaker by the hour.",1,traveler,human,neglect_05,harm
"With no water for two days, the stranger grew weaker by the hour.",1,stranger,human,neglect_05,harm
"With no water for two days, the infant grew weaker by the hour.",1,infant,human,neglect_05,harm
"With no water for two days, the widow grew weaker by the hour.",1,widow,human,neglect_05,harm
"With no water for two days, the uncle grew weaker by the hour.",1,uncle,human,neglect_05,harm
"With no water for two days, the aunt grew weaker by the hour.",1,aunt,human,neglect_05,harm
"With no water for two days, the pig grew weaker by the hour.",0,pig,farmed,neglect_05,harm
"With no water for two days, the cow grew weaker by the hour.",0,cow,farmed,neglect_05,harm
"With no water for two days, the chicken grew weaker by the hour.",0,chicken,farmed,neglect_05,harm
"With no water for two days, the goat grew weaker by the hour.",0,goat,farmed,neglect_05,harm
"With no water for two days, the sheep grew weaker by the hour.",0,sheep,farmed,neglect_05,harm
"With no water for two days, the duck grew weaker by the hour.",0,duck,farmed,neglect_05,harm
"With no water for two days, the turkey grew weaker by the hour.",0,turkey,farmed,neglect_05,harm
"With no water for two days, the hen grew weaker by the hour.",0,hen,farmed,neglect_05,harm
"With no water for two days, the rooster grew weaker by the hour.",0,rooster,farmed,neglect_05,harm
"With no water for two days, the calf grew weaker by the hour.",0,calf,farmed,neglect_05,harm
"With no water for two days, the lamb grew weaker by the hour.",0,lamb,farmed,neglect_05,harm
"With no water for two days, the piglet grew weaker by the hour.",0,piglet,farmed,neglect_05,harm
"With no water for two days, the ox grew weaker by the hour.",0,ox,farmed,neglect_05,harm
"With no water for two days, the donkey grew weaker by the hour.",0,donkey,farmed,neglect_05,harm
"With no water for two days, the mule grew weaker by the hour.",0,mule,farmed,neglect_05,harm
"With no water for two days, the goose grew weaker by the hour.",0,goose,farmed,neglect_05,harm
"With no water for two days, the sow grew weaker by the hour.",0,sow,farmed,neglect_05,harm
"With no water for two days, the heifer grew weaker by the hour.",0,heifer,farmed,neglect_05,harm
"With no water for two days, the foal grew weaker by the hour.",0,foal,farmed,neglect_05,harm
"With no water for two days, the ram grew weaker by the hour.",0,ram,farmed,neglect_05,harm
"With no water for two days, the capon grew weaker by the hour.",0,capon,farmed,neglect_05,harm
"With no water for two days, the steer grew weaker by the hour.",0,steer,farmed,neglect_05,harm
"With no water for two days, the bullock grew weaker by the hour.",0,bullock,farmed,neglect_05,harm
"With no water for two days, the ewe grew weaker by the hour.",0,ewe,farmed,neglect_05,harm
"With no water for two days, the wether grew weaker by the hour.",0,wether,farmed,neglect_05,harm
"With no water for two days, the gander grew weaker by the hour.",0,gander,farmed,neglect_05,harm
"With no water for two days, the drake grew weaker by the hour.",0,drake,farmed,neglect_05,harm
"With no water for two days, the gosling grew weaker by the hour.",0,gosling,farmed,neglect_05,harm
"With no water for two days, the duckling grew weaker by the hour.",0,duckling,farmed,neglect_05,harm
"With no water for two days, the chick grew weaker by the hour.",0,chick,farmed,neglect_05,harm
"With no water for two days, the cockerel grew weaker by the hour.",0,cockerel,farmed,neglect_05,harm
"With no water for two days, the pullet grew weaker by the hour.",0,pullet,farmed,neglect_05,harm
"With no water for two days, the yearling grew weaker by the hour.",0,yearling,farmed,neglect_05,harm
"With no water for two days, the shoat grew weaker by the hour.",0,shoat,farmed,neglect_05,harm
"With no water for two days, the gilt grew weaker by the hour.",0,gilt,farmed,neglect_05,harm
"With no water for two days, the pony grew weaker by the hour.",0,pony,farmed,neglect_05,harm
"With no water for two days, the mare grew weaker by the hour.",0,mare,farmed,neglect_05,harm
"With no water for two days, the colt grew weaker by the hour.",0,colt,farmed,neglect_05,harm
"With no water for two days, the alpaca grew weaker by the hour.",0,alpaca,farmed,neglect_05,harm
"With no water for two days, the stallion grew weaker by the hour.",0,stallion,farmed,neglect_05,harm
"The inspectors found the man starving in filthy, cramped conditions.",1,man,human,neglect_06,harm
"The inspectors found the woman starving in filthy, cramped conditions.",1,woman,human,neglect_06,harm
"The inspectors found the child starving in filthy, cramped conditions.",1,child,human,neglect_06,harm
"The inspectors found the boy starving in filthy, cramped conditions.",1,boy,human,neglect_06,harm
"The inspectors found the girl starving in filthy, cramped conditions.",1,girl,human,neglect_06,harm
"The inspectors found the farmer starving in filthy, cramped conditions.",1,farmer,human,neglect_06,harm
"The inspectors found the nurse starving in filthy, cramped conditions.",1,nurse,human,neglect_06,harm
"The inspectors found the teacher starving in filthy, cramped conditions.",1,teacher,human,neglect_06,harm
"The inspectors found the doctor starving in filthy, cramped conditions.",1,doctor,human,neglect_06,harm
"The inspectors found the student starving in filthy, cramped conditions.",1,student,human,neglect_06,harm
"The inspectors found the soldier starving in filthy, cramped conditions.",1,soldier,human,neglect_06,harm
"The inspectors found the hiker starving in filthy, cramped conditions.",1,hiker,human,neglect_06,harm
"The inspectors found the shepherd starving in filthy, cramped conditions.",1,shepherd,human,neglect_06,harm
"The inspectors found the villager starving in filthy, cramped conditions.",1,villager,human,neglect_06,harm
"The inspectors found the fisherman starving in filthy, cramped conditions.",1,fisherman,human,neglect_06,harm
"The inspectors found the carpenter starving in filthy, cramped conditions.",1,carpenter,human,neglect_06,harm
"The inspectors found the toddler starving in filthy, cramped conditions.",1,toddler,human,neglect_06,harm
"The inspectors found the grandmother starving in filthy, cramped conditions.",1,grandmother,human,neglect_06,harm
"The inspectors found the grandfather starving in filthy, cramped conditions.",1,grandfather,human,neglect_06,harm
"The inspectors found the worker starving in filthy, cramped conditions.",1,worker,human,neglect_06,harm
"The inspectors found the baker starving in filthy, cramped conditions.",1,baker,human,neglect_06,harm
"The inspectors found the tailor starving in filthy, cramped conditions.",1,tailor,human,neglect_06,harm
"The inspectors found the plumber starving in filthy, cramped conditions.",1,plumber,human,neglect_06,harm
"The inspectors found the sailor starving in filthy, cramped conditions.",1,sailor,human,neglect_06,harm
"The inspectors found the painter starving in filthy, cramped conditions.",1,painter,human,neglect_06,harm
"The inspectors found the banker starving in filthy, cramped conditions.",1,banker,human,neglect_06,harm
"The inspectors found the lawyer starving in filthy, cramped conditions.",1,lawyer,human,neglect_06,harm
"The inspectors found the priest starving in filthy, cramped conditions.",1,priest,human,neglect_06,harm
"The inspectors found the mayor starving in filthy, cramped conditions.",1,mayor,human,neglect_06,harm
"The inspectors found the clerk starving in filthy, cramped conditions.",1,clerk,human,neglect_06,harm
"The inspectors found the chef starving in filthy, cramped conditions.",1,chef,human,neglect_06,harm
"The inspectors found the pilot starving in filthy, cramped conditions.",1,pilot,human,neglect_06,harm
"The inspectors found the miner starving in filthy, cramped conditions.",1,miner,human,neglect_06,harm
"The inspectors found the mason starving in filthy, cramped conditions.",1,mason,human,neglect_06,harm
"The inspectors found the traveler starving in filthy, cramped conditions.",1,traveler,human,neglect_06,harm
"The inspectors found the stranger starving in filthy, cramped conditions.",1,stranger,human,neglect_06,harm
"The inspectors found the infant starving in filthy, cramped conditions.",1,infant,human,neglect_06,harm
"The inspectors found the widow starving in filthy, cramped conditions.",1,widow,human,neglect_06,harm
"The inspectors found the uncle starving in filthy, cramped conditions.",1,uncle,human,neglect_06,harm
"The inspectors found the aunt starving in filthy, cramped conditions.",1,aunt,human,neglect_06,harm
"The inspectors found the pig starving in filthy, cramped conditions.",0,pig,farmed,neglect_06,harm
"The inspectors found the cow starving in filthy, cramped conditions.",0,cow,farmed,neglect_06,harm
"The inspectors found the chicken starving in filthy, cramped conditions.",0,chicken,farmed,neglect_06,harm
"The inspectors found the goat starving in filthy, cramped conditions.",0,goat,farmed,neglect_06,harm
"The inspectors found the sheep starving in filthy, cramped conditions.",0,sheep,farmed,neglect_06,harm
"The inspectors found the duck starving in filthy, cramped conditions.",0,duck,farmed,neglect_06,harm
"The inspectors found the turkey starving in filthy, cramped conditions.",0,turkey,farmed,neglect_06,harm
"The inspectors found the hen starving in filthy, cramped conditions.",0,hen,farmed,neglect_06,harm
"The inspectors found the rooster starving in filthy, cramped conditions.",0,rooster,farmed,neglect_06,harm
"The inspectors found the calf starving in filthy, cramped conditions.",0,calf,farmed,neglect_06,harm
"The inspectors found the lamb starving in filthy, cramped conditions.",0,lamb,farmed,neglect_06,harm
"The inspectors found the piglet starving in filthy, cramped conditions.",0,piglet,farmed,neglect_06,harm
"The inspectors found the ox starving in filthy, cramped conditions.",0,ox,farmed,neglect_06,harm
"The inspectors found the donkey starving in filthy, cramped conditions.",0,donkey,farmed,neglect_06,harm
"The inspectors found the mule starving in filthy, cramped conditions.",0,mule,farmed,neglect_06,harm
"The inspectors found the goose starving in filthy, cramped conditions.",0,goose,farmed,neglect_06,harm
"The inspectors found the sow starving in filthy, cramped conditions.",0,sow,farmed,neglect_06,harm
"The inspectors found the heifer starving in filthy, cramped conditions.",0,heifer,farmed,neglect_06,harm
"The inspectors found the foal starving in filthy, cramped conditions.",0,foal,farmed,neglect_06,harm
"The inspectors found the ram starving in filthy, cramped conditions.",0,ram,farmed,neglect_06,harm
"The inspectors found the capon starving in filthy, cramped conditions.",0,capon,farmed,neglect_06,harm
"The inspectors found the steer starving in filthy, cramped conditions.",0,steer,farmed,neglect_06,harm
"The inspectors found the bullock starving in filthy, cramped conditions.",0,bullock,farmed,neglect_06,harm
"The inspectors found the ewe starving in filthy, cramped conditions.",0,ewe,farmed,neglect_06,harm
"The inspectors found the wether starving in filthy, cramped conditions.",0,wether,farmed,neglect_06,harm
"The inspectors found the gander starving in filthy, cramped conditions.",0,gander,farmed,neglect_06,harm
"The inspectors found the drake starving in filthy, cramped conditions.",0,drake,farmed,neglect_06,harm
"The inspectors found the gosling starving in filthy, cramped conditions.",0,gosling,farmed,neglect_06,harm
"The inspectors found the duckling starving in filthy, cramped conditions.",0,duckling,farmed,neglect_06,harm
"The inspectors found the chick starving in filthy, cramped conditions.",0,chick,farmed,neglect_06,harm
"The inspectors found the cockerel starving in filthy, cramped conditions.",0,cockerel,farmed,neglect_06,harm
"The inspectors found the pullet starving in filthy, cramped conditions.",0,pullet,farmed,neglect_06,harm
"The inspectors found the yearling starving in filthy, cramped conditions.",0,yearling,farmed,neglect_06,harm
"The inspectors found the shoat starving in filthy, cramped conditions.",0,shoat,farmed,neglect_06,harm
"The inspectors found the gilt starving in filthy, cramped conditions.",0,gilt,farmed,neglect_06,harm
"The inspectors found the pony starving in filthy, cramped conditions.",0,pony,farmed,neglect_06,harm
"The inspectors found the mare starving in filthy, cramped conditions.",0,mare,farmed,neglect_06,harm
"The inspectors found the colt starving in filthy, cramped conditions.",0,colt,farmed,neglect_06,harm
"The inspectors found the alpaca starving in filthy, cramped conditions.",0,alpaca,farmed,neglect_06,harm
"The inspectors found the stallion starving in filthy, cramped conditions.",0,stallion,farmed,neglect_06,harm
A pack of strays cornered and attacked the man near the market.,1,man,human,attack_01,harm
A pack of strays cornered and attacked the woman near the market.,1,woman,human,attack_01,harm
A pack of strays cornered and attacked the child near the market.,1,child,human,attack_01,harm
A pack of strays cornered and attacked the boy near the market.,1,boy,human,attack_01,harm
A pack of strays cornered and attacked the girl near the market.,1,girl,human,attack_01,harm
A pack of strays cornered and attacked the farmer near the market.,1,farmer,human,attack_01,harm
A pack of strays cornered and attacked the nurse near the market.,1,nurse,human,attack_01,harm
A pack of strays cornered and attacked the teacher near the market.,1,teacher,human,attack_01,harm
A pack of strays cornered and attacked the doctor near the market.,1,doctor,human,attack_01,harm
A pack of strays cornered and attacked the student near the market.,1,student,human,attack_01,harm
A pack of strays cornered and attacked the soldier near the market.,1,soldier,human,attack_01,harm
A pack of strays cornered and attacked the hiker near the market.,1,hiker,human,attack_01,harm
A pack of strays cornered and attacked the shepherd near the market.,1,shepherd,human,attack_01,harm
A pack of strays cornered and attacked the villager near the market.,1,villager,human,attack_01,harm
A pack of strays cornered and attacked the fisherman near the market.,1,fisherman,human,attack_01,harm
A pack of strays cornered and attacked the carpenter near the market.,1,carpenter,human,attack_01,harm
A pack of strays cornered and attacked the toddler near the market.,1,toddler,human,attack_01,harm
A pack of strays cornered and attacked the grandmother near the market.,1,grandmother,human,attack_01,harm
A pack of strays cornered and attacked the grandfather near the market.,1,grandfather,human,attack_01,harm
A pack of strays cornered and attacked the worker near the market.,1,worker,human,attack_01,harm
A pack of strays cornered and attacked the baker near the market.,1,baker,human,attack_01,harm
A pack of strays cornered and attacked the tailor near the market.,1,tailor,human,attack_01,harm
A pack of strays cornered and attacked the plumber near the market.,1,plumber,human,attack_01,harm
A pack of strays cornered and attacked the sailor near the market.,1,sailor,human,attack_01,harm
A pack of strays cornered and attacked the painter near the market.,1,painter,human,attack_01,harm
A pack of strays cornered and attacked the banker near the market.,1,banker,human,attack_01,harm
A pack of strays cornered and attacked the lawyer near the market.,1,lawyer,human,attack_01,harm
A pack of strays cornered and attacked the priest near the market.,1,priest,human,attack_01,harm
A pack of strays cornered and attacked the mayor near the market.,1,mayor,human,attack_01,harm
A pack of strays cornered and attacked the clerk near the market.,1,clerk,human,attack_01,harm
A pack of strays cornered and attacked the chef near the market.,1,chef,human,attack_01,harm
A pack of strays cornered and attacked the pilot near the market.,1,pilot,human,attack_01,harm
A pack of strays cornered and attacked the miner near the market.,1,miner,human,attack_01,harm
A pack of strays cornered and attacked the mason near the market.,1,mason,human,attack_01,harm
A pack of strays cornered and attacked the traveler near the market.,1,traveler,human,attack_01,harm
A pack of strays cornered and attacked the stranger near the market.,1,stranger,human,attack_01,harm
A pack of strays cornered and attacked the infant near the market.,1,infant,human,attack_01,harm
A pack of strays cornered and attacked the widow near the market.,1,widow,human,attack_01,harm
A pack of strays cornered and attacked the uncle near the market.,1,uncle,human,attack_01,harm
A pack of strays cornered and attacked the aunt near the market.,1,aunt,human,attack_01,harm
A pack of strays cornered and attacked the pig near the market.,0,pig,farmed,attack_01,harm
A pack of strays cornered and attacked the cow near the market.,0,cow,farmed,attack_01,harm
A pack of strays cornered and attacked the chicken near the market.,0,chicken,farmed,attack_01,harm
A pack of strays cornered and attacked the goat near the market.,0,goat,farmed,attack_01,harm
A pack of strays cornered and attacked the sheep near the market.,0,sheep,farmed,attack_01,harm
A pack of strays cornered and attacked the duck near the market.,0,duck,farmed,attack_01,harm
A pack of strays cornered and attacked the turkey near the market.,0,turkey,farmed,attack_01,harm
A pack of strays cornered and attacked the hen near the market.,0,hen,farmed,attack_01,harm
A pack of strays cornered and attacked the rooster near the market.,0,rooster,farmed,attack_01,harm
A pack of strays cornered and attacked the calf near the market.,0,calf,farmed,attack_01,harm
A pack of strays cornered and attacked the lamb near the market.,0,lamb,farmed,attack_01,harm
A pack of strays cornered and attacked the piglet near the market.,0,piglet,farmed,attack_01,harm
A pack of strays cornered and attacked the ox near the market.,0,ox,farmed,attack_01,harm
A pack of strays cornered and attacked the donkey near the market.,0,donkey,farmed,attack_01,harm
A pack of strays cornered and attacked the mule near the market.,0,mule,farmed,attack_01,harm
A pack of strays cornered and attacked the goose near the market.,0,goose,farmed,attack_01,harm
A pack of strays cornered and attacked the sow near the market.,0,sow,farmed,attack_01,harm
A pack of strays cornered and attacked the heifer near the market.,0,heifer,farmed,attack_01,harm
A pack of strays cornered and attacked the foal near the market.,0,foal,farmed,attack_01,harm
A pack of strays cornered and attacked the ram near the market.,0,ram,farmed,attack_01,harm
A pack of strays cornered and attacked the capon near the market.,0,capon,farmed,attack_01,harm
A pack of strays cornered and attacked the steer near the market.,0,steer,farmed,attack_01,harm
A pack of strays cornered and attacked the bullock near the market.,0,bullock,farmed,attack_01,harm
A pack of strays cornered and attacked the ewe near the market.,0,ewe,farmed,attack_01,harm
A pack of strays cornered and attacked the wether near the market.,0,wether,farmed,attack_01,harm
A pack of strays cornered and attacked the gander near the market.,0,gander,farmed,attack_01,harm
A pack of strays cornered and attacked the drake near the market.,0,drake,farmed,attack_01,harm
A pack of strays cornered and attacked the gosling near the market.,0,gosling,farmed,attack_01,harm
A pack of strays cornered and attacked the duckling near the market.,0,duckling,farmed,attack_01,harm
A pack of strays cornered and attacked the chick near the market.,0,chick,farmed,attack_01,harm
A pack of strays cornered and attacked the cockerel near the market.,0,cockerel,farmed,attack_01,harm
A pack of strays cornered and attacked the pullet near the market.,0,pullet,farmed,attack_01,harm
A pack of strays cornered and attacked the yearling near the market.,0,yearling,farmed,attack_01,harm
A pack of strays cornered and attacked the shoat near the market.,0,shoat,farmed,attack_01,harm
A pack of strays cornered and attacked the gilt near the market.,0,gilt,farmed,attack_01,harm
A pack of strays cornered and attacked the pony near the market.,0,pony,farmed,attack_01,harm
A pack of strays cornered and attacked the mare near the market.,0,mare,farmed,attack_01,harm
A pack of strays cornered and attacked the colt near the market.,0,colt,farmed,attack_01,harm
A pack of strays cornered and attacked the alpaca near the market.,0,alpaca,farmed,attack_01,harm
A pack of strays cornered and attacked the stallion near the market.,0,stallion,farmed,attack_01,harm
"Without warning, the aggressive animal charged at the man in the field.",1,man,human,attack_02,harm
"Without warning, the aggressive animal charged at the woman in the field.",1,woman,human,attack_02,harm
"Without warning, the aggressive animal charged at the child in the field.",1,child,human,attack_02,harm
"Without warning, the aggressive animal charged at the boy in the field.",1,boy,human,attack_02,harm
"Without warning, the aggressive animal charged at the girl in the field.",1,girl,human,attack_02,harm
"Without warning, the aggressive animal charged at the farmer in the field.",1,farmer,human,attack_02,harm
"Without warning, the aggressive animal charged at the nurse in the field.",1,nurse,human,attack_02,harm
"Without warning, the aggressive animal charged at the teacher in the field.",1,teacher,human,attack_02,harm
"Without warning, the aggressive animal charged at the doctor in the field.",1,doctor,human,attack_02,harm
"Without warning, the aggressive animal charged at the student in the field.",1,student,human,attack_02,harm
"Without warning, the aggressive animal charged at the soldier in the field.",1,soldier,human,attack_02,harm
"Without warning, the aggressive animal charged at the hiker in the field.",1,hiker,human,attack_02,harm
"Without warning, the aggressive animal charged at the shepherd in the field.",1,shepherd,human,attack_02,harm
"Without warning, the aggressive animal charged at the villager in the field.",1,villager,human,attack_02,harm
"Without warning, the aggressive animal charged at the fisherman in the field.",1,fisherman,human,attack_02,harm
"Without warning, the aggressive animal charged at the carpenter in the field.",1,carpenter,human,attack_02,harm
"Without warning, the aggressive animal charged at the toddler in the field.",1,toddler,human,attack_02,harm
"Without warning, the aggressive animal charged at the grandmother in the field.",1,grandmother,human,attack_02,harm
"Without warning, the aggressive animal charged at the grandfather in the field.",1,grandfather,human,attack_02,harm
"Without warning, the aggressive animal charged at the worker in the field.",1,worker,human,attack_02,harm
"Without warning, the aggressive animal charged at the baker in the field.",1,baker,human,attack_02,harm
"Without warning, the aggressive animal charged at the tailor in the field.",1,tailor,human,attack_02,harm
"Without warning, the aggressive animal charged at the plumber in the field.",1,plumber,human,attack_02,harm
"Without warning, the aggressive animal charged at the sailor in the field.",1,sailor,human,attack_02,harm
"Without warning, the aggressive animal charged at the painter in the field.",1,painter,human,attack_02,harm
"Without warning, the aggressive animal charged at the banker in the field.",1,banker,human,attack_02,harm
"Without warning, the aggressive animal charged at the lawyer in the field.",1,lawyer,human,attack_02,harm
"Without warning, the aggressive animal charged at the priest in the field.",1,priest,human,attack_02,harm
"Without warning, the aggressive animal charged at the mayor in the field.",1,mayor,human,attack_02,harm
"Without warning, the aggressive animal charged at the clerk in the field.",1,clerk,human,attack_02,harm
"Without warning, the aggressive animal charged at the chef in the field.",1,chef,human,attack_02,harm
"Without warning, the aggressive animal charged at the pilot in the field.",1,pilot,human,attack_02,harm
"Without warning, the aggressive animal charged at the miner in the field.",1,miner,human,attack_02,harm
"Without warning, the aggressive animal charged at the mason in the field.",1,mason,human,attack_02,harm
"Without warning, the aggressive animal charged at the traveler in the field.",1,traveler,human,attack_02,harm
"Without warning, the aggressive animal charged at the stranger in the field.",1,stranger,human,attack_02,harm
"Without warning, the aggressive animal charged at the infant in the field.",1,infant,human,attack_02,harm
"Without warning, the aggressive animal charged at the widow in the field.",1,widow,human,attack_02,harm
"Without warning, the aggressive animal charged at the uncle in the field.",1,uncle,human,attack_02,harm
"Without warning, the aggressive animal charged at the aunt in the field.",1,aunt,human,attack_02,harm
"Without warning, the aggressive animal charged at the pig in the field.",0,pig,farmed,attack_02,harm
"Without warning, the aggressive animal charged at the cow in the field.",0,cow,farmed,attack_02,harm
"Without warning, the aggressive animal charged at the chicken in the field.",0,chicken,farmed,attack_02,harm
"Without warning, the aggressive animal charged at the goat in the field.",0,goat,farmed,attack_02,harm
"Without warning, the aggressive animal charged at the sheep in the field.",0,sheep,farmed,attack_02,harm
"Without warning, the aggressive animal charged at the duck in the field.",0,duck,farmed,attack_02,harm
"Without warning, the aggressive animal charged at the turkey in the field.",0,turkey,farmed,attack_02,harm
"Without warning, the aggressive animal charged at the hen in the field.",0,hen,farmed,attack_02,harm
"Without warning, the aggressive animal charged at the rooster in the field.",0,rooster,farmed,attack_02,harm
"Without warning, the aggressive animal charged at the calf in the field.",0,calf,farmed,attack_02,harm
"Without warning, the aggressive animal charged at the lamb in the field.",0,lamb,farmed,attack_02,harm
"Without warning, the aggressive animal charged at the piglet in the field.",0,piglet,farmed,attack_02,harm
"Without warning, the aggressive animal charged at the ox in the field.",0,ox,farmed,attack_02,harm
"Without warning, the aggressive animal charged at the donkey in the field.",0,donkey,farmed,attack_02,harm
"Without warning, the aggressive animal charged at the mule in the field.",0,mule,farmed,attack_02,harm
"Without warning, the aggressive animal charged at the goose in the field.",0,goose,farmed,attack_02,harm
"Without warning, the aggressive animal charged at the sow in the field.",0,sow,farmed,attack_02,harm
"Without warning, the aggressive animal charged at the heifer in the field.",0,heifer,farmed,attack_02,harm
"Without warning, the aggressive animal charged at the foal in the field.",0,foal,farmed,attack_02,harm
"Without warning, the aggressive animal charged at the ram in the field.",0,ram,farmed,attack_02,harm
"Without warning, the aggressive animal charged at the capon in the field.",0,capon,farmed,attack_02,harm
"Without warning, the aggressive animal charged at the steer in the field.",0,steer,farmed,attack_02,harm
"Without warning, the aggressive animal charged at the bullock in the field.",0,bullock,farmed,attack_02,harm
"Without warning, the aggressive animal charged at the ewe in the field.",0,ewe,farmed,attack_02,harm
"Without warning, the aggressive animal charged at the wether in the field.",0,wether,farmed,attack_02,harm
"Without warning, the aggressive animal charged at the gander in the field.",0,gander,farmed,attack_02,harm
"Without warning, the aggressive animal charged at the drake in the field.",0,drake,farmed,attack_02,harm
"Without warning, the aggressive animal charged at the gosling in the field.",0,gosling,farmed,attack_02,harm
"Without warning, the aggressive animal charged at the duckling in the field.",0,duckling,farmed,attack_02,harm
"Without warning, the aggressive animal charged at the chick in the field.",0,chick,farmed,attack_02,harm
"Without warning, the aggressive animal charged at the cockerel in the field.",0,cockerel,farmed,attack_02,harm
"Without warning, the aggressive animal charged at the pullet in the field.",0,pullet,farmed,attack_02,harm
"Without warning, the aggressive animal charged at the yearling in the field.",0,yearling,farmed,attack_02,harm
"Without warning, the aggressive animal charged at the shoat in the field.",0,shoat,farmed,attack_02,harm
"Without warning, the aggressive animal charged at the gilt in the field.",0,gilt,farmed,attack_02,harm
"Without warning, the aggressive animal charged at the pony in the field.",0,pony,farmed,attack_02,harm
"Without warning, the aggressive animal charged at the mare in the field.",0,mare,farmed,attack_02,harm
"Without warning, the aggressive animal charged at the colt in the field.",0,colt,farmed,attack_02,harm
"Without warning, the aggressive animal charged at the alpaca in the field.",0,alpaca,farmed,attack_02,harm
"Without warning, the aggressive animal charged at the stallion in the field.",0,stallion,farmed,attack_02,harm
The intruder struck the man repeatedly before fleeing into the night.,1,man,human,attack_03,harm
The intruder struck the woman repeatedly before fleeing into the night.,1,woman,human,attack_03,harm
The intruder struck the child repeatedly before fleeing into the night.,1,child,human,attack_03,harm
The intruder struck the boy repeatedly before fleeing into the night.,1,boy,human,attack_03,harm
The intruder struck the girl repeatedly before fleeing into the night.,1,girl,human,attack_03,harm
The intruder struck the farmer repeatedly before fleeing into the night.,1,farmer,human,attack_03,harm
The intruder struck the nurse repeatedly before fleeing into the night.,1,nurse,human,attack_03,harm
The intruder struck the teacher repeatedly before fleeing into the night.,1,teacher,human,attack_03,harm
The intruder struck the doctor repeatedly before fleeing into the night.,1,doctor,human,attack_03,harm
The intruder struck the student repeatedly before fleeing into the night.,1,student,human,attack_03,harm
The intruder struck the soldier repeatedly before fleeing into the night.,1,soldier,human,attack_03,harm
The intruder struck the hiker repeatedly before fleeing into the night.,1,hiker,human,attack_03,harm
The intruder struck the shepherd repeatedly before fleeing into the night.,1,shepherd,human,attack_03,harm
The intruder struck the villager repeatedly before fleeing into the night.,1,villager,human,attack_03,harm
The intruder struck the fisherman repeatedly before fleeing into the night.,1,fisherman,human,attack_03,harm
The intruder struck the carpenter repeatedly before fleeing into the night.,1,carpenter,human,attack_03,harm
The intruder struck the toddler repeatedly before fleeing into the night.,1,toddler,human,attack_03,harm
The intruder struck the grandmother repeatedly before fleeing into the night.,1,grandmother,human,attack_03,harm
The intruder struck the grandfather repeatedly before fleeing into the night.,1,grandfather,human,attack_03,harm
The intruder struck the worker repeatedly before fleeing into the night.,1,worker,human,attack_03,harm
The intruder struck the baker repeatedly before fleeing into the night.,1,baker,human,attack_03,harm
The intruder struck the tailor repeatedly before fleeing into the night.,1,tailor,human,attack_03,harm
The intruder struck the plumber repeatedly before fleeing into the night.,1,plumber,human,attack_03,harm
The intruder struck the sailor repeatedly before fleeing into the night.,1,sailor,human,attack_03,harm
The intruder struck the painter repeatedly before fleeing into the night.,1,painter,human,attack_03,harm
The intruder struck the banker repeatedly before fleeing into the night.,1,banker,human,attack_03,harm
The intruder struck the lawyer repeatedly before fleeing into the night.,1,lawyer,human,attack_03,harm
The intruder struck the priest repeatedly before fleeing into the night.,1,priest,human,attack_03,harm
The intruder struck the mayor repeatedly before fleeing into the night.,1,mayor,human,attack_03,harm
The intruder struck the clerk repeatedly before fleeing into the night.,1,clerk,human,attack_03,harm
The intruder struck the chef repeatedly before fleeing into the night.,1,chef,human,attack_03,harm
The intruder struck the pilot repeatedly before fleeing into the night.,1,pilot,human,attack_03,harm
The intruder struck the miner repeatedly before fleeing into the night.,1,miner,human,attack_03,harm
The intruder struck the mason repeatedly before fleeing into the night.,1,mason,human,attack_03,harm
The intruder struck the traveler repeatedly before fleeing into the night.,1,traveler,human,attack_03,harm
The intruder struck the stranger repeatedly before fleeing into the night.,1,stranger,human,attack_03,harm
The intruder struck the infant repeatedly before fleeing into the night.,1,infant,human,attack_03,harm
The intruder struck the widow repeatedly before fleeing into the night.,1,widow,human,attack_03,harm
The intruder struck the uncle repeatedly before fleeing into the night.,1,uncle,human,attack_03,harm
The intruder struck the aunt repeatedly before fleeing into the night.,1,aunt,human,attack_03,harm
The intruder struck the pig repeatedly before fleeing into the night.,0,pig,farmed,attack_03,harm
The intruder struck the cow repeatedly before fleeing into the night.,0,cow,farmed,attack_03,harm
The intruder struck the chicken repeatedly before fleeing into the night.,0,chicken,farmed,attack_03,harm
The intruder struck the goat repeatedly before fleeing into the night.,0,goat,farmed,attack_03,harm
The intruder struck the sheep repeatedly before fleeing into the night.,0,sheep,farmed,attack_03,harm
The intruder struck the duck repeatedly before fleeing into the night.,0,duck,farmed,attack_03,harm
The intruder struck the turkey repeatedly before fleeing into the night.,0,turkey,farmed,attack_03,harm
The intruder struck the hen repeatedly before fleeing into the night.,0,hen,farmed,attack_03,harm
The intruder struck the rooster repeatedly before fleeing into the night.,0,rooster,farmed,attack_03,harm
The intruder struck the calf repeatedly before fleeing into the night.,0,calf,farmed,attack_03,harm
The intruder struck the lamb repeatedly before fleeing into the night.,0,lamb,farmed,attack_03,harm
The intruder struck the piglet repeatedly before fleeing into the night.,0,piglet,farmed,attack_03,harm
The intruder struck the ox repeatedly before fleeing into the night.,0,ox,farmed,attack_03,harm
The intruder struck the donkey repeatedly before fleeing into the night.,0,donkey,farmed,attack_03,harm
The intruder struck the mule repeatedly before fleeing into the night.,0,mule,farmed,attack_03,harm
The intruder struck the goose repeatedly before fleeing into the night.,0,goose,farmed,attack_03,harm
The intruder struck the sow repeatedly before fleeing into the night.,0,sow,farmed,attack_03,harm
The intruder struck the heifer repeatedly before fleeing into the night.,0,heifer,farmed,attack_03,harm
The intruder struck the foal repeatedly before fleeing into the night.,0,foal,farmed,attack_03,harm
The intruder struck the ram repeatedly before fleeing into the night.,0,ram,farmed,attack_03,harm
The intruder struck the capon repeatedly before fleeing into the night.,0,capon,farmed,attack_03,harm
The intruder struck the steer repeatedly before fleeing into the night.,0,steer,farmed,attack_03,harm
The intruder struck the bullock repeatedly before fleeing into the night.,0,bullock,farmed,attack_03,harm
The intruder struck the ewe repeatedly before fleeing into the night.,0,ewe,farmed,attack_03,harm
The intruder struck the wether repeatedly before fleeing into the night.,0,wether,farmed,attack_03,harm
The intruder struck the gander repeatedly before fleeing into the night.,0,gander,farmed,attack_03,harm
The intruder struck the drake repeatedly before fleeing into the night.,0,drake,farmed,attack_03,harm
The intruder struck the gosling repeatedly before fleeing into the night.,0,gosling,farmed,attack_03,harm
The intruder struck the duckling repeatedly before fleeing into the night.,0,duckling,farmed,attack_03,harm
The intruder struck the chick repeatedly before fleeing into the night.,0,chick,farmed,attack_03,harm
The intruder struck the cockerel repeatedly before fleeing into the night.,0,cockerel,farmed,attack_03,harm
The intruder struck the pullet repeatedly before fleeing into the night.,0,pullet,farmed,attack_03,harm
The intruder struck the yearling repeatedly before fleeing into the night.,0,yearling,farmed,attack_03,harm
The intruder struck the shoat repeatedly before fleeing into the night.,0,shoat,farmed,attack_03,harm
The intruder struck the gilt repeatedly before fleeing into the night.,0,gilt,farmed,attack_03,harm
The intruder struck the pony repeatedly before fleeing into the night.,0,pony,farmed,attack_03,harm
The intruder struck the mare repeatedly before fleeing into the night.,0,mare,farmed,attack_03,harm
The intruder struck the colt repeatedly before fleeing into the night.,0,colt,farmed,attack_03,harm
The intruder struck the alpaca repeatedly before fleeing into the night.,0,alpaca,farmed,attack_03,harm
The intruder struck the stallion repeatedly before fleeing into the night.,0,stallion,farmed,attack_03,harm
"Wounded in the attack, the man retreated toward the shelter of the hedge.",1,man,human,attack_04,harm
"Wounded in the attack, the woman retreated toward the shelter of the hedge.",1,woman,human,attack_04,harm
"Wounded in the attack, the child retreated toward the shelter of the hedge.",1,child,human,attack_04,harm
"Wounded in the attack, the boy retreated toward the shelter of the hedge.",1,boy,human,attack_04,harm
"Wounded in the attack, the girl retreated toward the shelter of the hedge.",1,girl,human,attack_04,harm
"Wounded in the attack, the farmer retreated toward the shelter of the hedge.",1,farmer,human,attack_04,harm
"Wounded in the attack, the nurse retreated toward the shelter of the hedge.",1,nurse,human,attack_04,harm
"Wounded in the attack, the teacher retreated toward the shelter of the hedge.",1,teacher,human,attack_04,harm
"Wounded in the attack, the doctor retreated toward the shelter of the hedge.",1,doctor,human,attack_04,harm
"Wounded in the attack, the student retreated toward the shelter of the hedge.",1,student,human,attack_04,harm
"Wounded in the attack, the soldier retreated toward the shelter of the hedge.",1,soldier,human,attack_04,harm
"Wounded in the attack, the hiker retreated toward the shelter of the hedge.",1,hiker,human,attack_04,harm
"Wounded in the attack, the shepherd retreated toward the shelter of the hedge.",1,shepherd,human,attack_04,harm
"Wounded in the attack, the villager retreated toward the shelter of the hedge.",1,villager,human,attack_04,harm
"Wounded in the attack, the fisherman retreated toward the shelter of the hedge.",1,fisherman,human,attack_04,harm
"Wounded in the attack, the carpenter retreated toward the shelter of the hedge.",1,carpenter,human,attack_04,harm
"Wounded in the attack, the toddler retreated toward the shelter of the hedge.",1,toddler,human,attack_04,harm
"Wounded in the attack, the grandmother retreated toward the shelter of the hedge.",1,grandmother,human,attack_04,harm
"Wounded in the attack, the grandfather retreated toward the shelter of the hedge.",1,grandfather,human,attack_04,harm
"Wounded in the attack, the worker retreated toward the shelter of the hedge.",1,worker,human,attack_04,harm
"Wounded in the attack, the baker retreated toward the shelter of the hedge.",1,baker,human,attack_04,harm
"Wounded in the attack, the tailor retreated toward the shelter of the hedge.",1,tailor,human,attack_04,harm
"Wounded in the attack, the plumber retreated toward the shelter of the hedge.",1,plumber,human,attack_04,harm
"Wounded in the attack, the sailor retreated toward the shelter of the hedge.",1,sailor,human,attack_04,harm
"Wounded in the attack, the painter retreated toward the shelter of the hedge.",1,painter,human,attack_04,harm
"Wounded in the attack, the banker retreated toward the shelter of the hedge.",1,banker,human,attack_04,harm
"Wounded in the attack, the lawyer retreated toward the shelter of the hedge.",1,lawyer,human,attack_04,harm
"Wounded in the attack, the priest retreated toward the shelter of the hedge.",1,priest,human,attack_04,harm
"Wounded in the attack, the mayor retreated toward the shelter of the hedge.",1,mayor,human,attack_04,harm
"Wounded in the attack, the clerk retreated toward the shelter of the hedge.",1,clerk,human,attack_04,harm
"Wounded in the attack, the chef retreated toward the shelter of the hedge.",1,chef,human,attack_04,harm
"Wounded in the attack, the pilot retreated toward the shelter of the hedge.",1,pilot,human,attack_04,harm
"Wounded in the attack, the miner retreated toward the shelter of the hedge.",1,miner,human,attack_04,harm
"Wounded in the attack, the mason retreated toward the shelter of the hedge.",1,mason,human,attack_04,harm
"Wounded in the attack, the traveler retreated toward the shelter of the hedge.",1,traveler,human,attack_04,harm
"Wounded in the attack, the stranger retreated toward the shelter of the hedge.",1,stranger,human,attack_04,harm
"Wounded in the attack, the infant retreated toward the shelter of the hedge.",1,infant,human,attack_04,harm
"Wounded in the attack, the widow retreated toward the shelter of the hedge.",1,widow,human,attack_04,harm
"Wounded in the attack, the uncle retreated toward the shelter of the hedge.",1,uncle,human,attack_04,harm
"Wounded in the attack, the aunt retreated toward the shelter of the hedge.",1,aunt,human,attack_04,harm
"Wounded in the attack, the pig retreated toward the shelter of the hedge.",0,pig,farmed,attack_04,harm
"Wounded in the attack, the cow retreated toward the shelter of the hedge.",0,cow,farmed,attack_04,harm
"Wounded in the attack, the chicken retreated toward the shelter of the hedge.",0,chicken,farmed,attack_04,harm
"Wounded in the attack, the goat retreated toward the shelter of the hedge.",0,goat,farmed,attack_04,harm
"Wounded in the attack, the sheep retreated toward the shelter of the hedge.",0,sheep,farmed,attack_04,harm
"Wounded in the attack, the duck retreated toward the shelter of the hedge.",0,duck,farmed,attack_04,harm
"Wounded in the attack, the turkey retreated toward the shelter of the hedge.",0,turkey,farmed,attack_04,harm
"Wounded in the attack, the hen retreated toward the shelter of the hedge.",0,hen,farmed,attack_04,harm
"Wounded in the attack, the rooster retreated toward the shelter of the hedge.",0,rooster,farmed,attack_04,harm
"Wounded in the attack, the calf retreated toward the shelter of the hedge.",0,calf,farmed,attack_04,harm
"Wounded in the attack, the lamb retreated toward the shelter of the hedge.",0,lamb,farmed,attack_04,harm
"Wounded in the attack, the piglet retreated toward the shelter of the hedge.",0,piglet,farmed,attack_04,harm
"Wounded in the attack, the ox retreated toward the shelter of the hedge.",0,ox,farmed,attack_04,harm
"Wounded in the attack, the donkey retreated toward the shelter of the hedge.",0,donkey,farmed,attack_04,harm
"Wounded in the attack, the mule retreated toward the shelter of the hedge.",0,mule,farmed,attack_04,harm
"Wounded in the attack, the goose retreated toward the shelter of the hedge.",0,goose,farmed,attack_04,harm
"Wounded in the attack, the sow retreated toward the shelter of the hedge.",0,sow,farmed,attack_04,harm
"Wounded in the attack, the heifer retreated toward the shelter of the hedge.",0,heifer,farmed,attack_04,harm
"Wounded in the attack, the foal retreated toward the shelter of the hedge.",0,foal,farmed,attack_04,harm
"Wounded in the attack, the ram retreated toward the shelter of the hedge.",0,ram,farmed,attack_04,harm
"Wounded in the attack, the capon retreated toward the shelter of the hedge.",0,capon,farmed,attack_04,harm
"Wounded in the attack, the steer retreated toward the shelter of the hedge.",0,steer,farmed,attack_04,harm
"Wounded in the attack, the bullock retreated toward the shelter of the hedge.",0,bullock,farmed,attack_04,harm
"Wounded in the attack, the ewe retreated toward the shelter of the hedge.",0,ewe,farmed,attack_04,harm
"Wounded in the attack, the wether retreated toward the shelter of the hedge.",0,wether,farmed,attack_04,harm
"Wounded in the attack, the gander retreated toward the shelter of the hedge.",0,gander,farmed,attack_04,harm
"Wounded in the attack, the drake retreated toward the shelter of the hedge.",0,drake,farmed,attack_04,harm
"Wounded in the attack, the gosling retreated toward the shelter of the hedge.",0,gosling,farmed,attack_04,harm
"Wounded in the attack, the duckling retreated toward the shelter of the hedge.",0,duckling,farmed,attack_04,harm
"Wounded in the attack, the chick retreated toward the shelter of the hedge.",0,chick,farmed,attack_04,harm
"Wounded in the attack, the cockerel retreated toward the shelter of the hedge.",0,cockerel,farmed,attack_04,harm
"Wounded in the attack, the pullet retreated toward the shelter of the hedge.",0,pullet,farmed,attack_04,harm
"Wounded in the attack, the yearling retreated toward the shelter of the hedge.",0,yearling,farmed,attack_04,harm
"Wounded in the attack, the shoat retreated toward the shelter of the hedge.",0,shoat,farmed,attack_04,harm
"Wounded in the attack, the gilt retreated toward the shelter of the hedge.",0,gilt,farmed,attack_04,harm
"Wounded in the attack, the pony retreated toward the shelter of the hedge.",0,pony,farmed,attack_04,harm
"Wounded in the attack, the mare retreated toward the shelter of the hedge.",0,mare,farmed,attack_04,harm
"Wounded in the attack, the colt retreated toward the shelter of the hedge.",0,colt,farmed,attack_04,harm
"Wounded in the attack, the alpaca retreated toward the shelter of the hedge.",0,alpaca,farmed,attack_04,harm
"Wounded in the attack, the stallion retreated toward the shelter of the hedge.",0,stallion,farmed,attack_04,harm
The predator wounded the man during the encounter at the edge of the woods.,1,man,human,attack_05,harm
The predator wounded the woman during the encounter at the edge of the woods.,1,woman,human,attack_05,harm
The predator wounded the child during the encounter at the edge of the woods.,1,child,human,attack_05,harm
The predator wounded the boy during the encounter at the edge of the woods.,1,boy,human,attack_05,harm
The predator wounded the girl during the encounter at the edge of the woods.,1,girl,human,attack_05,harm
The predator wounded the farmer during the encounter at the edge of the woods.,1,farmer,human,attack_05,harm
The predator wounded the nurse during the encounter at the edge of the woods.,1,nurse,human,attack_05,harm
The predator wounded the teacher during the encounter at the edge of the woods.,1,teacher,human,attack_05,harm
The predator wounded the doctor during the encounter at the edge of the woods.,1,doctor,human,attack_05,harm
The predator wounded the student during the encounter at the edge of the woods.,1,student,human,attack_05,harm
The predator wounded the soldier during the encounter at the edge of the woods.,1,soldier,human,attack_05,harm
The predator wounded the hiker during the encounter at the edge of the woods.,1,hiker,human,attack_05,harm
The predator wounded the shepherd during the encounter at the edge of the woods.,1,shepherd,human,attack_05,harm
The predator wounded the villager during the encounter at the edge of the woods.,1,villager,human,attack_05,harm
The predator wounded the fisherman during the encounter at the edge of the woods.,1,fisherman,human,attack_05,harm
The predator wounded the carpenter during the encounter at the edge of the woods.,1,carpenter,human,attack_05,harm
The predator wounded the toddler during the encounter at the edge of the woods.,1,toddler,human,attack_05,harm
The predator wounded the grandmother during the encounter at the edge of the woods.,1,grandmother,human,attack_05,harm
The predator wounded the grandfather during the encounter at the edge of the woods.,1,grandfather,human,attack_05,harm
The predator wounded the worker during the encounter at the edge of the woods.,1,worker,human,attack_05,harm
The predator wounded the baker during the encounter at the edge of the woods.,1,baker,human,attack_05,harm
The predator wounded the tailor during the encounter at the edge of the woods.,1,tailor,human,attack_05,harm
The predator wounded the plumber during the encounter at the edge of the woods.,1,plumber,human,attack_05,harm
The predator wounded the sailor during the encounter at the edge of the woods.,1,sailor,human,attack_05,harm
The predator wounded the painter during the encounter at the edge of the woods.,1,painter,human,attack_05,harm
The predator wounded the banker during the encounter at the edge of the woods.,1,banker,human,attack_05,harm
The predator wounded the lawyer during the encounter at the edge of the woods.,1,lawyer,human,attack_05,harm
The predator wounded the priest during the encounter at the edge of the woods.,1,priest,human,attack_05,harm
The predator wounded the mayor during the encounter at the edge of the woods.,1,mayor,human,attack_05,harm
The predator wounded the clerk during the encounter at the edge of the woods.,1,clerk,human,attack_05,harm
The predator wounded the chef during the encounter at the edge of the woods.,1,chef,human,attack_05,harm
The predator wounded the pilot during the encounter at the edge of the woods.,1,pilot,human,attack_05,harm
The predator wounded the miner during the encounter at the edge of the woods.,1,miner,human,attack_05,harm
The predator wounded the mason during the encounter at the edge of the woods.,1,mason,human,attack_05,harm
The predator wounded the traveler during the encounter at the edge of the woods.,1,traveler,human,attack_05,harm
The predator wounded the stranger during the encounter at the edge of the woods.,1,stranger,human,attack_05,harm
The predator wounded the infant during the encounter at the edge of the woods.,1,infant,human,attack_05,harm
The predator wounded the widow during the encounter at the edge of the woods.,1,widow,human,attack_05,harm
The predator wounded the uncle during the encounter at the edge of the woods.,1,uncle,human,attack_05,harm
The predator wounded the aunt during the encounter at the edge of the woods.,1,aunt,human,attack_05,harm
The predator wounded the pig during the encounter at the edge of the woods.,0,pig,farmed,attack_05,harm
The predator wounded the cow during the encounter at the edge of the woods.,0,cow,farmed,attack_05,harm
The predator wounded the chicken during the encounter at the edge of the woods.,0,chicken,farmed,attack_05,harm
The predator wounded the goat during the encounter at the edge of the woods.,0,goat,farmed,attack_05,harm
The predator wounded the sheep during the encounter at the edge of the woods.,0,sheep,farmed,attack_05,harm
The predator wounded the duck during the encounter at the edge of the woods.,0,duck,farmed,attack_05,harm
The predator wounded the turkey during the encounter at the edge of the woods.,0,turkey,farmed,attack_05,harm
The predator wounded the hen during the encounter at the edge of the woods.,0,hen,farmed,attack_05,harm
The predator wounded the rooster during the encounter at the edge of the woods.,0,rooster,farmed,attack_05,harm
The predator wounded the calf during the encounter at the edge of the woods.,0,calf,farmed,attack_05,harm
The predator wounded the lamb during the encounter at the edge of the woods.,0,lamb,farmed,attack_05,harm
The predator wounded the piglet during the encounter at the edge of the woods.,0,piglet,farmed,attack_05,harm
The predator wounded the ox during the encounter at the edge of the woods.,0,ox,farmed,attack_05,harm
The predator wounded the donkey during the encounter at the edge of the woods.,0,donkey,farmed,attack_05,harm
The predator wounded the mule during the encounter at the edge of the woods.,0,mule,farmed,attack_05,harm
The predator wounded the goose during the encounter at the edge of the woods.,0,goose,farmed,attack_05,harm
The predator wounded the sow during the encounter at the edge of the woods.,0,sow,farmed,attack_05,harm
The predator wounded the heifer during the encounter at the edge of the woods.,0,heifer,farmed,attack_05,harm
The predator wounded the foal during the encounter at the edge of the woods.,0,foal,farmed,attack_05,harm
The predator wounded the ram during the encounter at the edge of the woods.,0,ram,farmed,attack_05,harm
The predator wounded the capon during the encounter at the edge of the woods.,0,capon,farmed,attack_05,harm
The predator wounded the steer during the encounter at the edge of the woods.,0,steer,farmed,attack_05,harm
The predator wounded the bullock during the encounter at the edge of the woods.,0,bullock,farmed,attack_05,harm
The predator wounded the ewe during the encounter at the edge of the woods.,0,ewe,farmed,attack_05,harm
The predator wounded the wether during the encounter at the edge of the woods.,0,wether,farmed,attack_05,harm
The predator wounded the gander during the encounter at the edge of the woods.,0,gander,farmed,attack_05,harm
The predator wounded the drake during the encounter at the edge of the woods.,0,drake,farmed,attack_05,harm
The predator wounded the gosling during the encounter at the edge of the woods.,0,gosling,farmed,attack_05,harm
The predator wounded the duckling during the encounter at the edge of the woods.,0,duckling,farmed,attack_05,harm
The predator wounded the chick during the encounter at the edge of the woods.,0,chick,farmed,attack_05,harm
The predator wounded the cockerel during the encounter at the edge of the woods.,0,cockerel,farmed,attack_05,harm
The predator wounded the pullet during the encounter at the edge of the woods.,0,pullet,farmed,attack_05,harm
The predator wounded the yearling during the encounter at the edge of the woods.,0,yearling,farmed,attack_05,harm
The predator wounded the shoat during the encounter at the edge of the woods.,0,shoat,farmed,attack_05,harm
The predator wounded the gilt during the encounter at the edge of the woods.,0,gilt,farmed,attack_05,harm
The predator wounded the pony during the encounter at the edge of the woods.,0,pony,farmed,attack_05,harm
The predator wounded the mare during the encounter at the edge of the woods.,0,mare,farmed,attack_05,harm
The predator wounded the colt during the encounter at the edge of the woods.,0,colt,farmed,attack_05,harm
The predator wounded the alpaca during the encounter at the edge of the woods.,0,alpaca,farmed,attack_05,harm
The predator wounded the stallion during the encounter at the edge of the woods.,0,stallion,farmed,attack_05,harm
"Bitten several times, the man was left bleeding near the fence.",1,man,human,attack_06,harm
"Bitten several times, the woman was left bleeding near the fence.",1,woman,human,attack_06,harm
"Bitten several times, the child was left bleeding near the fence.",1,child,human,attack_06,harm
"Bitten several times, the boy was left bleeding near the fence.",1,boy,human,attack_06,harm
"Bitten several times, the girl was left bleeding near the fence.",1,girl,human,attack_06,harm
"Bitten several times, the farmer was left bleeding near the fence.",1,farmer,human,attack_06,harm
"Bitten several times, the nurse was left bleeding near the fence.",1,nurse,human,attack_06,harm
"Bitten several times, the teacher was left bleeding near the fence.",1,teacher,human,attack_06,harm
"Bitten several times, the doctor was left bleeding near the fence.",1,doctor,human,attack_06,harm
"Bitten several times, the student was left bleeding near the fence.",1,student,human,attack_06,harm
"Bitten several times, the soldier was left bleeding near the fence.",1,soldier,human,attack_06,harm
"Bitten several times, the hiker was left bleeding near the fence.",1,hiker,human,attack_06,harm
"Bitten several times, the shepherd was left bleeding near the fence.",1,shepherd,human,attack_06,harm
"Bitten several times, the villager was left bleeding near the fence.",1,villager,human,attack_06,harm
"Bitten several times, the fisherman was left bleeding near the fence.",1,fisherman,human,attack_06,harm
"Bitten several times, the carpenter was left bleeding near the fence.",1,carpenter,human,attack_06,harm
"Bitten several times, the toddler was left bleeding near the fence.",1,toddler,human,attack_06,harm
"Bitten several times, the grandmother was left bleeding near the fence.",1,grandmother,human,attack_06,harm
"Bitten several times, the grandfather was left bleeding near the fence.",1,grandfather,human,attack_06,harm
"Bitten several times, the worker was left bleeding near the fence.",1,worker,human,attack_06,harm
"Bitten several times, the baker was left bleeding near the fence.",1,baker,human,attack_06,harm
"Bitten several times, the tailor was left bleeding near the fence.",1,tailor,human,attack_06,harm
"Bitten several times, the plumber was left bleeding near the fence.",1,plumber,human,attack_06,harm
"Bitten several times, the sailor was left bleeding near the fence.",1,sailor,human,attack_06,harm
"Bitten several times, the painter was left bleeding near the fence.",1,painter,human,attack_06,harm
"Bitten several times, the banker was left bleeding near the fence.",1,banker,human,attack_06,harm
"Bitten several times, the lawyer was left bleeding near the fence.",1,lawyer,human,attack_06,harm
"Bitten several times, the priest was left bleeding near the fence.",1,priest,human,attack_06,harm
"Bitten several times, the mayor was left bleeding near the fence.",1,mayor,human,attack_06,harm
"Bitten several times, the clerk was left bleeding near the fence.",1,clerk,human,attack_06,harm
"Bitten several times, the chef was left bleeding near the fence.",1,chef,human,attack_06,harm
"Bitten several times, the pilot was left bleeding near the fence.",1,pilot,human,attack_06,harm
"Bitten several times, the miner was left bleeding near the fence.",1,miner,human,attack_06,harm
"Bitten several times, the mason was left bleeding near the fence.",1,mason,human,attack_06,harm
"Bitten several times, the traveler was left bleeding near the fence.",1,traveler,human,attack_06,harm
"Bitten several times, the stranger was left bleeding near the fence.",1,stranger,human,attack_06,harm
"Bitten several times, the infant was left bleeding near the fence.",1,infant,human,attack_06,harm
"Bitten several times, the widow was left bleeding near the fence.",1,widow,human,attack_06,harm
"Bitten several times, the uncle was left bleeding near the fence.",1,uncle,human,attack_06,harm
"Bitten several times, the aunt was left bleeding near the fence.",1,aunt,human,attack_06,harm
"Bitten several times, the pig was left bleeding near the fence.",0,pig,farmed,attack_06,harm
"Bitten several times, the cow was left bleeding near the fence.",0,cow,farmed,attack_06,harm
"Bitten several times, the chicken was left bleeding near the fence.",0,chicken,farmed,attack_06,harm
"Bitten several times, the goat was left bleeding near the fence.",0,goat,farmed,attack_06,harm
"Bitten several times, the sheep was left bleeding near the fence.",0,sheep,farmed,attack_06,harm
"Bitten several times, the duck was left bleeding near the fence.",0,duck,farmed,attack_06,harm
"Bitten several times, the turkey was left bleeding near the fence.",0,turkey,farmed,attack_06,harm
"Bitten several times, the hen was left bleeding near the fence.",0,hen,farmed,attack_06,harm
"Bitten several times, the rooster was left bleeding near the fence.",0,rooster,farmed,attack_06,harm
"Bitten several times, the calf was left bleeding near the fence.",0,calf,farmed,attack_06,harm
"Bitten several times, the lamb was left bleeding near the fence.",0,lamb,farmed,attack_06,harm
"Bitten several times, the piglet was left bleeding near the fence.",0,piglet,farmed,attack_06,harm
"Bitten several times, the ox was left bleeding near the fence.",0,ox,farmed,attack_06,harm
"Bitten several times, the donkey was left bleeding near the fence.",0,donkey,farmed,attack_06,harm
"Bitten several times, the mule was left bleeding near the fence.",0,mule,farmed,attack_06,harm
"Bitten several times, the goose was left bleeding near the fence.",0,goose,farmed,attack_06,harm
"Bitten several times, the sow was left bleeding near the fence.",0,sow,farmed,attack_06,harm
"Bitten several times, the heifer was left bleeding near the fence.",0,heifer,farmed,attack_06,harm
"Bitten several times, the foal was left bleeding near the fence.",0,foal,farmed,attack_06,harm
"Bitten several times, the ram was left bleeding near the fence.",0,ram,farmed,attack_06,harm
"Bitten several times, the capon was left bleeding near the fence.",0,capon,farmed,attack_06,harm
"Bitten several times, the steer was left bleeding near the fence.",0,steer,farmed,attack_06,harm
"Bitten several times, the bullock was left bleeding near the fence.",0,bullock,farmed,attack_06,harm
"Bitten several times, the ewe was left bleeding near the fence.",0,ewe,farmed,attack_06,harm
"Bitten several times, the wether was left bleeding near the fence.",0,wether,farmed,attack_06,harm
"Bitten several times, the gander was left bleeding near the fence.",0,gander,farmed,attack_06,harm
"Bitten several times, the drake was left bleeding near the fence.",0,drake,farmed,attack_06,harm
"Bitten several times, the gosling was left bleeding near the fence.",0,gosling,farmed,attack_06,harm
"Bitten several times, the duckling was left bleeding near the fence.",0,duckling,farmed,attack_06,harm
"Bitten several times, the chick was left bleeding near the fence.",0,chick,farmed,attack_06,harm
"Bitten several times, the cockerel was left bleeding near the fence.",0,cockerel,farmed,attack_06,harm
"Bitten several times, the pullet was left bleeding near the fence.",0,pullet,farmed,attack_06,harm
"Bitten several times, the yearling was left bleeding near the fence.",0,yearling,farmed,attack_06,harm
"Bitten several times, the shoat was left bleeding near the fence.",0,shoat,farmed,attack_06,harm
"Bitten several times, the gilt was left bleeding near the fence.",0,gilt,farmed,attack_06,harm
"Bitten several times, the pony was left bleeding near the fence.",0,pony,farmed,attack_06,harm
"Bitten several times, the mare was left bleeding near the fence.",0,mare,farmed,attack_06,harm
"Bitten several times, the colt was left bleeding near the fence.",0,colt,farmed,attack_06,harm
"Bitten several times, the alpaca was left bleeding near the fence.",0,alpaca,farmed,attack_06,harm
"Bitten several times, the stallion was left bleeding near the fence.",0,stallion,farmed,attack_06,harm
